filename,idx,eng,CP1,CP2,H_donor,H_accep,HB,ionCRD,cc,co,numHB,numSHB,numCRD,C_O,pt_len,dih_gs1,dih_gs2,cp1p,cp1t,cp2p,cp2t,freq,unphy,HB_info,bond_brk,bond_uexp,CP1_f,CP2_f,H_donor_f,H_accep_f,HB_f,ionCRD_f,numHB_f,numCRD_f,C_O_f,pt_len_f,dih_gs1_f,dih_gs2_f,cp1p_f,cp1t_f,cp2p_f,cp2t_f,HB_info_f,E
aMal124_TSdh_nn_116_1,6352,-1459.8588,5S1,OS2,3,6,"[1_50,2_1,3_6,9_50,10_7,13_7]","[2,3]",-1,6,6,2,2,2.221,"[1.518, 1.069]",79.2,15.0,83.4,88.7,329.2,89.1,0,0,"[[7.67,3.64,146.4],[8.67,6.29,107.3],[6.4,1.07,164.7],[6.7,4.27,112.1],[8.76,5.79,116.0],[7.57,5.57,103.6]]","[[[3, 3],'H_O',1.518,'OH'],[[6, 6],'C_O',2.221,'CO']]",[],5S1,B25,3,6,"[1_50,2_1,3_6,13_7]","[2,3]",4,2,2.231,"[1.523, 1.066]",95.0,54.7,84.6,88.6,314.9,92.6,"[[7.48,3.48,147.4],[8.67,6.31,107.0],[6.44,1.07,165.8],[7.65,5.66,103.4]]",439.5
aMal41_TSdh_nn_188_0,4172,-1459.8879,25B,3OB,1,2,"[6_0,9_11,10_7]","[1,9,0,50]",-1,2,3,0,4,2.265,"[1.838, 0.955]",89.1,60.0,108.5,97.3,13.9,90.8,0,0,"[[7.99,5.67,107.7],[8.2,4.9,123.6],[7.85,4.74,121.5]]","[[[1, 1],'H_O',1.838,'OH'],[[2, 2],'C_O',2.265,'CO']]",[],5S1,OS2,1,2,"[9_11,10_7,11_13]","[1,9,0,50]",3,4,2.247,"[1.748, 0.966]",92.3,68.2,104.5,99.4,334.6,92.3,"[[7.66,3.71,143.4],[8.19,5.27,116.8],[8.48,5.17,122.7]]",363.1
aMal29_TSdh_nn_120_2,5275,-1459.8765,OS2,OS2,1,2,"[2_50,6_0,9_11,13_7]","[1,0]",-1,2,4,2,2,1.953,"[2.982, 0.932]",93.0,165.0,342.0,91.2,332.9,91.5,0,0,"[[6.99,3.35,138.7],[8.01,6.07,102.3],[8.41,4.22,145.1],[7.73,5.43,107.9]]","[[[1, 1],'H_O',2.982,'OH'],[[2, 2],'C_O',1.953,'CO']]",[],5H4,OS2,1,2,"[2_50,6_3,9_11]","[1,0]",3,2,1.963,"[2.974, 0.933]",127.3,184.3,75.1,153.7,331.9,91.0,"[[7.0,3.45,135.7],[8.85,5.23,127.7],[8.34,4.19,144.2]]",393.0
aMal296_TSdh_nn_025_1,530,-1459.9254,3E,2SO,2,1,"[2_1,11_10]","[1,2,9,50]",-1,1,2,1,4,2.296,"[1.327, 1.192]",151.5,30.0,11.7,115.1,160.4,81.5,0,0,"[[5.5,1.19,151.4],[8.47,6.38,103.8]]","[[[1, 1],'C_O',2.296,'CO'],[[2, 2],'H_O',1.327,'OH']]",[],3E,B3O,2,1,"[2_1,6_13,6_7,9_10,10_11]","[1,2,9,50]",5,4,2.299,"[1.342, 1.176]",137.4,55.6,2.8,117.6,190.1,87.3,"[[5.52,1.18,150.8],[8.22,3.64,170.6],[8.45,6.3,104.4],[7.6,5.14,110.2],[7.82,5.93,101.7]]",264.7
aMal193_TSdh_nn_184_1,4159,-1459.8881,3S1,4C1,1,2,"[1_2,3_0,6_0,9_10,10_11]","[1,2,50]",-1,2,5,1,3,2.164,"[1.388, 1.126]",87.0,30.0,16.2,77.1,264.0,4.3,0,0,"[[5.53,1.13,147.3],[6.62,3.6,123.9],[7.9,6.11,100.4],[8.12,5.99,104.8],[8.33,5.97,107.6]]","[[[1, 1],'H_O',1.388,'OH'],[[2, 2],'C_O',2.164,'CO']]",[],3S1,4C1,1,2,"[1_2,3_0,6_0,9_10,10_11]","[1,9,50]",5,3,2.182,"[1.525, 1.029]",50.0,45.8,24.7,77.9,190.4,9.1,"[[6.0,1.03,148.7],[6.56,3.49,125.4],[7.78,5.84,102.6],[7.59,5.47,105.2],[8.36,6.08,106.4]]",362.6
aMal231_TSdh_nn_008_1,1132,-1459.9135,4H5,1C4,2,1,"[3_50,9_11]","[2,3]",-1,1,2,1,2,2.588,"[2.248, 0.934]",159.4,210.0,257.2,44.0,249.2,168.1,0,0,"[[7.95,5.72,106.3],[8.06,4.19,137.9]]","[[[1, 1],'C_O',2.588,'CO'],[[2, 2],'H_O',2.248,'OH']]",[],4H5,1C4,2,1,"[3_7,3_50,9_11,10_13]","[2,3]",4,2,2.701,"[2.158, 0.937]",111.8,308.3,256.1,43.1,286.3,166.8,"[[7.81,3.5,157.6],[8.71,6.44,105.5],[7.79,3.85,142.1],[7.53,3.3,159.5]]",295.9
aMal186_TSdh_nn_167_0,2819,-1459.8989,E4,OS2,2,1,"[3_6,9_50,10_7,11_9,13_11]",[2],-1,1,5,2,1,2.583,"[1.714, 0.964]",72.3,60.0,76.0,117.7,334.2,91.0,0,0,"[[7.56,3.63,144.6],[6.68,4.34,110.7],[8.18,5.11,119.5],[8.28,4.7,129.2],[9.13,4.97,138.7]]","[[[1, 1],'C_O',2.583,'CO'],[[2, 2],'H_O',1.714,'OH']]",[],5S1,OS2,2,1,"[1_9,3_6,9_50,10_7,11_9,13_11]",[2],6,1,2.272,"[1.824, 0.961]",87.6,73.4,87.1,106.9,334.0,91.1,"[[10.01,5.5,142.3],[7.77,3.83,142.8],[6.5,3.84,117.0],[8.29,5.39,116.1],[8.77,5.12,128.5],[9.59,5.86,126.8]]",334.2
aMal252_TSdh_nn_250_2,5195,-1459.8775,OS2,5S1,1,2,"[2_11,2_50,3_9,6_0,10_13]",[1],-1,2,5,2,1,1.9609999999999999,"[2.937, 0.931]",93.0,165.0,340.3,90.0,78.8,79.8,0,0,"[[5.77,3.63,108.5],[6.98,3.26,141.3],[7.96,5.56,109.0],[7.83,6.04,100.5],[8.04,4.0,143.2]]","[[[1, 1],'H_O',2.937,'OH'],[[2, 2],'C_O',1.961,'CO']]",[],OS2,5S1,1,2,"[2_11,2_50,3_9,6_0,10_13]","[1,0]",5,2,1.983,"[3.014, 0.926]",100.8,153.7,328.9,86.6,78.2,78.2,"[[7.7,3.46,153.3],[8.58,5.38,119.3],[8.96,5.21,129.6],[7.95,5.88,104.1],[8.2,4.17,141.4]]",390.4
aMal107_TSdh_nn_064_1,6179,-1459.8634,5S1,3S1,3,6,"[1_50,2_1,3_6,9_50,10_13,11_50]","[2,3]",-1,6,6,4,2,2.206,"[1.495, 1.082]",163.5,150.0,83.9,89.5,29.9,85.8,0,0,"[[7.55,3.58,145.7],[8.61,6.22,107.6],[6.32,1.08,164.9],[7.01,4.61,110.9],[7.75,3.48,157.8],[8.1,4.09,142.2]]","[[[3, 3],'H_O',1.495,'OH'],[[6, 6],'C_O',2.206,'CO']]",[],5S1,3S1,3,6,"[1_11,1_50,2_1,3_6,10_13]","[2,3]",5,2,2.2,"[1.454, 1.11]",125.6,148.5,84.7,90.7,30.0,84.5,"[[8.31,4.24,141.0],[7.88,4.21,132.8],[8.32,5.82,109.6],[6.22,1.11,167.8],[7.75,3.48,157.4]]",427.4
aMal474_TSdh_nn_050_0,3391,-1459.8937,4C1,OS2,3,2,"[2_1,9_50,10_7,11_9]","[3,9,50]",3,2,4,0,3,2.077,"[3.074, 0.932]",277.2,60.0,189.2,13.7,340.9,95.6,0,0,"[[8.05,5.93,104.6],[6.53,4.04,113.6],[7.91,5.25,112.9],[7.65,3.99,134.9]]","[[[3, 4],'C_C',1.808,'bb'],[[2, 2],'C_O',2.077,'CO'],[[3, 3],'H_O',3.074,'OH']]",[],4C1,3OB,3,2,"[2_1,6_0,10_13]","[3,9,11,50]",3,4,2.064,"[2.75, 0.936]",268.0,59.1,188.3,16.0,1.1,98.3,"[[8.39,6.23,104.8],[7.92,6.13,100.4],[7.85,3.51,159.7]]",347.9
aMal195_TSdh_nn_131_1,1023,-1459.9145,25B,5S1,1,2,"[11_50,13_10]","[1,11,0,50]",-1,2,2,2,4,2.244,"[1.791, 0.962]",89.9,105.0,113.5,98.7,89.8,87.5,0,0,"[[7.73,3.73,145.2],[8.7,4.34,148.4]]","[[[1, 1],'H_O',1.791,'OH'],[[2, 2],'C_O',2.244,'CO']]",[],25B,3S1,1,2,"[1_2,6_3]","[1,9,11,0,50]",2,5,2.115,"[1.398, 1.12]",94.7,71.6,106.9,101.2,23.3,89.4,"[[5.67,1.12,151.3],[6.72,4.33,111.1]]",293.3
aMal128_TSdh_nn_047_1,6291,-1459.8608,1C4,OS2,-1,-1,"[1_2,2_50,3_6,9_11,10_7]","[3,6]",-1,6,5,3,2,2.2969999999999997,"[0, 0]",163.1,195.0,56.6,173.5,339.0,90.9,0,0,"[[7.16,4.51,114.5],[7.56,3.85,137.2],[5.8,1.97,155.7],[8.05,3.93,146.3],[7.78,4.61,122.8]]","[[[6, 6],'C_O',2.297,'CO']]",[],1C4,OS2,-1,-1,"[1_2,2_50,3_6,9_11,10_7]","[3,6]",5,2,2.295,"[0, 0]",210.7,190.3,41.5,173.6,341.9,91.0,"[[7.13,4.45,115.1],[7.65,3.88,138.1],[5.89,2.06,154.8],[8.05,3.97,144.5],[7.72,4.68,120.4]]",434.3
aMal454_TSdh_nn_064_0,6466,-1459.8511,5S1,3S1,3,6,"[1_50,2_1,3_6,9_11,10_7,11_50]","[2,3]",-1,6,6,2,2,2.206,"[1.495, 1.082]",163.5,120.0,83.9,89.5,20.2,92.0,0,0,"[[7.55,3.58,145.7],[8.61,6.22,107.6],[6.32,1.08,164.9],[8.29,4.66,130.2],[8.01,4.95,119.7],[8.07,4.35,133.9]]","[[[3, 3],'H_O',1.495,'OH'],[[6, 6],'C_O',2.206,'CO']]",[],5S1,3S1,3,6,"[1_50,2_1,3_6,9_11,10_7,11_50]","[2,3]",6,2,2.215,"[1.505, 1.072]",175.8,161.6,86.8,90.7,19.0,94.1,"[[7.76,3.75,144.7],[8.37,5.9,109.1],[6.36,1.07,166.0],[7.99,4.39,131.2],[7.95,4.9,119.9],[8.53,4.76,132.5]]",459.7
aMal130_TSdh_nn_084_2,2853,-1459.8984,5S1,OS2,1,2,"[2_3,3_6,9_1,9_50,11_9,13_7]","[1,9,0,50]",-1,0,6,1,4,2.085,"[3.692, 0.937]",74.9,120.0,86.4,79.5,330.8,92.7,0,0,"[[6.62,3.71,120.8],[7.48,3.64,141.5],[7.55,4.39,123.5],[6.69,4.27,112.1],[8.35,4.75,129.4],[7.81,5.63,105.9]]","[[[0, 1],'C_O',2.085,'bb'],[[1, 1],'H_O',3.692,'OH'],[[2, 2],'C_O',1.743,'CO']]",[],5S1,OS2,1,2,"[2_3,3_6,11_9]","[1,9,0,50]",3,4,1.9869999999999999,"[3.744, 0.937]",134.4,54.3,89.7,78.8,325.3,92.0,"[[6.65,3.75,120.7],[7.91,4.06,137.9],[9.85,6.42,120.8]]",335.5
aMal4_TSdh_nn_161_0,74,-1459.9388,3E,3S1,2,1,"[2_1,3_6,13_7]","[1,2,9,50]",-1,1,3,2,4,2.383,"[1.275, 1.264]",96.8,60.0,352.5,109.1,27.0,87.5,0,0,"[[5.46,1.26,153.5],[7.98,3.87,146.5],[7.42,5.1,108.8]]","[[[1, 1],'C_O',2.383,'CO'],[[2, 2],'H_O',1.275,'OH']]",[],3E,3S1,2,1,"[2_1,3_6,11_1]","[2,9,11,50]",3,4,2.4130000000000003,"[1.331, 1.192]",158.2,77.5,1.9,114.4,27.2,90.1,"[[5.72,1.19,161.9],[7.45,3.39,151.3],[7.37,3.18,157.6]]",229.5
aMal447_TSdh_nn_050_0,2886,-1459.8981,4C1,4C1,3,2,"[2_1,9_50,10_11]","[3,50]",3,2,3,0,2,2.077,"[3.074, 0.932]",277.2,60.0,189.2,13.7,284.5,2.6,0,0,"[[8.05,5.93,104.6],[7.38,5.17,107.0],[8.1,5.68,109.0]]","[[[3, 4],'C_C',1.808,'bb'],[[2, 2],'C_O',2.077,'CO'],[[3, 3],'H_O',3.074,'OH']]",[],4C1,4C1,3,2,"[9_10,10_11,13_6]","[3,9,50]",3,3,2.0580000000000003,"[2.709, 0.937]",184.9,71.4,163.5,16.0,249.4,5.3,"[[7.67,5.86,100.9],[8.28,5.98,107.0],[8.29,3.97,151.5]]",336.3
aMal434_TSdh_nn_094_1,4266,-1459.8870000000006,E1,1C4,1,2,[9_11],"[1,50]",-1,2,1,1,2,1.9380000000000002,"[2.459, 0.941]",103.5,315.0,51.0,61.3,256.4,173.9,0,0,"[[7.95,4.18,135.7]]","[[[1, 1],'H_O',2.459,'OH'],[[2, 2],'C_O',1.938,'CO']]",[],E1,1C4,1,2,"[3_7,9_11,10_13]","[1,50]",3,2,2.011,"[2.278, 0.944]",92.7,317.2,50.7,56.1,353.4,174.1,"[[8.71,4.89,132.5],[7.51,3.7,140.3],[8.32,4.9,125.7]]",365.5
aMal300_TSdh_nn_093_0,2862,-1459.8984,B3O,4C1,3,2,"[2_1,9_10,11_10]","[3,50]",3,2,3,0,2,2.039,"[2.819, 0.933]",276.4,120.0,168.2,75.7,75.9,1.1,0,0,"[[6.8,4.34,112.3],[8.24,5.64,111.4],[8.29,5.74,110.5]]","[[[3, 4],'C_C',1.832,'bb'],[[2, 2],'C_O',2.039,'CO'],[[3, 3],'H_O',2.819,'OH']]",[],1S3,4C1,3,2,"[2_1,9_10,11_10]","[3,13,7]",3,3,2.0540000000000003,"[2.827, 0.931]",308.1,130.2,197.0,73.4,148.0,1.3,"[[6.6,3.98,115.9],[8.04,5.6,109.2],[8.54,6.25,106.3]]",335.5
aMal229_TSdh_nn_001_1,1321,-1459.9118,3H4,3S1,2,1,"[2_1,10_7,11_9,13_7]","[1,2,11,50]",-1,1,4,1,4,2.267,"[1.282, 1.257]",167.5,135.0,33.3,120.5,22.2,90.0,0,0,"[[5.43,1.26,151.8],[8.16,5.11,119.2],[8.25,6.14,104.3],[7.5,5.16,108.8]]","[[[1, 1],'C_O',2.267,'CO'],[[2, 2],'H_O',1.282,'OH']]",[],3H4,3OB,2,1,"[2_1,10_7,11_9]","[1,2,11,50]",3,4,2.3,"[1.35, 1.171]",165.3,95.7,22.5,120.1,10.3,94.2,"[[5.55,1.17,150.8],[8.02,4.95,119.9],[7.36,5.57,100.9]]",300.4
aMal181_TSdh_nn_340_0,5281,-1459.8764,B3O,5S1,3,2,"[2_1,13_10]","[3,11,50]",3,2,2,1,3,2.023,"[2.855, 0.933]",273.9,105.0,167.4,80.7,84.9,83.9,0,0,"[[6.71,4.24,112.5],[8.22,4.05,146.5]]","[[[3, 4],'C_C',1.846,'bb'],[[2, 2],'C_O',2.023,'CO'],[[3, 3],'H_O',2.855,'OH']]",[],B3O,5S1,3,2,"[2_1,13_10]","[3,11,7,50]",2,4,2.03,"[2.638, 0.936]",286.8,111.9,166.1,81.4,100.7,93.2,"[[6.9,4.35,113.5],[8.31,4.71,129.6]]",393.3
aMal330_TSdh_nn_187_1,3722,-1459.8913,3S1,5S1,-1,-1,"[1_2,3_6,3_0,13_7]","[1,2,50]",-1,2,4,2,3,2.253,"[0, 0]",93.2,30.0,25.9,79.2,86.7,84.2,0,0,"[[5.52,1.83,150.5],[7.37,3.27,150.3],[6.94,4.85,104.7],[7.36,4.8,112.8]]","[[[2, 2],'C_O',2.253,'CO']]",[],3S1,5S1,-1,-1,"[1_2,3_6,3_0,13_7]","[1,2,9,50]",4,4,2.25,"[0, 0]",61.8,32.2,26.9,82.2,92.9,84.9,"[[5.57,1.85,152.3],[7.2,3.12,151.9],[7.04,4.99,103.9],[7.71,5.79,102.4]]",354.2
aMal264_TSdh_nn_116_1,5928,-1459.8677,5S1,3S1,3,6,"[1_50,2_1,3_6,9_50,11_50]","[2,3]",-1,6,5,3,2,2.221,"[1.518, 1.069]",79.2,45.0,83.4,88.7,37.1,88.6,0,0,"[[7.67,3.64,146.4],[8.67,6.29,107.3],[6.4,1.07,164.7],[7.07,4.66,110.8],[7.79,3.82,143.9]]","[[[3, 3],'H_O',1.518,'OH'],[[6, 6],'C_O',2.221,'CO']]",[],5S1,5S1,3,6,"[1_50,2_1,3_6,9_50]","[2,3]",4,2,2.247,"[1.527, 1.061]",131.3,40.5,83.1,87.9,101.5,83.9,"[[7.57,3.46,151.5],[8.7,6.33,107.2],[6.45,1.06,166.5],[8.03,6.09,102.3]]",416.1
aMal43_TSdh_nn_163_0,4728,-1459.8829999999994,OH5,3S1,1,2,[9_50],"[1,6,0]",-1,2,1,0,3,2.8160000000000003,"[1.988, 0.938]",87.6,60.0,315.1,53.4,31.8,88.7,0,0,"[[7.22,4.32,119.3]]","[[[1, 1],'H_O',1.988,'OH'],[[2, 2],'C_O',2.816,'CO']]",[],E5,3S1,1,2,"[9_11,9_50]","[1,6,0]",2,3,2.7430000000000003,"[1.915, 0.942]",81.1,56.9,313.0,53.1,21.1,92.3,"[[9.23,5.91,120.5],[6.64,4.77,102.9]]",376.0
aMal465_TSdh_nn_113_2,4943,-1459.8803,1S3,5S1,1,2,[3_9],"[1,6,0]",-1,2,1,0,3,2.073,"[2.179, 0.95]",66.5,120.0,208.3,83.4,83.1,83.7,0,0,"[[4.39,2.54,107.6]]","[[[1, 1],'H_O',2.179,'OH'],[[2, 2],'C_O',2.073,'CO']]",[],1S3,5S1,1,2,[3_9],"[1,6,0]",1,3,2.035,"[2.314, 0.947]",103.1,97.7,217.7,82.9,97.0,81.0,"[[8.29,3.73,164.2]]",383.1
aMal174_TSdh_nn_073_0,3771,-1459.8909,1S3,1C4,3,2,"[1_2,11_9,13_10]","[3,50]",3,2,3,1,2,2.136,"[2.377, 0.941]",166.4,90.0,197.5,75.2,225.9,173.7,0,0,"[[7.75,5.56,106.0],[8.21,4.71,127.8],[7.66,3.63,147.5]]","[[[3, 4],'C_C',1.726,'bb'],[[2, 2],'C_O',2.136,'CO'],[[3, 3],'H_O',2.377,'OH']]",[],B3O,1C4,3,2,"[1_2,9_11,13_10]","[3,9,50]",3,3,2.204,"[2.071, 0.952]",181.3,100.9,185.1,77.7,263.3,176.5,"[[7.94,4.99,117.9],[7.43,3.64,140.1],[7.5,3.68,141.3]]",355.2
aMal210_TSdh_nn_340_0,5374,-1459.8753,B3O,OS2,3,2,"[2_1,9_11,10_7,13_7]","[3,50]",3,2,4,1,2,2.023,"[2.855, 0.933]",273.9,105.0,167.4,80.7,339.1,90.9,0,0,"[[6.71,4.24,112.5],[7.84,3.84,143.9],[7.91,4.78,121.5],[7.7,5.92,100.5]]","[[[3, 4],'C_C',1.846,'bb'],[[2, 2],'C_O',2.023,'CO'],[[3, 3],'H_O',2.855,'OH']]",[],B3O,OS2,3,2,"[2_1,9_11,10_7]","[3,9,50]",3,3,2.029,"[2.612, 0.937]",249.0,49.4,167.7,78.6,333.4,95.3,"[[6.95,4.42,113.1],[7.49,3.58,143.8],[8.11,5.61,110.2]]",396.2
aMal128_TSdh_nn_068_1,4501,-1459.8851,4C1,OS2,1,2,"[2_3,9_11,10_7]",[1],-1,2,3,1,1,2.005,"[2.947, 0.93]",150.5,195.0,49.9,18.9,339.0,90.9,0,0,"[[7.12,4.46,114.8],[8.05,3.93,146.3],[7.78,4.61,122.8]]","[[[1, 1],'H_O',2.947,'OH'],[[2, 2],'C_O',2.005,'CO']]",[],4C1,OS2,1,2,"[2_3,3_9,9_11,10_7]",[1],4,1,1.989,"[3.05, 0.929]",133.5,155.1,52.7,22.2,339.6,91.1,"[[6.91,3.9,122.6],[7.46,3.11,170.1],[7.84,3.78,145.6],[7.76,4.67,121.3]]",370.5
aMal119_TSdh_nn_084_0,2334,-1459.9033,5S1,1S5,1,2,"[2_3,3_6,9_50,11_13]","[1,0,50]",-1,0,4,1,3,2.085,"[3.692, 0.937]",74.9,60.0,86.4,79.5,269.6,84.7,0,0,"[[6.62,3.71,120.8],[7.48,3.64,141.5],[7.29,4.82,111.2],[8.62,5.52,118.6]]","[[[0, 1],'C_O',2.085,'bb'],[[1, 1],'H_O',3.692,'OH'],[[2, 2],'C_O',1.743,'CO']]",[],5S1,1S3,1,2,"[2_3,3_6,10_11]","[1,9,0,50]",3,4,2.001,"[3.719, 0.937]",138.9,59.1,90.3,79.2,211.4,87.5,"[[6.66,3.78,120.2],[7.92,4.07,137.9],[7.78,5.77,103.4]]",322.7
aMal192_TSdh_nn_321_1,3536,-1459.8928,OH5,OS2,1,2,"[3_0,9_50,11_13]","[1,6,0]",-1,2,3,0,3,2.189,"[1.661, 0.984]",82.4,0.0,336.1,66.7,319.8,89.0,0,0,"[[7.3,4.53,116.0],[6.77,4.29,112.7],[7.93,4.24,134.0]]","[[[1, 1],'H_O',1.661,'OH'],[[2, 2],'C_O',2.189,'CO']]",[],OH5,OS2,1,2,"[3_0,9_11,11_13]","[1,6,0]",3,3,2.2030000000000003,"[1.6, 0.999]",92.8,312.7,331.9,65.9,322.3,98.4,"[[7.81,5.3,110.3],[8.33,4.34,139.1],[8.52,5.13,124.2]]",350.2
aMal55_TSdh_nn_175_1,5986,-1459.8669,4C1,5S1,1,2,[9_50],[1],-1,2,1,0,1,2.056,"[2.328, 0.941]",81.8,15.0,50.8,20.3,87.2,89.1,0,0,"[[7.76,5.13,112.8]]","[[[1, 1],'H_O',2.328,'OH'],[[2, 2],'C_O',2.056,'CO']]",[],4C1,5S1,1,2,"[3_2,9_50,11_6]",[1],3,1,2.042,"[2.335, 0.943]",79.5,47.1,48.9,18.2,92.1,92.4,"[[8.47,6.13,107.2],[7.38,5.15,107.3],[8.27,4.67,129.9]]",418.2
aMal270_TSdh_nn_093_0,5082,-1459.8787,B3O,3S1,3,2,"[2_1,9_11,10_7,11_50]","[3,50]",3,2,4,0,2,2.039,"[2.819, 0.933]",276.4,120.0,168.2,75.7,19.2,92.4,0,0,"[[6.8,4.34,112.3],[7.96,4.34,131.9],[8.07,5.01,119.6],[8.35,4.95,125.1]]","[[[3, 4],'C_C',1.832,'bb'],[[2, 2],'C_O',2.039,'CO'],[[3, 3],'H_O',2.819,'OH']]",[],2SO,3S1,3,2,"[2_1,10_7,11_9,11_50]","[3,11,13]",4,3,2.04,"[2.638, 0.934]",273.0,89.5,162.8,77.6,20.7,86.1,"[[7.0,4.42,113.8],[8.16,5.13,118.8],[10.25,6.19,130.3],[8.12,4.68,126.5]]",387.3
aMal330_TSdh_nn_093_0,4697,-1459.8833,B3O,5S1,3,2,"[2_1,13_7]","[3,11,50]",3,2,2,0,3,2.039,"[2.819, 0.933]",276.4,120.0,168.2,75.7,86.7,84.2,0,0,"[[6.8,4.34,112.3],[7.36,4.8,112.8]]","[[[3, 4],'C_C',1.832,'bb'],[[2, 2],'C_O',2.039,'CO'],[[3, 3],'H_O',2.819,'OH']]",[],B3O,5S1,3,2,"[2_1,13_7]","[3,11,7,50]",2,4,2.05,"[2.606, 0.937]",287.2,113.9,167.6,76.5,102.5,89.9,"[[7.02,4.51,112.6],[7.88,6.01,101.5]]",375.2
aMal423_TSdh_nn_344_2,2348,-1459.9029999999998,E1,1C4,1,2,"[3_6,9_11,13_7]","[1,50]",-1,2,3,1,2,1.9069999999999998,"[2.864, 0.935]",99.5,180.0,63.3,67.1,251.9,171.7,0,0,"[[8.44,4.41,139.4],[8.06,4.34,133.9],[7.73,5.18,111.7]]","[[[1, 1],'H_O',2.864,'OH'],[[2, 2],'C_O',1.907,'CO']]",[],E1,1C4,1,2,"[3_6,9_11,13_7]","[1,9,7,50]",3,4,1.909,"[2.478, 0.941]",88.5,167.1,62.7,68.5,270.6,170.2,"[[8.22,4.17,141.7],[7.28,3.6,138.1],[8.08,6.15,102.2]]",323.5
aMal76_TSdh_nn_181_2,6368,-1459.858,1HO,4C1,1,2,"[2_50,9_10,10_11,13_7]","[1,2,0]",-1,2,4,1,3,2.274,"[3.547, 0.93]",163.0,165.0,191.8,153.0,195.3,1.3,0,0,"[[7.54,3.53,146.4],[8.04,5.86,105.6],[8.33,5.99,107.4],[7.48,5.4,105.0]]","[[[1, 1],'H_O',3.547,'OH'],[[2, 2],'C_O',2.274,'CO']]",[],EO,4C1,1,2,"[2_50,9_10,10_11]","[1,2,0]",3,3,2.315,"[3.567, 0.929]",177.0,187.9,186.0,152.8,140.8,4.7,"[[7.41,3.37,148.9],[7.65,5.42,106.8],[8.43,6.21,105.6]]",441.6
aMal219_TSdh_nn_344_0,1669,-1459.9089,E1,3S1,1,2,"[3_6,11_50]","[1,9,50]",-1,2,2,2,3,1.9069999999999998,"[2.864, 0.935]",99.5,60.0,63.3,67.1,31.3,88.5,0,0,"[[8.44,4.41,139.4],[7.75,3.8,143.0]]","[[[1, 1],'H_O',2.864,'OH'],[[2, 2],'C_O',1.907,'CO']]",[],E1,3S1,1,2,[3_6],"[1,9,11,50]",1,4,1.944,"[2.266, 0.944]",107.8,63.5,49.0,69.3,19.4,88.8,"[[8.24,3.95,150.4]]",308.0
aMal245_TSdh_nn_165_2,2480,-1459.9016,E1,3S1,1,2,"[9_11,13_10]","[1,11,50]",-1,2,2,1,3,1.9340000000000002,"[2.2, 0.948]",96.2,135.0,50.0,66.0,15.3,89.9,0,0,"[[8.62,5.54,118.2],[7.92,4.05,138.9]]","[[[1, 1],'H_O',2.2,'OH'],[[2, 2],'C_O',1.934,'CO']]",[],B14,3S1,1,2,"[9_1,9_50,10_13]","[1,11,50]",3,3,1.96,"[2.908, 0.97]",63.7,124.2,49.0,74.0,17.3,89.6,"[[7.4,3.23,155.5],[7.1,4.96,105.7],[7.77,3.52,155.8]]",327.1
aMal273_TSdh_nn_119_1,5531,-1459.8729999999994,E1,1S3,1,2,"[2_3,6_0,11_10]","[1,50]",-1,2,3,0,2,1.844,"[3.695, 0.935]",91.3,330.0,55.4,53.3,217.5,91.4,0,0,"[[7.8,5.6,105.9],[7.91,6.08,100.9],[7.64,5.46,106.1]]","[[[1, 1],'H_O',3.695,'OH'],[[2, 2],'C_O',1.844,'CO']]",[],E1,1S3,1,2,"[2_3,6_0,11_10]","[1,50]",3,2,1.8359999999999999,"[3.74, 0.935]",91.4,312.1,54.1,53.8,218.1,90.6,"[[7.94,5.53,108.6],[7.81,5.86,102.8],[7.62,5.57,104.3]]",402.2
aMal234_TSdh_nn_116_0,4577,-1459.8845,5S1,4C1,3,6,"[1_50,2_1,3_6,10_9,11_10,13_7]","[2,3]",-1,6,6,2,2,2.221,"[1.518, 1.069]",79.2,60.0,83.4,88.7,180.0,1.7,0,0,"[[7.67,3.64,146.4],[8.67,6.29,107.3],[6.4,1.07,164.7],[7.83,5.83,103.4],[7.94,5.63,107.6],[7.65,5.48,106.0]]","[[[3, 3],'H_O',1.518,'OH'],[[6, 6],'C_O',2.221,'CO']]",[],5S1,4C1,3,6,"[1_50,2_1,3_6,11_10]","[2,3]",4,2,2.213,"[1.476, 1.088]",145.9,63.4,86.1,89.8,252.3,7.9,"[[7.43,3.48,145.8],[8.49,6.04,108.5],[6.26,1.09,166.9],[7.92,5.7,106.3]]",372.0
aMal13_TSdh_nn_001_0,538,-1459.9252,3H4,OS2,2,1,"[2_1,9_11,13_7]","[1,2,9,50]",-1,1,3,2,4,2.267,"[1.282, 1.257]",167.5,60.0,33.3,120.5,334.9,92.5,0,0,"[[5.43,1.26,151.8],[8.0,3.97,143.7],[7.48,5.23,107.3]]","[[[1, 1],'C_O',2.267,'CO'],[[2, 2],'H_O',1.282,'OH']]",[],3E,OS2,2,1,"[2_1,9_11,13_7]","[1,2,9,50]",3,4,2.31,"[1.341, 1.176]",145.7,55.8,0.9,114.1,330.2,95.5,"[[5.54,1.18,151.7],[7.58,3.74,140.7],[7.82,5.98,101.2]]",265.2
aMal157_TSdh_nn_015_0,719,-1459.9196,3OB,1C4,3,2,"[2_1,9_11]","[3,6,0]",-1,2,2,0,3,1.87,"[3.851, 0.954]",85.4,60.0,348.1,87.3,246.6,169.7,0,0,"[[6.28,3.81,113.8],[8.13,4.37,134.2]]","[[[2, 2],'C_O',1.87,'CO'],[[3, 3],'H_O',3.851,'OH'],[[10, 10],'H_O',1.918,'OH'],[[13, 13],'H_O',3.409,'OH']]",[],3OB,1C4,3,2,"[2_1,9_11]","[3,6,0]",2,3,1.8940000000000001,"[3.966, 0.964]",163.6,63.1,351.0,88.0,273.0,172.7,"[[6.33,3.76,115.9],[7.86,3.99,139.4]]",279.9
aMal13_TSdh_nn_050_1,2204,-1459.9041,4C1,OS2,3,2,"[2_1,9_11,13_7]","[3,9,50]",3,2,3,1,3,2.077,"[3.074, 0.932]",277.2,45.0,189.2,13.7,334.9,92.5,0,0,"[[8.05,5.93,104.6],[8.0,3.97,143.7],[7.48,5.23,107.3]]","[[[3, 4],'C_C',1.808,'bb'],[[2, 2],'C_O',2.077,'CO'],[[3, 3],'H_O',3.074,'OH']]",[],4C1,1C4,3,2,"[9_11,10_13,13_6]","[3,9,50]",3,3,2.05,"[2.586, 0.939]",261.2,60.2,196.5,15.7,266.9,167.0,"[[7.57,3.58,145.9],[7.47,3.25,159.4],[7.8,3.37,167.7]]",320.6
aMal118_TSdh_nn_181_1,6465,-1459.8514,1HO,1S5,1,2,"[2_50,9_0,9_50,13_7]","[1,2,0]",-1,2,4,2,3,2.274,"[3.547, 0.93]",163.0,0.0,191.8,153.0,276.6,86.0,0,0,"[[7.54,3.53,146.4],[9.15,4.74,145.7],[7.34,4.88,111.1],[8.28,6.33,102.2]]","[[[1, 1],'H_O',3.547,'OH'],[[2, 2],'C_O',2.274,'CO']]",[],EO,1S5,1,2,"[2_50,9_50]","[1,2,0]",2,3,2.36,"[3.588, 0.929]",128.0,57.9,185.2,151.5,270.8,87.3,"[[7.65,3.48,152.1],[7.87,5.64,106.7]]",458.9
aMal439_TSdh_nn_127_0,998,-1459.915,E1,3S1,1,2,"[3_6,9_50,10_13,11_50]","[1,9,50]",-1,2,4,3,3,1.9769999999999999,"[2.292, 0.943]",91.9,60.0,50.1,69.5,34.6,86.1,0,0,"[[8.11,3.87,149.7],[7.09,4.77,109.4],[7.98,3.54,164.2],[7.91,3.93,143.0]]","[[[1, 1],'H_O',2.292,'OH'],[[2, 2],'C_O',1.977,'CO']]",[],3S1,3S1,1,2,"[3_6,9_2,10_13]","[1,9,11,50]",3,4,2.081,"[1.863, 0.972]",77.2,91.6,41.6,73.2,16.2,88.2,"[[7.86,3.61,153.7],[10.03,5.7,137.6],[7.86,3.58,155.5]]",292.0
aMal44_TSdh_nn_094_2,3806,-1459.8907,E1,OS2,1,2,"[9_50,11_9,13_7]","[1,50]",-1,2,3,0,2,1.9380000000000002,"[2.459, 0.941]",103.5,150.0,51.0,61.3,331.9,94.1,0,0,"[[6.68,4.25,112.0],[8.12,4.52,130.7],[7.49,5.23,107.5]]","[[[1, 1],'H_O',2.459,'OH'],[[2, 2],'C_O',1.938,'CO']]",[],E1,OS2,1,2,"[3_6,11_9,13_7]","[1,7,50]",3,3,1.985,"[2.146, 0.949]",158.0,153.3,49.0,70.1,321.5,98.5,"[[8.11,3.87,149.7],[8.62,5.17,125.1],[7.62,5.39,106.8]]",355.8
aMal474_TSdh_nn_003_1,876,-1459.9168,E4,OS2,2,1,"[2_1,3_6,9_50,10_7,11_9]","[1,2,50]",-1,1,5,2,3,2.352,"[1.246, 1.323]",173.8,165.0,64.2,124.7,340.9,95.6,0,0,"[[5.45,1.32,153.7],[7.33,3.44,145.5],[6.53,4.04,113.6],[7.91,5.25,112.9],[7.65,3.99,134.9]]","[[[1, 1],'C_O',2.352,'CO'],[[2, 2],'H_O',1.246,'OH']]",[],3H2,1S5,2,1,[3_6],"[2,13,7]",1,3,2.571,"[1.724, 0.966]",68.7,280.5,334.4,116.7,263.8,92.2,"[[8.28,4.11,145.7]]",287.2
aMal281_TSdh_nn_344_0,1673,-1459.9089,E1,OS2,1,2,"[3_6,9_50,11_9]","[1,9,50]",-1,2,3,1,3,1.9069999999999998,"[2.864, 0.935]",99.5,60.0,63.3,67.1,331.1,92.3,0,0,"[[8.44,4.41,139.4],[6.7,4.26,112.3],[8.37,4.74,130.0]]","[[[1, 1],'H_O',2.864,'OH'],[[2, 2],'C_O',1.907,'CO']]",[],E1,OS2,1,2,"[3_6,9_11]","[1,9,50]",2,3,1.91,"[2.468, 0.941]",134.9,54.9,61.8,67.5,329.1,94.7,"[[8.38,4.25,143.0],[7.79,3.84,142.1]]",308.0
aMal368_TSdh_nn_181_1,5130,-1459.8784,1HO,2SO,1,2,"[2_50,9_50,10_11]","[1,2,0]",-1,2,3,1,3,2.274,"[3.547, 0.93]",163.0,30.0,191.8,153.0,159.4,81.8,0,0,"[[7.54,3.53,146.4],[6.71,4.44,109.2],[8.45,6.15,106.7]]","[[[1, 1],'H_O',3.547,'OH'],[[2, 2],'C_O',2.274,'CO']]",[],EO,4C1,1,2,"[2_9,2_50,9_10,10_11,11_13]","[1,2,0]",5,3,2.369,"[3.304, 0.93]",84.3,73.7,175.7,149.4,174.7,2.9,"[[7.73,3.39,159.2],[8.21,5.09,119.2],[7.8,5.66,105.2],[7.92,5.79,105.0],[7.47,3.93,132.9]]",388.0
aMal245_TSdh_nn_072_1,2086,-1459.9052,5S1,3S1,1,2,"[1_2,9_11,13_10]","[1,9,0,50]",-1,2,3,2,4,2.104,"[1.477, 1.059]",77.0,45.0,101.5,97.8,15.3,89.9,0,0,"[[5.8,1.06,147.4],[8.62,5.54,118.2],[7.92,4.05,138.9]]","[[[1, 1],'H_O',1.477,'OH'],[[2, 2],'C_O',2.104,'CO']]",[],25B,OS2,1,2,"[1_2,9_11,10_7]","[1,9,0,50]",3,4,2.12,"[1.44, 1.084]",89.2,71.0,105.5,97.5,335.5,94.3,"[[5.75,1.08,149.8],[7.53,3.57,145.2],[8.09,5.38,113.5]]",317.7
aMal347_TSdh_nn_187_0,2008,-1459.9058,3S1,1C4,-1,-1,"[1_2,3_6,3_0,9_50,11_9]","[1,2,50]",-1,2,5,3,3,2.253,"[0, 0]",93.2,60.0,25.9,79.2,246.6,174.6,0,0,"[[5.52,1.83,150.5],[7.37,3.27,150.3],[6.94,4.85,104.7],[7.33,4.82,111.8],[7.93,4.11,137.5]]","[[[2, 2],'C_O',2.253,'CO']]",[],3S1,1C4,-1,-1,"[1_2,3_6,3_0,9_11,10_13]","[1,2,9,50]",5,4,2.272,"[0, 0]",145.2,60.5,26.6,76.5,335.7,175.8,"[[5.6,1.86,152.6],[7.56,3.38,151.2],[6.9,4.79,105.2],[7.12,3.34,142.9],[8.69,5.44,121.1]]",316.1
aMal179_TSdh_nn_008_1,2112,-1459.9049,4H5,5S1,2,1,"[3_50,10_13]","[2,3]",-1,1,2,1,2,2.588,"[2.248, 0.934]",159.4,135.0,257.2,44.0,80.2,81.0,0,0,"[[7.95,5.72,106.3],[8.01,3.98,143.3]]","[[[1, 1],'C_O',2.588,'CO'],[[2, 2],'H_O',2.248,'OH']]",[],4H5,5S1,2,1,"[3_11,10_13,11_50]","[2,3]",3,2,2.687,"[2.076, 0.941]",142.1,171.2,255.9,43.6,80.2,84.8,"[[7.92,3.39,172.8],[7.84,3.85,143.5],[7.25,4.08,124.9]]",318.5
aMal228_TSdh_nn_357_1,5238,-1459.8770000000006,1S3,5S1,1,2,[],"[1,0]",3,2,0,0,2,2.248,"[1.757, 0.965]",312.4,120.0,198.6,72.8,86.0,84.4,0,0,[],"[[[3, 4],'C_C',1.807,'bb'],[[1, 1],'H_O',1.757,'OH'],[[2, 2],'C_O',2.248,'CO']]",[],B3O,4C1,1,2,"[3_2,9_10,10_11,11_13]","[1,0]",4,2,2.5839999999999996,"[1.881, 0.951]",294.2,100.6,166.1,76.9,132.3,3.7,"[[8.59,5.15,124.6],[7.99,5.72,106.8],[8.03,6.12,101.9],[7.54,4.01,132.3]]",391.7
aMal211_TSdh_nn_016_1,1981,-1459.9062,E3,B14,-1,-1,"[2_1,3_11,3_50,10_13,11_50]","[1,2,3]",-1,1,5,4,3,2.528,"[0, 0]",150.8,165.0,164.8,62.8,70.5,81.5,0,0,"[[5.51,1.86,148.4],[10.45,5.32,160.0],[7.95,5.58,108.4],[8.28,4.06,147.5],[7.62,3.72,143.0]]","[[[1, 1],'C_O',2.528,'CO']]",[],2H3,5S1,-1,-1,"[2_1,3_11,10_13,11_50]","[1,2,3]",4,3,2.5540000000000003,"[0, 0]",162.3,182.6,159.0,66.5,86.7,83.1,"[[5.6,2.03,146.0],[7.79,3.33,169.4],[7.99,4.01,141.8],[7.11,4.14,121.1]]",315.1
aMal466_TSdh_nn_302_0,1291,-1459.9121,E1,3S1,1,2,"[2_3,9_11,11_50]","[1,11,50]",-1,2,3,1,3,1.886,"[2.964, 0.935]",115.1,60.0,56.5,54.7,26.1,93.0,0,0,"[[8.38,6.41,102.1],[8.68,4.99,129.7],[7.76,4.05,135.6]]","[[[1, 1],'H_O',2.964,'OH'],[[2, 2],'C_O',1.886,'CO']]",[],E1,3S1,1,2,[3_6],"[1,9,11,50]",1,4,1.943,"[2.311, 0.943]",95.6,70.8,50.6,69.3,24.6,87.9,"[[8.21,3.95,149.5]]",299.6
aMal94_TSdh_nn_165_2,3552,-1459.8927,E1,3S1,1,2,"[9_50,13_7]","[1,11,50]",-1,2,2,0,3,1.9340000000000002,"[2.2, 0.948]",96.2,105.0,50.0,66.0,36.5,86.0,0,0,"[[7.46,4.66,116.7],[7.43,5.19,107.3]]","[[[1, 1],'H_O',2.2,'OH'],[[2, 2],'C_O',1.934,'CO']]",[],B14,3S1,1,2,"[9_1,9_50]","[1,11,50]",2,3,1.926,"[2.853, 0.965]",65.4,126.7,49.4,74.2,19.0,93.1,"[[7.34,3.16,155.9],[7.1,4.92,106.0]]",350.5
aMal466_TSdh_nn_020_2,996,-1459.915,5S1,3S1,1,2,"[1_2,6_3,9_11,11_50]","[1,11,0,50]",-1,2,4,2,4,2.099,"[1.424, 1.091]",78.3,90.0,104.2,102.2,26.1,93.0,0,0,"[[5.69,1.09,149.8],[6.58,4.38,108.2],[8.68,4.99,129.7],[7.76,4.05,135.6]]","[[[1, 1],'H_O',1.424,'OH'],[[2, 2],'C_O',2.099,'CO']]",[],25B,3S1,1,2,"[1_2,6_3]","[1,9,11,0,50]",2,5,2.115,"[1.4, 1.118]",94.2,72.3,107.3,101.2,24.1,88.8,"[[5.67,1.12,151.2],[6.73,4.33,111.3]]",292.0
aMal79_TSdh_nn_329_2,5368,-1459.8753,4C1,5S1,2,3,"[3_9,9_50,13_10]","[1,2]",1,3,3,1,2,2.24,"[3.049, 0.931]",92.2,105.0,169.3,8.0,85.6,85.9,0,0,"[[5.1,2.7,117.6],[7.87,5.26,112.3],[8.11,4.02,144.6]]","[[[1, 2],'C_C',1.724,'bb'],[[2, 2],'H_O',3.049,'OH'],[[3, 3],'C_O',2.24,'CO']]",[],4C1,5S1,2,3,"[3_9,6_7,13_10]","[1,2]",3,2,2.193,"[3.072, 0.927]",114.0,80.7,161.4,8.9,90.2,89.0,"[[8.45,4.21,145.9],[8.67,4.38,146.2],[8.23,4.33,137.5]]",396.2
aMal211_TSdh_nn_128_0,5955,-1459.8674,3S1,B14,-1,-1,"[1_9,1_50,3_6,10_13,11_50]","[3,6]",-1,6,5,4,2,2.231,"[0, 0]",42.0,75.0,36.0,99.6,70.5,81.5,0,0,"[[6.87,3.82,123.8],[7.85,4.05,137.3],[6.03,2.19,153.0],[8.28,4.06,147.5],[7.62,3.72,143.0]]","[[[6, 6],'C_O',2.231,'CO']]",[],3S1,5S1,-1,-1,"[1_9,1_50,3_6,10_13,11_50]","[3,6]",5,2,2.2359999999999998,"[0, 0]",64.9,57.1,44.5,101.0,82.4,87.7,"[[8.23,3.8,156.2],[7.84,4.58,123.5],[6.09,2.31,151.3],[7.83,3.86,143.0],[7.92,4.17,135.9]]",416.9
aMal458_TSdh_nn_020_1,1026,-1459.9144,5S1,OS2,1,2,"[1_2,6_3,9_50,11_9]","[1,0,50]",-1,2,4,1,3,2.099,"[1.424, 1.091]",78.3,15.0,104.2,102.2,331.0,91.8,0,0,"[[5.69,1.09,149.8],[6.58,4.38,108.2],[6.7,4.18,113.6],[8.47,4.86,129.2]]","[[[1, 1],'H_O',1.424,'OH'],[[2, 2],'C_O',2.099,'CO']]",[],25B,OS2,1,2,"[1_2,6_3,9_11]","[1,9,0,50]",3,4,2.103,"[1.389, 1.12]",131.8,51.6,110.5,102.0,328.8,94.1,"[[5.63,1.12,151.3],[6.73,4.25,112.8],[7.88,3.99,139.6]]",293.5
aMal252_TSdh_nn_274_1,4934,-1459.8804,1S3,5S1,1,2,[10_13],"[1,6,0]",-1,2,1,1,3,2.073,"[2.207, 0.949]",64.7,15.0,198.7,88.6,78.8,79.8,0,0,"[[8.04,4.0,143.2]]","[[[1, 1],'H_O',2.207,'OH'],[[2, 2],'C_O',2.073,'CO']]",[],EO,5S1,1,2,"[3_7,10_13]","[1,6,0]",2,3,2.033,"[2.131, 0.953]",58.5,36.0,189.6,111.4,86.6,80.0,"[[8.32,4.19,143.7],[8.42,4.42,139.0]]",382.8
aMal186_TSdh_nn_162_0,5932,-1459.8677,5HO,OS2,1,2,"[2_50,3_6,9_50,10_7,11_9,13_11]","[1,0]",-1,2,6,2,2,2.199,"[1.822, 0.96]",81.8,60.0,143.2,154.7,334.2,91.0,0,0,"[[9.03,5.35,128.1],[6.45,2.41,167.1],[6.68,4.34,110.7],[8.18,5.11,119.5],[8.28,4.7,129.2],[9.13,4.97,138.7]]","[[[1, 1],'H_O',1.822,'OH'],[[2, 2],'C_O',2.199,'CO']]",[],1C4,OS2,1,2,"[2_50,3_6,9_50,10_7,11_9,13_11]","[1,0]",6,2,2.205,"[1.81, 0.964]",79.7,44.4,125.8,157.7,332.9,90.8,"[[9.12,5.81,120.8],[6.39,2.36,168.3],[6.83,4.84,104.6],[8.29,5.49,114.5],[8.42,4.85,128.2],[9.66,6.0,125.4]]",416.1
aMal97_TSdh_nn_182_1,1221,-1459.9125,5H4,1C4,2,1,"[1_50,6_3,11_9,11_7,13_10]",[2],-1,1,5,1,1,2.521,"[1.718, 0.963]",157.9,-0.0,82.5,115.1,144.5,178.8,0,0,"[[8.93,6.07,114.1],[7.33,3.7,136.3],[7.92,4.7,123.2],[8.53,6.37,104.6],[8.44,4.64,133.8]]","[[[1, 1],'C_O',2.521,'CO'],[[2, 2],'H_O',1.718,'OH']]",[],5H4,1C4,2,1,"[1_9,1_50,6_3,9_11,13_10]",[2],5,1,2.347,"[1.899, 0.943]",145.9,60.3,82.0,114.0,350.2,178.6,"[[8.27,3.64,173.3],[8.33,5.74,110.7],[7.29,3.56,139.9],[7.36,3.62,139.5],[8.29,4.64,131.0]]",298.5
aMal350_TSdh_nn_127_1,820,-1459.9176,E1,3S1,1,2,"[3_6,9_50,10_7,11_9,13_10]","[1,9,50]",-1,2,5,2,3,1.9769999999999999,"[2.292, 0.943]",91.9,45.0,50.1,69.5,22.4,90.5,0,0,"[[8.11,3.87,149.7],[7.21,5.31,102.7],[7.72,4.84,117.3],[8.09,6.07,103.3],[8.09,3.89,149.1]]","[[[1, 1],'H_O',2.292,'OH'],[[2, 2],'C_O',1.977,'CO']]",[],E1,3S1,1,2,"[3_6,10_13]","[1,9,11,50]",2,4,2.005,"[2.099, 0.951]",92.6,73.8,46.8,70.6,19.6,87.7,"[[8.11,3.82,151.8],[7.71,3.47,155.7]]",285.1
aMal414_TSdh_nn_094_1,2309,-1459.9035,E1,4C1,1,2,"[9_10,10_11]","[1,50]",-1,2,2,0,2,1.9380000000000002,"[2.459, 0.941]",103.5,45.0,51.0,61.3,109.6,4.8,0,0,"[[7.84,5.51,108.1],[8.4,6.11,106.7]]","[[[1, 1],'H_O',2.459,'OH'],[[2, 2],'C_O',1.938,'CO']]",[],E1,4C1,1,2,"[9_10,10_11]","[1,9,50]",2,3,1.992,"[2.16, 0.949]",67.6,49.9,47.2,62.8,200.1,5.5,"[[7.68,5.63,104.2],[8.35,6.06,106.7]]",322.1
aMal123_TSdh_nn_335_2,4568,-1459.8845,B25,1C4,2,1,"[9_11,13_7]",[2],-1,1,2,1,1,2.5610000000000004,"[1.691, 0.967]",86.1,180.0,312.0,99.0,251.8,171.3,0,0,"[[8.04,4.26,135.5],[7.73,5.17,111.8]]","[[[1, 1],'C_O',2.561,'CO'],[[2, 2],'H_O',1.691,'OH']]",[],B25,1C4,2,1,"[9_11,13_7]",[2],2,1,2.741,"[1.701, 0.96]",97.1,178.1,310.9,98.3,274.1,171.8,"[[7.69,4.0,135.4],[7.92,5.46,109.9]]",372.0
aMal378_TSdh_nn_340_1,4526,-1459.8848,B3O,4C1,3,2,"[2_1,9_50,10_9,11_10,13_7]","[3,50]",3,2,5,0,2,2.023,"[2.855, 0.933]",273.9,120.0,167.4,80.7,232.7,4.9,0,0,"[[6.71,4.24,112.5],[7.37,4.96,110.1],[8.33,6.12,105.6],[7.92,5.61,107.5],[7.65,5.53,105.3]]","[[[3, 4],'C_C',1.846,'bb'],[[2, 2],'C_O',2.023,'CO'],[[3, 3],'H_O',2.855,'OH']]",[],B3O,4C1,3,2,"[2_1,9_50,11_10,13_7]","[3,13]",4,2,2.042,"[2.68, 0.932]",292.1,102.5,164.6,80.4,270.1,5.6,"[[6.87,4.23,115.3],[7.59,5.61,103.2],[7.96,5.85,104.6],[7.54,5.66,101.8]]",371.2
aMal242_TSdh_nn_321_0,3811,-1459.8907,OH5,1C4,1,2,"[3_0,9_50,11_9]","[1,6,0]",-1,2,3,1,3,2.189,"[1.661, 0.984]",82.4,60.0,336.1,66.7,218.1,175.8,0,0,"[[7.3,4.53,116.0],[7.26,4.73,112.4],[7.91,4.07,138.1]]","[[[1, 1],'H_O',1.661,'OH'],[[2, 2],'C_O',2.189,'CO']]",[],OH5,1C4,1,2,"[3_0,9_50,11_9]","[1,6,0]",3,3,2.198,"[1.593, 1.003]",123.2,60.8,330.9,67.0,233.4,172.5,"[[7.82,5.35,109.8],[7.83,5.88,102.7],[7.99,4.14,137.8]]",355.8
aMal21_TSdh_nn_181_0,6473,-1459.8503,1HO,5S1,1,2,"[2_50,11_50]","[1,2,0]",-1,2,2,2,3,2.274,"[3.547, 0.93]",163.0,150.0,191.8,153.0,88.1,76.7,0,0,"[[7.54,3.53,146.4],[8.27,4.32,138.7]]","[[[1, 1],'H_O',3.547,'OH'],[[2, 2],'C_O',2.274,'CO']]",[],EO,5S1,1,2,"[2_50,11_50]","[1,2,0]",2,3,2.326,"[3.572, 0.929]",176.8,183.1,183.8,152.8,93.0,82.7,"[[7.43,3.39,149.0],[8.36,4.26,142.6]]",461.8
aMal190_TSdh_nn_015_2,815,-1459.9177,3OB,1C4,3,2,"[2_1,9_50,11_9,13_7]","[3,6,0]",-1,2,4,1,3,1.87,"[3.851, 0.954]",85.4,120.0,348.1,87.3,262.6,175.3,0,0,"[[6.28,3.81,113.8],[7.25,4.77,111.6],[7.83,4.0,138.6],[7.87,5.27,112.2]]","[[[2, 2],'C_O',1.87,'CO'],[[3, 3],'H_O',3.851,'OH']]",[],3OB,1C4,3,2,"[2_1,6_13,9_50,11_9]","[3,6,0]",4,3,1.869,"[3.828, 0.951]",135.6,59.2,349.9,87.4,251.8,171.7,"[[6.25,3.67,116.3],[7.91,3.42,169.3],[8.27,6.47,100.2],[7.94,4.15,136.6]]",284.9
aMal228_TSdh_nn_181_0,6188,-1459.8631,1HO,5S1,1,2,"[2_11,2_50]","[1,2,11,0]",-1,2,2,1,4,2.274,"[3.547, 0.93]",163.0,60.0,191.8,153.0,86.0,84.4,0,0,"[[6.11,4.21,103.8],[7.54,3.53,146.4]]","[[[1, 1],'H_O',3.547,'OH'],[[2, 2],'C_O',2.274,'CO']]",[],5HO,5S1,1,2,[2_50],"[1,2,11,0]",1,4,2.3680000000000003,"[3.382, 0.929]",138.2,65.0,139.6,148.0,93.8,80.9,"[[6.89,3.4,134.9]]",428.2
aMal8_TSdh_nn_096_0,1790,-1459.9078,5S1,3S1,1,2,"[3_6,9_11,9_50]","[1,9,0,50]",-1,2,3,0,4,2.202,"[1.62, 0.993]",77.1,60.0,105.1,97.5,20.8,91.4,0,0,"[[7.73,4.74,119.6],[8.73,5.63,118.3],[6.77,4.99,101.4]]","[[[1, 1],'H_O',1.62,'OH'],[[2, 2],'C_O',2.202,'CO']]",[],25B,3S1,1,2,"[1_2,3_6]","[1,9,11,0,50]",2,5,2.235,"[1.589, 1.006]",90.9,77.2,105.7,95.9,24.1,89.1,"[[6.13,1.01,144.8],[7.89,4.92,118.6]]",310.9
aMal66_TSdh_nn_119_0,4051,-1459.8887,E1,2SO,1,2,"[2_3,6_0,9_50,10_11]","[1,9,50]",-1,2,4,0,3,1.844,"[3.695, 0.935]",91.3,60.0,55.4,53.3,160.9,85.8,0,0,"[[7.8,5.6,105.9],[7.91,6.08,100.9],[6.61,4.22,111.7],[8.59,6.36,105.5]]","[[[1, 1],'H_O',3.695,'OH'],[[2, 2],'C_O',1.844,'CO']]",[],E1,B3O,1,2,"[2_3,6_0,9_10]","[1,9,50]",3,3,1.84,"[3.781, 0.934]",81.2,68.9,56.2,53.3,167.9,87.7,"[[7.65,5.2,109.9],[7.93,6.03,101.9],[7.21,4.7,112.2]]",361.0
aMal231_TSdh_nn_161_1,1149,-1459.9134,3E,1C4,2,1,"[2_1,3_6,9_11]","[1,2,50]",-1,1,3,3,3,2.383,"[1.275, 1.264]",96.8,315.0,352.5,109.1,249.2,168.1,0,0,"[[5.46,1.26,153.5],[7.98,3.87,146.5],[8.06,4.19,137.9]]","[[[1, 1],'C_O',2.383,'CO'],[[2, 2],'H_O',1.275,'OH']]",[],3H4,1C4,2,1,"[2_1,3_6,9_11,13_10]","[1,2,50]",4,3,2.362,"[1.246, 1.317]",132.9,301.1,36.9,120.6,274.1,169.8,"[[5.45,1.32,154.3],[7.5,3.31,157.3],[7.54,3.64,142.7],[7.65,3.86,139.0]]",296.2
aMal86_TSdh_nn_094_1,872,-1459.9169,E1,4C1,1,2,"[9_50,10_9,11_10,13_7]","[1,50]",-1,2,4,0,2,1.9380000000000002,"[2.459, 0.941]",103.5,45.0,51.0,61.3,208.6,4.6,0,0,"[[7.39,4.99,109.9],[8.31,6.09,105.8],[8.0,5.8,105.8],[7.56,5.44,105.5]]","[[[1, 1],'H_O',2.459,'OH'],[[2, 2],'C_O',1.938,'CO']]",[],E1,4C1,1,2,"[3_6,9_10,10_11]","[1,9,50]",3,3,2.013,"[2.107, 0.95]",68.0,48.7,45.9,70.4,227.6,5.6,"[[8.13,3.82,152.9],[7.54,5.48,104.4],[8.12,6.09,103.4]]",287.0
aMal458_TSdh_nn_340_0,5395,-1459.8752,B3O,OS2,3,2,"[2_1,2_13,9_50,11_9]","[3,9,50]",3,2,4,0,3,2.023,"[2.855, 0.933]",273.9,45.0,167.4,80.7,331.0,91.8,0,0,"[[6.71,4.24,112.5],[8.36,5.97,107.9],[6.7,4.18,113.6],[8.47,4.86,129.2]]","[[[3, 4],'C_C',1.846,'bb'],[[2, 2],'C_O',2.023,'CO'],[[3, 3],'H_O',2.855,'OH']]",[],B3O,OS2,3,2,"[2_1,9_3,9_50,13_0]","[3,9,11]",4,3,2.039,"[2.687, 0.932]",276.9,23.5,178.8,77.6,329.6,95.5,"[[6.69,4.08,115.3],[8.13,4.92,121.6],[6.38,3.67,118.2],[9.19,5.05,137.7]]",396.5
aMal443_TSdh_nn_020_2,756,-1459.9187,5S1,3S1,1,2,"[1_2,6_3,9_1,9_2,9_50,13_7]","[1,11,0,50]",-1,2,6,2,4,2.099,"[1.424, 1.091]",78.3,105.0,104.2,102.2,28.7,89.8,0,0,"[[5.69,1.09,149.8],[6.58,4.38,108.2],[10.91,6.41,137.1],[8.34,5.04,123.2],[7.13,4.49,114.8],[7.46,5.22,107.4]]","[[[1, 1],'H_O',1.424,'OH'],[[2, 2],'C_O',2.099,'CO']]",[],5E,3S1,-1,-1,"[1_2,6_3,9_2]","[1,9,11,0,50]",3,5,2.171,"[0, 0]",75.9,92.4,108.7,108.6,21.9,89.7,"[[5.51,1.77,153.1],[6.08,3.62,114.1],[7.39,3.19,156.6]]",282.2
aMal420_TSdh_nn_025_1,958,-1459.9155,3E,4C1,2,1,"[2_1,9_10,10_11,11_13]","[1,2,50]",-1,1,4,1,3,2.296,"[1.327, 1.192]",151.5,165.0,11.7,115.1,130.5,2.5,0,0,"[[5.5,1.19,151.4],[7.84,5.46,108.8],[7.97,5.87,104.5],[7.86,4.18,134.1]]","[[[1, 1],'C_O',2.296,'CO'],[[2, 2],'H_O',1.327,'OH']]",[],3E,4C1,2,1,"[2_1,9_10,10_11,11_13]","[1,2,7,50]",4,4,2.367,"[1.299, 1.229]",164.9,153.4,346.0,109.1,173.2,11.5,"[[5.47,1.23,152.4],[7.56,5.27,107.9],[7.99,6.09,101.7],[7.59,4.11,130.6]]",290.6
aMal13_TSdh_nn_008_1,1340,-1459.9117,4H5,OS2,2,1,"[3_50,9_11,13_7]","[2,3]",-1,1,3,1,2,2.588,"[2.248, 0.934]",159.4,135.0,257.2,44.0,334.9,92.5,0,0,"[[7.95,5.72,106.3],[8.0,3.97,143.7],[7.48,5.23,107.3]]","[[[1, 1],'C_O',2.588,'CO'],[[2, 2],'H_O',2.248,'OH']]",[],4H5,3OB,2,1,"[3_9,3_50,9_11,10_13,10_7]","[2,3]",5,2,2.637,"[2.165, 0.938]",123.4,123.6,257.2,41.9,7.1,92.7,"[[7.35,2.98,175.3],[8.37,6.3,102.8],[7.73,3.88,139.4],[8.04,3.71,155.3],[8.28,6.28,102.6]]",300.6
aMal477_TSdh_nn_015_0,765,-1459.9185,3OB,5S1,3,2,"[2_1,10_13,11_50]","[3,6,0]",-1,2,3,2,3,1.87,"[3.851, 0.954]",85.4,60.0,348.1,87.3,83.2,92.2,0,0,"[[6.28,3.81,113.8],[8.69,4.28,150.6],[7.59,3.58,147.2]]","[[[2, 2],'C_O',1.87,'CO'],[[3, 3],'H_O',3.851,'OH']]",[],3OB,5S1,3,2,"[2_1,10_13,11_50]","[3,6,0]",3,3,1.8769999999999998,"[3.999, 0.974]",76.2,85.8,351.7,84.2,83.7,85.8,"[[6.32,3.83,114.3],[7.98,4.01,141.7],[7.98,3.9,146.0]]",282.8
aMal173_TSdh_nn_177_1,2860,-1459.8984,5S1,5S1,1,2,"[6_3,11_50,13_10]","[1,11,0,50]",-1,2,3,2,4,2.239,"[1.808, 0.958]",92.6,90.0,104.5,99.7,84.9,84.1,0,0,"[[8.95,5.09,132.3],[7.83,3.84,144.0],[8.14,4.04,144.5]]","[[[1, 1],'H_O',1.808,'OH'],[[2, 2],'C_O',2.239,'CO']]",[],5S1,1C4,1,2,"[6_3,9_1,9_50,13_10]","[1,9,11,0,7]",4,5,2.346,"[1.787, 0.958]",173.8,61.3,95.8,100.5,159.9,170.7,"[[8.08,4.38,133.5],[8.5,4.89,128.2],[6.49,4.54,104.0],[7.47,3.64,142.0]]",335.5
aMal66_TSdh_nn_073_0,5071,-1459.879,1S3,2SO,3,2,"[1_2,9_50,10_11]","[3,50]",3,2,3,0,2,2.136,"[2.377, 0.941]",166.4,120.0,197.5,75.2,160.9,85.8,0,0,"[[7.75,5.56,106.0],[6.61,4.22,111.7],[8.59,6.36,105.5]]","[[[3, 4],'C_C',1.726,'bb'],[[2, 2],'C_O',2.136,'CO'],[[3, 3],'H_O',2.377,'OH']]",[],B3O,B3O,3,2,"[1_2,9_10,10_11]","[3,9,50]",3,3,2.503,"[1.922, 0.958]",182.6,92.1,168.3,81.3,174.8,88.2,"[[7.73,3.61,149.2],[7.26,4.79,111.3],[8.52,6.48,103.1]]",386.5
aMal228_TSdh_nn_181_1,6335,-1459.8594,1HO,5S1,1,2,[2_50],"[1,2,0]",-1,2,1,1,3,2.274,"[3.547, 0.93]",163.0,195.0,191.8,153.0,86.0,84.4,0,0,"[[7.54,3.53,146.4]]","[[[1, 1],'H_O',3.547,'OH'],[[2, 2],'C_O',2.274,'CO']]",[],1HO,5S1,1,2,"[2_11,2_50]","[1,2,0]",2,3,2.296,"[3.667, 0.928]",143.1,71.7,200.2,150.1,89.6,81.4,"[[8.06,4.06,140.2],[8.03,4.45,129.1]]",437.9
aMal433_TSdh_nn_177_2,4840,-1459.8817,5S1,5S1,1,2,"[6_3,13_7]","[1,11,0,50]",-1,2,2,0,4,2.239,"[1.808, 0.958]",92.6,165.0,104.5,99.7,85.9,81.3,0,0,"[[8.95,5.09,132.3],[7.34,4.75,113.3]]","[[[1, 1],'H_O',1.808,'OH'],[[2, 2],'C_O',2.239,'CO']]",[],5S1,5S1,1,2,"[3_9,6_3,13_7]","[1,11,0,50]",3,4,2.306,"[1.768, 0.961]",104.0,152.0,105.1,98.4,98.7,81.2,"[[9.1,5.32,129.7],[8.81,4.86,135.2],[7.59,5.42,106.0]]",379.4
aMal408_TSdh_nn_116_1,4598,-1459.8843,5S1,4C1,3,6,"[1_50,2_1,3_6,9_50,10_11]","[2,3]",-1,6,5,2,2,2.221,"[1.518, 1.069]",79.2,30.0,83.4,88.7,261.7,4.6,0,0,"[[7.67,3.64,146.4],[8.67,6.29,107.3],[6.4,1.07,164.7],[7.32,5.11,107.2],[7.82,5.72,104.7]]","[[[3, 3],'H_O',1.518,'OH'],[[6, 6],'C_O',2.221,'CO']]",[],5S1,4C1,3,6,"[1_50,2_1,3_6,9_10]","[2,3]",4,2,2.213,"[1.471, 1.091]",144.8,64.0,85.7,89.9,247.0,8.2,"[[7.3,3.39,145.8],[8.49,6.05,108.4],[6.25,1.09,167.1],[8.19,6.4,100.2]]",372.6
aMal281_TSdh_nn_015_1,946,-1459.9155,3OB,OS2,3,2,"[2_1,9_50,11_9,13_6]","[3,6,0]",-1,2,4,1,3,1.87,"[3.851, 0.954]",85.4,15.0,348.1,87.3,331.1,92.3,0,0,"[[6.28,3.81,113.8],[6.7,4.26,112.3],[8.37,4.74,130.0],[9.44,5.3,136.7]]","[[[2, 2],'C_O',1.87,'CO'],[[3, 3],'H_O',3.851,'OH']]",[],3OB,OS2,3,2,"[2_1,6_13,9_50,11_9]","[3,6,0]",4,3,1.854,"[3.846, 0.951]",87.4,40.9,346.6,86.4,327.9,92.3,"[[6.26,3.67,116.4],[7.65,3.24,169.3],[7.01,5.09,103.3],[8.6,5.07,126.8]]",290.6
aMal209_TSdh_nn_184_1,5328,-1459.8758,3S1,2SO,1,2,"[1_2,3_0,6_0,9_50,10_11]","[1,2,50]",-1,2,5,1,3,2.164,"[1.388, 1.126]",87.0,345.0,16.2,77.1,156.0,81.8,0,0,"[[5.53,1.13,147.3],[6.62,3.6,123.9],[7.9,6.11,100.4],[6.74,4.53,108.2],[8.62,6.34,106.2]]","[[[1, 1],'H_O',1.388,'OH'],[[2, 2],'C_O',2.164,'CO']]",[],3S1,2SO,1,2,"[1_2,3_0,6_0,9_10]","[1,9,50]",4,3,2.1790000000000003,"[1.514, 1.035]",53.9,43.8,25.7,78.2,154.5,80.2,"[[6.0,1.03,150.1],[6.55,3.48,125.4],[7.77,5.82,102.7],[7.07,4.62,111.4]]",394.9
aMal123_TSdh_nn_001_1,315,-1459.9312,3H4,1C4,2,1,"[2_1,9_11,13_7]","[1,2,50]",-1,1,3,2,3,2.267,"[1.282, 1.257]",167.5,15.0,33.3,120.5,251.8,171.3,0,0,"[[5.43,1.26,151.8],[8.04,4.26,135.5],[7.73,5.17,111.8]]","[[[1, 1],'C_O',2.267,'CO'],[[2, 2],'H_O',1.282,'OH']]",[],3E,1C4,2,1,"[2_1,9_11]","[1,2,9,50]",2,4,2.318,"[1.324, 1.195]",148.9,61.3,352.2,112.1,249.8,173.5,"[[5.49,1.19,151.6],[7.54,3.61,143.7]]",249.4
aMal314_TSdh_nn_081_2,1305,-1459.9119,5S1,1C4,1,2,"[2_3,3_6,9_11]","[1,0,50]",-1,0,3,1,3,2.0469999999999997,"[2.845, 0.94]",79.1,135.0,87.0,80.0,253.1,164.6,0,0,"[[6.96,4.11,118.6],[7.5,3.67,140.8],[8.38,4.59,133.5]]","[[[0, 1],'C_O',2.047,'bb'],[[1, 1],'H_O',2.845,'OH'],[[2, 2],'C_O',1.782,'CO']]",[],5S1,1C4,1,2,"[2_3,3_6,9_11,13_10]","[1,9,0,50]",4,4,2.001,"[2.736, 0.941]",143.4,60.8,91.1,79.8,255.5,171.7,"[[7.01,4.18,117.9],[7.94,4.13,136.8],[7.39,3.51,143.6],[7.61,3.76,141.2]]",300.1
aMal209_TSdh_nn_302_0,3849,-1459.8903,E1,2SO,1,2,"[2_3,9_50,10_11]","[1,50]",-1,2,3,0,2,1.886,"[2.964, 0.935]",115.1,60.0,56.5,54.7,156.0,81.8,0,0,"[[8.38,6.41,102.1],[6.74,4.53,108.2],[8.62,6.34,106.2]]","[[[1, 1],'H_O',2.964,'OH'],[[2, 2],'C_O',1.886,'CO']]",[],B14,2SO,1,2,"[3_6,9_1,9_50,10_11]","[1,9,10]",4,3,1.9680000000000002,"[2.354, 0.94]",168.6,15.6,48.1,72.6,163.6,85.3,"[[7.8,3.59,152.9],[7.36,3.91,130.3],[6.22,3.55,117.8],[8.44,5.97,108.9]]",356.8
aMal219_TSdh_nn_177_0,4007,-1459.889,5S1,3S1,1,2,"[6_3,11_50]","[1,0,50]",-1,2,2,1,3,2.239,"[1.808, 0.958]",92.6,60.0,104.5,99.7,31.3,88.5,0,0,"[[8.95,5.09,132.3],[7.75,3.8,143.0]]","[[[1, 1],'H_O',1.808,'OH'],[[2, 2],'C_O',2.239,'CO']]",[],5S1,3OB,1,2,[6_3],"[1,9,11,0,50]",1,5,2.282,"[1.731, 0.968]",136.8,63.4,103.5,100.0,2.3,91.8,"[[8.31,4.48,135.4]]",360.2
aMal370_TSdh_nn_047_1,6237,-1459.8623,1C4,5S1,-1,-1,"[1_2,2_50,3_6]","[3,6]",-1,6,3,2,2,2.2969999999999997,"[0, 0]",163.1,210.0,56.6,173.5,82.9,84.2,0,0,"[[7.16,4.51,114.5],[7.56,3.85,137.2],[5.8,1.97,155.7]]","[[[6, 6],'C_O',2.297,'CO']]",[],1C4,5S1,-1,-1,"[1_2,2_50,3_6]","[3,6]",3,2,2.316,"[0, 0]",186.1,183.1,61.9,175.1,85.1,80.8,"[[7.18,4.53,114.5],[7.58,3.82,138.2],[5.9,2.07,154.8]]",430.3
aMal428_TSdh_nn_161_2,5,-1459.9418,3E,3S1,2,1,"[2_1,3_6,9_11,11_50]","[1,2,9,11,50]",-1,1,4,3,5,2.383,"[1.275, 1.264]",96.8,90.0,352.5,109.1,26.5,93.0,0,0,"[[5.46,1.26,153.5],[7.98,3.87,146.5],[8.84,5.16,128.8],[7.77,3.96,138.2]]","[[[1, 1],'C_O',2.383,'CO'],[[2, 2],'H_O',1.275,'OH']]",[],3E,3S1,2,1,"[2_1,3_6,10_13,11_1]","[2,9,11,50]",4,4,2.423,"[1.332, 1.192]",157.1,80.8,1.7,114.5,27.1,88.8,"[[5.74,1.19,162.5],[7.46,3.49,147.4],[7.55,3.31,159.6],[7.5,3.31,155.4]]",221.6
aMal400_TSdh_nn_096_0,2139,-1459.9047,5S1,3S1,1,2,"[3_6,9_11,10_7,13_7]","[1,9,0,50]",-1,2,4,0,4,2.202,"[1.62, 0.993]",77.1,60.0,105.1,97.5,15.1,90.7,0,0,"[[7.73,4.74,119.6],[8.27,5.03,122.2],[7.93,4.83,120.7],[7.48,5.23,107.5]]","[[[1, 1],'H_O',1.62,'OH'],[[2, 2],'C_O',2.202,'CO']]",[],25B,OS2,1,2,"[3_6,9_11,10_7]","[1,9,0,50]",3,4,2.222,"[1.594, 1.0]",121.3,55.3,108.7,97.3,334.2,92.5,"[[7.87,4.92,118.3],[7.65,3.76,141.7],[8.11,5.16,117.5]]",319.0
aMal400_TSdh_nn_187_0,2756,-1459.8992,3S1,3S1,-1,-1,"[1_2,3_6,3_0,9_11,10_7,13_7]","[1,2,9,50]",-1,2,6,2,4,2.253,"[0, 0]",93.2,60.0,25.9,79.2,15.1,90.7,0,0,"[[5.52,1.83,150.5],[7.37,3.27,150.3],[6.94,4.85,104.7],[8.27,5.03,122.2],[7.93,4.83,120.7],[7.48,5.23,107.5]]","[[[2, 2],'C_O',2.253,'CO']]",[],3S1,OS2,-1,-1,"[1_2,3_6,3_0,9_11,10_7]","[1,2,9,50]",5,4,2.254,"[0, 0]",98.1,55.6,27.4,80.1,340.9,91.7,"[[5.52,1.8,151.9],[7.21,3.12,152.0],[7.03,5.01,103.4],[7.63,3.61,146.6],[7.86,4.84,119.6]]",333.4
aMal352_TSdh_nn_047_1,6419,-1459.8557,1C4,5S1,-1,-1,"[1_2,2_50,3_6,13_7]","[3,6]",-1,6,4,2,2,2.2969999999999997,"[0, 0]",163.1,210.0,56.6,173.5,86.1,83.1,0,0,"[[7.16,4.51,114.5],[7.56,3.85,137.2],[5.8,1.97,155.7],[7.38,4.79,113.0]]","[[[6, 6],'C_O',2.297,'CO']]",[],1C4,5S1,-1,-1,"[1_2,2_50,3_6,13_7]","[3,6]",4,2,2.3169999999999997,"[0, 0]",182.2,186.6,54.6,175.4,86.6,78.6,"[[7.16,4.51,114.6],[7.63,3.85,138.5],[5.93,2.1,154.4],[7.41,5.01,110.0]]",447.6
aMal368_TSdh_nn_339_0,2731,-1459.8994,5S1,2SO,1,2,"[3_6,9_50,10_11]","[1,9,0,50]",-1,2,3,0,4,2.191,"[1.747, 0.966]",80.1,60.0,104.8,94.2,159.4,81.8,0,0,"[[8.01,4.93,120.2],[6.71,4.44,109.2],[8.45,6.15,106.7]]","[[[1, 1],'H_O',1.747,'OH'],[[2, 2],'C_O',2.191,'CO']]",[],5S1,1S5,1,2,"[3_6,11_13]","[1,9,0,7,50]",2,5,2.21,"[1.654, 0.984]",163.5,80.3,104.0,95.6,263.9,93.5,"[[7.87,4.89,118.8],[7.36,3.81,133.9]]",332.9
aMal239_TSdh_nn_080_1,2115,-1459.9049,5S1,4C1,1,2,"[2_3,9_50,10_11]","[1,0,50]",-1,0,3,0,3,2.0469999999999997,"[3.685, 0.936]",77.5,30.0,91.0,78.8,277.2,1.8,0,0,"[[6.38,3.63,118.5],[7.4,5.21,106.8],[8.11,5.67,109.2]]","[[[0, 1],'C_O',2.047,'bb'],[[1, 1],'H_O',3.685,'OH'],[[2, 2],'C_O',1.779,'CO']]",[],5S1,4C1,1,2,"[2_3,3_13,9_10,10_11]","[1,9,0,50]",4,4,1.992,"[3.829, 0.938]",38.9,40.7,90.4,77.4,256.2,5.5,"[[6.5,3.56,122.2],[9.23,4.3,170.5],[8.06,5.96,104.3],[8.44,6.29,104.6]]",318.5
aMal382_TSdh_nn_084_2,846,-1459.9176,5S1,OS2,1,2,"[2_3,3_6,9_1,9_50,11_9]","[1,9,0,50]",-1,0,5,1,4,2.085,"[3.692, 0.937]",74.9,120.0,86.4,79.5,329.7,92.5,0,0,"[[6.62,3.71,120.8],[7.48,3.64,141.5],[7.5,4.43,121.9],[6.7,4.22,113.0],[8.5,4.87,129.4]]","[[[0, 1],'C_O',2.085,'bb'],[[1, 1],'H_O',3.692,'OH'],[[2, 2],'C_O',1.743,'CO']]",[],E1,3S1,1,2,"[3_6,10_13]","[1,9,11,50]",2,4,2.005,"[2.099, 0.951]",92.6,73.9,46.8,70.6,19.5,87.7,"[[8.11,3.82,151.8],[7.71,3.47,155.7]]",285.1
aMal247_TSdh_nn_093_1,4593,-1459.8843,B3O,3S1,3,2,"[2_1,9_50]","[3,50]",3,2,2,0,2,2.039,"[2.819, 0.933]",276.4,135.0,168.2,75.7,37.3,85.5,0,0,"[[6.8,4.34,112.3],[7.48,4.7,116.2]]","[[[3, 4],'C_C',1.832,'bb'],[[2, 2],'C_O',2.039,'CO'],[[3, 3],'H_O',2.819,'OH']]",[],B3O,25B,3,2,"[2_1,9_50]","[3,11,7,50]",2,4,2.0380000000000003,"[2.63, 0.937]",289.9,105.3,166.2,76.7,116.0,95.8,"[[7.0,4.47,112.9],[7.31,5.31,103.9]]",372.6
aMal273_TSdh_nn_345_1,918,-1459.9158,4H3,1S3,2,1,[11_10],"[2,3]",-1,1,1,0,2,2.195,"[1.768, 0.971]",62.8,135.0,208.3,36.7,217.5,91.4,0,0,"[[7.64,5.46,106.1]]","[[[1, 1],'C_O',2.195,'CO'],[[2, 2],'H_O',1.768,'OH']]",[],E3,B3O,2,1,"[3_50,9_50,10_9,11_10]","[2,3]",4,2,2.355,"[1.728, 0.978]",160.2,78.0,168.6,61.3,187.1,81.1,"[[7.87,5.6,107.0],[6.49,4.68,102.4],[8.26,6.23,103.4],[7.66,5.47,106.2]]",289.9
aMal4_TSdh_nn_081_1,2116,-1459.9049,5S1,3S1,1,2,"[2_3,3_6,13_7]","[1,0,50]",-1,0,3,1,3,2.0469999999999997,"[2.845, 0.94]",79.1,45.0,87.0,80.0,27.0,87.5,0,0,"[[6.96,4.11,118.6],[7.5,3.67,140.8],[7.42,5.1,108.8]]","[[[0, 1],'C_O',2.047,'bb'],[[1, 1],'H_O',2.845,'OH'],[[2, 2],'C_O',1.782,'CO']]",[],5S1,3S1,1,2,"[2_3,3_6,9_1]","[1,9,11,0,50]",3,5,1.953,"[2.876, 0.941]",89.0,75.4,87.1,79.7,24.0,89.4,"[[7.22,4.41,116.8],[7.75,3.94,138.1],[8.58,5.31,121.7]]",318.5
aMal173_TSdh_nn_187_0,3480,-1459.8933,3S1,5S1,-1,-1,"[1_2,3_6,3_0,11_50,13_10]","[1,2,50]",-1,2,5,4,3,2.253,"[0, 0]",93.2,60.0,25.9,79.2,84.9,84.1,0,0,"[[5.52,1.83,150.5],[7.37,3.27,150.3],[6.94,4.85,104.7],[7.83,3.84,144.0],[8.14,4.04,144.5]]","[[[2, 2],'C_O',2.253,'CO']]",[],3S1,5S1,-1,-1,"[1_2,3_6,3_0,11_50,13_10]","[1,2,9,50]",5,4,2.244,"[0, 0]",55.9,39.4,26.3,80.5,86.0,89.5,"[[5.52,1.79,152.2],[7.25,3.18,150.7],[6.94,4.85,104.7],[8.2,4.22,140.4],[8.02,4.32,133.7]]",348.9
aMal171_TSdh_nn_015_2,1422,-1459.9111,3OB,1S5,3,2,"[2_1,9_50,13_7]","[3,6,0]",-1,2,3,0,3,1.87,"[3.851, 0.954]",85.4,120.0,348.1,87.3,272.0,85.1,0,0,"[[6.28,3.81,113.8],[7.26,4.83,110.7],[7.52,5.19,108.7]]","[[[2, 2],'C_O',1.87,'CO'],[[3, 3],'H_O',3.851,'OH']]",[],3OB,OS2,3,2,"[2_1,6_13,9_50]","[3,6,0]",3,3,1.8559999999999999,"[3.84, 0.952]",90.8,40.5,346.7,86.4,320.5,89.7,"[[6.27,3.67,116.4],[7.64,3.3,163.6],[7.02,4.98,105.1]]",302.2
aMal21_TSdh_nn_100_0,2766,-1459.8991,5H4,5S1,1,2,"[2_11,2_50,6_3,11_2,11_0,11_50]","[1,0]",-1,2,6,2,2,1.962,"[2.767, 0.936]",167.6,60.0,77.1,153.8,88.1,76.7,0,0,"[[8.16,5.73,108.5],[7.23,3.63,135.4],[7.61,3.99,134.4],[8.16,4.75,125.8],[6.21,4.08,107.8],[8.27,4.32,138.7]]","[[[1, 1],'H_O',2.767,'OH'],[[2, 2],'C_O',1.962,'CO']]",[],5H4,5S1,1,2,"[2_9,2_50,6_3,11_0,11_50,13_10]","[1,11,0]",6,3,2.0140000000000002,"[2.381, 0.941]",133.8,71.6,81.5,139.0,83.8,91.6,"[[8.3,3.65,170.9],[7.95,5.26,112.7],[7.46,3.8,136.6],[7.5,4.01,130.6],[8.03,3.89,146.2],[7.75,4.05,135.6]]",333.7
aMal52_TSdh_nn_181_0,1533,-1459.91,1HO,1C4,1,2,"[2_50,9_50,11_9]","[1,2,0]",-1,2,3,2,3,2.274,"[3.547, 0.93]",163.0,60.0,191.8,153.0,221.6,175.0,0,0,"[[7.54,3.53,146.4],[7.3,4.76,112.4],[7.97,4.14,137.6]]","[[[1, 1],'H_O',3.547,'OH'],[[2, 2],'C_O',2.274,'CO']]",[],5S1,1C4,1,2,"[1_2,6_3,11_9]","[1,9,0,7,50]",3,5,2.085,"[1.409, 1.102]",167.3,79.6,105.6,102.1,239.1,169.1,"[[5.63,1.1,149.3],[6.72,4.39,110.1],[8.21,4.31,138.1]]",305.1
aMal382_TSdh_nn_187_2,2047,-1459.9055,3S1,OS2,-1,-1,"[1_2,3_6,3_0,9_2,9_50,11_9]","[1,2,50]",-1,2,6,2,3,2.253,"[0, 0]",93.2,165.0,25.9,79.2,329.7,92.5,0,0,"[[5.52,1.83,150.5],[7.37,3.27,150.3],[6.94,4.85,104.7],[7.38,3.87,133.0],[6.7,4.22,113.0],[8.5,4.87,129.4]]","[[[2, 2],'C_O',2.253,'CO']]",[],3S1,1C4,-1,-1,"[1_2,3_6,3_0,9_2,10_13]","[2,9,11,7]",5,4,2.271,"[0, 0]",102.6,160.2,28.1,82.6,166.1,178.0,"[[6.17,2.29,158.0],[7.12,3.12,149.4],[6.74,4.7,104.2],[6.82,2.89,150.8],[7.45,3.25,159.3]]",316.9
aMal40_TSdh_nn_067_1,4008,-1459.889,4C1,OS2,3,2,"[9_11,13_7]","[3,9,50]",3,2,2,1,3,2.116,"[2.406, 0.94]",278.6,45.0,151.5,10.5,333.8,91.9,0,0,"[[8.22,4.06,145.7],[7.65,5.39,107.3]]","[[[3, 4],'C_C',1.762,'bb'],[[2, 2],'C_O',2.116,'CO'],[[3, 3],'H_O',2.406,'OH']]",[],4C1,OS2,3,2,"[9_11,13_7]","[3,9,50]",2,3,2.1069999999999998,"[2.336, 0.943]",265.9,48.1,146.7,10.7,330.3,98.4,"[[7.37,3.51,143.5],[7.9,6.11,100.5]]",360.2
aMal400_TSdh_nn_119_1,2380,-1459.9025,E1,3S1,1,2,"[2_3,6_0,9_11,10_7,13_7]","[1,11,50]",-1,2,5,0,3,1.844,"[3.695, 0.935]",91.3,135.0,55.4,53.3,15.1,90.7,0,0,"[[7.8,5.6,105.9],[7.91,6.08,100.9],[8.27,5.03,122.2],[7.93,4.83,120.7],[7.48,5.23,107.5]]","[[[1, 1],'H_O',3.695,'OH'],[[2, 2],'C_O',1.844,'CO']]",[],E1,3S1,1,2,"[6_0,10_7]","[1,9,11,50]",2,4,1.975,"[2.115, 0.952]",105.7,64.5,43.9,66.4,16.6,88.5,"[[7.83,5.99,101.2],[8.13,5.11,118.7]]",324.8
aMal150_TSdh_nn_120_1,4134,-1459.8883,OS2,1C4,1,2,"[2_50,6_0,9_11,10_13]","[1,0]",-1,2,4,2,2,1.953,"[2.982, 0.932]",93.0,315.0,342.0,91.2,262.0,168.3,0,0,"[[6.99,3.35,138.7],[8.01,6.07,102.3],[8.19,4.42,134.3],[7.54,3.3,159.4]]","[[[1, 1],'H_O',2.982,'OH'],[[2, 2],'C_O',1.953,'CO']]",[],E4,1C4,1,2,"[2_50,3_6,9_11,10_13]","[1,0]",4,2,2.016,"[2.77, 0.934]",125.3,306.7,70.6,156.8,282.3,164.3,"[[7.4,3.51,143.5],[7.66,3.48,154.0],[7.79,3.81,143.5],[7.51,3.27,160.3]]",362.1
aMal408_TSdh_nn_335_1,1858,-1459.9072,B25,4C1,2,1,"[9_50,10_11]",[2],-1,1,2,0,1,2.5610000000000004,"[1.691, 0.967]",86.1,30.0,312.0,99.0,261.7,4.6,0,0,"[[7.32,5.11,107.2],[7.82,5.72,104.7]]","[[[1, 1],'C_O',2.561,'CO'],[[2, 2],'H_O',1.691,'OH']]",[],B25,4C1,2,1,"[3_13,9_50,10_9,11_10]",[2],4,1,2.465,"[1.687, 0.974]",34.2,39.0,305.3,93.4,249.7,6.8,"[[7.86,3.38,169.3],[7.46,5.22,107.3],[8.45,6.38,103.6],[7.89,5.71,105.7]]",312.4
aMal251_TSdh_nn_184_0,3829,-1459.8906,3S1,5S1,1,2,"[1_2,3_0,6_0,10_13]","[1,2,50]",-1,2,4,2,3,2.164,"[1.388, 1.126]",87.0,60.0,16.2,77.1,87.2,78.2,0,0,"[[5.53,1.13,147.3],[6.62,3.6,123.9],[7.9,6.11,100.4],[8.53,4.47,140.0]]","[[[1, 1],'H_O',1.388,'OH'],[[2, 2],'C_O',2.164,'CO']]",[],3S1,5S1,1,2,"[1_2,3_0,6_0,10_13]","[1,9,50]",4,3,2.176,"[1.477, 1.055]",60.7,32.0,24.9,79.0,86.3,84.6,"[[5.9,1.06,151.4],[6.64,3.57,124.8],[7.85,5.87,103.1],[8.14,4.18,139.8]]",356.0
aMal346_TSdh_nn_025_0,506,-1459.9261,3E,OS2,2,1,"[2_1,9_11,10_7,13_7]","[1,2,9,50]",-1,1,4,2,4,2.296,"[1.327, 1.192]",151.5,60.0,11.7,115.1,339.1,91.1,0,0,"[[5.5,1.19,151.4],[7.99,3.88,146.3],[7.9,4.78,121.4],[7.64,5.87,100.4]]","[[[1, 1],'C_O',2.296,'CO'],[[2, 2],'H_O',1.327,'OH']]",[],3E,OS2,2,1,"[2_1,9_11,10_7]","[1,2,9,50]",3,4,2.315,"[1.35, 1.168]",142.5,57.9,6.7,117.6,332.6,94.8,"[[5.56,1.17,151.6],[7.62,3.67,143.9],[8.11,5.5,111.9]]",262.8
aMal55_TSdh_nn_012_0,2966,-1459.8972,4H5,5S1,2,1,"[3_50,9_50]","[2,3]",-1,1,2,0,2,2.55,"[2.227, 0.935]",160.2,105.0,255.7,43.3,87.2,89.1,0,0,"[[7.98,5.75,106.2],[7.76,5.13,112.8]]","[[[1, 1],'C_O',2.55,'CO'],[[2, 2],'H_O',2.227,'OH']]",[],4E,5S1,2,1,"[3_50,13_7]","[2,3]",2,2,2.64,"[2.201, 0.936]",113.8,76.1,250.2,42.8,90.4,91.1,"[[8.09,6.06,103.2],[7.97,5.92,104.0]]",338.7
aMal29_TSdh_nn_251_2,4839,-1459.8818,1S3,OS2,1,2,"[9_11,13_7]","[1,6,0]",-1,2,2,1,3,2.0669999999999997,"[2.201, 0.95]",63.9,120.0,208.9,84.0,332.9,91.5,0,0,"[[8.41,4.22,145.1],[7.73,5.43,107.9]]","[[[1, 1],'H_O',2.201,'OH'],[[2, 2],'C_O',2.067,'CO']]",[],1S3,3S1,1,2,"[3_50,9_11]","[1,6,0]",2,3,2.053,"[2.238, 0.946]",132.8,80.2,202.2,86.7,18.4,92.1,"[[7.59,5.56,103.8],[8.75,5.11,128.3]]",379.1
aMal218_TSdh_nn_273_0,4656,-1459.8836,4C1,OS2,1,2,"[9_11,10_7]","[1,6]",-1,2,2,1,2,2.056,"[2.33, 0.946]",69.4,60.0,28.6,16.3,341.4,91.3,0,0,"[[7.84,3.78,146.1],[7.76,4.59,122.9]]","[[[1, 1],'H_O',2.33,'OH'],[[2, 2],'C_O',2.056,'CO']]",[],4C1,OS2,1,2,"[3_2,9_11,10_7]","[1,6]",3,2,2.063,"[2.311, 0.946]",93.3,67.2,26.1,16.7,333.1,92.7,"[[8.7,6.42,106.1],[8.16,4.08,144.0],[8.23,5.23,118.0]]",374.4
aMal250_TSdh_nn_018_1,648,-1459.9221,OS2,4C1,2,1,"[9_10,10_11,11_13]","[2,50]",-1,1,3,1,2,2.835,"[1.756, 0.956]",122.4,165.0,321.6,104.1,116.8,3.9,0,0,"[[7.82,5.42,109.1],[7.95,5.87,104.3],[7.54,3.88,136.0]]","[[[1, 1],'C_O',2.835,'CO'],[[2, 2],'H_O',1.756,'OH']]",[],OS2,E1,2,1,[11_13],"[2,11,50]",1,3,2.7739999999999996,"[1.72, 0.963]",116.8,137.0,319.8,102.1,63.9,26.3,"[[7.71,4.33,127.2]]",273.3
aMal100_TSdh_nn_127_1,1205,-1459.9127,E1,3S1,1,2,"[3_6,9_11,11_50,13_7]","[1,9,50]",-1,2,4,1,3,1.9769999999999999,"[2.292, 0.943]",91.9,45.0,50.1,69.5,24.7,92.6,0,0,"[[8.11,3.87,149.7],[8.63,4.92,130.3],[7.83,4.12,135.0],[7.5,5.31,106.5]]","[[[1, 1],'H_O',2.292,'OH'],[[2, 2],'C_O',1.977,'CO']]",[],E1,3S1,1,2,[3_6],"[1,9,11,50]",1,4,2.001,"[2.085, 0.952]",106.9,63.5,45.8,70.3,18.7,88.5,"[[8.18,3.87,152.0]]",298.0
aMal370_TSdh_nn_025_2,736,-1459.9193,3E,5S1,2,1,[2_1],"[1,2,11,50]",-1,1,1,1,4,2.296,"[1.327, 1.192]",151.5,165.0,11.7,115.1,82.9,84.2,0,0,"[[5.5,1.19,151.4]]","[[[1, 1],'C_O',2.296,'CO'],[[2, 2],'H_O',1.327,'OH']]",[],3E,5S1,2,1,[2_1],"[1,2,11,7,50]",1,5,2.36,"[1.34, 1.177]",159.5,138.8,355.4,114.1,102.2,90.5,"[[5.56,1.18,152.9]]",280.7
aMal439_TSdh_nn_181_1,6123,-1459.8645,1HO,3S1,1,2,"[2_50,9_50,10_13,11_50]","[1,2,0]",-1,2,4,3,3,2.274,"[3.547, 0.93]",163.0,150.0,191.8,153.0,34.6,86.1,0,0,"[[7.54,3.53,146.4],[7.09,4.77,109.4],[7.98,3.54,164.2],[7.91,3.93,143.0]]","[[[1, 1],'H_O',3.547,'OH'],[[2, 2],'C_O',2.274,'CO']]",[],1HO,5S1,1,2,"[2_11,2_50,10_13]","[1,2,0]",3,3,2.255,"[3.458, 0.929]",110.4,140.4,200.6,152.5,86.5,81.3,"[[7.37,3.59,139.2],[8.23,4.61,129.2],[8.24,4.26,139.8]]",424.5
aMal339_TSdh_nn_252_2,4632,-1459.884,OH5,OS2,1,2,"[9_11,11_13]","[1,6,0]",-1,2,2,1,3,2.8310000000000004,"[2.068, 0.933]",76.9,150.0,321.0,57.1,331.6,90.9,0,0,"[[8.46,4.31,143.2],[8.27,4.72,128.6]]","[[[1, 1],'H_O',2.068,'OH'],[[2, 2],'C_O',2.831,'CO']]",[],E5,OS2,1,2,"[9_11,11_13]","[1,6,0]",2,3,2.806,"[1.982, 0.935]",89.4,157.9,315.5,59.6,329.1,93.0,"[[8.23,4.16,142.6],[8.21,4.79,125.9]]",373.3
aMal64_TSdh_nn_050_0,4392,-1459.8861,4C1,4C1,3,2,"[2_1,9_50,10_9,11_10]","[3,50]",3,2,4,0,2,2.077,"[3.074, 0.932]",277.2,60.0,189.2,13.7,211.9,5.4,0,0,"[[8.05,5.93,104.6],[7.36,4.93,110.5],[8.31,6.06,106.2],[7.96,5.7,106.8]]","[[[3, 4],'C_C',1.808,'bb'],[[2, 2],'C_O',2.077,'CO'],[[3, 3],'H_O',3.074,'OH']]",[],4C1,4C1,3,2,"[2_1,9_50,10_9]","[3,11]",3,2,2.09,"[2.909, 0.932]",269.1,73.2,185.5,14.0,105.2,18.6,"[[8.16,5.87,106.9],[7.63,5.51,105.2],[8.38,6.07,106.8]]",367.8
aMal344_TSdh_nn_093_0,4465,-1459.8856,B3O,5S1,3,2,"[2_1,11_50,13_10]","[3,11,50]",3,2,3,2,3,2.039,"[2.819, 0.933]",276.4,120.0,168.2,75.7,84.7,83.8,0,0,"[[6.8,4.34,112.3],[7.71,3.75,143.7],[8.32,4.14,145.5]]","[[[3, 4],'C_C',1.832,'bb'],[[2, 2],'C_O',2.039,'CO'],[[3, 3],'H_O',2.819,'OH']]",[],B3O,5S1,3,2,"[2_1,13_10]","[3,11,7,50]",2,4,2.051,"[2.611, 0.936]",287.8,111.4,166.6,76.8,100.7,93.5,"[[7.02,4.46,113.4],[8.27,4.63,130.7]]",369.1
aMal218_TSdh_nn_175_0,5763,-1459.8699,4C1,OS2,1,2,"[9_11,10_7]",[1],-1,2,2,1,1,2.056,"[2.328, 0.941]",81.8,60.0,50.8,20.3,341.4,91.3,0,0,"[[7.84,3.78,146.1],[7.76,4.59,122.9]]","[[[1, 1],'H_O',2.328,'OH'],[[2, 2],'C_O',2.056,'CO']]",[],4C1,OS2,1,2,"[3_2,9_11,10_7]",[1],3,1,2.033,"[2.372, 0.942]",91.5,59.5,50.6,20.8,336.4,91.9,"[[8.5,6.28,105.6],[8.09,3.98,145.6],[8.01,5.0,118.9]]",410.4
aMal227_TSdh_nn_016_2,2458,-1459.9019,E3,1S3,-1,-1,"[2_1,3_9,3_50,10_11,13_11]","[1,2,3]",-1,1,5,1,3,2.528,"[0, 0]",150.8,180.0,164.8,62.8,211.3,88.6,0,0,"[[5.51,1.86,148.4],[8.06,5.21,115.8],[7.95,5.58,108.4],[7.9,5.44,109.9],[8.72,5.09,128.5]]","[[[1, 1],'C_O',2.528,'CO']]",[],2H3,1S3,-1,-1,"[2_1,3_9,3_50,9_10,10_11,11_13]","[1,2,3]",6,3,2.569,"[0, 0]",146.2,172.4,163.3,64.6,205.8,83.1,"[[5.57,1.91,148.9],[7.5,3.25,159.6],[8.17,6.22,101.8],[8.35,6.14,105.4],[7.58,5.35,106.9],[7.96,4.58,126.3]]",326.3
aMal203_TSdh_nn_094_1,1219,-1459.9125,E1,3S1,1,2,"[9_50,11_50,13_7]","[1,11,50]",-1,2,3,1,3,1.9380000000000002,"[2.459, 0.941]",103.5,75.0,51.0,61.3,34.0,88.0,0,0,"[[7.07,4.68,110.5],[7.84,3.88,143.2],[7.39,5.25,106.0]]","[[[1, 1],'H_O',2.459,'OH'],[[2, 2],'C_O',1.938,'CO']]",[],E1,3S1,1,2,[3_6],"[1,9,11,50]",1,4,2.011,"[2.045, 0.954]",108.2,62.0,45.5,70.6,17.1,88.9,"[[8.12,3.82,152.3]]",298.5
aMal296_TSdh_nn_187_0,2817,-1459.8989,3S1,2SO,-1,-1,"[1_2,3_6,3_0,11_10]","[1,2,9,50]",-1,2,4,2,4,2.253,"[0, 0]",93.2,60.0,25.9,79.2,160.4,81.5,0,0,"[[5.52,1.83,150.5],[7.37,3.27,150.3],[6.94,4.85,104.7],[8.47,6.38,103.8]]","[[[2, 2],'C_O',2.253,'CO']]",[],3S1,1S3,-1,-1,"[1_2,3_6,3_0,9_10,10_11]","[1,2,9,50]",5,4,2.265,"[0, 0]",142.5,55.5,28.4,76.9,200.9,86.5,"[[5.6,1.89,151.4],[7.28,3.13,153.7],[7.02,5.01,103.2],[8.06,5.72,107.7],[7.69,5.76,102.5]]",334.2
aMal209_TSdh_nn_015_1,2575,-1459.9007,3OB,2SO,3,2,"[2_1,9_50,10_11]","[3,6,0]",-1,2,3,0,3,1.87,"[3.851, 0.954]",85.4,345.0,348.1,87.3,156.0,81.8,0,0,"[[6.28,3.81,113.8],[6.74,4.53,108.2],[8.62,6.34,106.2]]","[[[2, 2],'C_O',1.87,'CO'],[[3, 3],'H_O',3.851,'OH']]",[],3OB,B3O,3,2,"[2_1,9_10,10_11]","[3,6,0]",3,3,1.859,"[3.839, 0.956]",92.0,298.2,349.3,87.4,170.4,86.3,"[[6.22,3.67,115.7],[7.33,4.91,110.2],[8.54,6.31,105.6]]",329.5
aMal287_TSdh_nn_015_1,1182,-1459.9129999999998,3OB,OS2,3,2,"[2_1,9_50,10_7,11_9]","[3,6,0]",-1,2,4,0,3,1.87,"[3.851, 0.954]",85.4,15.0,348.1,87.3,335.9,91.4,0,0,"[[6.28,3.81,113.8],[6.65,4.2,112.5],[8.04,4.95,120.4],[8.07,4.43,131.7]]","[[[2, 2],'C_O',1.87,'CO'],[[3, 3],'H_O',3.851,'OH']]",[],3OB,OS2,3,2,"[2_1,6_13,9_50,10_7,11_9]","[3,6,0]",5,3,1.857,"[3.856, 0.95]",82.2,39.8,347.4,86.7,333.0,91.6,"[[6.26,3.68,116.1],[7.67,3.24,172.8],[6.92,5.14,101.4],[8.21,5.36,115.5],[8.23,4.67,129.0]]",297.2
aMal242_TSdh_nn_001_2,581,-1459.9241,3H4,1C4,2,1,"[2_1,9_50,11_9]","[1,2,50]",-1,1,3,2,3,2.267,"[1.282, 1.257]",167.5,150.0,33.3,120.5,218.1,175.8,0,0,"[[5.43,1.26,151.8],[7.26,4.73,112.4],[7.91,4.07,138.1]]","[[[1, 1],'C_O',2.267,'CO'],[[2, 2],'H_O',1.282,'OH']]",[],3E,1C4,2,1,"[2_1,11_9]","[1,2,9,7,50]",2,5,2.3209999999999997,"[1.296, 1.235]",171.0,92.9,5.8,121.5,233.1,169.5,"[[5.47,1.24,152.6],[8.37,4.57,134.3]]",268.1
aMal195_TSdh_nn_181_1,6486,-1459.8485,1HO,5S1,1,2,"[2_50,11_50,13_10]","[1,2,0]",-1,2,3,3,3,2.274,"[3.547, 0.93]",163.0,165.0,191.8,153.0,89.8,87.5,0,0,"[[7.54,3.53,146.4],[7.73,3.73,145.2],[8.7,4.34,148.4]]","[[[1, 1],'H_O',3.547,'OH'],[[2, 2],'C_O',2.274,'CO']]",[],EO,5S1,1,2,"[2_50,11_7,11_50,13_10]","[1,2,0]",4,3,2.323,"[3.579, 0.929]",174.3,185.0,184.3,152.8,90.5,90.5,"[[7.44,3.4,148.7],[8.76,6.31,108.2],[7.77,3.9,140.7],[9.16,5.02,138.1]]",466.6
aMal344_TSdh_nn_091_0,5414,-1459.875,25B,5S1,1,2,"[6_0,11_50,13_10]","[1,0,50]",-1,2,3,2,3,2.237,"[1.888, 0.947]",83.0,60.0,106.1,99.2,84.7,83.8,0,0,"[[8.03,5.74,107.1],[7.71,3.75,143.7],[8.32,4.14,145.5]]","[[[1, 1],'H_O',1.888,'OH'],[[2, 2],'C_O',2.237,'CO']]",[],25B,5S1,1,2,"[6_0,11_50,13_10]","[1,9,0,50]",3,4,2.262,"[1.797, 0.955]",72.1,62.3,113.8,97.1,87.8,93.1,"[[8.24,6.06,105.2],[8.51,4.3,145.5],[7.91,4.29,132.4]]",397.0
aMal466_TSdh_nn_344_2,1307,-1459.9119,E1,3S1,1,2,"[3_6,9_11,11_50]","[1,11,50]",-1,2,3,2,3,1.9069999999999998,"[2.864, 0.935]",99.5,75.0,63.3,67.1,26.1,93.0,0,0,"[[8.44,4.41,139.4],[8.68,4.99,129.7],[7.76,4.05,135.6]]","[[[1, 1],'H_O',2.864,'OH'],[[2, 2],'C_O',1.907,'CO']]",[],E1,3S1,1,2,[3_6],"[1,9,11,50]",1,4,1.943,"[2.312, 0.943]",95.6,70.8,50.7,69.3,24.7,87.9,"[[8.22,3.95,149.4]]",300.1
aMal300_TSdh_nn_188_1,714,-1459.9199,25B,4C1,1,2,"[6_0,9_10,11_10]","[1,0,50]",-1,2,3,0,3,2.265,"[1.838, 0.955]",89.1,30.0,108.5,97.3,75.9,1.1,0,0,"[[7.99,5.67,107.7],[8.24,5.64,111.4],[8.29,5.74,110.5]]","[[[1, 1],'H_O',1.838,'OH'],[[2, 2],'C_O',2.265,'CO']]",[],5S1,4C1,1,2,"[1_2,3_13,6_3,9_10,11_10]","[1,9,0,50]",5,4,2.1,"[1.375, 1.132]",38.6,40.5,102.7,101.3,283.7,7.5,"[[5.6,1.13,151.6],[9.4,4.62,156.8],[6.68,4.39,109.5],[8.35,6.07,106.4],[8.59,6.44,104.5]]",279.1
aMal346_TSdh_nn_344_0,2053,-1459.9055,E1,OS2,1,2,"[3_6,9_11,10_7,13_7]","[1,9,50]",-1,2,4,2,3,1.9069999999999998,"[2.864, 0.935]",99.5,60.0,63.3,67.1,339.1,91.1,0,0,"[[8.44,4.41,139.4],[7.99,3.88,146.3],[7.9,4.78,121.4],[7.64,5.87,100.4]]","[[[1, 1],'H_O',2.864,'OH'],[[2, 2],'C_O',1.907,'CO']]",[],E1,OS2,1,2,"[2_3,3_6,9_11,10_7]","[1,9,50]",4,3,1.8980000000000001,"[2.874, 0.936]",136.2,56.4,69.4,68.0,333.5,94.2,"[[8.61,6.38,105.3],[8.32,4.39,137.5],[7.48,3.6,143.0],[8.16,5.38,114.4]]",316.9
aMal359_TSdh_nn_050_1,3084,-1459.8961,4C1,B3O,3,2,"[2_1,9_10,11_10]","[3,9,50]",3,2,3,0,3,2.077,"[3.074, 0.932]",277.2,30.0,189.2,13.7,167.9,87.3,0,0,"[[8.05,5.93,104.6],[7.73,5.04,114.0],[8.73,6.49,105.6]]","[[[3, 4],'C_C',1.808,'bb'],[[2, 2],'C_O',2.077,'CO'],[[3, 3],'H_O',3.074,'OH']]",[],4C1,1S3,3,2,"[10_11,11_13]","[3,9,7,50]",2,4,2.045,"[2.657, 0.939]",276.1,79.8,193.6,13.9,221.7,92.5,"[[7.63,5.42,106.6],[7.81,4.47,126.2]]",341.6
aMal229_TSdh_nn_047_0,5731,-1459.8703,1C4,3S1,-1,-1,"[1_2,2_11,2_50,3_6,10_7,11_9,13_7]","[3,6]",-1,6,7,2,2,2.2969999999999997,"[0, 0]",163.1,60.0,56.6,173.5,22.2,90.0,0,0,"[[7.16,4.51,114.5],[10.36,6.26,131.1],[7.56,3.85,137.2],[5.8,1.97,155.7],[8.16,5.11,119.2],[8.25,6.14,104.3],[7.5,5.16,108.8]]","[[[6, 6],'C_O',2.297,'CO']]",[],1C4,3S1,-1,-1,"[1_2,2_11,2_50,3_6,9_11,10_7]","[3,6]",6,2,2.34,"[0, 0]",164.1,71.2,343.1,176.3,17.6,92.5,"[[7.36,4.72,113.9],[9.51,4.95,146.8],[7.74,4.32,128.0],[5.88,2.01,155.8],[8.63,5.24,124.0],[8.15,5.14,118.6]]",409.3
aMal291_TSdh_nn_344_1,1662,-1459.9089,E1,5S1,1,2,"[3_6,11_50]","[1,11,50]",-1,2,2,2,3,1.9069999999999998,"[2.864, 0.935]",99.5,90.0,63.3,67.1,87.2,89.1,0,0,"[[8.44,4.41,139.4],[7.74,3.76,144.2]]","[[[1, 1],'H_O',2.864,'OH'],[[2, 2],'C_O',1.907,'CO']]",[],E1,3S1,1,2,[3_6],"[1,9,11,50]",1,4,1.944,"[2.266, 0.944]",107.9,63.5,49.0,69.3,19.4,88.8,"[[8.24,3.94,150.4]]",308.0
aMal432_TSdh_nn_047_1,5890,-1459.8682,1C4,5S1,-1,-1,"[1_2,2_50,3_6]","[3,6]",-1,6,3,2,2,2.2969999999999997,"[0, 0]",163.1,195.0,56.6,173.5,84.2,84.0,0,0,"[[7.16,4.51,114.5],[7.56,3.85,137.2],[5.8,1.97,155.7]]","[[[6, 6],'C_O',2.297,'CO']]",[],1C4,5S1,-1,-1,"[1_2,2_11,2_50,3_6]","[3,6]",4,2,2.333,"[0, 0]",165.8,67.0,1.4,176.5,91.6,83.9,"[[7.27,4.57,115.1],[8.1,3.9,147.9],[7.86,4.66,122.3],[5.92,2.07,155.2]]",414.8
aMal414_TSdh_nn_073_1,3940,-1459.8896,1S3,4C1,3,2,"[1_2,9_10,10_11]","[3,50]",3,2,3,0,2,2.136,"[2.377, 0.941]",166.4,150.0,197.5,75.2,109.6,4.8,0,0,"[[7.75,5.56,106.0],[7.84,5.51,108.1],[8.4,6.11,106.7]]","[[[3, 4],'C_C',1.726,'bb'],[[2, 2],'C_O',2.136,'CO'],[[3, 3],'H_O',2.377,'OH']]",[],2SO,4C1,3,2,"[1_2,9_10,10_11]","[3,9,50]",3,3,2.384,"[1.837, 0.971]",164.1,75.6,158.5,87.7,174.0,5.2,"[[7.75,3.78,143.2],[7.6,5.51,104.6],[8.35,6.06,106.7]]",358.6
aMal382_TSdh_nn_253_0,5834,-1459.869,E4,OS2,1,2,"[2_50,3_6,9_50,11_9]","[1,0]",-1,2,4,1,2,1.9709999999999999,"[2.885, 0.933]",146.7,60.0,69.9,150.1,329.7,92.5,0,0,"[[7.08,3.51,136.1],[8.63,5.82,113.8],[6.7,4.22,113.0],[8.5,4.87,129.4]]","[[[1, 1],'H_O',2.885,'OH'],[[2, 2],'C_O',1.971,'CO']]",[],5H4,OS2,1,2,"[2_50,3_6,9_50,11_9]","[1,0]",4,2,1.99,"[2.874, 0.933]",130.1,53.3,76.0,150.1,323.1,97.2,"[[7.2,3.39,142.9],[8.14,4.29,136.6],[7.2,4.7,112.1],[8.56,5.02,127.1]]",412.7
aMal132_TSdh_nn_003_0,136,-1459.9371,E4,4C1,2,1,"[2_1,3_6,10_9,11_10]","[1,2,50]",-1,1,4,2,3,2.352,"[1.246, 1.323]",173.8,60.0,64.2,124.7,226.8,1.4,0,0,"[[5.45,1.32,153.7],[7.33,3.44,145.5],[7.84,5.82,103.6],[7.87,5.5,108.6]]","[[[1, 1],'C_O',2.352,'CO'],[[2, 2],'H_O',1.246,'OH']]",[],E4,4C1,2,1,"[2_1,3_6,10_11]","[1,2,9,50]",3,4,2.441,"[1.182, 1.462]",146.6,67.1,71.6,123.6,247.0,8.8,"[[5.51,1.46,157.9],[7.25,3.43,143.9],[8.06,6.15,101.9]]",233.9
aMal103_TSdh_nn_003_1,82,-1459.9385,E4,3S1,2,1,"[2_1,3_6]","[1,2,11,50]",-1,1,2,2,4,2.352,"[1.246, 1.323]",173.8,120.0,64.2,124.7,27.9,87.7,0,0,"[[5.45,1.32,153.7],[7.33,3.44,145.5]]","[[[1, 1],'C_O',2.352,'CO'],[[2, 2],'H_O',1.246,'OH']]",[],3E,3S1,2,1,"[2_1,3_6,11_1]","[2,9,11,50]",3,4,2.431,"[1.356, 1.165]",156.9,78.3,359.6,113.3,31.0,91.2,"[[5.79,1.17,162.1],[7.55,3.47,150.6],[7.38,3.21,156.0]]",230.3
aMal376_TSdh_nn_187_1,1468,-1459.9105,3S1,3S1,-1,-1,"[1_2,3_6,3_0,10_7,11_9,11_50,13_10]","[1,2,9,50]",-1,2,7,4,4,2.253,"[0, 0]",93.2,45.0,25.9,79.2,21.1,90.1,0,0,"[[5.52,1.83,150.5],[7.37,3.27,150.3],[6.94,4.85,104.7],[7.75,4.83,117.8],[9.16,6.06,117.1],[8.45,4.46,138.6],[8.17,3.86,153.4]]","[[[2, 2],'C_O',2.253,'CO']]",[],3S1,3S1,-1,-1,"[1_2,3_6,3_0,10_13]","[2,9,11,50]",4,4,2.2769999999999997,"[0, 0]",161.3,78.7,33.2,79.5,23.9,87.3,"[[5.85,1.96,159.3],[6.9,2.89,152.5],[6.94,5.05,101.6],[7.64,3.37,158.8]]",303.8
aMal219_TSdh_nn_093_1,4166,-1459.888,B3O,3S1,3,2,"[2_1,11_50]","[3,50]",3,2,2,1,2,2.039,"[2.819, 0.933]",276.4,135.0,168.2,75.7,31.3,88.5,0,0,"[[6.8,4.34,112.3],[7.75,3.8,143.0]]","[[[3, 4],'C_C',1.832,'bb'],[[2, 2],'C_O',2.039,'CO'],[[3, 3],'H_O',2.819,'OH']]",[],B3O,3S1,3,2,"[2_1,11_50]","[3,13,7]",2,3,2.0780000000000003,"[2.651, 0.933]",315.8,119.8,174.3,74.4,28.7,88.8,"[[6.9,4.29,114.7],[8.06,4.18,138.3]]",362.8
aMal269_TSdh_nn_187_1,4311,-1459.8867,3S1,OS2,-1,-1,"[1_2,3_6,3_0,9_11,11_13]","[1,2,50]",-1,2,5,3,3,2.253,"[0, 0]",93.2,0.0,25.9,79.2,332.1,91.0,0,0,"[[5.52,1.83,150.5],[7.37,3.27,150.3],[6.94,4.85,104.7],[8.34,4.2,144.0],[8.31,4.76,128.3]]","[[[2, 2],'C_O',2.253,'CO']]",[],3S1,OS2,-1,-1,"[1_2,3_6,3_0,9_11,11_13]","[1,2,50]",5,3,2.246,"[0, 0]",102.0,309.9,29.1,78.6,320.1,99.7,"[[5.54,1.88,149.6],[7.05,2.9,158.1],[7.21,5.31,101.3],[8.37,4.37,139.3],[8.45,5.11,123.3]]",366.3
aMal88_TSdh_nn_081_2,2787,-1459.899,5S1,5S1,1,2,"[2_3,3_6,13_10]","[1,11,0,50]",-1,0,3,2,4,2.0469999999999997,"[2.845, 0.94]",79.1,120.0,87.0,80.0,86.2,88.4,0,0,"[[6.96,4.11,118.6],[7.5,3.67,140.8],[8.96,4.75,141.2]]","[[[0, 1],'C_O',2.047,'bb'],[[1, 1],'H_O',2.845,'OH'],[[2, 2],'C_O',1.782,'CO']]",[],5S1,5S1,1,2,"[2_3,3_6]","[1,11,0,50]",2,4,2.048,"[2.854, 0.941]",112.9,116.7,89.5,79.0,100.5,80.8,"[[6.92,4.02,119.7],[7.92,4.1,137.2]]",334.0
aMal85_TSdh_nn_273_1,3851,-1459.8903,4C1,OS2,1,2,"[9_11,10_7,13_3,13_7]","[1,6]",-1,2,4,2,2,2.056,"[2.33, 0.946]",69.4,15.0,28.6,16.3,339.1,91.0,0,0,"[[8.03,3.92,146.1],[7.81,4.66,122.3],[9.41,4.53,164.0],[7.83,5.51,107.9]]","[[[1, 1],'H_O',2.33,'OH'],[[2, 2],'C_O',2.056,'CO']]",[],4C1,OS2,1,2,"[3_2,9_11,10_7,13_3,13_7]","[1,6]",5,2,2.068,"[2.192, 0.951]",112.1,317.3,23.8,15.0,325.7,97.0,"[[8.58,6.18,107.8],[8.12,4.08,142.8],[8.73,5.9,113.9],[8.66,4.28,150.0],[7.97,5.84,104.9]]",356.8
aMal229_TSdh_nn_273_0,4226,-1459.8874,4C1,3S1,1,2,"[10_7,11_9,13_7]","[1,6]",-1,2,3,0,2,2.056,"[2.33, 0.946]",69.4,60.0,28.6,16.3,22.2,90.0,0,0,"[[8.16,5.11,119.2],[8.25,6.14,104.3],[7.5,5.16,108.8]]","[[[1, 1],'H_O',2.33,'OH'],[[2, 2],'C_O',2.056,'CO']]",[],4C1,3S1,1,2,"[3_2,9_11,9_50,10_7]","[1,6]",4,2,2.057,"[2.308, 0.946]",85.2,59.7,25.6,16.5,15.6,91.8,"[[8.71,6.38,106.7],[8.72,5.44,121.5],[6.59,4.74,102.6],[8.08,5.11,117.9]]",364.4
aMal465_TSdh_nn_340_0,5212,-1459.8774,B3O,5S1,3,2,[2_1],"[3,11,50]",3,2,1,0,3,2.023,"[2.855, 0.933]",273.9,105.0,167.4,80.7,83.1,83.7,0,0,"[[6.71,4.24,112.5]]","[[[3, 4],'C_C',1.846,'bb'],[[2, 2],'C_O',2.023,'CO'],[[3, 3],'H_O',2.855,'OH']]",[],B3O,5S1,3,2,[2_1],"[3,11,7,50]",1,4,2.028,"[2.642, 0.936]",285.5,114.8,167.1,81.1,104.3,89.1,"[[6.9,4.38,113.0]]",390.7
aMal225_TSdh_nn_251_0,5138,-1459.8782,1S3,5S1,1,2,[],"[1,6,0]",-1,2,0,0,3,2.0669999999999997,"[2.201, 0.95]",63.9,45.0,208.9,84.0,85.7,84.0,0,0,[],"[[[1, 1],'H_O',2.201,'OH'],[[2, 2],'C_O',2.067,'CO']]",[],1S3,5S1,1,2,[3_9],"[1,6,0]",1,3,2.048,"[2.234, 0.948]",107.9,96.6,217.0,83.5,96.1,81.6,"[[8.43,3.82,164.8]]",388.6
aMal21_TSdh_nn_080_2,3045,-1459.8964,5S1,5S1,1,2,"[2_3,11_50]","[1,11,0,50]",-1,0,2,1,4,2.0469999999999997,"[3.685, 0.936]",77.5,120.0,91.0,78.8,88.1,76.7,0,0,"[[6.38,3.63,118.5],[8.27,4.32,138.7]]","[[[0, 1],'C_O',2.047,'bb'],[[1, 1],'H_O',3.685,'OH'],[[2, 2],'C_O',1.779,'CO']]",[],5S1,5S1,1,2,"[2_3,3_9]","[1,11,0,50]",2,4,2.039,"[3.838, 0.938]",107.1,141.8,96.1,76.1,95.5,76.9,"[[6.35,3.36,124.1],[8.68,4.68,136.9]]",340.8
aMal40_TSdh_nn_094_0,2570,-1459.9008,E1,OS2,1,2,"[9_11,13_7]","[1,9,50]",-1,2,2,1,3,1.9380000000000002,"[2.459, 0.941]",103.5,60.0,51.0,61.3,333.8,91.9,0,0,"[[8.22,4.06,145.7],[7.65,5.39,107.3]]","[[[1, 1],'H_O',2.459,'OH'],[[2, 2],'C_O',1.938,'CO']]",[],E1,OS2,1,2,"[9_11,13_7]","[1,9,50]",2,3,1.959,"[2.237, 0.948]",139.4,56.2,49.4,63.0,328.1,98.5,"[[7.51,3.64,142.3],[7.74,5.86,101.8]]",329.2
aMal315_TSdh_nn_184_1,2991,-1459.8968,3S1,5S1,1,2,"[1_2,3_0,6_0,9_50]","[1,2,50]",-1,2,4,1,3,2.164,"[1.388, 1.126]",87.0,45.0,16.2,77.1,87.9,87.4,0,0,"[[5.53,1.13,147.3],[6.62,3.6,123.9],[7.9,6.11,100.4],[7.94,5.38,111.2]]","[[[1, 1],'H_O',1.388,'OH'],[[2, 2],'C_O',2.164,'CO']]",[],3S1,3S1,1,2,"[1_2,3_0,6_0,9_2]","[1,9,11,50]",4,4,2.181,"[1.414, 1.111]",85.4,68.2,26.4,81.5,23.5,89.0,"[[5.83,1.11,155.8],[6.63,3.58,124.4],[7.85,5.96,101.9],[7.76,3.64,148.8]]",339.7
aMal229_TSdh_nn_155_2,2223,-1459.9041,5S1,3S1,1,2,"[2_3,9_1,10_7,11_9,13_7]","[1,11,0,50]",-1,0,5,0,4,2.017,"[2.857, 0.939]",80.8,105.0,91.7,79.1,22.2,90.0,0,0,"[[6.66,4.03,115.5],[8.53,4.76,132.5],[8.16,5.11,119.2],[8.25,6.14,104.3],[7.5,5.16,108.8]]","[[[0, 1],'C_O',2.017,'bb'],[[1, 1],'H_O',2.857,'OH'],[[2, 2],'C_O',1.811,'CO']]",[],5S1,3S1,1,2,"[2_3,3_6,9_1,10_7]","[1,9,11,0,50]",4,5,1.952,"[2.891, 0.941]",89.5,80.3,87.3,79.8,15.9,89.3,"[[7.22,4.42,116.8],[7.71,3.9,138.5],[8.4,5.16,121.7],[8.2,5.18,118.5]]",320.6
aMal47_TSdh_nn_273_1,4128,-1459.8883,4C1,3S1,1,2,[9_50],"[1,6]",-1,2,1,0,2,2.056,"[2.33, 0.946]",69.4,45.0,28.6,16.3,38.6,85.6,0,0,"[[7.46,4.67,116.6]]","[[[1, 1],'H_O',2.33,'OH'],[[2, 2],'C_O',2.056,'CO']]",[],4C1,3S1,1,2,"[3_2,9_11,9_50]","[1,6]",3,2,2.059,"[2.307, 0.947]",88.0,58.5,26.2,16.5,21.5,92.5,"[[8.69,6.38,106.5],[9.22,5.92,120.3],[6.58,4.63,104.2]]",362.1
aMal330_TSdh_nn_177_2,4518,-1459.885,5S1,5S1,1,2,"[6_3,13_7]","[1,11,0,50]",-1,2,2,0,4,2.239,"[1.808, 0.958]",92.6,165.0,104.5,99.7,86.7,84.2,0,0,"[[8.95,5.09,132.3],[7.36,4.8,112.8]]","[[[1, 1],'H_O',1.808,'OH'],[[2, 2],'C_O',2.239,'CO']]",[],25B,5S1,1,2,"[3_9,6_3,13_7]","[1,11,0,50]",3,4,2.318,"[1.738, 0.966]",105.1,153.8,105.6,98.7,94.8,85.4,"[[8.88,5.09,130.9],[8.84,4.88,135.3],[7.6,5.5,105.1]]",370.7
aMal192_TSdh_nn_337_0,5972,-1459.8671,1S3,OS2,1,2,"[9_50,11_13]","[1,0]",-1,2,2,0,2,2.097,"[2.214, 0.941]",66.9,60.0,196.6,87.4,319.8,89.0,0,0,"[[6.77,4.29,112.7],[7.93,4.24,134.0]]","[[[1, 1],'H_O',2.214,'OH'],[[2, 2],'C_O',2.097,'CO']]",[],1S5,OS2,1,2,"[3_7,9_6,9_50,11_13]","[1,0]",4,2,2.066,"[2.126, 0.95]",71.0,17.3,279.0,70.3,318.1,90.9,"[[7.68,3.59,149.1],[8.83,4.14,162.9],[6.86,4.82,105.0],[7.88,4.3,131.4]]",417.7
aMal194_TSdh_nn_025_2,907,-1459.9163,3E,B3O,2,1,"[2_1,9_10]","[1,2,50]",-1,1,2,1,3,2.296,"[1.327, 1.192]",151.5,165.0,11.7,115.1,165.4,87.3,0,0,"[[5.5,1.19,151.4],[7.41,4.94,111.0]]","[[[1, 1],'C_O',2.296,'CO'],[[2, 2],'H_O',1.327,'OH']]",[],3E,1S3,2,1,"[2_1,9_6,10_11]","[2,13,7,50]",3,4,2.54,"[1.508, 1.043]",203.4,190.3,5.3,118.0,210.1,90.5,"[[6.23,1.04,161.0],[9.26,6.19,116.6],[8.02,5.82,105.9]]",288.5
aMal330_TSdh_nn_184_0,5022,-1459.8795,3S1,5S1,1,2,"[1_2,3_0,6_0,13_7]","[1,2,50]",-1,2,4,1,3,2.164,"[1.388, 1.126]",87.0,60.0,16.2,77.1,86.7,84.2,0,0,"[[5.53,1.13,147.3],[6.62,3.6,123.9],[7.9,6.11,100.4],[7.36,4.8,112.8]]","[[[1, 1],'H_O',1.388,'OH'],[[2, 2],'C_O',2.164,'CO']]",[],3S1,5S1,1,2,"[1_2,3_0,6_0,13_7]","[1,9,50]",4,3,2.18,"[1.478, 1.056]",61.1,31.3,25.2,79.1,88.6,87.1,"[[5.91,1.06,151.3],[6.67,3.62,124.2],[7.86,5.91,102.6],[7.74,5.93,100.9]]",385.2
aMal97_TSdh_nn_181_1,6039,-1459.8659,1HO,1C4,1,2,"[2_50,11_9,11_7,13_10]","[1,2,0]",-1,2,4,1,3,2.274,"[3.547, 0.93]",163.0,0.0,191.8,153.0,144.5,178.8,0,0,"[[7.54,3.53,146.4],[7.92,4.7,123.2],[8.53,6.37,104.6],[8.44,4.64,133.8]]","[[[1, 1],'H_O',3.547,'OH'],[[2, 2],'C_O',2.274,'CO']]",[],5HO,1C4,1,2,"[2_50,9_11,13_10]","[1,2,9,0]",3,4,2.35,"[3.438, 0.926]",170.8,3.1,150.6,150.3,27.9,178.3,"[[6.85,3.02,147.8],[7.31,3.51,141.8],[8.93,5.46,124.3]]",420.9
aMal225_TSdh_nn_126_1,1120,-1459.9136,5H4,5S1,1,2,"[2_50,3_6]","[1,0]",-1,2,2,2,2,2.004,"[2.774, 0.933]",99.2,30.0,74.5,153.1,85.7,84.0,0,0,"[[7.5,3.78,137.1],[7.48,3.36,153.5]]","[[[1, 1],'H_O',2.774,'OH'],[[2, 2],'C_O',2.004,'CO']]",[],5H4,4C1,1,2,"[2_9,2_50,3_6,11_13]","[1,11,0]",4,3,2.006,"[2.472, 0.937]",146.7,65.8,78.0,138.1,115.3,12.2,"[[8.25,3.62,171.8],[7.75,5.33,108.9],[7.31,3.28,151.6],[7.32,3.97,128.6]]",295.6
aMal269_TSdh_nn_016_0,1941,-1459.9064,E3,OS2,-1,-1,"[2_1,3_50,9_11,11_13]","[1,2,3]",-1,1,4,2,3,2.528,"[0, 0]",150.8,60.0,164.8,62.8,332.1,91.0,0,0,"[[5.51,1.86,148.4],[7.95,5.58,108.4],[8.34,4.2,144.0],[8.31,4.76,128.3]]","[[[1, 1],'C_O',2.528,'CO']]",[],2H3,OS2,-1,-1,"[2_1,3_50,9_11,11_13]","[1,2,3]",4,3,2.5989999999999998,"[0, 0]",161.8,64.8,162.9,65.3,326.4,94.0,"[[5.54,1.88,149.2],[7.8,5.47,107.9],[8.43,4.42,139.3],[8.22,4.8,126.0]]",314.5
aMal441_TSdh_nn_025_2,270,-1459.932,3E,1C4,2,1,"[2_1,9_11,13_10]","[1,2,50]",-1,1,3,3,3,2.296,"[1.327, 1.192]",151.5,165.0,11.7,115.1,232.5,172.2,0,0,"[[5.5,1.19,151.4],[7.93,4.09,137.8],[7.64,3.58,149.2]]","[[[1, 1],'C_O',2.296,'CO'],[[2, 2],'H_O',1.327,'OH']]",[],3E,1C4,2,1,"[2_1,9_11,13_10]","[1,2,9,50]",3,4,2.318,"[1.329, 1.191]",150.8,76.0,4.8,118.9,253.5,170.9,"[[5.51,1.19,151.8],[7.51,3.57,144.4],[7.62,3.85,138.6]]",247.3
aMal43_TSdh_nn_273_2,3553,-1459.8927,4C1,3S1,1,2,[9_50],"[1,6]",-1,2,1,0,2,2.056,"[2.33, 0.946]",69.4,120.0,28.6,16.3,31.8,88.7,0,0,"[[7.22,4.32,119.3]]","[[[1, 1],'H_O',2.33,'OH'],[[2, 2],'C_O',2.056,'CO']]",[],4C1,3S1,1,2,"[3_9,9_11]","[1,6]",2,2,2.1109999999999998,"[2.33, 0.937]",105.9,125.1,22.6,19.7,18.0,92.3,"[[7.54,3.29,158.9],[7.88,4.16,134.5]]",350.5
aMal41_TSdh_nn_340_1,4665,-1459.8836,B3O,3OB,3,2,"[2_1,9_11,10_7]","[3,50]",3,2,3,0,2,2.023,"[2.855, 0.933]",273.9,135.0,167.4,80.7,13.9,90.8,0,0,"[[6.71,4.24,112.5],[8.2,4.9,123.6],[7.85,4.74,121.5]]","[[[3, 4],'C_C',1.846,'bb'],[[2, 2],'C_O',2.023,'CO'],[[3, 3],'H_O',2.855,'OH']]",[],1S3,3OB,3,2,"[2_1,6_9,9_11,10_7]","[3,13,7]",4,3,2.035,"[2.972, 0.93]",295.7,145.5,195.6,74.1,347.7,91.3,"[[6.54,3.85,117.4],[8.49,4.51,138.2],[8.11,4.17,139.6],[7.75,4.66,121.4]]",374.4
aMal200_TSdh_nn_096_1,2001,-1459.906,5S1,3S1,1,2,"[3_6,10_7,11_50,13_7]","[1,9,0,50]",-1,2,4,1,4,2.202,"[1.62, 0.993]",77.1,45.0,105.1,97.5,22.0,88.4,0,0,"[[7.73,4.74,119.6],[8.44,5.34,119.2],[8.77,4.61,141.1],[7.48,5.14,108.9]]","[[[1, 1],'H_O',1.62,'OH'],[[2, 2],'C_O',2.202,'CO']]",[],5S1,3OB,1,2,"[1_2,3_6,10_7]","[1,9,11,0,50]",3,5,2.2119999999999997,"[1.535, 1.021]",132.8,65.8,104.9,99.0,358.2,89.8,"[[5.98,1.02,147.0],[7.63,4.66,119.5],[7.98,4.87,120.8]]",315.6
aMal8_TSdh_nn_025_1,1351,-1459.9116,3E,3S1,2,1,"[2_1,9_11,9_50]","[1,2,50]",-1,1,3,1,3,2.296,"[1.327, 1.192]",151.5,165.0,11.7,115.1,20.8,91.4,0,0,"[[5.5,1.19,151.4],[8.73,5.63,118.3],[6.77,4.99,101.4]]","[[[1, 1],'C_O',2.296,'CO'],[[2, 2],'H_O',1.327,'OH']]",[],3H4,3S1,2,1,"[2_1,9_11]","[1,2,11,50]",2,4,2.305,"[1.349, 1.171]",142.1,142.8,16.8,118.3,24.9,97.7,"[[5.55,1.17,151.4],[8.72,5.0,130.2]]",300.9
aMal272_TSdh_nn_073_1,6442,-1459.8537,1S3,1S3,3,2,"[1_2,11_10,13_11]","[3,50]",3,2,3,1,2,2.136,"[2.377, 0.941]",166.4,0.0,197.5,75.2,209.6,87.3,0,0,"[[7.75,5.56,106.0],[8.0,6.23,100.1],[8.55,4.46,141.0]]","[[[3, 4],'C_C',1.726,'bb'],[[2, 2],'C_O',2.136,'CO'],[[3, 3],'H_O',2.377,'OH']]",[],B3O,1S5,3,2,"[1_2,13_11]","[3,50]",2,2,2.853,"[2.05, 0.948]",182.3,344.1,165.1,81.9,265.9,82.4,"[[7.77,3.43,160.0],[7.85,4.36,129.5]]",452.9
aMal219_TSdh_nn_072_2,2082,-1459.9052,5S1,3S1,1,2,"[1_2,11_50]","[1,9,0,50]",-1,2,2,2,4,2.104,"[1.477, 1.059]",77.0,75.0,101.5,97.8,31.3,88.5,0,0,"[[5.8,1.06,147.4],[7.75,3.8,143.0]]","[[[1, 1],'H_O',1.477,'OH'],[[2, 2],'C_O',2.104,'CO']]",[],5S1,3S1,1,2,[1_2],"[1,9,11,0,50]",1,5,2.119,"[1.429, 1.096]",93.4,69.3,102.4,98.1,23.6,90.1,"[[5.73,1.1,150.2]]",317.7
aMal219_TSdh_nn_161_1,61,-1459.9395,3E,3S1,2,1,"[2_1,3_6,11_50]","[1,2,9,11,50]",-1,1,3,3,5,2.383,"[1.275, 1.264]",96.8,90.0,352.5,109.1,31.3,88.5,0,0,"[[5.46,1.26,153.5],[7.98,3.87,146.5],[7.75,3.8,143.0]]","[[[1, 1],'C_O',2.383,'CO'],[[2, 2],'H_O',1.275,'OH']]",[],3E,3S1,2,1,"[2_1,3_6,11_1]","[2,9,11,50]",3,4,2.404,"[1.318, 1.206]",159.5,76.1,2.4,114.5,26.0,90.2,"[[5.7,1.21,161.9],[7.41,3.37,151.0],[7.38,3.18,157.5]]",227.6
aMal223_TSdh_nn_161_1,18,-1459.9412,3E,3S1,2,1,"[2_1,3_6,10_13,11_50]","[1,2,9,11,50]",-1,1,4,4,5,2.383,"[1.275, 1.264]",96.8,90.0,352.5,109.1,31.6,86.2,0,0,"[[5.46,1.26,153.5],[7.98,3.87,146.5],[7.98,3.54,164.2],[8.17,4.12,143.0]]","[[[1, 1],'C_O',2.383,'CO'],[[2, 2],'H_O',1.275,'OH']]",[],3E,3S1,2,1,"[2_1,3_6,10_13,11_1]","[2,9,11,50]",4,4,2.43,"[1.331, 1.194]",156.8,80.3,1.0,114.2,29.0,89.4,"[[5.74,1.19,162.6],[7.5,3.5,147.8],[7.72,3.35,164.5],[7.41,3.22,156.5]]",223.2
aMal434_TSdh_nn_290_1,4292,-1459.8868,E1,1C4,1,2,[9_11],"[1,50]",-1,2,1,1,2,1.9369999999999998,"[2.298, 0.945]",97.3,315.0,56.6,59.7,256.4,173.9,0,0,"[[7.95,4.18,135.7]]","[[[1, 1],'H_O',2.298,'OH'],[[2, 2],'C_O',1.937,'CO']]",[],E1,1C4,1,2,"[2_3,3_7,9_11,10_13]","[1,50]",4,2,1.905,"[3.032, 0.934]",96.8,315.4,60.2,50.5,352.3,174.2,"[[7.74,4.99,114.6],[8.12,4.14,140.8],[7.47,3.67,140.4],[8.44,5.1,123.5]]",366.0
aMal448_TSdh_nn_047_1,5897,-1459.8681,1C4,4C1,-1,-1,"[1_2,2_50,3_6,9_50,10_11,13_11]","[3,6]",-1,6,6,2,2,2.2969999999999997,"[0, 0]",163.1,135.0,56.6,173.5,270.6,2.4,0,0,"[[7.16,4.51,114.5],[7.56,3.85,137.2],[5.8,1.97,155.7],[7.39,5.23,106.3],[8.09,5.67,109.0],[8.06,4.66,126.3]]","[[[6, 6],'C_O',2.297,'CO']]",[],1C4,4C1,-1,-1,"[1_2,2_50,3_6,9_10,10_11,13_11]","[3,6]",6,2,2.302,"[0, 0]",124.4,155.3,14.2,173.9,221.1,4.0,"[[7.28,4.7,113.1],[7.42,3.66,139.9],[6.01,2.19,153.7],[7.86,5.62,106.6],[8.31,6.13,105.2],[8.16,5.63,110.7]]",415.1
aMal278_TSdh_nn_175_1,5420,-1459.875,4C1,3S1,1,2,"[10_13,10_7,11_9]",[1],-1,2,3,0,1,2.056,"[2.328, 0.941]",81.8,45.0,50.8,20.3,22.4,89.9,0,0,"[[7.7,4.22,129.6],[8.68,5.71,116.0],[8.3,5.93,108.0]]","[[[1, 1],'H_O',2.328,'OH'],[[2, 2],'C_O',2.056,'CO']]",[],4C1,3OB,1,2,"[3_2,9_11,9_50,10_13]",[1],4,1,2.028,"[2.383, 0.942]",78.6,57.8,49.7,21.1,15.0,91.3,"[[8.51,6.28,105.7],[8.93,5.51,123.4],[6.43,4.72,100.8],[7.73,3.46,157.9]]",397.0
aMal315_TSdh_nn_025_0,127,-1459.9373,3E,5S1,2,1,"[2_1,9_50]","[1,2,11,50]",-1,1,2,1,4,2.296,"[1.327, 1.192]",151.5,60.0,11.7,115.1,87.9,87.4,0,0,"[[5.5,1.19,151.4],[7.94,5.38,111.2]]","[[[1, 1],'C_O',2.296,'CO'],[[2, 2],'H_O',1.327,'OH']]",[],3E,3S1,2,1,"[2_1,11_1]","[2,9,11,50]",2,4,2.34,"[1.376, 1.143]",159.2,80.1,13.5,119.9,28.1,89.7,"[[5.79,1.14,159.2],[7.44,3.32,152.7]]",233.4
aMal347_TSdh_nn_262_1,1979,-1459.9062,4C1,1C4,1,2,"[2_3,9_3,9_50,11_9]",[1],-1,2,4,2,1,1.989,"[3.87, 0.93]",288.0,15.0,53.7,21.1,246.6,174.6,0,0,"[[6.84,4.08,117.5],[10.05,5.61,140.1],[7.33,4.82,111.8],[7.93,4.11,137.5]]","[[[1, 1],'H_O',3.87,'OH'],[[2, 2],'C_O',1.989,'CO']]",[],E1,1C4,1,2,"[2_3,9_50,11_9]","[1,13,7]",3,3,1.916,"[3.749, 0.932]",248.6,74.0,53.7,27.4,325.7,176.8,"[[6.98,4.46,112.5],[7.03,4.94,105.7],[7.65,3.86,139.0]]",315.1
aMal45_TSdh_nn_290_2,1358,-1459.9116,E1,5S1,1,2,"[9_50,11_50,13_10]","[1,11,50]",-1,2,3,2,3,1.9369999999999998,"[2.298, 0.945]",97.3,105.0,56.6,59.7,84.2,92.8,0,0,"[[7.4,5.05,109.2],[7.82,3.74,147.5],[8.58,4.53,139.4]]","[[[1, 1],'H_O',2.298,'OH'],[[2, 2],'C_O',1.937,'CO']]",[],E1,3S1,1,2,[3_6],"[1,9,11,50]",1,4,1.943,"[2.311, 0.943]",96.0,70.5,50.9,69.3,23.7,88.7,"[[8.21,3.95,149.4]]",300.9
aMal123_TSdh_nn_064_2,6384,-1459.8575,5S1,1C4,3,6,"[1_50,2_1,3_6,9_11,13_7]","[2,3]",-1,6,5,3,2,2.206,"[1.495, 1.082]",163.5,180.0,83.9,89.5,251.8,171.3,0,0,"[[7.55,3.58,145.7],[8.61,6.22,107.6],[6.32,1.08,164.9],[8.04,4.26,135.5],[7.73,5.17,111.8]]","[[[3, 3],'H_O',1.495,'OH'],[[6, 6],'C_O',2.206,'CO']]",[],5S1,1C4,3,6,"[1_50,2_1,3_6,9_11,13_7]","[2,3]",5,2,2.1959999999999997,"[1.482, 1.083]",193.2,178.8,84.4,91.2,256.9,172.6,"[[7.21,3.39,143.1],[8.56,6.14,108.0],[6.28,1.08,166.9],[7.84,4.13,135.0],[7.8,5.98,100.9]]",442.9
aMal429_TSdh_nn_175_1,5541,-1459.8729,4C1,OS2,1,2,"[9_50,11_9]",[1],-1,2,2,0,1,2.056,"[2.328, 0.941]",81.8,15.0,50.8,20.3,333.0,94.5,0,0,"[[6.65,4.17,113.1],[7.99,4.39,131.3]]","[[[1, 1],'H_O',2.328,'OH'],[[2, 2],'C_O',2.056,'CO']]",[],4C1,OS2,1,2,"[3_2,9_50,11_9,13_11]",[1],4,1,2.041,"[2.375, 0.942]",97.0,60.8,50.9,18.7,326.7,90.8,"[[8.47,6.19,106.3],[6.9,4.66,108.4],[9.0,5.48,125.0],[8.67,4.69,136.9]]",402.5
aMal30_TSdh_nn_296_2,523,-1459.9256,5E,1S5,2,1,"[9_50,11_13]","[2,3]",-1,1,2,1,2,2.642,"[2.162, 0.931]",183.1,195.0,111.0,108.9,272.0,86.8,0,0,"[[7.32,4.89,110.5],[7.67,3.95,136.8]]","[[[1, 1],'C_O',2.642,'CO'],[[2, 2],'H_O',2.162,'OH']]",[],4H5,4C1,2,1,"[3_9,3_50,9_10,10_11,11_13]","[2,3]",5,2,2.57,"[2.187, 0.937]",120.8,106.7,255.3,41.7,175.7,4.1,"[[7.83,3.32,173.6],[8.32,6.28,102.7],[7.78,5.48,107.6],[7.93,5.91,103.4],[7.48,3.92,133.2]]",264.1
aMal97_TSdh_nn_321_2,4713,-1459.8831,OH5,1C4,1,2,"[3_0,11_9,11_7,13_10]","[1,6,0]",-1,2,4,0,3,2.189,"[1.661, 0.984]",82.4,180.0,336.1,66.7,144.5,178.8,0,0,"[[7.3,4.53,116.0],[7.92,4.7,123.2],[8.53,6.37,104.6],[8.44,4.64,133.8]]","[[[1, 1],'H_O',1.661,'OH'],[[2, 2],'C_O',2.189,'CO']]",[],OH5,1C4,1,2,"[3_0,9_11,13_10]","[1,6,0]",3,3,2.2,"[1.594, 0.998]",94.1,173.1,329.1,67.2,53.5,178.3,"[[7.91,5.35,111.0],[7.43,3.75,136.9],[8.61,4.96,129.5]]",375.7
aMal218_TSdh_nn_064_0,5580,-1459.8723,5S1,OS2,3,6,"[1_50,2_1,3_6,9_11,10_7]","[2,3]",-1,6,5,3,2,2.206,"[1.495, 1.082]",163.5,60.0,83.9,89.5,341.4,91.3,0,0,"[[7.55,3.58,145.7],[8.61,6.22,107.6],[6.32,1.08,164.9],[7.84,3.78,146.1],[7.76,4.59,122.9]]","[[[3, 3],'H_O',1.495,'OH'],[[6, 6],'C_O',2.206,'CO']]",[],5S1,OS2,3,6,"[1_9,1_50,2_1,3_6,9_11,10_7,11_13]","[2,3]",7,2,2.2119999999999997,"[1.461, 1.099]",168.4,60.3,85.4,91.9,330.6,92.8,"[[8.72,4.47,142.9],[7.45,3.71,138.1],[8.32,5.84,109.2],[6.22,1.1,167.3],[8.02,4.25,135.4],[8.44,5.58,115.1],[8.31,4.95,124.3]]",404.1
aMal14_TSdh_nn_003_0,593,-1459.9239,E4,1S3,2,1,"[2_1,3_6,11_10]","[1,2,9,50]",-1,1,3,2,4,2.352,"[1.246, 1.323]",173.8,75.0,64.2,124.7,210.3,88.1,0,0,"[[5.45,1.32,153.7],[7.33,3.44,145.5],[7.92,5.36,111.5]]","[[[1, 1],'C_O',2.352,'CO'],[[2, 2],'H_O',1.246,'OH']]",[],3E,1S3,2,1,"[2_1,3_6,11_10]","[1,2,9,50]",3,4,2.365,"[1.318, 1.202]",151.1,74.6,353.6,111.4,215.5,88.5,"[[5.52,1.2,153.3],[7.77,3.47,159.0],[8.06,5.69,108.3]]",268.6
aMal209_TSdh_nn_047_0,5712,-1459.8706,1C4,2SO,-1,-1,"[1_2,2_50,3_6,9_50,10_11]","[3,6]",-1,6,5,2,2,2.2969999999999997,"[0, 0]",163.1,60.0,56.6,173.5,156.0,81.8,0,0,"[[7.16,4.51,114.5],[7.56,3.85,137.2],[5.8,1.97,155.7],[6.74,4.53,108.2],[8.62,6.34,106.2]]","[[[6, 6],'C_O',2.297,'CO']]",[],1C4,5S1,-1,-1,"[1_2,2_50,3_6]","[3,6]",3,2,2.349,"[0, 0]",132.8,45.8,27.8,174.4,99.4,87.1,"[[7.26,4.57,114.9],[7.58,3.8,138.9],[5.84,1.95,156.1]]",408.5
aMal441_TSdh_nn_025_0,268,-1459.9323,3E,1C4,2,1,"[2_1,9_11,13_10]","[1,2,9,50]",-1,1,3,3,4,2.296,"[1.327, 1.192]",151.5,60.0,11.7,115.1,232.5,172.2,0,0,"[[5.5,1.19,151.4],[7.93,4.09,137.8],[7.64,3.58,149.2]]","[[[1, 1],'C_O',2.296,'CO'],[[2, 2],'H_O',1.327,'OH']]",[],3E,1C4,2,1,"[2_1,9_11,13_10]","[1,2,9,50]",3,4,2.32,"[1.331, 1.189]",150.8,75.9,5.3,118.9,247.7,171.4,"[[5.52,1.19,151.9],[7.43,3.56,142.9],[7.59,3.81,139.2]]",246.5
aMal368_TSdh_nn_104_0,5860,-1459.8685,25B,2SO,1,2,"[9_50,10_11]","[1,9,0,50]",-1,2,2,0,4,2.218,"[1.839, 0.952]",83.2,60.0,110.4,101.0,159.4,81.8,0,0,"[[6.71,4.44,109.2],[8.45,6.15,106.7]]","[[[1, 1],'H_O',1.839,'OH'],[[2, 2],'C_O',2.218,'CO']]",[],25B,B3O,1,2,"[9_10,10_11]","[1,9,0,50]",2,4,2.24,"[1.73, 0.965]",79.2,68.2,115.5,99.6,170.5,83.6,"[[7.17,4.71,111.2],[8.45,6.37,103.6]]",414.0
aMal359_TSdh_nn_187_0,2423,-1459.9022,3S1,B3O,-1,-1,"[1_2,3_6,3_0,9_10,11_10]","[1,2,9,50]",-1,2,5,2,4,2.253,"[0, 0]",93.2,60.0,25.9,79.2,167.9,87.3,0,0,"[[5.52,1.83,150.5],[7.37,3.27,150.3],[6.94,4.85,104.7],[7.73,5.04,114.0],[8.73,6.49,105.6]]","[[[2, 2],'C_O',2.253,'CO']]",[],3S1,5S1,-1,-1,"[1_2,3_6,3_0,10_13]","[1,2,9,50]",4,4,2.249,"[0, 0]",63.7,31.6,27.3,82.1,87.6,82.7,"[[5.56,1.83,152.5],[7.12,3.05,152.6],[7.07,5.02,103.8],[8.25,4.29,139.0]]",325.6
aMal223_TSdh_nn_047_0,5949,-1459.8675,1C4,3S1,-1,-1,"[1_2,2_50,3_6,10_13,11_50]","[3,6]",-1,6,5,4,2,2.2969999999999997,"[0, 0]",163.1,135.0,56.6,173.5,31.6,86.2,0,0,"[[7.16,4.51,114.5],[7.56,3.85,137.2],[5.8,1.97,155.7],[7.98,3.54,164.2],[8.17,4.12,143.0]]","[[[6, 6],'C_O',2.297,'CO']]",[],1C4,5S1,-1,-1,"[1_2,2_11,2_50,3_6,10_13]","[3,6]",5,2,2.2840000000000003,"[0, 0]",128.5,147.5,36.4,173.3,86.9,80.9,"[[7.12,4.46,114.9],[7.76,4.12,132.9],[7.74,4.07,133.9],[6.09,2.28,152.3],[8.33,4.33,139.5]]",416.7
aMal448_TSdh_nn_231_1,2720,-1459.8995,5H4,4C1,2,1,"[1_50,9_50,10_11,13_11]",[2],-1,1,4,0,1,2.544,"[1.763, 0.956]",161.2,105.0,83.2,111.0,270.6,2.4,0,0,"[[8.82,5.92,115.0],[7.39,5.23,106.3],[8.09,5.67,109.0],[8.06,4.66,126.3]]","[[[1, 1],'C_O',2.544,'CO'],[[2, 2],'H_O',1.763,'OH']]",[],5S1,4C1,2,1,"[2_1,9_10,10_11,13_11]",[2],4,1,2.9610000000000003,"[1.536, 1.006]",171.6,90.2,86.8,108.9,259.8,3.6,"[[6.44,1.01,179.9],[7.97,5.7,107.0],[8.33,6.17,104.9],[8.11,6.15,102.6]]",332.7
aMal378_TSdh_nn_161_1,129,-1459.9372,3E,4C1,2,1,"[2_1,3_6,9_50,10_9,11_10,13_7]","[1,2,9,50]",-1,1,6,2,4,2.383,"[1.275, 1.264]",96.8,30.0,352.5,109.1,232.7,4.9,0,0,"[[5.46,1.26,153.5],[7.98,3.87,146.5],[7.37,4.96,110.1],[8.33,6.12,105.6],[7.92,5.61,107.5],[7.65,5.53,105.3]]","[[[1, 1],'C_O',2.383,'CO'],[[2, 2],'H_O',1.275,'OH']]",[],3H2,4C1,2,1,"[3_6,9_10,10_11]","[2,9,50]",3,3,2.502,"[1.732, 0.964]",100.7,60.9,334.8,117.3,237.2,5.7,"[[8.18,3.75,158.2],[7.48,5.42,104.5],[8.12,6.25,101.2]]",233.7
aMal376_TSdh_nn_188_2,3512,-1459.8929999999998,25B,3S1,1,2,"[6_0,10_7,11_9,11_50,13_10]","[1,11,0,50]",-1,2,5,2,4,2.265,"[1.838, 0.955]",89.1,90.0,108.5,97.3,21.1,90.1,0,0,"[[7.99,5.67,107.7],[7.75,4.83,117.8],[9.16,6.06,117.1],[8.45,4.46,138.6],[8.17,3.86,153.4]]","[[[1, 1],'H_O',1.838,'OH'],[[2, 2],'C_O',2.265,'CO']]",[],25B,3S1,1,2,"[6_0,10_13]","[1,9,11,0,50]",2,5,2.239,"[1.742, 0.969]",91.3,83.1,106.3,98.2,20.1,88.1,"[[8.42,6.46,102.2],[7.68,3.44,156.7]]",349.7
aMal301_TSdh_nn_001_1,161,-1459.9361,3H4,1C4,2,1,"[2_1,9_50,10_13,11_9]","[1,2,50]",-1,1,4,3,3,2.267,"[1.282, 1.257]",167.5,165.0,33.3,120.5,282.4,170.2,0,0,"[[5.43,1.26,151.8],[7.28,4.77,112.0],[7.61,3.34,161.1],[7.83,3.95,139.8]]","[[[1, 1],'C_O',2.267,'CO'],[[2, 2],'H_O',1.282,'OH']]",[],3H4,1C4,2,1,"[2_1,9_2,10_13]","[1,9,11,7]",3,4,2.347,"[1.24, 1.345]",105.9,134.3,38.6,123.7,129.1,175.1,"[[5.63,1.35,162.7],[7.12,2.96,159.7],[7.43,3.27,157.4]]",236.6
aMal242_TSdh_nn_116_2,5307,-1459.8762,5S1,1C4,3,6,"[1_9,1_50,2_1,3_6,9_50,11_9]","[2,3]",-1,6,6,4,2,2.221,"[1.518, 1.069]",79.2,120.0,83.4,88.7,218.1,175.8,0,0,"[[10.79,6.21,138.9],[7.67,3.64,146.4],[8.67,6.29,107.3],[6.4,1.07,164.7],[7.26,4.73,112.4],[7.91,4.07,138.1]]","[[[3, 3],'H_O',1.518,'OH'],[[6, 6],'C_O',2.221,'CO']]",[],5S1,1C4,3,6,"[1_9,1_50,2_1,3_6,11_9]","[2,3]",5,2,2.193,"[1.47, 1.093]",175.3,68.2,83.8,90.4,233.5,173.2,"[[10.37,5.65,144.6],[7.66,3.8,140.1],[8.44,5.95,109.3],[6.26,1.09,167.6],[8.25,4.68,129.0]]",393.8
aMal94_TSdh_nn_047_0,5639,-1459.8715,1C4,3S1,-1,-1,"[1_2,2_11,2_50,3_6,9_50,13_7]","[3,6]",-1,6,6,2,2,2.2969999999999997,"[0, 0]",163.1,60.0,56.6,173.5,36.5,86.0,0,0,"[[7.16,4.51,114.5],[9.15,5.48,127.4],[7.56,3.85,137.2],[5.8,1.97,155.7],[7.46,4.66,116.7],[7.43,5.19,107.3]]","[[[6, 6],'C_O',2.297,'CO']]",[],1C4,3S1,-1,-1,"[1_2,2_11,2_50,3_6,9_11]","[3,6]",5,2,2.336,"[0, 0]",163.3,66.6,2.9,176.0,23.5,94.5,"[[7.27,4.58,115.1],[9.51,5.26,138.2],[7.49,3.8,136.7],[5.86,2.0,155.7],[8.36,4.82,128.0]]",406.2
aMal229_TSdh_nn_015_1,1511,-1459.9102,3OB,3S1,3,2,"[2_1,10_7,11_9,13_7]","[3,6,0]",-1,2,4,0,3,1.87,"[3.851, 0.954]",85.4,45.0,348.1,87.3,22.2,90.0,0,0,"[[6.28,3.81,113.8],[8.16,5.11,119.2],[8.25,6.14,104.3],[7.5,5.16,108.8]]","[[[2, 2],'C_O',1.87,'CO'],[[3, 3],'H_O',3.851,'OH']]",[],3OB,3OB,3,2,"[2_1,10_7,11_9]","[3,6,0]",3,3,1.886,"[3.995, 0.96]",104.7,73.7,353.2,87.9,11.1,90.2,"[[6.29,3.67,116.9],[7.94,4.85,120.6],[8.61,4.58,138.8]]",304.6
aMal242_TSdh_nn_260_2,1890,-1459.9068,4E,1C4,2,1,"[2_1,9_50,11_9]","[1,2]",-1,1,3,2,2,2.378,"[1.216, 1.376]",55.8,135.0,229.3,41.4,218.1,175.8,0,0,"[[5.41,1.38,153.5],[7.26,4.73,112.4],[7.91,4.07,138.1]]","[[[1, 1],'C_O',2.378,'CO'],[[2, 2],'H_O',1.216,'OH']]",[],E3,1C4,-1,-1,"[2_1,3_13,9_50,11_9]","[1,2,3]",4,3,2.6039999999999996,"[0, 0]",73.0,46.7,178.3,51.6,245.4,173.7,"[[5.48,1.76,150.0],[7.45,3.2,159.4],[7.72,5.75,103.1],[7.95,4.14,137.1]]",313.5
aMal227_TSdh_nn_356_0,3371,-1459.894,E3,1S3,-1,-1,"[2_1,10_11,13_11]","[1,2,3]",-1,1,3,1,3,2.511,"[0, 0]",57.3,120.0,179.2,49.3,211.3,88.6,0,0,"[[5.42,1.66,150.2],[7.9,5.44,109.9],[8.72,5.09,128.5]]","[[[1, 1],'C_O',2.511,'CO']]",[],E3,OS2,-1,-1,"[2_1,9_50,11_9,13_11]","[1,2,3]",4,3,2.5780000000000003,"[0, 0]",107.8,58.2,177.7,50.8,324.2,92.7,"[[5.52,1.85,148.8],[7.05,5.17,102.5],[9.07,5.6,123.8],[9.19,5.36,130.4]]",347.1
aMal359_TSdh_nn_346_0,3922,-1459.8897,5H4,B3O,1,2,"[3_6,9_10,11_10]","[1,0]",-1,2,3,1,2,2.045,"[2.168, 0.949]",65.9,60.0,82.3,141.6,167.9,87.3,0,0,"[[7.95,3.98,141.7],[7.73,5.04,114.0],[8.73,6.49,105.6]]","[[[1, 1],'H_O',2.168,'OH'],[[2, 2],'C_O',2.045,'CO']]",[],5H4,5S1,1,2,"[1_2,3_6,10_13]","[1,9,0,50]",3,4,2.275,"[1.634, 1.007]",70.1,35.9,94.2,128.6,86.8,84.4,"[[6.41,1.01,146.4],[7.78,3.57,152.7],[8.14,4.18,139.9]]",358.4
aMal14_TSdh_nn_001_0,678,-1459.9212,3H4,1S3,2,1,"[2_1,11_10]","[1,2,9,50]",-1,1,2,1,4,2.267,"[1.282, 1.257]",167.5,75.0,33.3,120.5,210.3,88.1,0,0,"[[5.43,1.26,151.8],[7.92,5.36,111.5]]","[[[1, 1],'C_O',2.267,'CO'],[[2, 2],'H_O',1.282,'OH']]",[],3E,1S3,2,1,"[2_1,11_10]","[1,2,9,50]",2,4,2.307,"[1.323, 1.2]",150.8,75.4,4.2,117.8,214.0,89.4,"[[5.49,1.2,151.3],[8.07,5.71,108.1]]",275.7
aMal320_TSdh_nn_119_2,2544,-1459.901,E1,4C1,1,2,"[2_3,6_0,9_50,10_11,13_7]","[1,50]",-1,2,5,0,2,1.844,"[3.695, 0.935]",91.3,105.0,55.4,53.3,199.9,1.2,0,0,"[[7.8,5.6,105.9],[7.91,6.08,100.9],[7.45,5.37,104.9],[8.14,5.65,109.9],[7.52,5.39,105.5]]","[[[1, 1],'H_O',3.695,'OH'],[[2, 2],'C_O',1.844,'CO']]",[],E1,4C1,1,2,"[2_3,6_0,9_10,10_11]","[1,9,50]",4,3,1.837,"[3.729, 0.935]",73.2,63.6,55.3,52.5,196.4,4.2,"[[7.78,5.48,107.3],[7.95,6.07,101.6],[7.7,5.76,102.5],[8.37,6.09,106.5]]",328.7
aMal245_TSdh_nn_001_0,46,-1459.9404,3H4,3S1,2,1,"[2_1,9_11,11_1,13_10]","[1,2,9,11,50]",-1,1,4,2,5,2.267,"[1.282, 1.257]",167.5,75.0,33.3,120.5,15.3,89.9,0,0,"[[5.43,1.26,151.8],[8.62,5.54,118.2],[6.34,3.29,127.6],[7.92,4.05,138.9]]","[[[1, 1],'C_O',2.267,'CO'],[[2, 2],'H_O',1.282,'OH']]",[],3H4,3S1,2,1,"[2_1,10_13,11_1]","[2,9,11,50]",3,4,2.298,"[1.338, 1.185]",158.9,81.9,17.1,121.4,25.2,87.9,"[[5.7,1.18,159.2],[7.59,3.34,159.0],[7.45,3.34,152.4]]",225.3
aMal242_TSdh_nn_251_0,3923,-1459.8897,1S3,1C4,1,2,"[9_50,11_9]","[1,6,0]",-1,2,2,1,3,2.0669999999999997,"[2.201, 0.95]",63.9,60.0,208.9,84.0,218.1,175.8,0,0,"[[7.26,4.73,112.4],[7.91,4.07,138.1]]","[[[1, 1],'H_O',2.201,'OH'],[[2, 2],'C_O',2.067,'CO']]",[],B3O,1C4,1,2,"[9_50,11_9]","[1,6,0]",2,3,2.051,"[2.074, 0.953]",152.6,62.4,194.3,91.0,244.4,174.3,"[[7.66,5.51,105.6],[7.89,4.08,137.6]]",358.4
aMal129_TSdh_nn_260_0,3712,-1459.8913,4E,3S1,2,1,"[2_1,9_50]","[1,2]",-1,1,2,1,2,2.378,"[1.216, 1.376]",55.8,45.0,229.3,41.4,30.8,89.7,0,0,"[[5.41,1.38,153.5],[7.14,4.34,117.7]]","[[[1, 1],'C_O',2.378,'CO'],[[2, 2],'H_O',1.216,'OH']]",[],E3,3S1,-1,-1,"[2_1,9_11,9_50]","[1,2,3]",3,3,2.53,"[0, 0]",81.9,50.2,183.1,47.9,22.1,94.8,"[[5.51,1.86,148.0],[8.93,5.62,121.4],[6.53,4.75,101.6]]",354.2
aMal474_TSdh_nn_094_0,895,-1459.9165,E1,OS2,1,2,"[9_50,10_7,11_9]","[1,9,50]",-1,2,3,0,3,1.9380000000000002,"[2.459, 0.941]",103.5,60.0,51.0,61.3,340.9,95.6,0,0,"[[6.53,4.04,113.6],[7.91,5.25,112.9],[7.65,3.99,134.9]]","[[[1, 1],'H_O',2.459,'OH'],[[2, 2],'C_O',1.938,'CO']]",[],E1,1C4,1,2,"[3_6,9_11,10_13]","[1,9,50]",3,3,2.001,"[2.15, 0.948]",139.2,61.5,47.9,69.3,274.3,167.7,"[[8.63,4.13,154.4],[7.55,3.57,145.7],[7.57,3.32,159.4]]",288.0
aMal22_TSdh_nn_018_1,1569,-1459.9097,OS2,1C4,2,1,"[9_11,10_13]","[2,50]",-1,1,2,1,2,2.835,"[1.756, 0.956]",122.4,0.0,321.6,104.1,291.2,176.4,0,0,"[[7.71,3.94,137.4],[8.78,4.87,134.4]]","[[[1, 1],'C_O',2.835,'CO'],[[2, 2],'H_O',1.756,'OH']]",[],3H2,1C4,2,1,"[3_6,9_11,10_13]","[2,50]",3,2,2.517,"[1.739, 0.962]",108.4,313.4,330.1,117.2,339.0,173.4,"[[8.36,3.99,152.8],[7.2,3.45,141.6],[8.38,4.95,125.6]]",305.9
aMal315_TSdh_nn_187_1,3341,-1459.8941,3S1,5S1,-1,-1,"[1_2,3_6,3_0,9_50]","[1,2,50]",-1,2,4,2,3,2.253,"[0, 0]",93.2,30.0,25.9,79.2,87.9,87.4,0,0,"[[5.52,1.83,150.5],[7.37,3.27,150.3],[6.94,4.85,104.7],[7.94,5.38,111.2]]","[[[2, 2],'C_O',2.253,'CO']]",[],3S1,5S1,-1,-1,"[1_2,3_6,3_0]","[1,2,9,50]",3,4,2.247,"[0, 0]",63.2,32.0,27.5,82.5,89.4,84.2,"[[5.58,1.86,152.2],[7.08,3.02,152.8],[7.09,5.06,103.5]]",346.8
aMal66_TSdh_nn_181_1,5184,-1459.8778,1HO,2SO,1,2,"[2_50,9_50,10_11]","[1,2,0]",-1,2,3,1,3,2.274,"[3.547, 0.93]",163.0,30.0,191.8,153.0,160.9,85.8,0,0,"[[7.54,3.53,146.4],[6.61,4.22,111.7],[8.59,6.36,105.5]]","[[[1, 1],'H_O',3.547,'OH'],[[2, 2],'C_O',2.274,'CO']]",[],5E,1S5,1,2,"[2_9,2_50,6_3]","[1,2,13,0,7]",3,5,2.266,"[3.131, 0.929]",191.8,86.1,131.1,152.7,268.9,88.4,"[[10.03,5.02,158.7],[6.94,4.32,114.5],[7.52,3.79,138.4]]",389.6
aMal325_TSdh_nn_125_1,6311,-1459.8602,1S3,1S3,1,2,"[10_11,13_7]","[1,6,0]",-1,2,2,0,3,2.024,"[2.332, 0.945]",53.7,135.0,210.4,83.9,208.9,88.9,0,0,"[[7.9,5.42,110.2],[7.83,5.43,109.1]]","[[[1, 1],'H_O',2.332,'OH'],[[2, 2],'C_O',2.024,'CO']]",[],14B,B3O,1,2,[9_10],"[1,6,0]",1,3,1.985,"[2.486, 0.945]",60.3,135.3,226.5,85.9,165.6,89.5,"[[7.34,4.83,111.9]]",435.8
aMal29_TSdh_nn_327_1,4450,-1459.8857,E1,OS2,1,2,"[2_3,3_7,9_11,13_7]",[1],-1,2,4,1,1,1.98,"[2.875, 0.931]",84.1,15.0,52.1,25.6,332.9,91.5,0,0,"[[7.42,4.72,114.6],[7.77,5.56,106.3],[8.41,4.22,145.1],[7.73,5.43,107.9]]","[[[1, 1],'H_O',2.875,'OH'],[[2, 2],'C_O',1.98,'CO']]",[],E1,OS2,1,2,"[2_3,3_13,3_7,9_11]",[1],4,1,1.983,"[3.032, 0.93]",97.7,336.4,54.4,24.6,322.7,95.6,"[[6.64,3.36,130.4],[8.06,3.73,154.1],[8.51,5.06,124.9],[8.75,4.63,140.1]]",368.9
aMal100_TSdh_nn_184_1,4225,-1459.8874,3S1,3S1,1,2,"[1_2,3_0,6_0,9_11,11_50,13_7]","[1,2,50]",-1,2,6,1,3,2.164,"[1.388, 1.126]",87.0,45.0,16.2,77.1,24.7,92.6,0,0,"[[5.53,1.13,147.3],[6.62,3.6,123.9],[7.9,6.11,100.4],[8.63,4.92,130.3],[7.83,4.12,135.0],[7.5,5.31,106.5]]","[[[1, 1],'H_O',1.388,'OH'],[[2, 2],'C_O',2.164,'CO']]",[],3S1,OS2,1,2,"[1_2,3_0,6_0,9_11,10_7]","[1,9,50]",5,3,2.171,"[1.511, 1.035]",83.2,46.9,25.4,79.4,338.8,90.7,"[[6.01,1.04,150.9],[6.54,3.47,125.4],[7.82,5.86,102.8],[7.81,3.76,145.7],[7.83,4.83,119.2]]",364.4
aMal211_TSdh_nn_018_1,13,-1459.9417,OS2,B14,2,1,"[10_13,11_50]","[2,11,50]",-1,1,2,2,3,2.835,"[1.756, 0.956]",122.4,90.0,321.6,104.1,70.5,81.5,0,0,"[[8.28,4.06,147.5],[7.62,3.72,143.0]]","[[[1, 1],'C_O',2.835,'CO'],[[2, 2],'H_O',1.756,'OH']]",[],3E,3S1,2,1,"[2_1,3_6,10_13,11_1]","[2,9,11,50]",4,4,2.424,"[1.333, 1.19]",157.2,80.8,1.9,114.7,26.9,88.8,"[[5.74,1.19,162.3],[7.46,3.47,148.1],[7.53,3.3,159.4],[7.5,3.31,155.3]]",221.9
aMal398_TSdh_nn_165_0,2603,-1459.9005,E1,1S3,1,2,[10_11],"[1,50]",-1,2,1,0,2,1.9340000000000002,"[2.2, 0.948]",96.2,60.0,50.0,66.0,211.9,87.3,0,0,"[[7.65,5.41,107.0]]","[[[1, 1],'H_O',2.2,'OH'],[[2, 2],'C_O',1.934,'CO']]",[],E1,1S3,1,2,"[2_3,10_11]","[1,9,50]",2,3,1.865,"[2.856, 0.937]",165.1,73.0,56.5,53.8,219.3,90.3,"[[8.23,6.04,105.2],[7.74,5.65,104.7]]",330.0
aMal119_TSdh_nn_184_1,5989,-1459.8669,3S1,1S5,1,2,"[1_2,3_0,6_0,9_50,11_13]","[1,2,50]",-1,2,5,1,3,2.164,"[1.388, 1.126]",87.0,330.0,16.2,77.1,269.6,84.7,0,0,"[[5.53,1.13,147.3],[6.62,3.6,123.9],[7.9,6.11,100.4],[7.29,4.82,111.2],[8.62,5.52,118.6]]","[[[1, 1],'H_O',1.388,'OH'],[[2, 2],'C_O',2.164,'CO']]",[],3OB,1S5,1,2,"[1_2,3_0,6_0,11_13]","[1,2,50]",4,3,2.1519999999999997,"[1.336, 1.181]",95.5,319.9,15.1,76.5,267.9,85.0,"[[5.46,1.18,149.1],[6.67,3.72,122.0],[7.75,5.8,102.7],[9.15,6.29,113.5]]",418.2
aMal40_TSdh_nn_076_1,5459,-1459.8742,4C1,OS2,2,3,"[3_50,9_11,13_7]","[1,2]",1,3,3,1,2,2.194,"[3.471, 0.926]",167.3,180.0,208.8,9.2,333.8,91.9,0,0,"[[7.52,5.77,100.3],[8.22,4.06,145.7],[7.65,5.39,107.3]]","[[[1, 2],'C_C',1.793,'bb'],[[2, 2],'H_O',3.471,'OH'],[[3, 3],'C_O',2.194,'CO']]",[],4C1,3S1,2,3,"[3_11,9_3,10_13]","[1,2]",3,2,2.144,"[3.054, 0.927]",147.4,154.3,173.6,10.6,26.3,83.0,"[[7.22,2.95,168.4],[8.1,3.72,158.4],[8.29,3.75,164.0]]",399.1
aMal218_TSdh_nn_184_2,5640,-1459.8714,3S1,OS2,1,2,"[1_2,3_0,6_0,9_11,10_7]","[1,2,50]",-1,2,5,2,3,2.164,"[1.388, 1.126]",87.0,165.0,16.2,77.1,341.4,91.3,0,0,"[[5.53,1.13,147.3],[6.62,3.6,123.9],[7.9,6.11,100.4],[7.84,3.78,146.1],[7.76,4.59,122.9]]","[[[1, 1],'H_O',1.388,'OH'],[[2, 2],'C_O',2.164,'CO']]",[],3S1,OS2,1,2,"[1_2,3_0,6_0,9_11,10_7,11_13]","[1,2,7,50]",6,4,2.165,"[1.329, 1.187]",129.2,184.3,20.5,79.9,333.2,92.9,"[[5.49,1.19,151.2],[6.65,3.69,122.5],[7.79,5.87,102.3],[7.93,4.0,140.6],[8.24,5.38,115.6],[8.49,5.18,122.6]]",406.4
aMal430_TSdh_nn_123_2,4753,-1459.8825,2SO,5S1,2,3,"[3_9,10_13,11_50]","[1,2]",1,3,3,2,2,2.13,"[2.158, 0.95]",86.8,120.0,157.0,79.2,84.4,91.9,0,0,"[[4.72,2.92,105.3],[8.74,4.23,153.8],[7.62,3.6,147.0]]","[[[1, 2],'C_C',1.768,'bb'],[[2, 2],'H_O',2.158,'OH'],[[3, 3],'C_O',2.13,'CO']]",[],2SO,5S1,2,3,"[3_9,10_13,11_50]","[1,2]",3,2,1.9669999999999999,"[2.836, 0.93]",124.6,87.2,158.8,81.8,83.8,82.8,"[[7.54,3.2,164.3],[8.18,4.16,141.6],[7.88,3.99,140.4]]",377.3
aMal150_TSdh_nn_260_0,2421,-1459.9022,4E,1C4,2,1,"[2_1,9_11,10_13]","[1,2]",-1,1,3,2,2,2.378,"[1.216, 1.376]",55.8,45.0,229.3,41.4,262.0,168.3,0,0,"[[5.41,1.38,153.5],[8.19,4.42,134.3],[7.54,3.3,159.4]]","[[[1, 1],'C_O',2.378,'CO'],[[2, 2],'H_O',1.216,'OH']]",[],B25,1C4,2,1,"[2_1,3_13,9_11,10_13]","[1,6]",4,2,2.544,"[1.273, 1.319]",62.3,57.7,290.3,82.1,283.4,164.5,"[[5.73,1.32,162.2],[9.66,4.59,175.7],[8.12,4.39,133.5],[8.21,3.74,161.2]]",325.6
aMal236_TSdh_nn_025_1,548,-1459.9251,3E,3S1,2,1,"[2_1,11_50]","[1,2,11,50]",-1,1,2,2,4,2.296,"[1.327, 1.192]",151.5,165.0,11.7,115.1,35.3,88.1,0,0,"[[5.5,1.19,151.4],[7.67,3.74,143.4]]","[[[1, 1],'C_O',2.296,'CO'],[[2, 2],'H_O',1.327,'OH']]",[],3E,5S1,2,1,"[2_1,10_13]","[1,2,11,50]",2,4,2.358,"[1.349, 1.167]",157.0,140.3,357.7,114.8,104.4,88.7,"[[5.57,1.17,152.4],[8.34,4.42,137.5]]",265.4
aMal213_TSdh_nn_344_2,2585,-1459.9007,E1,5S1,1,2,[3_6],"[1,11,50]",-1,2,1,1,3,1.9069999999999998,"[2.864, 0.935]",99.5,165.0,63.3,67.1,87.6,79.2,0,0,"[[8.44,4.41,139.4]]","[[[1, 1],'H_O',2.864,'OH'],[[2, 2],'C_O',1.907,'CO']]",[],E1,25B,1,2,[3_6],"[1,11,7,50]",1,4,1.9469999999999998,"[2.286, 0.944]",130.3,137.0,49.2,70.4,113.8,87.1,"[[8.03,3.79,151.0]]",329.5
aMal314_TSdh_nn_345_0,619,-1459.9229,4H3,1C4,2,1,"[3_7,9_11]","[2,3]",-1,1,2,0,2,2.195,"[1.768, 0.971]",62.8,60.0,208.3,36.7,253.1,164.6,0,0,"[[9.1,6.46,110.4],[8.38,4.59,133.5]]","[[[1, 1],'C_O',2.195,'CO'],[[2, 2],'H_O',1.768,'OH']]",[],2H3,1C4,2,1,"[2_1,3_13,9_11,13_10]","[2,3]",4,2,2.197,"[1.641, 1.01]",64.4,55.7,147.4,69.9,286.0,168.8,"[[6.31,1.01,142.2],[7.98,3.54,162.9],[7.85,4.37,129.1],[7.75,3.71,146.3]]",271.2
aMal101_TSdh_nn_187_0,2032,-1459.9056,3S1,4C1,-1,-1,"[1_2,3_6,3_0,9_10,10_11,13_7]","[1,2,9,50]",-1,2,6,2,4,2.253,"[0, 0]",93.2,60.0,25.9,79.2,246.2,2.0,0,0,"[[5.52,1.83,150.5],[7.37,3.27,150.3],[6.94,4.85,104.7],[8.04,5.87,105.4],[8.3,6.02,106.7],[7.75,5.52,106.8]]","[[[2, 2],'C_O',2.253,'CO']]",[],3S1,4C1,-1,-1,"[1_2,3_6,3_0,9_10,10_11]","[1,2,9,50]",5,4,2.266,"[0, 0]",99.3,52.2,31.1,77.0,252.7,5.3,"[[5.7,1.99,151.3],[7.07,2.98,153.9],[7.07,5.05,103.1],[7.61,5.63,103.1],[8.41,6.23,105.1]]",316.6
aMal419_TSdh_nn_015_2,2280,-1459.9038,3OB,OS2,3,2,"[2_1,9_50,10_7,11_13]","[3,6,0]",-1,2,4,0,3,1.87,"[3.851, 0.954]",85.4,90.0,348.1,87.3,328.1,88.9,0,0,"[[6.28,3.81,113.8],[6.71,4.32,111.4],[8.85,5.84,116.6],[8.17,4.52,131.7]]","[[[2, 2],'C_O',1.87,'CO'],[[3, 3],'H_O',3.851,'OH']]",[],3OB,B25,3,2,"[2_1,9_50,11_13]","[3,6,0]",3,3,1.8559999999999999,"[3.848, 0.954]",86.8,63.0,349.7,87.3,308.3,93.2,"[[6.26,3.71,115.4],[7.46,5.31,106.1],[7.76,4.17,132.5]]",321.4
aMal101_TSdh_nn_293_0,2405,-1459.9024,1C4,4C1,1,2,"[9_10,10_11,13_7]","[1,6,13,0]",-1,2,3,0,4,1.9040000000000001,"[3.827, 0.952]",177.8,75.0,117.8,166.4,246.2,2.0,0,0,"[[8.04,5.87,105.4],[8.3,6.02,106.7],[7.75,5.52,106.8]]","[[[1, 1],'H_O',3.827,'OH'],[[2, 2],'C_O',1.904,'CO']]",[],1C4,4C1,1,2,"[9_10,10_11]","[1,13,0]",2,3,1.9269999999999998,"[3.732, 0.964]",175.8,81.2,87.7,158.6,280.1,4.8,"[[7.98,6.06,102.0],[8.46,6.3,104.8]]",325.0
aMal250_TSdh_nn_084_1,1163,-1459.9133,5S1,4C1,1,2,"[2_3,3_6,9_10,10_11,11_13]","[1,0,50]",-1,0,5,2,3,2.085,"[3.692, 0.937]",74.9,45.0,86.4,79.5,116.8,3.9,0,0,"[[6.62,3.71,120.8],[7.48,3.64,141.5],[7.82,5.42,109.1],[7.95,5.87,104.3],[7.54,3.88,136.0]]","[[[0, 1],'C_O',2.085,'bb'],[[1, 1],'H_O',3.692,'OH'],[[2, 2],'C_O',1.743,'CO']]",[],5S1,4C1,1,2,"[2_3,3_6,9_10,10_11,11_13]","[1,9,0,50]",5,4,2.003,"[3.694, 0.938]",73.0,54.7,92.3,80.0,193.6,5.7,"[[6.59,3.7,120.8],[7.93,4.09,137.4],[7.69,5.71,103.1],[7.9,5.78,104.8],[7.49,3.95,132.7]]",296.4
aMal80_TSdh_nn_351_2,6293,-1459.8607,2SO,5S1,2,3,"[3_50,9_50,11_50]","[1,2]",1,3,3,1,2,1.96,"[3.148, 0.931]",179.6,135.0,154.3,83.9,87.4,90.1,0,0,"[[7.65,5.83,100.9],[7.63,5.32,108.0],[7.99,3.9,146.0]]","[[[1, 2],'C_C',1.819,'bb'],[[2, 2],'H_O',3.148,'OH'],[[3, 3],'C_O',1.96,'CO']]",[],2SO,5S1,2,3,"[3_11,3_50]","[1,2]",2,2,1.955,"[3.092, 0.925]",184.8,178.0,154.8,84.2,93.3,82.6,"[[7.6,3.2,168.4],[7.36,5.46,101.8]]",434.5
aMal411_TSdh_nn_003_0,363,-1459.9304,E4,OS2,2,1,"[2_1,3_6,9_11,13_0,13_7]","[1,2,9,50]",-1,1,5,3,4,2.352,"[1.246, 1.323]",173.8,75.0,64.2,124.7,332.9,91.7,0,0,"[[5.45,1.32,153.7],[7.33,3.44,145.5],[8.41,4.23,144.9],[6.97,3.87,125.0],[7.73,5.41,108.2]]","[[[1, 1],'C_O',2.352,'CO'],[[2, 2],'H_O',1.246,'OH']]",[],3E,OS2,-1,-1,"[2_1,3_6,9_11,13_1]","[1,2,9,50]",4,4,2.543,"[0, 0]",161.5,73.7,2.8,111.0,330.2,91.4,"[[5.65,1.71,161.8],[7.6,3.34,159.8],[7.92,4.08,137.9],[8.42,3.8,164.5]]",251.5
aMal13_TSdh_nn_127_0,1776,-1459.9079,E1,OS2,1,2,"[3_6,9_11,13_7]","[1,9,50]",-1,2,3,2,3,1.9769999999999999,"[2.292, 0.943]",91.9,60.0,50.1,69.5,334.9,92.5,0,0,"[[8.11,3.87,149.7],[8.0,3.97,143.7],[7.48,5.23,107.3]]","[[[1, 1],'H_O',2.292,'OH'],[[2, 2],'C_O',1.977,'CO']]",[],E1,OS2,1,2,"[3_6,9_11,13_7]","[1,9,50]",3,3,1.97,"[2.212, 0.947]",135.7,58.5,50.7,68.9,329.0,98.1,"[[8.28,4.0,149.6],[7.48,3.59,143.1],[7.73,5.78,102.8]]",310.6
aMal204_TSdh_nn_339_0,1312,-1459.9119,5S1,1C4,1,2,"[3_6,11_9,11_7]","[1,0,50]",-1,2,3,0,3,2.191,"[1.747, 0.966]",80.1,60.0,104.8,94.2,196.8,176.1,0,0,"[[8.01,4.93,120.2],[8.09,4.78,124.3],[8.51,6.36,104.5]]","[[[1, 1],'H_O',1.747,'OH'],[[2, 2],'C_O',2.191,'CO']]",[],5S1,1C4,1,2,"[3_6,9_1,9_50]","[1,9,11,0,7]",3,5,2.202,"[1.666, 0.982]",176.1,60.0,94.8,94.8,173.5,170.7,"[[7.56,4.56,120.2],[8.27,4.66,129.4],[6.71,4.65,105.3]]",300.1
aMal264_TSdh_nn_344_1,1530,-1459.9101,E1,3S1,1,2,"[3_6,9_50,11_50]","[1,9,50]",-1,2,3,2,3,1.9069999999999998,"[2.864, 0.935]",99.5,45.0,63.3,67.1,37.1,88.6,0,0,"[[8.44,4.41,139.4],[7.07,4.66,110.8],[7.79,3.82,143.9]]","[[[1, 1],'H_O',2.864,'OH'],[[2, 2],'C_O',1.907,'CO']]",[],E1,3S1,1,2,[3_6],"[1,9,11,50]",1,4,1.901,"[2.827, 0.937]",99.1,71.7,68.0,69.1,24.9,88.5,"[[8.15,4.21,138.9]]",304.8
aMal213_TSdh_nn_094_2,2611,-1459.9003,E1,5S1,1,2,[3_9],"[1,11,50]",-1,2,1,0,3,1.9380000000000002,"[2.459, 0.941]",103.5,165.0,51.0,61.3,87.6,79.2,0,0,"[[5.86,2.74,133.4]]","[[[1, 1],'H_O',2.459,'OH'],[[2, 2],'C_O',1.938,'CO']]",[],E1,5S1,1,2,[3_9],"[1,11,50]",1,3,1.992,"[2.214, 0.948]",114.4,154.7,50.6,55.9,98.6,78.8,"[[8.02,3.81,150.2]]",330.6
aMal17_TSdh_nn_290_0,1324,-1459.9118,E1,3S1,1,2,"[10_7,11_50]","[1,9,50]",-1,2,2,1,3,1.9369999999999998,"[2.298, 0.945]",97.3,60.0,56.6,59.7,23.0,89.6,0,0,"[[8.31,5.21,119.6],[8.29,4.31,139.7]]","[[[1, 1],'H_O',2.298,'OH'],[[2, 2],'C_O',1.937,'CO']]",[],E1,3S1,1,2,"[3_6,10_7]","[1,9,11,50]",2,4,1.9409999999999998,"[2.322, 0.943]",94.0,74.8,50.9,69.3,19.2,88.1,"[[8.18,3.93,149.3],[8.35,5.32,118.2]]",300.4
aMal80_TSdh_nn_016_1,2921,-1459.8975,E3,5S1,-1,-1,"[2_1,3_50,9_3,9_50,11_50]","[1,2,3]",-1,1,5,3,3,2.528,"[0, 0]",150.8,135.0,164.8,62.8,87.4,90.1,0,0,"[[5.51,1.86,148.4],[7.95,5.58,108.4],[9.69,4.66,170.2],[7.63,5.32,108.0],[7.99,3.9,146.0]]","[[[1, 1],'C_O',2.528,'CO']]",[],E3,3S1,-1,-1,"[2_1,3_11,3_50,9_3,9_11]","[1,2,3]",5,3,2.608,"[0, 0]",151.6,162.3,167.1,63.7,20.6,91.3,"[[5.53,1.84,149.6],[8.14,3.67,160.3],[7.53,5.28,106.7],[9.97,5.91,131.9],[8.83,5.11,129.8]]",337.9
aMal35_TSdh_nn_001_1,1216,-1459.9127,3H4,5S1,2,1,"[2_1,9_50,13_10]","[1,2,11,50]",-1,1,3,2,4,2.267,"[1.282, 1.257]",167.5,135.0,33.3,120.5,83.7,91.7,0,0,"[[5.43,1.26,151.8],[7.57,4.86,114.6],[8.55,4.53,139.0]]","[[[1, 1],'C_O',2.267,'CO'],[[2, 2],'H_O',1.282,'OH']]",[],3E,5S1,2,1,"[2_1,13_10]","[1,2,11,7,50]",2,5,2.31,"[1.343, 1.18]",167.2,126.1,4.0,121.6,97.2,102.4,"[[5.53,1.18,150.6],[8.45,4.53,136.8]]",298.0
aMal301_TSdh_nn_184_2,2133,-1459.9047,3S1,1C4,1,2,"[1_2,3_0,6_0,9_2,9_50,10_13,11_9]","[1,2,50]",-1,2,7,3,3,2.164,"[1.388, 1.126]",87.0,135.0,16.2,77.1,282.4,170.2,0,0,"[[5.53,1.13,147.3],[6.62,3.6,123.9],[7.9,6.11,100.4],[9.22,5.86,121.4],[7.28,4.77,112.0],[7.61,3.34,161.1],[7.83,3.95,139.8]]","[[[1, 1],'H_O',1.388,'OH'],[[2, 2],'C_O',2.164,'CO']]",[],3S1,1C4,1,2,"[1_2,3_0,6_0,9_2,10_13]","[1,9,11,7]",5,4,2.189,"[1.441, 1.08]",167.4,63.2,23.7,80.9,175.1,171.9,"[[5.89,1.08,155.9],[6.5,3.47,124.7],[7.83,5.88,102.6],[7.92,3.71,150.6],[7.52,3.35,156.1]]",319.0
aMal119_TSdh_nn_302_2,3212,-1459.8952,E1,1S5,1,2,"[2_3,3_9,9_50,11_13]","[1,50]",-1,2,4,0,2,1.886,"[2.964, 0.935]",115.1,180.0,56.5,54.7,269.6,84.7,0,0,"[[8.38,6.41,102.1],[9.63,5.84,128.0],[7.29,4.82,111.2],[8.62,5.52,118.6]]","[[[1, 1],'H_O',2.964,'OH'],[[2, 2],'C_O',1.886,'CO']]",[],E1,B3O,1,2,"[2_3,3_9,9_10]","[1,7,50]",3,3,1.874,"[3.008, 0.935]",127.0,160.4,58.4,57.8,165.0,82.4,"[[8.16,5.64,110.0],[8.29,4.25,141.3],[7.09,4.6,112.1]]",343.9
aMal270_TSdh_nn_302_0,1335,-1459.9117,E1,3S1,1,2,"[2_3,9_11,10_7,11_50]","[1,11,50]",-1,2,4,0,3,1.886,"[2.964, 0.935]",115.1,60.0,56.5,54.7,19.2,92.4,0,0,"[[8.38,6.41,102.1],[7.96,4.34,131.9],[8.07,5.01,119.6],[8.35,4.95,125.1]]","[[[1, 1],'H_O',2.964,'OH'],[[2, 2],'C_O',1.886,'CO']]",[],E1,3S1,1,2,"[3_6,10_7]","[1,9,11,50]",2,4,1.9409999999999998,"[2.319, 0.943]",93.9,74.8,50.9,69.3,19.2,88.1,"[[8.17,3.93,149.2],[8.35,5.32,118.2]]",300.6
aMal211_TSdh_nn_015_1,768,-1459.9184,3OB,B14,3,2,"[2_1,10_13,11_50]","[3,6,0]",-1,2,3,2,3,1.87,"[3.851, 0.954]",85.4,45.0,348.1,87.3,70.5,81.5,0,0,"[[6.28,3.81,113.8],[8.28,4.06,147.5],[7.62,3.72,143.0]]","[[[2, 2],'C_O',1.87,'CO'],[[3, 3],'H_O',3.851,'OH']]",[],3OB,5S1,3,2,"[2_1,10_13,11_50]","[3,6,0]",3,3,1.8780000000000001,"[3.998, 0.974]",76.3,85.9,351.7,84.1,83.6,85.8,"[[6.32,3.83,114.3],[7.98,4.0,141.7],[7.98,3.9,145.9]]",283.0
aMal264_TSdh_nn_123_1,5250,-1459.8769,2SO,3S1,2,3,"[9_50,11_50]","[1,2]",1,3,2,1,2,2.13,"[2.158, 0.95]",86.8,45.0,157.0,79.2,37.1,88.6,0,0,"[[7.07,4.66,110.8],[7.79,3.82,143.9]]","[[[1, 2],'C_C',1.768,'bb'],[[2, 2],'H_O',2.158,'OH'],[[3, 3],'C_O',2.13,'CO']]",[],2SO,3S1,2,3,"[3_9,9_11]","[1,2]",2,2,1.985,"[2.824, 0.929]",125.2,101.1,160.0,81.3,17.6,93.0,"[[7.23,2.97,165.1],[7.72,3.99,135.8]]",392.0
aMal204_TSdh_nn_332_2,3947,-1459.8896,1S3,1C4,1,2,"[11_9,11_7]","[1,0]",-1,2,2,0,2,2.1069999999999998,"[2.198, 0.942]",67.6,135.0,196.4,87.7,196.8,176.1,0,0,"[[8.09,4.78,124.3],[8.51,6.36,104.5]]","[[[1, 1],'H_O',2.198,'OH'],[[2, 2],'C_O',2.107,'CO']]",[],1S3,1C4,1,2,"[3_50,6_13,9_50,11_9]","[1,6,0]",4,3,1.9369999999999998,"[2.506, 0.949]",126.4,67.1,223.2,83.1,258.4,170.1,"[[7.87,6.07,100.6],[8.3,3.68,170.2],[8.2,6.13,103.9],[7.93,4.12,137.1]]",358.6
aMal40_TSdh_nn_250_2,5956,-1459.8674,OS2,OS2,1,2,"[2_50,6_0,9_11,13_7]",[1],-1,2,4,2,1,1.9609999999999999,"[2.937, 0.931]",93.0,165.0,340.3,90.0,333.8,91.9,0,0,"[[6.98,3.26,141.3],[7.83,6.04,100.5],[8.22,4.06,145.7],[7.65,5.39,107.3]]","[[[1, 1],'H_O',2.937,'OH'],[[2, 2],'C_O',1.961,'CO']]",[],OS2,OS2,1,2,"[2_50,3_9,6_0,9_11,13_7]","[1,0]",5,2,1.97,"[2.973, 0.931]",115.4,191.7,332.8,87.2,332.8,94.8,"[[7.7,3.84,139.6],[8.77,5.19,127.0],[8.04,6.07,102.7],[7.85,3.78,146.0],[7.81,6.01,100.6]]",416.9
aMal247_TSdh_nn_094_0,1085,-1459.9139,E1,3S1,1,2,[9_50],"[1,11,50]",-1,2,1,0,3,1.9380000000000002,"[2.459, 0.941]",103.5,60.0,51.0,61.3,37.3,85.5,0,0,"[[7.48,4.7,116.2]]","[[[1, 1],'H_O',2.459,'OH'],[[2, 2],'C_O',1.938,'CO']]",[],E1,3S1,1,2,[3_6],"[1,9,11,50]",1,4,2.017,"[2.047, 0.954]",94.3,69.4,46.1,71.0,24.3,87.9,"[[8.06,3.77,152.5]]",294.8
aMal21_TSdh_nn_336_2,1141,-1459.9135,5S1,5S1,2,1,"[2_9,3_6,11_50]","[2,3]",-1,1,3,2,2,2.193,"[1.801, 0.973]",54.3,120.0,104.3,94.3,88.1,76.7,0,0,"[[10.2,4.5,108.8],[8.45,4.54,136.2],[8.27,4.32,138.7]]","[[[1, 1],'C_O',2.193,'CO'],[[2, 2],'H_O',1.801,'OH']]",[],2H3,5S1,2,1,"[3_7,11_50,13_10]","[2,3]",3,2,2.201,"[1.66, 1.002]",47.1,49.2,157.5,64.5,84.2,88.7,"[[7.27,3.17,155.0],[7.85,3.87,143.8],[7.95,4.04,140.0]]",295.9
aMal423_TSdh_nn_015_1,1458,-1459.9106,3OB,1C4,3,2,"[2_1,9_11,13_7]","[3,6,0]",-1,2,3,0,3,1.87,"[3.851, 0.954]",85.4,315.0,348.1,87.3,251.9,171.7,0,0,"[[6.28,3.81,113.8],[8.06,4.34,133.9],[7.73,5.18,111.7]]","[[[2, 2],'C_O',1.87,'CO'],[[3, 3],'H_O',3.851,'OH']]",[],3OB,1C4,3,2,"[2_1,9_11,13_7]","[3,6,0]",3,3,1.865,"[3.82, 0.957]",101.0,315.1,349.9,87.6,280.2,173.1,"[[6.27,3.7,115.9],[7.48,3.63,142.0],[8.25,6.42,100.7]]",303.5
aMal44_TSdh_nn_047_0,5799,-1459.8693,1C4,OS2,-1,-1,"[1_2,2_50,3_6,9_50,11_9,13_7]","[3,6]",-1,6,6,2,2,2.2969999999999997,"[0, 0]",163.1,60.0,56.6,173.5,331.9,94.1,0,0,"[[7.16,4.51,114.5],[7.56,3.85,137.2],[5.8,1.97,155.7],[6.68,4.25,112.0],[8.12,4.52,130.7],[7.49,5.23,107.5]]","[[[6, 6],'C_O',2.297,'CO']]",[],1C4,OS2,-1,-1,"[1_2,2_9,2_50,3_6,11_9,13_7]","[3,6]",6,2,2.311,"[0, 0]",178.0,55.6,54.7,174.2,330.7,92.7,"[[7.24,4.58,114.5],[9.61,4.89,151.4],[7.28,3.73,134.1],[5.83,1.97,155.8],[8.7,5.19,126.0],[7.69,5.35,108.6]]",411.9
aMal368_TSdh_nn_211_1,1752,-1459.9082,5S1,2SO,2,1,"[1_50,3_6,9_50,10_11]","[2,3]",-1,1,4,1,2,2.302,"[3.52, 0.923]",77.3,345.0,104.7,92.6,159.4,81.8,0,0,"[[7.91,4.84,120.4],[8.42,4.46,137.6],[6.71,4.44,109.2],[8.45,6.15,106.7]]","[[[1, 1],'C_O',2.302,'CO'],[[2, 2],'H_O',3.52,'OH']]",[],5S1,1S3,2,1,"[1_9,1_50,3_6,9_10,10_11,11_13]","[2,3]",6,2,2.055,"[3.43, 0.921]",145.9,53.9,95.9,91.9,205.2,85.0,"[[8.13,3.56,169.7],[7.13,4.45,114.8],[8.15,4.15,140.9],[8.54,6.4,104.4],[7.6,5.38,106.8],[8.06,4.7,125.4]]",309.8
aMal175_TSdh_nn_290_0,1366,-1459.9116,E1,OS2,1,2,"[9_50,11_9,13_11]","[1,50]",-1,2,3,1,2,1.9369999999999998,"[2.298, 0.945]",97.3,60.0,56.6,59.7,328.8,91.2,0,0,"[[6.73,4.3,112.0],[8.81,5.25,126.5],[8.86,4.78,138.5]]","[[[1, 1],'H_O',2.298,'OH'],[[2, 2],'C_O',1.937,'CO']]",[],E1,OS2,1,2,"[2_3,3_6,9_11,11_13]","[1,9,50]",4,3,1.8940000000000001,"[2.853, 0.937]",138.8,54.0,68.6,67.6,328.8,94.0,"[[8.64,6.4,105.4],[8.4,4.45,137.5],[7.81,3.86,141.8],[8.37,4.94,125.4]]",300.9
aMal29_TSdh_nn_001_0,405,-1459.9293,3H4,OS2,2,1,"[2_1,9_11,13_7]","[1,2,9,50]",-1,1,3,2,4,2.267,"[1.282, 1.257]",167.5,90.0,33.3,120.5,332.9,91.5,0,0,"[[5.43,1.26,151.8],[8.41,4.22,145.1],[7.73,5.43,107.9]]","[[[1, 1],'C_O',2.267,'CO'],[[2, 2],'H_O',1.282,'OH']]",[],3E,OS2,2,1,"[2_1,9_11,13_6]","[1,2,9,50]",3,4,2.32,"[1.367, 1.149]",148.4,59.2,359.6,113.8,328.1,94.5,"[[5.58,1.15,151.0],[7.78,3.94,138.8],[8.03,3.84,149.2]]",254.4
aMal368_TSdh_nn_073_0,3333,-1459.8942,1S3,2SO,3,2,"[1_2,9_50,10_11]","[3,9,50]",3,2,3,0,3,2.136,"[2.377, 0.941]",166.4,105.0,197.5,75.2,159.4,81.8,0,0,"[[7.75,5.56,106.0],[6.71,4.44,109.2],[8.45,6.15,106.7]]","[[[3, 4],'C_C',1.726,'bb'],[[2, 2],'C_O',2.136,'CO'],[[3, 3],'H_O',2.377,'OH']]",[],B3O,4C1,3,2,"[1_2,9_3,9_50,10_11,11_13]","[3,9,10]",5,3,2.154,"[2.426, 0.935]",118.8,137.6,192.7,76.8,148.6,8.3,"[[7.46,5.26,106.7],[6.19,2.34,157.6],[8.35,6.13,104.0],[7.48,4.94,111.8],[7.46,3.94,132.3]]",346.6
aMal8_TSdh_nn_080_2,3886,-1459.8901,5S1,3S1,1,2,"[2_3,9_1,9_11,9_50]","[1,11,0,50]",-1,0,4,0,4,2.0469999999999997,"[3.685, 0.936]",77.5,120.0,91.0,78.8,20.8,91.4,0,0,"[[6.38,3.63,118.5],[6.01,3.51,115.8],[8.73,5.63,118.3],[6.77,4.99,101.4]]","[[[0, 1],'C_O',2.047,'bb'],[[1, 1],'H_O',3.685,'OH'],[[2, 2],'C_O',1.779,'CO']]",[],5S1,3S1,1,2,"[2_3,9_1,9_11]","[1,11,0,50]",3,4,2.041,"[3.79, 0.938]",97.0,118.9,90.1,77.5,21.1,91.9,"[[6.44,3.61,120.3],[10.09,5.5,143.6],[9.13,5.66,123.3]]",357.3
aMal200_TSdh_nn_073_1,4330,-1459.8865,1S3,3S1,3,2,"[1_2,10_7,11_50,13_7]","[3,9,11,50]",3,2,4,1,4,2.136,"[2.377, 0.941]",166.4,105.0,197.5,75.2,22.0,88.4,0,0,"[[7.75,5.56,106.0],[8.44,5.34,119.2],[8.77,4.61,141.1],[7.48,5.14,108.9]]","[[[3, 4],'C_C',1.726,'bb'],[[2, 2],'C_O',2.136,'CO'],[[3, 3],'H_O',2.377,'OH']]",[],B3O,3S1,3,2,"[1_2,10_7]","[3,9,11,50]",2,4,2.1590000000000003,"[2.103, 0.953]",180.7,88.5,190.3,76.8,18.4,88.3,"[[7.87,5.09,115.2],[8.14,5.12,118.6]]",366.8
aMal227_TSdh_nn_047_1,4998,-1459.8797,1C4,1S3,-1,-1,"[1_2,2_50,3_6,10_11,13_11]","[3,6]",-1,6,5,2,2,2.2969999999999997,"[0, 0]",163.1,330.0,56.6,173.5,211.3,88.6,0,0,"[[7.16,4.51,114.5],[7.56,3.85,137.2],[5.8,1.97,155.7],[7.9,5.44,109.9],[8.72,5.09,128.5]]","[[[6, 6],'C_O',2.297,'CO']]",[],1C4,OS2,-1,-1,"[1_2,2_9,2_50,3_6,11_9]","[3,6]",5,2,2.329,"[0, 0]",164.0,52.4,58.4,176.7,328.9,92.3,"[[7.35,4.72,113.8],[11.3,6.06,154.2],[7.35,3.73,135.6],[5.8,1.93,156.0],[8.82,5.27,126.2]]",384.6
aMal55_TSdh_nn_016_0,2604,-1459.9005,E3,5S1,-1,-1,"[2_1,3_50,9_50]","[1,2,3]",-1,1,3,1,3,2.528,"[0, 0]",150.8,60.0,164.8,62.8,87.2,89.1,0,0,"[[5.51,1.86,148.4],[7.95,5.58,108.4],[7.76,5.13,112.8]]","[[[1, 1],'C_O',2.528,'CO']]",[],2H3,5S1,-1,-1,"[2_1,3_50,9_50]","[1,2,3]",3,3,2.562,"[0, 0]",156.1,54.0,159.7,67.3,95.0,89.2,"[[5.58,1.95,147.9],[8.09,5.78,107.3],[7.53,5.52,103.9]]",330.0
aMal245_TSdh_nn_091_1,4926,-1459.8806,25B,3S1,1,2,"[6_0,9_11,13_10]","[1,9,0,50]",-1,2,3,1,4,2.237,"[1.888, 0.947]",83.0,45.0,106.1,99.2,15.3,89.9,0,0,"[[8.03,5.74,107.1],[8.62,5.54,118.2],[7.92,4.05,138.9]]","[[[1, 1],'H_O',1.888,'OH'],[[2, 2],'C_O',2.237,'CO']]",[],25B,3OB,1,2,"[6_0,9_11,10_13,10_7]","[1,9,0,50]",4,4,2.273,"[1.781, 0.957]",80.6,70.9,106.6,97.8,347.2,101.1,"[[8.17,6.04,104.7],[7.23,3.32,146.8],[8.6,4.08,156.2],[8.12,6.27,100.9]]",382.3
aMal44_TSdh_nn_184_1,6146,-1459.864,3S1,OS2,1,2,"[1_2,3_0,6_0,9_50,11_9,13_7]","[1,2,50]",-1,2,6,1,3,2.164,"[1.388, 1.126]",87.0,15.0,16.2,77.1,331.9,94.1,0,0,"[[5.53,1.13,147.3],[6.62,3.6,123.9],[7.9,6.11,100.4],[6.68,4.25,112.0],[8.12,4.52,130.7],[7.49,5.23,107.5]]","[[[1, 1],'H_O',1.388,'OH'],[[2, 2],'C_O',2.164,'CO']]",[],3S1,OS2,1,2,"[1_2,3_0,6_0,11_9]","[1,2,50]",4,3,2.157,"[1.365, 1.151]",92.4,317.5,16.2,76.7,324.7,101.6,"[[5.5,1.15,148.0],[6.67,3.7,122.4],[7.77,5.86,102.3],[8.78,5.24,126.2]]",425.9
aMal157_TSdh_nn_250_1,5586,-1459.8723,OS2,1C4,1,2,"[2_50,6_0,9_11]",[1],-1,2,3,1,1,1.9609999999999999,"[2.937, 0.931]",93.0,315.0,340.3,90.0,246.6,169.7,0,0,"[[6.98,3.26,141.3],[7.83,6.04,100.5],[8.13,4.37,134.2]]","[[[1, 1],'H_O',2.937,'OH'],[[2, 2],'C_O',1.961,'CO'],[[10, 10],'H_O',1.918,'OH'],[[13, 13],'H_O',3.409,'OH']]",[],OS2,1C4,1,2,"[2_50,6_0,9_11]","[1,0]",3,2,1.9680000000000002,"[2.832, 0.933]",94.8,319.0,342.9,92.3,268.9,172.0,"[[7.08,3.18,147.2],[7.99,6.15,101.1],[7.81,3.94,139.7]]",404.1
aMal350_TSdh_nn_280_0,5185,-1459.8778,4C1,3S1,1,2,"[2_3,9_50,10_7,11_9,13_10]",[1],-1,2,5,1,1,2.009,"[2.985, 0.93]",291.1,105.0,53.7,20.2,22.4,90.5,0,0,"[[7.15,4.52,114.2],[7.21,5.31,102.7],[7.72,4.84,117.3],[8.09,6.07,103.3],[8.09,3.89,149.1]]","[[[1, 1],'H_O',2.985,'OH'],[[2, 2],'C_O',2.009,'CO']]",[],4C1,5S1,1,2,"[2_3,3_11,11_50,13_10]",[1],4,1,1.9809999999999999,"[3.058, 0.929]",291.0,68.0,57.6,19.4,84.3,89.6,"[[6.8,3.68,125.6],[8.27,3.79,159.2],[7.08,3.63,132.8],[9.1,5.03,136.7]]",389.6
aMal213_TSdh_nn_284_1,4695,-1459.8833,E5,5S1,1,2,[],"[1,6,0]",-1,2,0,0,3,2.108,"[1.944, 0.96]",63.2,15.0,298.0,59.5,87.6,79.2,0,0,[],"[[[1, 1],'H_O',1.944,'OH'],[[2, 2],'C_O',2.108,'CO']]",[],E5,5S1,1,2,[3_7],"[1,6,0]",1,3,2.1390000000000002,"[1.972, 0.956]",55.6,35.8,308.6,64.8,94.9,74.8,"[[8.0,3.89,146.2]]",375.2
aMal278_TSdh_nn_175_0,5421,-1459.875,4C1,3S1,1,2,"[10_13,10_7,11_9]",[1],-1,2,3,0,1,2.056,"[2.328, 0.941]",81.8,60.0,50.8,20.3,22.4,89.9,0,0,"[[7.7,4.22,129.6],[8.68,5.71,116.0],[8.3,5.93,108.0]]","[[[1, 1],'H_O',2.328,'OH'],[[2, 2],'C_O',2.056,'CO']]",[],4C1,3OB,1,2,"[3_2,9_11,9_50,10_13]",[1],4,1,2.029,"[2.383, 0.942]",78.6,57.9,49.7,21.0,14.9,91.4,"[[8.52,6.28,105.8],[8.92,5.5,123.5],[6.43,4.73,100.7],[7.74,3.46,158.0]]",397.0
aMal269_TSdh_nn_284_2,4899,-1459.8808,E5,OS2,1,2,"[9_11,11_13]","[1,6,0]",-1,2,2,1,3,2.108,"[1.944, 0.96]",63.2,135.0,298.0,59.5,332.1,91.0,0,0,"[[8.34,4.2,144.0],[8.31,4.76,128.3]]","[[[1, 1],'H_O',1.944,'OH'],[[2, 2],'C_O',2.108,'CO']]",[],E5,OS2,1,2,"[9_11,11_13]","[1,6,0]",2,3,2.169,"[1.99, 0.951]",71.3,146.0,310.7,65.9,331.8,91.5,"[[8.33,4.23,142.6],[8.27,4.82,126.4]]",381.7
aMal454_TSdh_nn_262_1,5096,-1459.8786,4C1,3S1,1,2,"[2_3,9_11,10_7,11_50]",[1],-1,2,4,0,1,1.989,"[3.87, 0.93]",288.0,120.0,53.7,21.1,20.2,92.0,0,0,"[[6.84,4.08,117.5],[8.29,4.66,130.2],[8.01,4.95,119.7],[8.07,4.35,133.9]]","[[[1, 1],'H_O',3.87,'OH'],[[2, 2],'C_O',1.989,'CO']]",[],4C1,3S1,1,2,"[2_3,3_13,3_7,9_11,10_7,11_50]",[1],6,1,1.974,"[3.867, 0.93]",319.9,83.0,53.8,19.1,19.2,90.9,"[[6.8,3.72,124.6],[8.35,3.86,157.8],[9.05,5.53,124.2],[8.97,5.2,130.2],[8.04,5.02,119.0],[8.27,4.57,132.2]]",387.5
aMal406_TSdh_nn_177_1,3890,-1459.8901,5S1,3OB,1,2,"[6_3,9_11,10_7]","[1,9,0,50]",-1,2,3,0,4,2.239,"[1.808, 0.958]",92.6,45.0,104.5,99.7,14.7,90.7,0,0,"[[8.95,5.09,132.3],[8.25,5.02,122.1],[7.79,4.69,121.3]]","[[[1, 1],'H_O',1.808,'OH'],[[2, 2],'C_O',2.239,'CO']]",[],25B,OS2,1,2,"[6_3,9_11,10_7]","[1,9,0,50]",3,4,2.278,"[1.76, 0.965]",127.7,54.2,106.1,98.9,331.9,93.3,"[[8.6,4.66,136.3],[7.75,3.88,139.9],[8.18,5.26,116.8]]",357.3
aMal441_TSdh_nn_184_2,3163,-1459.8956,3S1,1C4,1,2,"[1_2,3_0,6_0,9_11,13_10]","[1,2,50]",-1,2,5,3,3,2.164,"[1.388, 1.126]",87.0,135.0,16.2,77.1,232.5,172.2,0,0,"[[5.53,1.13,147.3],[6.62,3.6,123.9],[7.9,6.11,100.4],[7.93,4.09,137.8],[7.64,3.58,149.2]]","[[[1, 1],'H_O',1.388,'OH'],[[2, 2],'C_O',2.164,'CO']]",[],3S1,1C4,1,2,"[1_2,3_0,6_0,9_11,13_10]","[1,2,9,50]",5,4,2.161,"[1.346, 1.165]",147.9,60.7,17.5,76.0,267.4,171.8,"[[5.48,1.17,149.6],[6.6,3.6,123.4],[7.91,5.96,102.6],[7.26,3.41,143.9],[7.6,3.84,138.4]]",342.9
aMal20_TSdh_nn_351_0,5687,-1459.8708,2SO,3S1,2,3,"[3_50,11_50,13_7]","[1,2]",1,3,3,1,2,1.96,"[3.148, 0.931]",179.6,75.0,154.3,83.9,36.6,86.1,0,0,"[[7.65,5.83,100.9],[7.91,3.93,142.7],[7.41,5.15,107.7]]","[[[1, 2],'C_C',1.819,'bb'],[[2, 2],'H_O',3.148,'OH'],[[3, 3],'C_O',1.96,'CO']]",[],B3O,3S1,2,3,"[3_9,3_50,6_13,11_50]","[1,2]",4,2,1.931,"[3.024, 0.928]",141.7,82.1,193.3,79.2,28.2,87.0,"[[8.17,3.53,178.8],[6.77,4.8,103.6],[8.3,3.72,166.1],[8.03,4.19,137.8]]",408.0
aMal300_TSdh_nn_278_2,2732,-1459.8994,2SO,4C1,1,2,"[3_2,9_10,11_10]","[1,0]",-1,2,3,0,2,2.349,"[1.82, 0.959]",67.9,135.0,164.3,89.1,75.9,1.1,0,0,"[[8.64,5.55,118.3],[8.24,5.64,111.4],[8.29,5.74,110.5]]","[[[1, 1],'H_O',1.82,'OH'],[[2, 2],'C_O',2.349,'CO']]",[],5S1,4C1,1,2,"[3_6,9_10,11_10]","[1,13,0,7,50]",3,5,2.263,"[1.784, 0.955]",159.5,148.6,102.7,103.4,257.0,6.1,"[[7.85,3.72,148.7],[8.33,5.97,107.7],[8.46,6.2,106.1]]",332.9
aMal344_TSdh_nn_184_0,4863,-1459.8814,3S1,5S1,1,2,"[1_2,3_0,6_0,11_50,13_10]","[1,2,50]",-1,2,5,3,3,2.164,"[1.388, 1.126]",87.0,60.0,16.2,77.1,84.7,83.8,0,0,"[[5.53,1.13,147.3],[6.62,3.6,123.9],[7.9,6.11,100.4],[7.71,3.75,143.7],[8.32,4.14,145.5]]","[[[1, 1],'H_O',1.388,'OH'],[[2, 2],'C_O',2.164,'CO']]",[],3S1,5S1,1,2,"[1_2,3_0,6_0,11_50,13_10]","[1,9,50]",5,3,2.178,"[1.495, 1.045]",49.1,43.9,24.4,78.1,87.1,91.2,"[[5.92,1.04,149.7],[6.57,3.53,124.8],[7.77,5.84,102.4],[8.46,4.31,143.7],[8.0,4.35,132.5]]",380.2
aMal181_TSdh_nn_161_0,610,-1459.9234,3E,5S1,2,1,"[2_1,3_6,13_10]","[1,2,50]",-1,1,3,3,3,2.383,"[1.275, 1.264]",96.8,60.0,352.5,109.1,84.9,83.9,0,0,"[[5.46,1.26,153.5],[7.98,3.87,146.5],[8.22,4.05,146.5]]","[[[1, 1],'C_O',2.383,'CO'],[[2, 2],'H_O',1.275,'OH']]",[],3H2,5S1,2,1,"[3_6,13_10]","[2,9,50]",2,3,2.574,"[1.757, 0.96]",99.4,46.2,334.1,117.4,89.8,85.8,"[[8.34,3.9,156.7],[8.38,4.73,130.4]]",269.9
aMal204_TSdh_nn_091_1,5662,-1459.8712,25B,1C4,1,2,"[6_0,11_9,11_7]","[1,0,50]",-1,2,3,0,3,2.237,"[1.888, 0.947]",83.0,315.0,106.1,99.2,196.8,176.1,0,0,"[[8.03,5.74,107.1],[8.09,4.78,124.3],[8.51,6.36,104.5]]","[[[1, 1],'H_O',1.888,'OH'],[[2, 2],'C_O',2.237,'CO']]",[],25B,1C4,1,2,"[6_0,11_9]","[1,0,50]",2,3,2.309,"[1.826, 0.951]",85.2,326.3,112.7,96.8,225.5,174.4,"[[8.4,6.46,101.9],[8.33,4.66,131.1]]",407.0
aMal208_TSdh_nn_001_0,404,-1459.9293,3H4,1C4,2,1,"[2_1,10_13,11_9]","[1,2,9,50]",-1,1,3,1,4,2.267,"[1.282, 1.257]",167.5,75.0,33.3,120.5,80.2,179.3,0,0,"[[5.43,1.26,151.8],[9.34,5.67,126.6],[7.9,4.36,130.3]]","[[[1, 1],'C_O',2.267,'CO'],[[2, 2],'H_O',1.282,'OH']]",[],3E,1C4,2,1,"[2_1,9_11,10_13]","[1,2,9,50]",3,4,2.3040000000000003,"[1.315, 1.212]",144.2,69.1,9.8,122.0,332.5,175.5,"[[5.48,1.21,151.5],[7.14,3.36,142.8],[8.51,5.15,123.6]]",254.4
aMal234_TSdh_nn_094_2,859,-1459.9172,E1,4C1,1,2,"[10_9,11_10,13_7]","[1,50]",-1,2,3,0,2,1.9380000000000002,"[2.459, 0.941]",103.5,135.0,51.0,61.3,180.0,1.7,0,0,"[[7.83,5.83,103.4],[7.94,5.63,107.6],[7.65,5.48,106.0]]","[[[1, 1],'H_O',2.459,'OH'],[[2, 2],'C_O',1.938,'CO']]",[],E1,4C1,1,2,"[3_6,9_10]","[1,13,7,50]",2,4,1.9969999999999999,"[2.15, 0.949]",164.1,157.0,48.1,70.0,232.7,5.4,"[[8.44,4.02,153.7],[7.95,5.91,103.6]]",286.2
aMal236_TSdh_nn_047_0,5833,-1459.869,1C4,3S1,-1,-1,"[1_2,2_11,2_50,3_6,11_2,11_50]","[3,6]",-1,6,6,3,2,2.2969999999999997,"[0, 0]",163.1,135.0,56.6,173.5,35.3,88.1,0,0,"[[7.16,4.51,114.5],[10.18,6.13,130.7],[7.56,3.85,137.2],[5.8,1.97,155.7],[10.18,6.43,125.0],[7.67,3.74,143.4]]","[[[6, 6],'C_O',2.297,'CO']]",[],1C4,3S1,-1,-1,"[1_2,2_11,2_50,3_6,9_11]","[3,6]",5,2,2.323,"[0, 0]",173.3,77.4,18.9,174.4,24.5,93.7,"[[7.24,4.57,114.7],[8.21,4.25,138.9],[7.64,4.0,133.7],[5.91,2.06,155.2],[8.67,5.13,126.5]]",412.7
aMal163_TSdh_nn_167_2,563,-1459.9245,E4,1S3,2,1,"[2_9,3_6,10_11,11_13]",[2],-1,1,4,1,1,2.583,"[1.714, 0.964]",72.3,135.0,76.0,117.7,211.4,88.1,0,0,"[[7.91,2.94,110.3],[7.56,3.63,144.6],[7.54,5.2,108.6],[7.99,4.5,128.7]]","[[[1, 1],'C_O',2.583,'CO'],[[2, 2],'H_O',1.714,'OH']]",[],5S1,4C1,2,1,"[3_6,9_10,10_11,11_13]","[1,2]",4,2,2.64,"[3.411, 0.956]",85.1,78.7,95.1,103.3,160.5,3.3,"[[8.15,4.28,137.3],[7.65,5.61,103.9],[7.94,5.77,105.4],[7.5,3.9,134.4]]",267.0
aMal4_TSdh_nn_181_0,2601,-1459.9005,1HO,3S1,1,2,"[2_11,2_50,13_7]","[1,2,0]",-1,2,3,1,3,2.274,"[3.547, 0.93]",163.0,75.0,191.8,153.0,27.0,87.5,0,0,"[[6.7,3.96,117.5],[7.54,3.53,146.4],[7.42,5.1,108.8]]","[[[1, 1],'H_O',3.547,'OH'],[[2, 2],'C_O',2.274,'CO']]",[],5H4,3S1,1,2,"[2_9,2_50,3_6,11_0,11_50]","[1,11,0]",5,3,2.035,"[2.441, 0.937]",129.9,76.5,82.3,140.7,41.5,88.8,"[[7.95,3.42,171.8],[8.28,5.62,111.6],[7.34,3.3,151.7],[8.55,5.49,117.7],[7.42,3.42,147.7]]",330.0
aMal252_TSdh_nn_131_2,3598,-1459.8923,25B,5S1,1,2,[10_13],"[1,11,0,50]",-1,2,1,1,4,2.244,"[1.791, 0.962]",89.9,165.0,113.5,98.7,78.8,79.8,0,0,"[[8.04,4.0,143.2]]","[[[1, 1],'H_O',1.791,'OH'],[[2, 2],'C_O',2.244,'CO']]",[],5S1,5S1,1,2,"[3_9,10_13,11_1]","[1,11,0,50]",3,4,2.355,"[1.784, 0.957]",96.5,160.0,103.9,97.9,89.5,85.1,"[[8.39,4.71,130.9],[8.12,4.12,141.4],[8.05,4.83,122.4]]",351.6
aMal339_TSdh_nn_250_2,4721,-1459.8829999999994,OS2,OS2,1,2,"[2_50,6_0,9_11,11_13]",[1],-1,2,4,2,1,1.9609999999999999,"[2.937, 0.931]",93.0,165.0,340.3,90.0,331.6,90.9,0,0,"[[6.98,3.26,141.3],[7.83,6.04,100.5],[8.46,4.31,143.2],[8.27,4.72,128.6]]","[[[1, 1],'H_O',2.937,'OH'],[[2, 2],'C_O',1.961,'CO']]",[],5H4,OS2,1,2,"[2_9,6_3,9_11,11_13]","[1,0]",4,2,1.974,"[3.154, 0.932]",106.6,156.9,71.3,156.8,326.5,95.4,"[[7.15,2.85,177.8],[8.54,4.93,128.7],[7.92,3.94,141.8],[8.34,4.97,124.3]]",376.0
aMal200_TSdh_nn_025_1,128,-1459.9372,3E,3S1,2,1,"[2_1,10_7,11_50,13_7]","[1,2,50]",-1,1,4,2,3,2.296,"[1.327, 1.192]",151.5,165.0,11.7,115.1,22.0,88.4,0,0,"[[5.5,1.19,151.4],[8.44,5.34,119.2],[8.77,4.61,141.1],[7.48,5.14,108.9]]","[[[1, 1],'C_O',2.296,'CO'],[[2, 2],'H_O',1.327,'OH']]",[],3E,3S1,2,1,"[2_1,10_7,11_1]","[2,9,11,50]",3,4,2.318,"[1.348, 1.17]",159.3,78.6,13.2,119.0,21.0,88.7,"[[5.71,1.17,159.1],[8.36,5.34,118.1],[7.58,3.42,152.6]]",233.7
aMal439_TSdh_nn_260_0,3794,-1459.8908,4E,3S1,2,1,"[2_1,9_50,10_13,11_50]","[1,2]",-1,1,4,3,2,2.378,"[1.216, 1.376]",55.8,45.0,229.3,41.4,34.6,86.1,0,0,"[[5.41,1.38,153.5],[7.09,4.77,109.4],[7.98,3.54,164.2],[7.91,3.93,143.0]]","[[[1, 1],'C_O',2.378,'CO'],[[2, 2],'H_O',1.216,'OH']]",[],E3,3S1,-1,-1,"[2_1,9_11,9_50,13_10]","[1,2,3]",4,3,2.57,"[0, 0]",76.9,52.0,183.8,47.9,16.1,93.0,"[[5.47,1.78,149.3],[8.87,5.62,120.6],[6.48,4.76,100.8],[7.84,5.12,114.1]]",355.5
aMal251_TSdh_nn_344_2,1846,-1459.9072,E1,5S1,1,2,"[3_6,10_13]","[1,11,50]",-1,2,2,2,3,1.9069999999999998,"[2.864, 0.935]",99.5,165.0,63.3,67.1,87.2,78.2,0,0,"[[8.44,4.41,139.4],[8.53,4.47,140.0]]","[[[1, 1],'H_O',2.864,'OH'],[[2, 2],'C_O',1.907,'CO']]",[],E1,25B,1,2,"[2_3,3_6,10_13]","[1,11,7,50]",3,4,1.89,"[2.828, 0.937]",154.4,138.5,69.6,69.0,105.5,89.3,"[[8.57,6.26,106.4],[8.2,4.31,137.2],[8.31,4.38,137.9]]",312.4
aMal200_TSdh_nn_344_0,1411,-1459.9112,E1,3S1,1,2,"[3_6,10_7,11_50,13_7]","[1,9,50]",-1,2,4,2,3,1.9069999999999998,"[2.864, 0.935]",99.5,60.0,63.3,67.1,22.0,88.4,0,0,"[[8.44,4.41,139.4],[8.44,5.34,119.2],[8.77,4.61,141.1],[7.48,5.14,108.9]]","[[[1, 1],'H_O',2.864,'OH'],[[2, 2],'C_O',1.907,'CO']]",[],E1,3OB,1,2,"[3_6,10_7]","[1,9,11,50]",2,4,1.9409999999999998,"[2.29, 0.944]",106.0,65.2,48.6,69.3,14.2,88.6,"[[8.26,3.97,150.1],[8.04,5.01,119.1]]",301.9
aMal66_TSdh_nn_161_2,442,-1459.9283,3E,2SO,2,1,"[2_1,3_6,9_2,9_50,10_11]","[1,2,50]",-1,1,5,3,3,2.383,"[1.275, 1.264]",96.8,135.0,352.5,109.1,160.9,85.8,0,0,"[[5.46,1.26,153.5],[7.98,3.87,146.5],[8.6,4.21,151.0],[6.61,4.22,111.7],[8.59,6.36,105.5]]","[[[1, 1],'C_O',2.383,'CO'],[[2, 2],'H_O',1.275,'OH']]",[],3E,OS2,2,1,"[2_1,3_6,9_2,9_50,11_9]","[1,13,7,50]",5,4,2.5340000000000003,"[1.321, 1.223]",93.6,162.2,8.9,118.9,319.6,96.8,"[[5.78,1.22,164.6],[7.14,3.56,136.5],[7.02,2.73,173.3],[8.17,6.08,102.7],[8.79,5.28,125.5]]",257.0
aMal462_TSdh_nn_047_0,6016,-1459.8664,1C4,5S1,-1,-1,"[1_2,2_50,3_6,11_0,13_7]","[3,6]",-1,6,5,2,2,2.2969999999999997,"[0, 0]",163.1,60.0,56.6,173.5,85.4,85.5,0,0,"[[7.16,4.51,114.5],[7.56,3.85,137.2],[5.8,1.97,155.7],[7.6,5.72,102.1],[7.42,4.86,112.5]]","[[[6, 6],'C_O',2.297,'CO']]",[],1C4,5S1,-1,-1,"[1_2,2_11,2_50,3_6,13_7]","[3,6]",5,2,2.333,"[0, 0]",166.3,66.2,14.2,176.6,89.8,84.6,"[[7.24,4.52,115.4],[8.19,4.0,146.2],[7.87,4.6,123.8],[5.89,2.03,155.6],[7.68,5.91,100.4]]",419.6
aMal458_TSdh_nn_327_1,4012,-1459.889,E1,OS2,1,2,"[2_3,3_7,9_50,11_9]",[1],-1,2,4,0,1,1.98,"[2.875, 0.931]",84.1,15.0,52.1,25.6,331.0,91.8,0,0,"[[7.42,4.72,114.6],[7.78,5.59,106.1],[6.7,4.18,113.6],[8.47,4.86,129.2]]","[[[1, 1],'H_O',2.875,'OH'],[[2, 2],'C_O',1.98,'CO']]",[],E1,OS2,1,2,"[2_3,3_13,3_7,9_50,11_9]",[1],5,1,1.982,"[3.054, 0.93]",60.6,23.5,50.5,23.9,331.2,92.5,"[[6.62,3.43,128.3],[8.97,4.65,143.7],[7.34,3.87,131.4],[6.84,4.53,109.7],[8.26,4.71,128.6]]",360.2
aMal248_TSdh_nn_165_1,2788,-1459.899,E1,5S1,1,2,"[11_50,13_7]","[1,11,50]",-1,2,2,1,3,1.9340000000000002,"[2.2, 0.948]",96.2,90.0,50.0,66.0,87.5,82.2,0,0,"[[7.96,4.0,141.7],[7.39,4.83,112.7]]","[[[1, 1],'H_O',2.2,'OH'],[[2, 2],'C_O',1.934,'CO']]",[],E1,3S1,1,2,"[6_0,10_7]","[1,9,11,50]",2,4,1.8869999999999998,"[2.499, 0.942]",110.6,65.5,53.2,59.6,17.8,88.9,"[[7.78,5.98,100.7],[8.22,5.19,118.6]]",334.0
aMal352_TSdh_nn_187_0,4136,-1459.8883,3S1,5S1,-1,-1,"[1_2,3_6,3_0,13_7]","[1,2,50]",-1,2,4,2,3,2.253,"[0, 0]",93.2,60.0,25.9,79.2,86.1,83.1,0,0,"[[5.52,1.83,150.5],[7.37,3.27,150.3],[6.94,4.85,104.7],[7.38,4.79,113.0]]","[[[2, 2],'C_O',2.253,'CO']]",[],3S1,5S1,-1,-1,"[1_2,3_6,3_0,13_7]","[1,2,9,50]",4,4,2.249,"[0, 0]",64.3,31.3,27.7,82.6,91.8,81.5,"[[5.6,1.89,151.8],[7.03,2.98,153.1],[7.09,5.07,103.3],[7.73,5.78,102.9]]",362.1
aMal29_TSdh_nn_001_1,600,-1459.9237,3H4,OS2,2,1,"[2_1,9_11,13_7]","[1,2,50]",-1,1,3,2,3,2.267,"[1.282, 1.257]",167.5,195.0,33.3,120.5,332.9,91.5,0,0,"[[5.43,1.26,151.8],[8.41,4.22,145.1],[7.73,5.43,107.9]]","[[[1, 1],'C_O',2.267,'CO'],[[2, 2],'H_O',1.282,'OH']]",[],3H4,OS2,2,1,"[2_1,9_11]","[1,2,13,7,50]",2,5,2.36,"[1.322, 1.201]",135.1,189.0,17.9,122.1,328.3,93.7,"[[5.55,1.2,154.0],[8.34,4.28,141.3]]",269.1
aMal423_TSdh_nn_064_2,6398,-1459.8569,5S1,1C4,3,6,"[1_50,2_1,3_6,9_11,13_7]","[2,3]",-1,6,5,2,2,2.206,"[1.495, 1.082]",163.5,180.0,83.9,89.5,251.9,171.7,0,0,"[[7.55,3.58,145.7],[8.61,6.22,107.6],[6.32,1.08,164.9],[8.06,4.34,133.9],[7.73,5.18,111.7]]","[[[3, 3],'H_O',1.495,'OH'],[[6, 6],'C_O',2.206,'CO']]",[],5S1,1C4,3,6,"[1_50,2_1,3_6,9_11,13_1]","[2,3]",5,2,2.198,"[1.483, 1.082]",197.5,172.2,83.1,91.3,257.2,170.9,"[[7.16,3.4,141.4],[8.61,6.21,107.7],[6.29,1.08,167.2],[8.07,4.42,131.9],[11.15,5.66,174.7]]",444.5
aMal136_TSdh_nn_187_0,2199,-1459.9042,3S1,OS2,-1,-1,"[1_2,3_6,3_0,9_50,10_7,13_7]","[1,2,9,50]",-1,2,6,2,4,2.253,"[0, 0]",93.2,60.0,25.9,79.2,329.5,89.3,0,0,"[[5.52,1.83,150.5],[7.37,3.27,150.3],[6.94,4.85,104.7],[6.68,4.3,111.4],[8.63,5.59,117.7],[7.82,5.62,106.3]]","[[[2, 2],'C_O',2.253,'CO']]",[],3S1,OS2,-1,-1,"[1_2,3_6,3_0,9_11,10_7]","[1,2,9,50]",5,4,2.271,"[0, 0]",138.3,57.4,29.9,77.3,333.5,93.6,"[[5.68,1.96,151.6],[7.24,3.11,153.5],[7.03,5.07,102.4],[7.64,3.69,143.9],[8.13,5.18,117.6]]",320.3
aMal350_TSdh_nn_187_1,1265,-1459.9122,3S1,3S1,-1,-1,"[1_2,3_6,3_0,9_50,10_7,11_9,13_10]","[1,2,9,50]",-1,2,7,3,4,2.253,"[0, 0]",93.2,45.0,25.9,79.2,22.4,90.5,0,0,"[[5.52,1.83,150.5],[7.37,3.27,150.3],[6.94,4.85,104.7],[7.21,5.31,102.7],[7.72,4.84,117.3],[8.09,6.07,103.3],[8.09,3.89,149.1]]","[[[2, 2],'C_O',2.253,'CO']]",[],3S1,3S1,1,2,"[1_2,3_6,3_0,9_2,10_13]","[1,9,11,50]",5,4,2.167,"[1.37, 1.149]",86.2,74.6,31.1,83.1,15.6,89.1,"[[5.73,1.15,157.0],[6.99,2.92,155.8],[7.27,5.45,100.4],[7.62,3.56,148.1],[7.85,3.59,154.8]]",299.3
aMal287_TSdh_nn_344_0,1655,-1459.9089999999999,E1,OS2,1,2,"[3_6,9_50,10_7,11_9]","[1,9,50]",-1,2,4,1,3,1.9069999999999998,"[2.864, 0.935]",99.5,60.0,63.3,67.1,335.9,91.4,0,0,"[[8.44,4.41,139.4],[6.65,4.2,112.5],[8.04,4.95,120.4],[8.07,4.43,131.7]]","[[[1, 1],'H_O',2.864,'OH'],[[2, 2],'C_O',1.907,'CO']]",[],E1,OS2,1,2,"[2_3,3_6,9_11,10_7]","[1,9,50]",4,3,1.899,"[2.842, 0.937]",129.5,55.9,69.4,68.0,333.7,93.0,"[[8.64,6.38,105.7],[8.29,4.35,138.0],[7.66,3.73,143.0],[8.12,5.14,118.0]]",307.7
aMal398_TSdh_nn_003_0,613,-1459.9232,E4,1S3,2,1,"[2_1,3_6,10_11]","[1,2,9,50]",-1,1,3,2,4,2.352,"[1.246, 1.323]",173.8,75.0,64.2,124.7,211.9,87.3,0,0,"[[5.45,1.32,153.7],[7.33,3.44,145.5],[7.65,5.41,107.0]]","[[[1, 1],'C_O',2.352,'CO'],[[2, 2],'H_O',1.246,'OH']]",[],E4,1S3,2,1,"[2_1,3_6]","[1,2,9,50]",2,4,2.43,"[1.194, 1.425]",169.0,92.3,66.3,130.9,214.5,87.8,"[[5.46,1.42,156.3],[7.29,3.44,144.8]]",270.4
aMal466_TSdh_nn_081_0,1666,-1459.9089,5S1,3S1,1,2,"[2_3,3_6,9_11,11_50]","[1,0,50]",-1,0,4,2,3,2.0469999999999997,"[2.845, 0.94]",79.1,60.0,87.0,80.0,26.1,93.0,0,0,"[[6.96,4.11,118.6],[7.5,3.67,140.8],[8.68,4.99,129.7],[7.76,4.05,135.6]]","[[[0, 1],'C_O',2.047,'bb'],[[1, 1],'H_O',2.845,'OH'],[[2, 2],'C_O',1.782,'CO']]",[],5S1,OS2,1,2,"[2_3,3_6,9_11,11_13]","[1,9,0,50]",4,4,2.004,"[2.712, 0.942]",134.6,54.8,92.0,79.9,326.5,95.1,"[[7.0,4.17,118.0],[7.99,4.17,136.7],[7.97,4.08,138.9],[8.38,4.99,124.7]]",308.0
aMal55_TSdh_nn_018_2,69,-1459.9389,OS2,5S1,2,1,[9_50],"[2,11,50]",-1,1,1,0,3,2.835,"[1.756, 0.956]",122.4,120.0,321.6,104.1,87.2,89.1,0,0,"[[7.76,5.13,112.8]]","[[[1, 1],'C_O',2.835,'CO'],[[2, 2],'H_O',1.756,'OH']]",[],3E,3S1,2,1,"[2_1,3_6,11_1]","[2,9,11,50]",3,4,2.4019999999999997,"[1.328, 1.193]",159.8,75.7,2.3,114.4,25.8,91.1,"[[5.71,1.19,161.7],[7.41,3.34,152.4],[7.42,3.22,157.1]]",229.2
aMal236_TSdh_nn_025_0,1062,-1459.914,3E,3S1,2,1,"[2_1,11_50]","[1,2,11,50]",-1,1,2,2,4,2.296,"[1.327, 1.192]",151.5,150.0,11.7,115.1,35.3,88.1,0,0,"[[5.5,1.19,151.4],[7.67,3.74,143.4]]","[[[1, 1],'C_O',2.296,'CO'],[[2, 2],'H_O',1.327,'OH']]",[],3H2,3S1,2,1,[],"[2,11,50]",0,3,2.533,"[1.746, 0.961]",144.7,143.2,339.2,119.3,26.9,94.2,[],294.6
aMal218_TSdh_nn_018_0,349,-1459.9307,OS2,OS2,2,1,"[9_11,10_7]","[2,9,50]",-1,1,2,1,3,2.835,"[1.756, 0.956]",122.4,75.0,321.6,104.1,341.4,91.3,0,0,"[[7.84,3.78,146.1],[7.76,4.59,122.9]]","[[[1, 1],'C_O',2.835,'CO'],[[2, 2],'H_O',1.756,'OH']]",[],3H2,OS2,2,1,"[3_6,9_11,10_7,11_13]","[2,9,50]",4,3,2.6,"[1.764, 0.959]",147.1,63.4,336.2,116.1,333.0,93.2,"[[8.26,3.86,155.6],[7.65,3.74,142.1],[8.28,5.37,116.3],[8.46,5.13,123.1]]",250.7
aMal223_TSdh_nn_280_0,4666,-1459.8836,4C1,3S1,1,2,"[2_3,10_13,11_50]",[1],-1,2,3,2,1,2.009,"[2.985, 0.93]",291.1,105.0,53.7,20.2,31.6,86.2,0,0,"[[7.15,4.52,114.2],[7.98,3.54,164.2],[8.17,4.12,143.0]]","[[[1, 1],'H_O',2.985,'OH'],[[2, 2],'C_O',2.009,'CO']]",[],4C1,5S1,1,2,"[2_3,3_11,10_13]",[1],3,1,1.995,"[3.069, 0.929]",284.6,70.8,58.5,18.6,89.9,79.7,"[[6.78,3.57,127.9],[7.96,3.42,174.8],[8.47,4.48,138.3]]",374.4
aMal291_TSdh_nn_161_1,1117,-1459.9138,3E,5S1,2,1,"[2_1,3_6,11_50]","[1,2,9,50]",-1,1,3,3,4,2.383,"[1.275, 1.264]",96.8,45.0,352.5,109.1,87.2,89.1,0,0,"[[5.46,1.26,153.5],[7.98,3.87,146.5],[7.74,3.76,144.2]]","[[[1, 1],'C_O',2.383,'CO'],[[2, 2],'H_O',1.275,'OH']]",[],3E,5S1,2,1,"[2_1,3_6,11_50]","[1,2,9,50]",3,4,2.346,"[1.305, 1.224]",75.2,45.8,352.9,112.4,86.7,90.7,"[[5.49,1.22,152.5],[7.74,3.66,148.1],[8.22,4.05,147.1]]",295.1
aMal13_TSdh_nn_016_1,1534,-1459.91,E3,OS2,-1,-1,"[2_1,3_50,9_11,13_7]","[1,2,3]",-1,1,4,2,3,2.528,"[0, 0]",150.8,195.0,164.8,62.8,334.9,92.5,0,0,"[[5.51,1.86,148.4],[7.95,5.58,108.4],[8.0,3.97,143.7],[7.48,5.23,107.3]]","[[[1, 1],'C_O',2.528,'CO']]",[],E3,3OB,-1,-1,"[2_1,3_9,3_50,9_11,10_13,10_7]","[1,2,3]",6,3,2.549,"[0, 0]",110.6,123.2,166.7,61.9,9.0,92.7,"[[5.54,1.9,148.4],[7.07,2.79,175.1],[8.53,6.46,102.6],[7.79,3.98,137.8],[7.92,3.62,156.0],[8.41,6.45,101.9]]",305.1
aMal428_TSdh_nn_064_0,6366,-1459.8581,5S1,3S1,3,6,"[1_50,2_1,3_6,9_11,11_50]","[2,3]",-1,6,5,3,2,2.206,"[1.495, 1.082]",163.5,120.0,83.9,89.5,26.5,93.0,0,0,"[[7.55,3.58,145.7],[8.61,6.22,107.6],[6.32,1.08,164.9],[8.84,5.16,128.8],[7.77,3.96,138.2]]","[[[3, 3],'H_O',1.495,'OH'],[[6, 6],'C_O',2.206,'CO']]",[],5S1,3S1,3,6,"[1_50,2_1,3_6,9_11]","[2,3]",4,2,2.214,"[1.475, 1.093]",151.3,153.2,84.4,90.0,18.2,94.3,"[[7.28,3.34,147.1],[8.48,6.03,108.6],[6.28,1.09,167.0],[7.93,4.23,134.0]]",441.3
aMal101_TSdh_nn_340_1,3709,-1459.8913,B3O,4C1,3,2,"[2_1,9_10,10_11,13_7]","[3,50]",3,2,4,0,2,2.023,"[2.855, 0.933]",273.9,120.0,167.4,80.7,246.2,2.0,0,0,"[[6.71,4.24,112.5],[8.04,5.87,105.4],[8.3,6.02,106.7],[7.75,5.52,106.8]]","[[[3, 4],'C_C',1.846,'bb'],[[2, 2],'C_O',2.023,'CO'],[[3, 3],'H_O',2.855,'OH']]",[],1S3,4C1,3,2,"[2_1,6_9,9_10]","[3,13,7]",3,3,2.031,"[2.966, 0.93]",302.9,131.9,199.1,73.0,139.3,3.5,"[[6.52,3.83,117.5],[9.99,6.03,130.0],[7.43,5.06,109.4]]",354.2
aMal277_TSdh_nn_181_2,1056,-1459.9141,1HO,1C4,1,2,"[2_50,9_50,11_9]","[1,2,0]",-1,2,3,2,3,2.274,"[3.547, 0.93]",163.0,180.0,191.8,153.0,274.7,177.5,0,0,"[[7.54,3.53,146.4],[7.2,4.7,112.0],[7.8,3.95,139.2]]","[[[1, 1],'H_O',3.547,'OH'],[[2, 2],'C_O',2.274,'CO']]",[],5S1,1C4,1,2,"[1_2,6_3,10_13]","[1,9,11,0,7]",3,5,2.08,"[1.438, 1.086]",169.5,62.7,100.4,103.0,97.0,175.0,"[[5.69,1.09,147.8],[6.45,4.23,108.7],[8.4,5.16,121.8]]",294.3
aMal192_TSdh_nn_250_0,6266,-1459.8615,OS2,OS2,1,2,"[2_50,6_0,9_50,11_13]",[1],-1,2,4,1,1,1.9609999999999999,"[2.937, 0.931]",93.0,60.0,340.3,90.0,319.8,89.0,0,0,"[[6.98,3.26,141.3],[7.83,6.04,100.5],[6.77,4.29,112.7],[7.93,4.24,134.0]]","[[[1, 1],'H_O',2.937,'OH'],[[2, 2],'C_O',1.961,'CO']]",[],OS2,OS2,1,2,"[2_50,9_50,11_13]",[1],3,1,1.984,"[2.881, 0.933]",87.7,44.9,337.6,87.1,320.5,89.3,"[[7.36,3.46,144.2],[7.06,5.13,103.4],[7.89,4.29,132.1]]",432.4
aMal443_TSdh_nn_184_0,3382,-1459.8939,3S1,3S1,1,2,"[1_2,3_0,6_0,9_50,13_7]","[1,2,9,50]",-1,2,5,1,4,2.164,"[1.388, 1.126]",87.0,60.0,16.2,77.1,28.7,89.8,0,0,"[[5.53,1.13,147.3],[6.62,3.6,123.9],[7.9,6.11,100.4],[7.13,4.49,114.8],[7.46,5.22,107.4]]","[[[1, 1],'H_O',1.388,'OH'],[[2, 2],'C_O',2.164,'CO']]",[],3S1,3S1,1,2,"[1_2,3_0,6_0,9_2]","[1,9,11,50]",4,4,2.18,"[1.41, 1.113]",85.3,67.5,26.2,81.8,23.0,89.2,"[[5.82,1.11,156.0],[6.62,3.57,124.4],[7.85,5.98,101.5],[7.8,3.65,149.2]]",347.4
aMal291_TSdh_nn_161_0,1125,-1459.9136,3E,5S1,2,1,"[2_1,3_6,11_50]","[1,2,9,50]",-1,1,3,3,4,2.383,"[1.275, 1.264]",96.8,60.0,352.5,109.1,87.2,89.1,0,0,"[[5.46,1.26,153.5],[7.98,3.87,146.5],[7.74,3.76,144.2]]","[[[1, 1],'C_O',2.383,'CO'],[[2, 2],'H_O',1.275,'OH']]",[],3E,5S1,2,1,"[2_1,3_6,11_50]","[1,2,9,50]",3,4,2.355,"[1.297, 1.234]",83.2,48.5,354.4,110.6,84.8,90.9,"[[5.49,1.23,153.3],[7.82,3.62,152.2],[8.13,3.95,148.1]]",295.6
aMal231_TSdh_nn_231_1,1589,-1459.9096,5H4,1C4,2,1,"[1_50,9_11]",[2],-1,1,2,1,1,2.544,"[1.763, 0.956]",161.2,0.0,83.2,111.0,249.2,168.1,0,0,"[[8.82,5.92,115.0],[8.06,4.19,137.9]]","[[[1, 1],'C_O',2.544,'CO'],[[2, 2],'H_O',1.763,'OH']]",[],E4,1C4,2,1,"[1_9,9_11,13_10]","[1,2]",3,2,3.0210000000000004,"[1.577, 0.983]",149.2,67.1,70.4,119.8,252.1,173.5,"[[8.06,3.51,171.8],[7.65,3.91,136.9],[7.54,3.71,141.2]]",306.1
aMal416_TSdh_nn_067_1,5279,-1459.8764,4C1,2SO,3,2,[9_10],"[3,9,50]",3,2,1,0,3,2.116,"[2.406, 0.94]",278.6,30.0,151.5,10.5,163.1,85.6,0,0,"[[7.36,4.89,111.2]]","[[[3, 4],'C_C',1.762,'bb'],[[2, 2],'C_O',2.116,'CO'],[[3, 3],'H_O',2.406,'OH']]",[],4C1,2SO,3,2,[9_10],"[3,9,50]",1,3,2.099,"[2.381, 0.942]",270.7,28.0,160.8,7.5,159.7,83.1,"[[7.1,5.31,101.1]]",393.3
aMal356_TSdh_nn_119_1,2079,-1459.9052,E1,3S1,1,2,"[2_3,6_0,9_50,13_10]","[1,11,50]",-1,2,4,1,3,1.844,"[3.695, 0.935]",91.3,105.0,55.4,53.3,29.7,84.2,0,0,"[[7.8,5.6,105.9],[7.91,6.08,100.9],[7.46,4.7,116.1],[7.72,3.94,138.3]]","[[[1, 1],'H_O',3.695,'OH'],[[2, 2],'C_O',1.844,'CO']]",[],E1,3S1,1,2,"[2_3,6_0,10_13]","[1,9,11,50]",3,4,1.8130000000000002,"[3.704, 0.935]",109.2,72.4,55.0,56.3,20.7,87.9,"[[8.11,5.84,106.3],[8.12,6.22,101.6],[7.7,3.46,156.4]]",317.7
aMal55_TSdh_nn_301_2,2650,-1459.9,5S1,5S1,1,2,"[1_2,9_50]","[1,11,0,50]",-1,2,2,1,4,2.077,"[1.512, 1.039]",82.6,105.0,101.1,98.0,87.2,89.1,0,0,"[[5.8,1.04,143.4],[7.76,5.13,112.8]]","[[[1, 1],'H_O',1.512,'OH'],[[2, 2],'C_O',2.077,'CO']]",[],5S1,5S1,1,2,"[2_9,6_3,9_1]","[1,11,0,50]",3,4,2.0709999999999997,"[1.827, 0.964]",72.7,106.3,95.5,97.2,89.2,94.2,"[[7.81,4.45,126.4],[6.82,4.87,103.8],[7.44,3.06,169.2]]",331.3
aMal19_TSdh_nn_050_0,3037,-1459.8966,4C1,4C1,3,2,"[2_1,9_10,10_11,11_13]","[3,50]",3,2,4,0,2,2.077,"[3.074, 0.932]",277.2,60.0,189.2,13.7,260.5,7.4,0,0,"[[8.05,5.93,104.6],[8.1,5.88,106.0],[8.02,5.81,105.9],[9.33,6.42,114.0]]","[[[3, 4],'C_C',1.808,'bb'],[[2, 2],'C_O',2.077,'CO'],[[3, 3],'H_O',3.074,'OH']]",[],4C1,4C1,3,2,"[9_10,10_11]","[3,9,50]",2,3,2.077,"[2.688, 0.937]",175.7,75.3,162.7,17.2,245.2,4.7,"[[7.55,5.63,102.4],[8.04,5.95,104.3]]",340.3
aMal181_TSdh_nn_182_0,2225,-1459.9041,5H4,5S1,2,1,"[1_11,1_50,6_3,11_0,13_10]",[2],-1,1,5,2,1,2.521,"[1.718, 0.963]",157.9,60.0,82.5,115.1,84.9,83.9,0,0,"[[5.39,3.56,104.5],[8.93,6.07,114.1],[7.33,3.7,136.3],[7.37,5.17,107.0],[8.22,4.05,146.5]]","[[[1, 1],'C_O',2.521,'CO'],[[2, 2],'H_O',1.718,'OH']]",[],5S1,5S1,2,1,"[1_11,6_3,13_10]",[2],3,1,2.128,"[2.592, 0.941]",131.8,63.8,80.3,107.2,84.5,90.2,"[[8.15,3.56,173.9],[7.4,3.54,143.3],[7.81,3.94,140.1]]",320.6
aMal231_TSdh_nn_116_1,6084,-1459.8652,5S1,1C4,3,6,"[1_50,2_1,3_6,9_11]","[2,3]",-1,6,4,3,2,2.221,"[1.518, 1.069]",79.2,315.0,83.4,88.7,249.2,168.1,0,0,"[[7.67,3.64,146.4],[8.67,6.29,107.3],[6.4,1.07,164.7],[8.06,4.19,137.9]]","[[[3, 3],'H_O',1.518,'OH'],[[6, 6],'C_O',2.221,'CO']]",[],5S1,1C4,3,6,"[1_7,1_50,2_1,3_6,9_11,10_13]","[2,3]",6,2,2.204,"[1.47, 1.1]",72.3,277.0,83.1,89.4,276.0,167.2,"[[11.23,6.29,145.0],[7.65,3.66,144.9],[8.47,6.04,108.4],[6.27,1.1,167.2],[7.79,4.01,137.1],[7.49,3.27,160.0]]",422.7
aMal352_TSdh_nn_340_1,5667,-1459.871,B3O,5S1,3,2,"[2_1,13_7]","[3,11,50]",3,2,2,0,3,2.023,"[2.855, 0.933]",273.9,120.0,167.4,80.7,86.1,83.1,0,0,"[[6.71,4.24,112.5],[7.38,4.79,113.0]]","[[[3, 4],'C_C',1.846,'bb'],[[2, 2],'C_O',2.023,'CO'],[[3, 3],'H_O',2.855,'OH']]",[],B3O,25B,3,2,"[2_1,9_10,13_7]","[3,11,7,50]",3,4,2.024,"[2.644, 0.937]",286.2,112.5,166.9,81.1,109.0,87.2,"[[6.88,4.34,113.4],[8.63,6.46,104.7],[7.95,6.04,102.0]]",407.5
aMal422_TSdh_nn_047_1,5926,-1459.8679,1C4,1S3,-1,-1,"[1_2,2_50,3_6,10_11]","[3,6]",-1,6,4,2,2,2.2969999999999997,"[0, 0]",163.1,330.0,56.6,173.5,218.6,86.5,0,0,"[[7.16,4.51,114.5],[7.56,3.85,137.2],[5.8,1.97,155.7],[7.65,5.4,107.2]]","[[[6, 6],'C_O',2.297,'CO']]",[],1C4,1S3,-1,-1,"[1_2,2_50,3_6,10_11]","[3,6]",4,2,2.339,"[0, 0]",159.7,334.1,356.9,176.1,217.3,89.5,"[[7.34,4.74,113.3],[7.67,3.83,140.2],[5.94,2.07,155.2],[7.77,5.66,105.0]]",415.6
aMal330_TSdh_nn_073_1,4381,-1459.8861,1S3,5S1,3,2,"[1_2,13_7]","[3,11,50]",3,2,2,0,3,2.136,"[2.377, 0.941]",166.4,135.0,197.5,75.2,86.7,84.2,0,0,"[[7.75,5.56,106.0],[7.36,4.8,112.8]]","[[[3, 4],'C_C',1.726,'bb'],[[2, 2],'C_O',2.136,'CO'],[[3, 3],'H_O',2.377,'OH']]",[],B3O,3S1,3,2,[1_2],"[3,9,11,50]",1,4,2.171,"[2.082, 0.953]",181.0,87.2,189.1,77.0,23.6,88.4,"[[7.88,5.02,116.4]]",367.8
aMal245_TSdh_nn_187_2,3062,-1459.8963,3S1,3S1,-1,-1,"[1_2,3_6,3_0,9_2,9_11,13_10]","[1,2,11,50]",-1,2,6,4,4,2.253,"[0, 0]",93.2,135.0,25.9,79.2,15.3,89.9,0,0,"[[5.52,1.83,150.5],[7.37,3.27,150.3],[6.94,4.85,104.7],[7.29,3.5,142.5],[8.62,5.54,118.2],[7.92,4.05,138.9]]","[[[2, 2],'C_O',2.253,'CO']]",[],3S1,3S1,-1,-1,"[1_2,3_6,3_0,9_2,10_13]","[1,2,11,50]",5,4,2.2359999999999998,"[0, 0]",93.0,129.0,23.9,83.4,19.3,92.8,"[[5.66,2.01,149.9],[7.22,3.13,152.0],[7.07,5.11,102.5],[7.58,3.32,158.4],[7.81,3.4,166.4]]",341.1
aMal118_TSdh_nn_181_0,6194,-1459.8629999999994,1HO,1S5,1,2,"[2_50,9_50,13_7]","[1,2,0]",-1,2,3,1,3,2.274,"[3.547, 0.93]",163.0,60.0,191.8,153.0,276.6,86.0,0,0,"[[7.54,3.53,146.4],[7.34,4.88,111.1],[8.28,6.33,102.2]]","[[[1, 1],'H_O',3.547,'OH'],[[2, 2],'C_O',2.274,'CO']]",[],EO,OS2,1,2,"[2_9,2_50,9_11,13_7]","[1,2,0]",4,3,2.373,"[3.512, 0.928]",142.4,62.2,184.3,156.6,331.4,95.2,"[[8.37,3.93,153.2],[7.21,3.89,127.5],[7.91,3.91,143.0],[7.92,6.11,100.8]]",428.5
aMal458_TSdh_nn_187_1,2185,-1459.9044,3S1,OS2,-1,-1,"[1_2,3_6,3_0,9_50,11_9]","[1,2,50]",-1,2,5,2,3,2.253,"[0, 0]",93.2,15.0,25.9,79.2,331.0,91.8,0,0,"[[5.52,1.83,150.5],[7.37,3.27,150.3],[6.94,4.85,104.7],[6.7,4.18,113.6],[8.47,4.86,129.2]]","[[[2, 2],'C_O',2.253,'CO']]",[],3S1,OS2,-1,-1,"[1_2,3_6,3_0,9_11]","[1,2,9,50]",4,4,2.2680000000000002,"[0, 0]",142.0,55.1,29.2,77.3,329.9,95.2,"[[5.66,1.95,151.6],[7.3,3.14,153.6],[7.02,5.05,102.6],[7.61,3.75,140.9]]",319.8
aMal79_TSdh_nn_104_2,4868,-1459.8813,25B,5S1,1,2,"[9_50,13_10]","[1,11,0,50]",-1,2,2,1,4,2.218,"[1.839, 0.952]",83.2,105.0,110.4,101.0,85.6,85.9,0,0,"[[7.87,5.26,112.3],[8.11,4.02,144.6]]","[[[1, 1],'H_O',1.839,'OH'],[[2, 2],'C_O',2.218,'CO']]",[],5S1,5S1,1,2,"[9_1,13_10]","[1,11,0,50]",2,4,2.324,"[1.97, 0.942]",75.5,107.9,98.6,97.1,86.9,89.9,"[[8.13,3.56,169.8],[8.07,4.34,134.1]]",380.4
aMal35_TSdh_nn_025_2,814,-1459.9177,3E,5S1,2,1,"[2_1,9_50,13_10]","[1,2,11,50]",-1,1,3,2,4,2.296,"[1.327, 1.192]",151.5,135.0,11.7,115.1,83.7,91.7,0,0,"[[5.5,1.19,151.4],[7.57,4.86,114.6],[8.55,4.53,139.0]]","[[[1, 1],'C_O',2.296,'CO'],[[2, 2],'H_O',1.327,'OH']]",[],3E,5S1,2,1,"[2_1,9_50,13_10]","[1,2,11,7,50]",3,5,2.3280000000000003,"[1.389, 1.128]",171.3,119.6,350.6,114.0,97.6,101.5,"[[5.61,1.13,149.9],[7.29,5.47,101.5],[8.53,4.57,137.2]]",284.9
aMal430_TSdh_nn_161_1,399,-1459.9294,3E,5S1,2,1,"[2_1,3_6,10_13,11_50]","[1,2,9,50]",-1,1,4,4,4,2.383,"[1.275, 1.264]",96.8,45.0,352.5,109.1,84.4,91.9,0,0,"[[5.46,1.26,153.5],[7.98,3.87,146.5],[8.74,4.23,153.8],[7.62,3.6,147.0]]","[[[1, 1],'C_O',2.383,'CO'],[[2, 2],'H_O',1.275,'OH']]",[],3E,5S1,2,1,"[2_1,3_6,10_13]","[1,2,9,50]",3,4,2.354,"[1.312, 1.214]",87.2,39.7,356.8,113.7,86.4,82.3,"[[5.51,1.21,152.7],[7.74,3.43,160.1],[8.19,4.24,139.3]]",254.1
aMal66_TSdh_nn_184_2,3615,-1459.8922,3S1,2SO,1,2,"[1_2,3_0,6_0,9_2,9_50,10_11]","[1,2,50]",-1,2,6,1,3,2.164,"[1.388, 1.126]",87.0,135.0,16.2,77.1,160.9,85.8,0,0,"[[5.53,1.13,147.3],[6.62,3.6,123.9],[7.9,6.11,100.4],[6.27,3.03,133.5],[6.61,4.22,111.7],[8.59,6.36,105.5]]","[[[1, 1],'H_O',1.388,'OH'],[[2, 2],'C_O',2.164,'CO']]",[],3S1,OS2,1,2,"[1_2,3_0,6_0,9_2,9_50,11_9]","[1,13,7,50]",6,4,2.173,"[1.333, 1.184]",104.7,164.3,28.4,83.3,324.8,94.2,"[[5.64,1.18,157.4],[6.56,3.54,124.1],[7.82,5.95,101.6],[7.64,3.26,165.6],[7.74,5.4,107.7],[8.86,5.27,127.0]]",351.8
aMal264_TSdh_nn_161_0,393,-1459.9295,3E,3S1,2,1,"[2_1,3_6,9_2,9_50,11_50]","[1,2,9,11,50]",-1,1,5,4,5,2.383,"[1.275, 1.264]",96.8,90.0,352.5,109.1,37.1,88.6,0,0,"[[5.46,1.26,153.5],[7.98,3.87,146.5],[11.39,6.39,146.8],[7.07,4.66,110.8],[7.79,3.82,143.9]]","[[[1, 1],'C_O',2.383,'CO'],[[2, 2],'H_O',1.275,'OH']]",[],3E,3S1,2,1,"[2_1,3_6,9_2]","[1,2,9,11,50]",3,5,2.369,"[1.354, 1.17]",84.9,89.0,353.8,116.0,23.0,89.9,"[[5.61,1.17,152.9],[7.54,3.61,144.4],[7.43,3.62,140.3]]",253.9
aMal41_TSdh_nn_084_2,3146,-1459.8957,5S1,3OB,1,2,"[2_3,3_6,9_1,9_11,10_7]","[1,11,0,50]",-1,0,5,1,4,2.085,"[3.692, 0.937]",74.9,120.0,86.4,79.5,13.9,90.8,0,0,"[[6.62,3.71,120.8],[7.48,3.64,141.5],[5.07,3.36,102.7],[8.2,4.9,123.6],[7.85,4.74,121.5]]","[[[0, 1],'C_O',2.085,'bb'],[[1, 1],'H_O',3.692,'OH'],[[2, 2],'C_O',1.743,'CO']]",[],5S1,3S1,1,2,"[2_3,3_6,9_1,9_11,10_7]","[1,11,0,50]",5,4,2.035,"[3.777, 0.938]",96.2,116.5,86.7,79.1,17.8,91.2,"[[6.74,3.86,119.9],[7.72,3.9,138.6],[9.75,5.19,145.5],[8.94,5.68,120.4],[8.21,5.22,118.0]]",342.6
aMal434_TSdh_nn_187_0,2024,-1459.9057,3S1,1C4,-1,-1,"[1_2,3_6,3_0,9_11]","[1,2,50]",-1,2,4,3,3,2.253,"[0, 0]",93.2,60.0,25.9,79.2,256.4,173.9,0,0,"[[5.52,1.83,150.5],[7.37,3.27,150.3],[6.94,4.85,104.7],[7.95,4.18,135.7]]","[[[2, 2],'C_O',2.253,'CO']]",[],3S1,1C4,-1,-1,"[1_2,3_6,3_0,9_11]","[1,2,9,50]",4,4,2.269,"[0, 0]",145.6,60.3,26.2,77.0,286.9,174.1,"[[5.57,1.84,152.3],[7.57,3.39,151.1],[6.92,4.81,105.0],[7.24,3.41,143.2]]",316.4
aMal352_TSdh_nn_016_0,2767,-1459.8991,E3,5S1,-1,-1,"[2_1,3_50,13_7]","[1,2,3]",-1,1,3,1,3,2.528,"[0, 0]",150.8,60.0,164.8,62.8,86.1,83.1,0,0,"[[5.51,1.86,148.4],[7.95,5.58,108.4],[7.38,4.79,113.0]]","[[[1, 1],'C_O',2.528,'CO']]",[],2H3,5S1,-1,-1,"[2_1,3_50,13_7]","[1,2,3]",3,3,2.605,"[0, 0]",150.5,60.1,162.4,65.9,94.1,78.1,"[[5.56,1.9,149.0],[7.84,5.51,108.0],[7.56,5.66,102.4]]",333.7
aMal119_TSdh_nn_016_1,2609,-1459.9003,E3,1S5,-1,-1,"[2_1,3_50,9_50,11_13]","[1,2,3]",-1,1,4,1,3,2.528,"[0, 0]",150.8,15.0,164.8,62.8,269.6,84.7,0,0,"[[5.51,1.86,148.4],[7.95,5.58,108.4],[7.29,4.82,111.2],[8.62,5.52,118.6]]","[[[1, 1],'C_O',2.528,'CO']]",[],E3,1S5,-1,-1,"[2_1,3_50]","[1,2,3]",2,3,2.51,"[0, 0]",155.5,338.8,163.6,64.8,267.1,85.7,"[[5.6,2.0,147.1],[7.94,5.57,108.3]]",330.6
aMal211_TSdh_nn_084_1,2664,-1459.8999,5S1,B14,1,2,"[2_3,3_6,10_13,11_50]","[1,0,50]",-1,0,4,3,3,2.085,"[3.692, 0.937]",74.9,45.0,86.4,79.5,70.5,81.5,0,0,"[[6.62,3.71,120.8],[7.48,3.64,141.5],[8.28,4.06,147.5],[7.62,3.72,143.0]]","[[[0, 1],'C_O',2.085,'bb'],[[1, 1],'H_O',3.692,'OH'],[[2, 2],'C_O',1.743,'CO']]",[],5S1,5S1,1,2,"[2_3,3_6,10_13,11_50]","[1,9,0,50]",4,4,2.016,"[3.701, 0.938]",69.6,54.2,92.4,79.9,83.2,88.0,"[[6.56,3.67,120.9],[7.93,4.1,137.2],[7.88,3.91,142.3],[8.34,4.14,146.5]]",331.6
aMal175_TSdh_nn_025_0,334,-1459.9309,3E,OS2,2,1,"[2_1,9_50,11_9,13_11]","[1,2,9,50]",-1,1,4,2,4,2.296,"[1.327, 1.192]",151.5,90.0,11.7,115.1,328.8,91.2,0,0,"[[5.5,1.19,151.4],[6.73,4.3,112.0],[8.81,5.25,126.5],[8.86,4.78,138.5]]","[[[1, 1],'C_O',2.296,'CO'],[[2, 2],'H_O',1.327,'OH']]",[],3E,OS2,2,1,"[2_1,9_11,11_13]","[1,2,9,50]",3,4,2.316,"[1.341, 1.178]",137.6,55.7,5.4,119.6,329.0,94.2,"[[5.53,1.18,151.5],[7.9,3.9,142.9],[8.42,5.02,124.7]]",250.2
aMal66_TSdh_nn_081_0,2227,-1459.9041,5S1,2SO,1,2,"[2_3,3_6,9_50,10_11]","[1,9,0,50]",-1,0,4,1,4,2.0469999999999997,"[2.845, 0.94]",79.1,60.0,87.0,80.0,160.9,85.8,0,0,"[[6.96,4.11,118.6],[7.5,3.67,140.8],[6.61,4.22,111.7],[8.59,6.36,105.5]]","[[[0, 1],'C_O',2.047,'bb'],[[1, 1],'H_O',2.845,'OH'],[[2, 2],'C_O',1.782,'CO']]",[],E1,1S3,1,2,"[3_6,10_11]","[1,9,50]",2,3,1.913,"[2.419, 0.941]",139.8,61.5,55.5,67.4,207.6,87.7,"[[8.39,4.16,146.2],[8.02,5.67,107.9]]",320.6
aMal200_TSdh_nn_096_2,2044,-1459.9055,5S1,3S1,1,2,"[3_6,10_7,11_50,13_7]","[1,9,11,0,50]",-1,2,4,1,5,2.202,"[1.62, 0.993]",77.1,90.0,105.1,97.5,22.0,88.4,0,0,"[[7.73,4.74,119.6],[8.44,5.34,119.2],[8.77,4.61,141.1],[7.48,5.14,108.9]]","[[[1, 1],'H_O',1.62,'OH'],[[2, 2],'C_O',2.202,'CO']]",[],25B,3S1,1,2,"[1_2,3_6,10_7]","[1,9,11,0,50]",3,5,2.22,"[1.573, 1.011]",91.2,80.0,105.6,96.0,17.1,89.1,"[[6.08,1.01,145.1],[7.86,4.89,118.6],[8.18,5.15,118.6]]",316.9
aMal192_TSdh_nn_018_0,239,-1459.9334,OS2,OS2,2,1,"[9_50,11_13]","[2,9,50]",-1,1,2,0,3,2.835,"[1.756, 0.956]",122.4,75.0,321.6,104.1,319.8,89.0,0,0,"[[6.77,4.29,112.7],[7.93,4.24,134.0]]","[[[1, 1],'C_O',2.835,'CO'],[[2, 2],'H_O',1.756,'OH']]",[],3H2,OS2,2,1,"[3_6,9_11,11_13]","[2,9,50]",3,3,2.5839999999999996,"[1.659, 0.979]",151.5,63.2,336.9,111.4,328.9,94.3,"[[8.44,4.07,151.4],[7.86,3.88,142.5],[8.34,4.96,124.5]]",243.6
aMal132_TSdh_nn_289_0,668,-1459.9215,4H3,4C1,2,1,"[6_50,10_9,11_10]","[2,3]",-1,1,3,0,2,2.965,"[1.717, 0.971]",46.9,60.0,210.3,44.0,226.8,1.4,0,0,"[[8.33,5.02,123.4],[7.84,5.82,103.6],[7.87,5.5,108.6]]","[[[1, 1],'C_O',2.965,'CO'],[[2, 2],'H_O',1.717,'OH']]",[],4H3,4C1,2,1,"[3_13,3_7,6_9,9_10]","[2,3]",4,2,3.362,"[1.712, 0.97]",312.4,90.6,214.1,42.3,215.5,4.4,"[[8.22,4.1,143.5],[9.01,4.94,136.0],[8.23,3.71,163.4],[7.83,5.59,106.6]]",274.9
aMal428_TSdh_nn_184_0,4797,-1459.8823,3S1,3S1,1,2,"[1_2,3_0,6_0,9_11,11_50]","[1,2,9,50]",-1,2,5,2,4,2.164,"[1.388, 1.126]",87.0,60.0,16.2,77.1,26.5,93.0,0,0,"[[5.53,1.13,147.3],[6.62,3.6,123.9],[7.9,6.11,100.4],[8.84,5.16,128.8],[7.77,3.96,138.2]]","[[[1, 1],'H_O',1.388,'OH'],[[2, 2],'C_O',2.164,'CO']]",[],3S1,3OB,1,2,"[1_2,3_0,6_0,9_11]","[1,9,50]",4,3,2.185,"[1.502, 1.043]",54.5,47.3,26.2,79.8,6.8,96.8,"[[6.0,1.04,151.5],[6.55,3.5,124.9],[7.79,5.84,102.6],[7.22,3.46,140.8]]",377.8
aMal14_TSdh_nn_344_1,2403,-1459.9024,E1,1S3,1,2,"[3_6,11_10]","[1,50]",-1,2,2,1,2,1.9069999999999998,"[2.864, 0.935]",99.5,315.0,63.3,67.1,210.3,88.1,0,0,"[[8.44,4.41,139.4],[7.92,5.36,111.5]]","[[[1, 1],'H_O',2.864,'OH'],[[2, 2],'C_O',1.907,'CO']]",[],E1,B3O,1,2,"[3_6,9_10]","[1,9,50]",2,3,1.8969999999999998,"[2.619, 0.938]",132.4,54.3,61.1,66.8,171.9,86.9,"[[8.5,4.35,142.7],[7.55,5.21,108.7]]",325.0
aMal11_TSdh_nn_025_0,553,-1459.9249,3E,1S3,2,1,"[2_1,10_11,13_7]","[1,2,9,50]",-1,1,3,1,4,2.296,"[1.327, 1.192]",151.5,90.0,11.7,115.1,209.0,88.7,0,0,"[[5.5,1.19,151.4],[7.53,5.33,106.6],[7.72,5.26,110.3]]","[[[1, 1],'C_O',2.296,'CO'],[[2, 2],'H_O',1.327,'OH']]",[],3E,1S3,2,1,"[2_1,9_10,10_11,13_6]","[1,2,9,50]",4,4,2.299,"[1.345, 1.177]",146.1,75.0,13.9,123.0,203.3,85.9,"[[5.52,1.18,150.2],[8.14,5.87,106.5],[7.59,5.54,104.3],[7.94,3.52,165.0]]",266.0
aMal350_TSdh_nn_181_1,6451,-1459.8529999999994,1HO,3S1,1,2,"[2_50,9_50,10_7,11_9,13_10]","[1,2,0]",-1,2,5,2,3,2.274,"[3.547, 0.93]",163.0,135.0,191.8,153.0,22.4,90.5,0,0,"[[7.54,3.53,146.4],[7.21,5.31,102.7],[7.72,4.84,117.3],[8.09,6.07,103.3],[8.09,3.89,149.1]]","[[[1, 1],'H_O',3.547,'OH'],[[2, 2],'C_O',2.274,'CO']]",[],1HO,3S1,1,2,"[2_11,2_50,9_11,9_50,10_7,13_10]","[1,2,0]",6,3,2.322,"[3.465, 0.929]",149.4,87.8,195.7,150.3,18.6,91.5,"[[8.02,3.74,151.5],[8.39,5.06,122.7],[8.62,5.26,123.4],[6.76,4.92,102.4],[7.93,5.42,110.7],[8.31,4.25,141.9]]",454.7
aMal209_TSdh_nn_260_0,691,-1459.9207,4E,2SO,2,1,"[2_1,9_50,10_11]","[1,2]",-1,1,3,1,2,2.378,"[1.216, 1.376]",55.8,45.0,229.3,41.4,156.0,81.8,0,0,"[[5.41,1.38,153.5],[6.74,4.53,108.2],[8.62,6.34,106.2]]","[[[1, 1],'C_O',2.378,'CO'],[[2, 2],'H_O',1.216,'OH']]",[],3E,5S1,2,1,"[2_1,10_13,11_50]","[1,2,9,50]",3,4,2.274,"[1.31, 1.227]",60.2,42.8,1.3,121.9,84.2,86.0,"[[5.46,1.23,150.0],[7.99,4.02,141.6],[8.23,4.36,137.2]]",277.0
aMal118_TSdh_nn_187_0,2519,-1459.9012,3S1,1S5,-1,-1,"[1_2,3_6,3_0,9_50,13_7]","[1,2,50]",-1,2,5,2,3,2.253,"[0, 0]",93.2,60.0,25.9,79.2,276.6,86.0,0,0,"[[5.52,1.83,150.5],[7.37,3.27,150.3],[6.94,4.85,104.7],[7.34,4.88,111.1],[8.28,6.33,102.2]]","[[[2, 2],'C_O',2.253,'CO']]",[],3S1,OS2,-1,-1,"[1_2,3_6,3_0,9_11,13_7]","[2,9,50]",5,3,2.286,"[0, 0]",147.3,59.2,28.3,75.5,331.5,95.6,"[[5.79,2.02,154.2],[7.49,3.33,151.1],[6.87,4.76,105.0],[7.47,3.54,144.7],[7.8,5.82,103.1]]",328.2
aMal430_TSdh_nn_020_2,704,-1459.9201,5S1,5S1,1,2,"[1_2,6_3,10_13,11_50]","[1,11,0,50]",-1,2,4,3,4,2.099,"[1.424, 1.091]",78.3,105.0,104.2,102.2,84.4,91.9,0,0,"[[5.69,1.09,149.8],[6.58,4.38,108.2],[8.74,4.23,153.8],[7.62,3.6,147.0]]","[[[1, 1],'H_O',1.424,'OH'],[[2, 2],'C_O',2.099,'CO']]",[],5E,3OB,-1,-1,"[1_2,6_3,9_2,10_7]","[1,9,11,0,50]",4,5,2.176,"[0, 0]",73.3,102.2,110.9,107.6,15.0,89.2,"[[5.54,1.8,153.0],[6.15,3.64,115.1],[7.29,3.16,154.9],[8.23,5.17,119.1]]",278.6
aMal250_TSdh_nn_184_2,4583,-1459.8843,3S1,4C1,1,2,"[1_2,3_0,6_0,9_10,10_11,11_13]","[1,2,50]",-1,2,6,2,3,2.164,"[1.388, 1.126]",87.0,135.0,16.2,77.1,116.8,3.9,0,0,"[[5.53,1.13,147.3],[6.62,3.6,123.9],[7.9,6.11,100.4],[7.82,5.42,109.1],[7.95,5.87,104.3],[7.54,3.88,136.0]]","[[[1, 1],'H_O',1.388,'OH'],[[2, 2],'C_O',2.164,'CO']]",[],3OB,E1,1,2,"[1_2,3_0,6_0,11_13]","[1,2,11,50]",4,4,2.162,"[1.335, 1.176]",98.1,123.8,14.6,76.2,64.2,29.2,"[[5.49,1.18,151.0],[6.65,3.65,123.3],[7.9,6.02,101.6],[7.85,4.49,126.2]]",372.6
aMal195_TSdh_nn_003_1,932,-1459.9156,E4,5S1,2,1,"[2_1,3_6,11_50,13_10]","[1,2,11,50]",-1,1,4,4,4,2.352,"[1.246, 1.323]",173.8,180.0,64.2,124.7,89.8,87.5,0,0,"[[5.45,1.32,153.7],[7.33,3.44,145.5],[7.73,3.73,145.2],[8.7,4.34,148.4]]","[[[1, 1],'C_O',2.352,'CO'],[[2, 2],'H_O',1.246,'OH']]",[],E4,5S1,2,1,"[2_1,3_6]","[1,2,11,7,50]",2,5,2.363,"[1.252, 1.307]",170.3,177.0,66.3,125.4,99.0,87.1,"[[5.49,1.31,155.9],[7.31,3.43,145.5]]",290.4
aMal251_TSdh_nn_273_1,3792,-1459.8908,4C1,5S1,1,2,[10_13],"[1,6]",-1,2,1,1,2,2.056,"[2.33, 0.946]",69.4,15.0,28.6,16.3,87.2,78.2,0,0,"[[8.53,4.47,140.0]]","[[[1, 1],'H_O',2.33,'OH'],[[2, 2],'C_O',2.056,'CO']]",[],OH1,5S1,1,2,"[3_7,10_13]","[1,6]",2,2,2.084,"[2.246, 0.942]",54.1,38.2,19.4,25.3,85.7,80.3,"[[7.89,3.72,150.0],[8.32,4.32,139.6]]",355.5
aMal123_TSdh_nn_181_0,408,-1459.9293,1HO,1C4,1,2,"[2_50,9_11,13_7]","[1,2,0]",-1,2,3,2,3,2.274,"[3.547, 0.93]",163.0,60.0,191.8,153.0,251.8,171.3,0,0,"[[7.54,3.53,146.4],[8.04,4.26,135.5],[7.73,5.17,111.8]]","[[[1, 1],'H_O',3.547,'OH'],[[2, 2],'C_O',2.274,'CO']]",[],25B,1C4,1,2,"[6_3,9_11]","[1,9,0,7,50]",2,5,2.89,"[1.949, 0.939]",172.9,78.3,112.8,100.4,250.8,169.4,"[[6.55,3.65,121.8],[7.41,3.58,142.0]]",254.4
aMal477_TSdh_nn_047_0,5588,-1459.8723,1C4,5S1,-1,-1,"[1_2,2_11,2_50,3_6,10_13,11_2,11_0,11_50]","[3,6]",-1,6,8,4,2,2.2969999999999997,"[0, 0]",163.1,60.0,56.6,173.5,83.2,92.2,0,0,"[[7.16,4.51,114.5],[9.43,6.11,119.9],[7.56,3.85,137.2],[5.8,1.97,155.7],[8.69,4.28,150.6],[9.43,5.96,122.4],[6.48,4.05,112.6],[7.59,3.58,147.2]]","[[[6, 6],'C_O',2.297,'CO']]",[],1C4,5S1,-1,-1,"[1_2,2_11,2_50,3_6,10_13]","[3,6]",5,2,2.32,"[0, 0]",165.9,70.3,39.0,177.1,88.1,82.2,"[[7.19,4.46,116.0],[8.01,3.88,145.8],[7.89,4.61,123.8],[5.92,2.08,154.8],[8.28,4.29,139.6]]",404.1
aMal157_TSdh_nn_096_1,3535,-1459.8928,5S1,1C4,1,2,"[3_6,9_11]","[1,0,50]",-1,2,2,0,3,2.202,"[1.62, 0.993]",77.1,315.0,105.1,97.5,246.6,169.7,0,0,"[[7.73,4.74,119.6],[8.13,4.37,134.2]]","[[[1, 1],'H_O',1.62,'OH'],[[2, 2],'C_O',2.202,'CO'],[[10, 10],'H_O',1.918,'OH'],[[13, 13],'H_O',3.409,'OH']]",[],25B,1C4,1,2,"[3_6,9_11]","[1,0,50]",2,3,2.228,"[1.631, 0.989]",105.8,316.4,109.2,96.8,261.8,174.2,"[[7.91,5.03,116.9],[7.63,3.78,140.7]]",350.2
aMal230_TSdh_nn_346_0,3007,-1459.8967,5H4,5S1,1,2,"[3_6,11_50,13_7]","[1,0]",-1,2,3,2,2,2.045,"[2.168, 0.949]",65.9,60.0,82.3,141.6,86.8,83.6,0,0,"[[7.95,3.98,141.7],[7.87,3.9,142.7],[7.38,4.84,112.3]]","[[[1, 1],'H_O',2.168,'OH'],[[2, 2],'C_O',2.045,'CO']]",[],5H4,5S1,1,2,"[3_6,11_0,11_50]","[1,11,0]",3,3,2.024,"[3.696, 0.954]",133.6,73.4,74.8,140.2,79.1,91.4,"[[7.98,4.0,141.7],[7.62,4.18,128.8],[7.78,3.7,146.9]]",340.0
aMal203_TSdh_nn_344_0,1524,-1459.9101,E1,3S1,1,2,"[3_6,9_50,11_50,13_7]","[1,9,50]",-1,2,4,2,3,1.9069999999999998,"[2.864, 0.935]",99.5,60.0,63.3,67.1,34.0,88.0,0,0,"[[8.44,4.41,139.4],[7.07,4.68,110.5],[7.84,3.88,143.2],[7.39,5.25,106.0]]","[[[1, 1],'H_O',2.864,'OH'],[[2, 2],'C_O',1.907,'CO']]",[],E1,3S1,1,2,[3_6],"[1,9,11,50]",1,4,1.942,"[2.277, 0.944]",107.6,63.2,48.6,69.3,18.9,88.6,"[[8.27,3.98,150.2]]",304.8
aMal242_TSdh_nn_093_2,3777,-1459.8909,B3O,1C4,3,2,"[2_1,9_50,11_9]","[3,50]",3,2,3,1,2,2.039,"[2.819, 0.933]",276.4,120.0,168.2,75.7,218.1,175.8,0,0,"[[6.8,4.34,112.3],[7.26,4.73,112.4],[7.91,4.07,138.1]]","[[[3, 4],'C_C',1.832,'bb'],[[2, 2],'C_O',2.039,'CO'],[[3, 3],'H_O',2.819,'OH']]",[],B3O,1C4,3,2,"[2_1,9_50,11_9]","[3,13,7]",3,3,2.057,"[2.655, 0.935]",296.7,125.8,172.4,75.2,287.7,170.0,"[[6.95,4.4,113.4],[7.62,5.34,107.7],[7.74,3.98,137.2]]",355.2
aMal118_TSdh_nn_015_0,2371,-1459.9028,3OB,1S5,3,2,"[2_1,9_50,13_7]","[3,6,0]",-1,2,3,0,3,1.87,"[3.851, 0.954]",85.4,60.0,348.1,87.3,276.6,86.0,0,0,"[[6.28,3.81,113.8],[7.34,4.88,111.1],[8.28,6.33,102.2]]","[[[2, 2],'C_O',1.87,'CO'],[[3, 3],'H_O',3.851,'OH']]",[],3OB,1S5,3,2,"[2_1,9_50]","[3,6,0]",2,3,1.865,"[3.86, 0.952]",86.0,65.4,349.4,87.1,271.3,86.2,"[[6.26,3.72,115.4],[7.7,5.59,105.2]]",324.0
aMal10_TSdh_nn_018_0,421,-1459.9289999999999,OS2,3S1,2,1,"[9_11,10_7,11_50]","[2,11,50]",-1,1,3,1,3,2.835,"[1.756, 0.956]",122.4,75.0,321.6,104.1,23.8,90.5,0,0,"[[9.72,6.2,122.8],[8.4,5.39,117.7],[7.8,4.01,138.0]]","[[[1, 1],'C_O',2.835,'CO'],[[2, 2],'H_O',1.756,'OH']]",[],OS2,3S1,2,1,[10_7],"[2,9,11,50]",1,4,2.7710000000000004,"[1.688, 0.97]",124.4,82.1,324.0,105.2,19.6,89.0,"[[8.37,5.33,118.3]]",255.2
aMal29_TSdh_nn_184_0,3601,-1459.8923,3S1,OS2,1,2,"[1_2,3_0,6_0,9_11,13_7]","[1,2,50]",-1,2,5,2,3,2.164,"[1.388, 1.126]",87.0,60.0,16.2,77.1,332.9,91.5,0,0,"[[5.53,1.13,147.3],[6.62,3.6,123.9],[7.9,6.11,100.4],[8.41,4.22,145.1],[7.73,5.43,107.9]]","[[[1, 1],'H_O',1.388,'OH'],[[2, 2],'C_O',2.164,'CO']]",[],3S1,OS2,1,2,"[1_2,3_0,9_11,13_6]","[1,2,9,50]",4,4,2.166,"[1.34, 1.175]",151.3,58.9,18.8,75.3,325.8,95.5,"[[5.48,1.17,149.7],[6.62,3.55,124.7],[7.78,4.12,133.7],[8.0,3.63,159.0]]",351.6
aMal306_TSdh_nn_184_0,3807,-1459.8907,3S1,4C1,1,2,"[1_2,3_0,6_0,9_10,11_10]","[1,2,50]",-1,2,5,1,3,2.164,"[1.388, 1.126]",87.0,60.0,16.2,77.1,275.7,4.7,0,0,"[[5.53,1.13,147.3],[6.62,3.6,123.9],[7.9,6.11,100.4],[8.42,6.01,108.2],[8.24,5.65,111.3]]","[[[1, 1],'H_O',1.388,'OH'],[[2, 2],'C_O',2.164,'CO']]",[],3S1,4C1,1,2,"[1_2,3_0,6_0,9_10]","[1,2,9,50]",4,4,2.155,"[1.378, 1.134]",79.0,46.2,20.2,77.5,292.0,11.8,"[[5.55,1.13,149.3],[6.6,3.55,124.5],[7.95,6.08,101.5],[8.18,6.02,105.0]]",355.8
aMal259_TSdh_nn_165_2,3230,-1459.8951,E1,5S1,1,2,[9_50],"[1,11,50]",-1,2,1,0,3,1.9340000000000002,"[2.2, 0.948]",96.2,105.0,50.0,66.0,83.3,89.3,0,0,"[[7.67,5.02,113.5]]","[[[1, 1],'H_O',2.2,'OH'],[[2, 2],'C_O',1.934,'CO']]",[],B14,5S1,1,2,"[2_9,9_1,9_50,10_13]","[1,11,50]",4,3,1.952,"[3.469, 0.932]",60.8,113.2,49.8,74.2,88.0,97.8,"[[7.2,3.19,149.7],[7.07,2.83,167.0],[7.2,5.4,100.2],[8.27,3.95,151.5]]",344.2
aMal97_TSdh_nn_184_1,6137,-1459.8642,3S1,1C4,1,2,"[1_2,3_0,6_0,11_9,11_7,13_10]","[1,2,50]",-1,2,6,1,3,2.164,"[1.388, 1.126]",87.0,315.0,16.2,77.1,144.5,178.8,0,0,"[[5.53,1.13,147.3],[6.62,3.6,123.9],[7.9,6.11,100.4],[7.92,4.7,123.2],[8.53,6.37,104.6],[8.44,4.64,133.8]]","[[[1, 1],'H_O',1.388,'OH'],[[2, 2],'C_O',2.164,'CO']]",[],3OB,1C4,1,2,"[1_2,3_0,6_0,11_9,13_10]","[1,2,50]",5,3,2.1519999999999997,"[1.333, 1.186]",95.2,320.5,14.3,75.4,5.5,178.5,"[[5.45,1.19,148.9],[6.69,3.75,121.7],[7.74,5.81,102.5],[8.02,4.83,122.3],[9.1,5.47,126.9]]",425.3
aMal77_TSdh_nn_001_0,360,-1459.9304,3H4,1C4,2,1,"[2_1,9_11,13_6,13_7]","[1,2,9,50]",-1,1,4,2,4,2.267,"[1.282, 1.257]",167.5,75.0,33.3,120.5,235.8,174.2,0,0,"[[5.43,1.26,151.8],[7.9,4.06,138.3],[9.2,5.77,122.7],[7.77,5.26,111.0]]","[[[1, 1],'C_O',2.267,'CO'],[[2, 2],'H_O',1.282,'OH']]",[],3E,1C4,2,1,"[2_1,9_11]","[1,2,9,50]",2,4,2.313,"[1.306, 1.218]",162.2,83.2,12.6,120.7,234.9,169.9,"[[5.49,1.22,152.7],[7.52,3.61,143.3]]",251.5
aMal234_TSdh_nn_273_1,2406,-1459.9024,4C1,4C1,1,2,"[10_9,11_10,13_7]","[1,6]",-1,2,3,0,2,2.056,"[2.33, 0.946]",69.4,45.0,28.6,16.3,180.0,1.7,0,0,"[[7.83,5.83,103.4],[7.94,5.63,107.6],[7.65,5.48,106.0]]","[[[1, 1],'H_O',2.33,'OH'],[[2, 2],'C_O',2.056,'CO']]",[],4C1,4C1,1,2,"[3_2,9_3,9_50,10_9,11_10]","[1,6]",5,2,2.056,"[2.328, 0.947]",131.1,94.9,25.1,14.3,241.7,3.7,"[[8.74,6.17,110.0],[10.41,5.61,147.9],[7.58,5.16,109.9],[8.54,6.48,103.3],[7.98,5.85,104.9]]",325.0
aMal351_TSdh_nn_273_2,1621,-1459.9094,4C1,4C1,1,2,"[9_3,11_13]","[1,6]",-1,2,2,1,2,2.056,"[2.33, 0.946]",69.4,120.0,28.6,16.3,24.6,2.7,0,0,"[[7.11,5.0,106.1],[7.52,3.83,137.2]]","[[[1, 1],'H_O',2.33,'OH'],[[2, 2],'C_O',2.056,'CO']]",[],4C1,4C1,1,2,"[3_9,9_10,10_11,11_13]","[1,6]",4,2,2.09,"[2.362, 0.938]",103.5,115.0,23.5,20.3,122.4,4.3,"[[7.69,3.32,164.3],[7.79,5.52,107.1],[8.07,6.16,101.9],[7.53,3.97,133.0]]",306.7
aMal276_TSdh_nn_356_2,3328,-1459.8942,E3,5S1,-1,-1,"[2_1,9_50,13_10]","[1,2,3]",-1,1,3,2,3,2.511,"[0, 0]",57.3,105.0,179.2,49.3,84.9,92.0,0,0,"[[5.42,1.66,150.2],[7.59,4.9,114.3],[8.55,4.54,138.6]]","[[[1, 1],'C_O',2.511,'CO']]",[],E3,5S1,-1,-1,"[2_1,3_7,9_50,13_10]","[1,2,3]",4,3,2.565,"[0, 0]",64.2,29.3,182.6,49.4,90.9,93.2,"[[5.51,1.85,148.9],[7.55,3.94,133.7],[7.38,5.18,106.7],[8.63,4.57,139.2]]",346.6
aMal94_TSdh_nn_116_1,6107,-1459.8647,5S1,3S1,3,6,"[1_50,2_1,3_6,9_50,13_7]","[2,3]",-1,6,5,2,2,2.221,"[1.518, 1.069]",79.2,45.0,83.4,88.7,36.5,86.0,0,0,"[[7.67,3.64,146.4],[8.67,6.29,107.3],[6.4,1.07,164.7],[7.46,4.66,116.7],[7.43,5.19,107.3]]","[[[3, 3],'H_O',1.518,'OH'],[[6, 6],'C_O',2.221,'CO']]",[],5S1,3S1,3,6,"[1_9,1_50,2_1,3_6,9_11]","[2,3]",5,2,2.213,"[1.517, 1.069]",94.9,57.5,83.3,89.3,17.0,93.4,"[[10.32,5.69,142.7],[7.52,3.68,141.0],[8.56,6.12,108.2],[6.42,1.07,166.5],[8.54,4.74,133.1]]",424.0
aMal192_TSdh_nn_211_1,3228,-1459.8951,5S1,OS2,2,1,"[1_50,3_6,9_50,11_13]","[2,3]",-1,1,4,1,2,2.302,"[3.52, 0.923]",77.3,-0.0,104.7,92.6,319.8,89.0,0,0,"[[7.91,4.84,120.4],[8.42,4.46,137.6],[6.77,4.29,112.7],[7.93,4.24,134.0]]","[[[1, 1],'C_O',2.302,'CO'],[[2, 2],'H_O',3.52,'OH']]",[],5S1,OS2,2,1,"[1_50,3_6,11_13]","[2,3]",3,2,2.36,"[3.875, 0.924]",79.0,356.1,101.0,93.1,315.2,92.4,"[[7.5,3.71,140.2],[8.53,4.49,139.1],[8.01,4.42,131.0]]",344.2
aMal356_TSdh_nn_064_1,6261,-1459.8618,5S1,3S1,3,6,"[1_50,2_1,3_6,9_50,13_10]","[2,3]",-1,6,5,3,2,2.206,"[1.495, 1.082]",163.5,150.0,83.9,89.5,29.7,84.2,0,0,"[[7.55,3.58,145.7],[8.61,6.22,107.6],[6.32,1.08,164.9],[7.46,4.7,116.1],[7.72,3.94,138.3]]","[[[3, 3],'H_O',1.495,'OH'],[[6, 6],'C_O',2.206,'CO']]",[],5S1,3OB,3,6,"[1_50,2_1,3_6,9_11,10_13]","[2,3]",5,2,2.2119999999999997,"[1.479, 1.091]",151.2,159.1,84.4,89.9,10.0,93.7,"[[7.3,3.35,147.4],[8.48,6.04,108.4],[6.29,1.09,166.9],[8.04,4.27,135.1],[7.84,3.52,158.5]]",431.6
aMal462_TSdh_nn_351_2,6177,-1459.8634,2SO,5S1,2,3,"[3_11,3_50,13_7]","[1,2]",1,3,3,1,2,1.96,"[3.148, 0.931]",179.6,165.0,154.3,83.9,85.4,85.5,0,0,"[[10.44,5.43,154.9],[7.65,5.83,100.9],[7.42,4.86,112.5]]","[[[1, 2],'C_C',1.819,'bb'],[[2, 2],'H_O',3.148,'OH'],[[3, 3],'C_O',1.96,'CO']]",[],2SO,5S1,2,3,"[3_11,3_50,13_7]","[1,2]",3,2,1.9569999999999999,"[3.052, 0.925]",185.1,178.5,154.6,84.2,91.8,79.7,"[[7.56,3.17,169.3],[7.46,5.64,100.7],[7.33,4.91,110.5]]",427.4
aMal248_TSdh_nn_096_2,1785,-1459.9079,5S1,5S1,1,2,"[3_6,11_50,13_7]","[1,11,0,50]",-1,2,3,1,4,2.202,"[1.62, 0.993]",77.1,105.0,105.1,97.5,87.5,82.2,0,0,"[[7.73,4.74,119.6],[7.96,4.0,141.7],[7.39,4.83,112.7]]","[[[1, 1],'H_O',1.62,'OH'],[[2, 2],'C_O',2.202,'CO']]",[],5S1,3OB,1,2,"[1_2,10_7]","[1,9,11,0,50]",2,5,2.116,"[1.407, 1.11]",92.5,76.5,100.4,98.7,12.8,89.1,"[[5.68,1.11,151.0],[8.14,5.09,119.2]]",310.6
aMal229_TSdh_nn_273_2,3204,-1459.8952,4C1,3S1,1,2,"[10_7,11_9,13_7]","[1,6]",-1,2,3,0,2,2.056,"[2.33, 0.946]",69.4,120.0,28.6,16.3,22.2,90.0,0,0,"[[8.16,5.11,119.2],[8.25,6.14,104.3],[7.5,5.16,108.8]]","[[[1, 1],'H_O',2.33,'OH'],[[2, 2],'C_O',2.056,'CO']]",[],4C1,OS2,1,2,"[3_2,6_13,9_50,10_7,11_9]","[1,6]",5,2,2.033,"[2.273, 0.949]",150.5,84.9,29.6,17.5,334.3,91.8,"[[8.7,6.33,107.3],[7.76,3.44,159.6],[6.72,4.85,102.8],[8.2,5.25,117.3],[8.08,4.53,129.7]]",343.9
aMal248_TSdh_nn_047_1,6215,-1459.8626,1C4,5S1,-1,-1,"[1_2,2_50,3_6,11_50,13_7]","[3,6]",-1,6,5,3,2,2.2969999999999997,"[0, 0]",163.1,195.0,56.6,173.5,87.5,82.2,0,0,"[[7.16,4.51,114.5],[7.56,3.85,137.2],[5.8,1.97,155.7],[7.96,4.0,141.7],[7.39,4.83,112.7]]","[[[6, 6],'C_O',2.297,'CO']]",[],1C4,5S1,-1,-1,"[1_2,2_50,3_6,11_50,13_7]","[3,6]",5,2,2.332,"[0, 0]",192.7,177.4,81.0,175.9,88.3,85.9,"[[7.22,4.58,114.1],[7.78,4.02,137.0],[5.82,1.96,156.4],[8.02,4.16,138.1],[7.49,5.11,109.6]]",429.5
aMal228_TSdh_nn_018_1,873,-1459.9168,OS2,5S1,2,1,[],"[2,11,50]",-1,1,0,0,3,2.835,"[1.756, 0.956]",122.4,165.0,321.6,104.1,86.0,84.4,0,0,[],"[[[1, 1],'C_O',2.835,'CO'],[[2, 2],'H_O',1.756,'OH']]",[],OS2,5S1,2,1,[],"[2,11,50]",0,3,2.7760000000000002,"[1.708, 0.966]",121.2,155.2,319.3,101.2,99.8,83.1,[],287.2
aMal296_TSdh_nn_184_2,5392,-1459.8752,3S1,2SO,1,2,"[1_2,3_0,6_0,11_10]","[1,2,50]",-1,2,4,1,3,2.164,"[1.388, 1.126]",87.0,135.0,16.2,77.1,160.4,81.5,0,0,"[[5.53,1.13,147.3],[6.62,3.6,123.9],[7.9,6.11,100.4],[8.47,6.38,103.8]]","[[[1, 1],'H_O',1.388,'OH'],[[2, 2],'C_O',2.164,'CO']]",[],3S1,2SO,1,2,"[1_2,3_0,6_0,9_10]","[1,2,7,50]",4,4,2.165,"[1.393, 1.117]",136.2,158.9,21.8,79.9,160.5,83.6,"[[5.61,1.12,150.2],[6.64,3.62,123.7],[7.76,5.8,102.9],[7.27,4.88,109.9]]",396.5
aMal464_TSdh_nn_340_0,5107,-1459.8785,B3O,OS2,3,2,"[2_1,9_50,11_13]","[3,9,50]",3,2,3,0,3,2.023,"[2.855, 0.933]",273.9,45.0,167.4,80.7,319.0,88.7,0,0,"[[6.71,4.24,112.5],[6.78,4.36,111.8],[7.87,4.16,134.7]]","[[[3, 4],'C_C',1.846,'bb'],[[2, 2],'C_O',2.023,'CO'],[[3, 3],'H_O',2.855,'OH']]",[],1S3,OS2,3,2,"[2_1,6_0,9_3,9_50,11_13]","[3,9,11]",5,3,2.008,"[2.997, 0.93]",277.0,20.9,200.0,73.7,328.5,94.3,"[[6.45,3.71,118.9],[8.2,6.29,101.7],[7.21,3.94,126.6],[6.41,3.68,118.3],[8.0,4.76,123.0]]",387.8
aMal55_TSdh_nn_292_1,3627,-1459.892,2H3,5S1,1,2,"[3_50,9_50]","[1,0]",-1,0,2,0,2,2.208,"[3.627, 0.975]",159.2,45.0,140.7,65.4,87.2,89.1,0,0,"[[8.21,6.37,100.8],[7.76,5.13,112.8]]","[[[0, 1],'C_O',2.208,'bb'],[[1, 1],'H_O',3.627,'OH'],[[2, 2],'C_O',1.759,'CO']]",[],5S1,25B,1,2,[9_50],"[1,11,0,7,50]",1,5,2.02,"[3.837, 0.958]",169.1,99.3,93.4,76.4,117.8,94.0,"[[7.28,5.07,107.1]]",352.3
aMal429_TSdh_nn_184_2,4116,-1459.8884,3S1,OS2,1,2,"[1_2,3_0,6_0,9_2,9_50,11_9]","[1,2,50]",-1,2,6,1,3,2.164,"[1.388, 1.126]",87.0,165.0,16.2,77.1,333.0,94.5,0,0,"[[5.53,1.13,147.3],[6.62,3.6,123.9],[7.9,6.11,100.4],[6.24,3.24,126.5],[6.65,4.17,113.1],[7.99,4.39,131.3]]","[[[1, 1],'H_O',1.388,'OH'],[[2, 2],'C_O',2.164,'CO']]",[],3S1,1C4,-1,-1,"[1_2,3_0,6_0,9_2,10_13]","[2,9,11,7]",5,4,2.29,"[0, 0]",100.4,157.1,19.4,77.6,66.7,175.2,"[[6.09,2.2,159.1],[6.34,3.44,122.1],[7.83,5.84,103.1],[6.89,2.92,152.0],[8.15,4.64,128.2]]",361.8
aMal350_TSdh_nn_165_2,2152,-1459.9046,E1,3S1,1,2,"[9_50,10_7,11_9,13_10]","[1,11,50]",-1,2,4,1,3,1.9340000000000002,"[2.2, 0.948]",96.2,105.0,50.0,66.0,22.4,90.5,0,0,"[[7.21,5.31,102.7],[7.72,4.84,117.3],[8.09,6.07,103.3],[8.09,3.89,149.1]]","[[[1, 1],'H_O',2.2,'OH'],[[2, 2],'C_O',1.934,'CO']]",[],E1,3S1,1,2,"[6_0,10_13]","[1,9,11,50]",2,4,1.945,"[2.122, 0.953]",106.2,64.3,47.5,66.9,19.1,88.3,"[[7.97,6.19,100.3],[7.72,3.46,156.7]]",319.3
aMal270_TSdh_nn_111_1,5484,-1459.8737,1S3,3S1,1,2,"[9_11,10_7,11_50]","[1,6,0]",-1,2,3,0,3,2.085,"[2.165, 0.949]",67.3,45.0,198.3,87.7,19.2,92.4,0,0,"[[7.96,4.34,131.9],[8.07,5.01,119.6],[8.35,4.95,125.1]]","[[[1, 1],'H_O',2.165,'OH'],[[2, 2],'C_O',2.085,'CO']]",[],1S3,3S1,1,2,"[10_7,11_9,11_50]","[1,6,0]",3,3,2.037,"[2.171, 0.953]",87.1,55.7,204.7,85.4,23.8,91.2,"[[8.36,5.37,117.4],[9.12,5.05,136.3],[8.07,4.83,123.0]]",400.4
aMal181_TSdh_nn_116_0,5578,-1459.8723,5S1,5S1,3,6,"[1_50,2_1,3_6,13_10]","[2,3]",-1,6,4,3,2,2.221,"[1.518, 1.069]",79.2,60.0,83.4,88.7,84.9,83.9,0,0,"[[7.67,3.64,146.4],[8.67,6.29,107.3],[6.4,1.07,164.7],[8.22,4.05,146.5]]","[[[3, 3],'H_O',1.518,'OH'],[[6, 6],'C_O',2.221,'CO']]",[],5S1,5S1,3,6,"[1_50,2_1,3_6,13_10]","[2,3]",4,2,2.233,"[1.514, 1.069]",128.7,43.5,82.7,88.5,98.3,85.5,"[[7.52,3.56,145.3],[8.65,6.24,107.8],[6.41,1.07,167.1],[8.8,5.03,131.0]]",404.1
aMal220_TSdh_nn_273_0,4069,-1459.8886,4C1,1S3,1,2,[],"[1,6]",-1,2,0,0,2,2.056,"[2.33, 0.946]",69.4,60.0,28.6,16.3,207.2,87.7,0,0,[],"[[[1, 1],'H_O',2.33,'OH'],[[2, 2],'C_O',2.056,'CO']]",[],4C1,1S3,1,2,"[9_50,11_10]","[1,6]",2,2,2.065,"[2.199, 0.95]",136.2,64.5,25.9,16.3,213.6,88.2,"[[7.1,5.11,104.2],[7.49,5.15,108.8]]",361.3
aMal339_TSdh_nn_353_1,2645,-1459.9,25B,OS2,2,1,"[3_6,9_11,11_13]","[2,3]",-1,1,3,1,2,3.1460000000000004,"[1.744, 0.961]",163.0,195.0,111.4,92.7,331.6,90.9,0,0,"[[8.41,4.57,134.8],[8.46,4.31,143.2],[8.27,4.72,128.6]]","[[[1, 1],'C_O',3.146,'CO'],[[2, 2],'H_O',1.744,'OH']]",[],5S1,OS2,2,1,"[3_6,9_11,11_13]","[2,3]",3,2,3.34,"[1.666, 0.977]",118.6,188.9,99.5,97.9,332.0,91.9,"[[8.09,4.19,138.4],[8.06,3.95,145.4],[8.44,5.01,125.2]]",331.3
aMal228_TSdh_nn_016_0,2625,-1459.9002,E3,5S1,-1,-1,"[2_1,3_50]","[1,2,3]",-1,1,2,1,3,2.528,"[0, 0]",150.8,60.0,164.8,62.8,86.0,84.4,0,0,"[[5.51,1.86,148.4],[7.95,5.58,108.4]]","[[[1, 1],'C_O',2.528,'CO']]",[],2H3,5S1,-1,-1,"[2_1,3_50]","[1,2,3]",2,3,2.6039999999999996,"[0, 0]",157.0,59.5,162.5,65.9,96.0,81.4,"[[5.55,1.87,149.5],[7.78,5.43,108.3]]",330.8
aMal300_TSdh_nn_302_0,1403,-1459.9112,E1,4C1,1,2,"[2_3,9_10,11_10]","[1,50]",-1,2,3,0,2,1.886,"[2.964, 0.935]",115.1,75.0,56.5,54.7,75.9,1.1,0,0,"[[8.38,6.41,102.1],[8.24,5.64,111.4],[8.29,5.74,110.5]]","[[[1, 1],'H_O',2.964,'OH'],[[2, 2],'C_O',1.886,'CO']]",[],E1,4C1,1,2,"[2_3,3_6,9_10]","[1,9,50]",3,3,1.911,"[2.885, 0.936]",89.9,53.5,70.1,67.9,298.3,7.9,"[[8.55,6.23,106.6],[8.34,4.44,136.6],[8.1,6.03,103.8]]",301.9
aMal359_TSdh_nn_177_0,3751,-1459.8911,5S1,B3O,1,2,"[6_3,9_10,11_10]","[1,9,0,50]",-1,2,3,0,4,2.239,"[1.808, 0.958]",92.6,60.0,104.5,99.7,167.9,87.3,0,0,"[[8.95,5.09,132.3],[7.73,5.04,114.0],[8.73,6.49,105.6]]","[[[1, 1],'H_O',1.808,'OH'],[[2, 2],'C_O',2.239,'CO']]",[],5S1,5S1,1,2,"[6_3,10_13]","[1,9,0,50]",2,4,2.2430000000000003,"[1.724, 0.971]",71.0,35.4,104.0,102.1,86.2,84.5,"[[8.41,4.53,136.0],[8.1,4.15,140.0]]",354.7
aMal97_TSdh_nn_119_1,4996,-1459.8797,E1,1C4,1,2,"[2_3,6_0,11_9,11_7,13_10]","[1,50]",-1,2,5,0,2,1.844,"[3.695, 0.935]",91.3,315.0,55.4,53.3,144.5,178.8,0,0,"[[7.8,5.6,105.9],[7.91,6.08,100.9],[7.92,4.7,123.2],[8.53,6.37,104.6],[8.44,4.64,133.8]]","[[[1, 1],'H_O',3.695,'OH'],[[2, 2],'C_O',1.844,'CO']]",[],E1,1C4,1,2,"[2_3,3_7,6_0,11_9,13_10]","[1,50]",5,2,1.874,"[3.82, 0.934]",91.2,317.5,56.2,48.7,35.4,178.5,"[[7.51,4.86,113.4],[7.82,3.95,139.7],[7.87,6.0,101.5],[8.02,4.58,127.4],[8.86,5.22,128.0]]",384.6
aMal384_TSdh_nn_001_0,326,-1459.931,3H4,OS2,2,1,"[2_1,9_50,11_9,13_11]","[1,2,9,50]",-1,1,4,2,4,2.267,"[1.282, 1.257]",167.5,105.0,33.3,120.5,329.1,91.4,0,0,"[[5.43,1.26,151.8],[6.74,4.34,111.4],[8.68,5.1,127.3],[8.87,4.73,139.9]]","[[[1, 1],'C_O',2.267,'CO'],[[2, 2],'H_O',1.282,'OH']]",[],3E,OS2,2,1,"[2_1,9_11,11_13]","[1,2,9,50]",3,4,2.315,"[1.379, 1.133]",146.0,53.4,354.7,111.5,328.5,94.4,"[[5.61,1.13,151.3],[7.89,3.91,142.3],[8.31,4.89,125.3]]",249.9
aMal223_TSdh_nn_001_0,53,-1459.9403,3H4,3S1,2,1,"[2_1,10_13,11_50]","[1,2,11,50]",-1,1,3,3,4,2.267,"[1.282, 1.257]",167.5,150.0,33.3,120.5,31.6,86.2,0,0,"[[5.43,1.26,151.8],[7.98,3.54,164.2],[8.17,4.12,143.0]]","[[[1, 1],'C_O',2.267,'CO'],[[2, 2],'H_O',1.282,'OH']]",[],3H4,3S1,2,1,"[2_1,10_13,11_1]","[2,9,11,50]",3,4,2.298,"[1.338, 1.184]",158.9,81.8,17.1,121.5,25.2,87.9,"[[5.7,1.18,159.2],[7.58,3.34,158.9],[7.45,3.34,152.3]]",225.5
aMal213_TSdh_nn_015_0,1539,-1459.91,3OB,5S1,3,2,[2_1],"[3,6,0]",-1,2,1,0,3,1.87,"[3.851, 0.954]",85.4,60.0,348.1,87.3,87.6,79.2,0,0,"[[6.28,3.81,113.8]]","[[[2, 2],'C_O',1.87,'CO'],[[3, 3],'H_O',3.851,'OH']]",[],3OB,5S1,3,2,[2_1],"[3,6,0]",1,3,1.869,"[3.998, 0.963]",86.7,59.3,351.3,87.6,93.2,77.6,"[[6.31,3.67,117.3]]",305.1
aMal76_TSdh_nn_290_0,1717,-1459.9084,E1,4C1,1,2,"[9_10,10_11,13_7]","[1,50]",-1,2,3,0,2,1.9369999999999998,"[2.298, 0.945]",97.3,60.0,56.6,59.7,195.3,1.3,0,0,"[[8.04,5.86,105.6],[8.33,5.99,107.4],[7.48,5.4,105.0]]","[[[1, 1],'H_O',2.298,'OH'],[[2, 2],'C_O',1.937,'CO']]",[],E1,4C1,1,2,"[2_3,3_6,9_10,10_11]","[1,9,50]",4,3,1.909,"[2.911, 0.936]",80.2,56.0,69.4,67.6,185.7,3.7,"[[8.5,6.22,106.1],[8.41,4.48,136.9],[7.6,5.7,102.1],[8.38,6.1,106.5]]",309.3
aMal465_TSdh_nn_181_2,6462,-1459.852,1HO,5S1,1,2,[2_50],"[1,2,0]",-1,2,1,1,3,2.274,"[3.547, 0.93]",163.0,180.0,191.8,153.0,83.1,83.7,0,0,"[[7.54,3.53,146.4]]","[[[1, 1],'H_O',3.547,'OH'],[[2, 2],'C_O',2.274,'CO']]",[],EO,5S1,1,2,[2_50],"[1,2,0]",1,3,2.272,"[3.549, 0.928]",161.4,191.5,188.4,155.0,86.1,81.3,"[[7.24,3.25,149.0]]",457.4
aMal382_TSdh_nn_184_0,3879,-1459.8902,3S1,OS2,1,2,"[1_2,3_0,6_0,9_50,11_9]","[1,2,50]",-1,2,5,1,3,2.164,"[1.388, 1.126]",87.0,60.0,16.2,77.1,329.7,92.5,0,0,"[[5.53,1.13,147.3],[6.62,3.6,123.9],[7.9,6.11,100.4],[6.7,4.22,113.0],[8.5,4.87,129.4]]","[[[1, 1],'H_O',1.388,'OH'],[[2, 2],'C_O',2.164,'CO']]",[],3S1,OS2,1,2,"[1_2,3_0,9_11,10_13,10_7]","[1,2,9,50]",5,4,2.161,"[1.325, 1.192]",147.4,50.9,18.3,75.1,334.8,103.5,"[[5.46,1.19,150.1],[6.6,3.57,123.9],[7.06,3.27,144.1],[9.75,4.95,153.5],[8.09,6.02,103.8]]",357.1
aMal462_TSdh_nn_073_1,4411,-1459.8859,1S3,5S1,3,2,"[1_2,13_7]","[3,11,50]",3,2,2,0,3,2.136,"[2.377, 0.941]",166.4,135.0,197.5,75.2,85.4,85.5,0,0,"[[7.75,5.56,106.0],[7.42,4.86,112.5]]","[[[3, 4],'C_C',1.726,'bb'],[[2, 2],'C_O',2.136,'CO'],[[3, 3],'H_O',2.377,'OH']]",[],B3O,3S1,3,2,[1_2],"[3,9,11,50]",1,4,2.175,"[2.087, 0.953]",181.2,87.1,189.2,77.0,23.2,88.9,"[[7.88,5.01,116.6]]",368.4
aMal217_TSdh_nn_015_0,1301,-1459.9119,3OB,5S1,3,2,"[2_1,11_50]","[3,6,0]",-1,2,2,1,3,1.87,"[3.851, 0.954]",85.4,60.0,348.1,87.3,89.5,80.8,0,0,"[[6.28,3.81,113.8],[8.3,4.28,140.4]]","[[[2, 2],'C_O',1.87,'CO'],[[3, 3],'H_O',3.851,'OH']]",[],3OB,5S1,3,2,"[2_1,11_50]","[3,6,0]",2,3,1.8769999999999998,"[3.996, 0.974]",76.1,86.4,352.3,84.4,91.7,83.1,"[[6.34,3.86,113.9],[8.42,4.3,142.9]]",300.1
aMal200_TSdh_nn_153_1,3481,-1459.8933,5S1,3S1,1,2,"[3_6,10_7,11_50,13_7]","[1,9,0,50]",-1,2,4,2,4,2.238,"[1.856, 0.949]",84.3,45.0,103.8,102.0,22.0,88.4,0,0,"[[8.2,3.94,149.4],[8.44,5.34,119.2],[8.77,4.61,141.1],[7.48,5.14,108.9]]","[[[1, 1],'H_O',1.856,'OH'],[[2, 2],'C_O',2.238,'CO']]",[],5S1,3S1,1,2,"[3_6,10_7]","[1,9,11,0,50]",2,5,2.245,"[1.758, 0.96]",94.3,79.0,102.6,101.5,17.0,89.2,"[[7.83,3.68,149.6],[8.15,5.13,118.7]]",348.9
aMal241_TSdh_nn_274_2,4799,-1459.8823,1S3,5S1,1,2,[11_50],"[1,6,0]",-1,2,1,1,3,2.073,"[2.207, 0.949]",64.7,120.0,198.7,88.6,85.9,84.4,0,0,"[[7.8,3.83,143.6]]","[[[1, 1],'H_O',2.207,'OH'],[[2, 2],'C_O',2.073,'CO']]",[],1S3,5S1,1,2,"[3_9,11_50]","[1,6,0]",2,3,2.065,"[2.239, 0.945]",101.5,97.2,202.2,88.9,87.7,87.5,"[[8.24,3.72,162.1],[7.8,3.77,146.0]]",377.8
aMal251_TSdh_nn_188_2,628,-1459.9228,25B,5S1,1,2,"[6_0,10_13]","[1,11,0,50]",-1,2,2,1,4,2.265,"[1.838, 0.955]",89.1,165.0,108.5,97.3,87.2,78.2,0,0,"[[7.99,5.67,107.7],[8.53,4.47,140.0]]","[[[1, 1],'H_O',1.838,'OH'],[[2, 2],'C_O',2.265,'CO']]",[],5E,5S1,-1,-1,"[1_2,3_9,6_3,10_13,11_2]","[1,11,0,50]",5,4,2.174,"[0, 0]",97.7,170.7,113.4,107.7,84.3,88.4,"[[5.55,1.81,153.4],[8.65,5.01,128.8],[6.46,3.87,115.5],[7.83,3.84,143.8],[7.2,3.1,154.5]]",271.5
aMal163_TSdh_nn_050_1,3089,-1459.8961,4C1,1S3,3,2,"[2_1,10_11,11_13]","[3,9,50]",3,2,3,0,3,2.077,"[3.074, 0.932]",277.2,30.0,189.2,13.7,211.4,88.1,0,0,"[[8.05,5.93,104.6],[7.54,5.2,108.6],[7.99,4.5,128.7]]","[[[3, 4],'C_C',1.808,'bb'],[[2, 2],'C_O',2.077,'CO'],[[3, 3],'H_O',3.074,'OH']]",[],4C1,1S3,3,2,"[10_11,11_13]","[3,9,7,50]",2,4,2.045,"[2.658, 0.939]",276.1,79.8,193.7,13.9,221.6,92.5,"[[7.63,5.42,106.6],[7.81,4.47,126.1]]",341.6
aMal39_TSdh_nn_327_1,3818,-1459.8906,E1,1S3,1,2,"[2_3,9_6,9_50,11_10,13_3,13_7]",[1],-1,2,6,1,1,1.98,"[2.875, 0.931]",84.1,330.0,52.1,25.6,211.6,88.1,0,0,"[[7.42,4.72,114.6],[7.78,5.33,110.0],[6.82,4.32,113.0],[7.49,5.11,109.3],[7.94,3.75,151.1],[7.99,5.54,109.7]]","[[[1, 1],'H_O',2.875,'OH'],[[2, 2],'C_O',1.98,'CO']]",[],4C1,1S5,1,2,"[2_3,3_13,3_7,9_6]",[1],4,1,1.994,"[3.067, 0.929]",102.6,310.7,50.0,20.7,275.7,88.7,"[[6.53,3.31,129.5],[8.3,4.57,131.9],[7.9,3.79,146.5],[7.69,3.37,161.6]]",356.0
aMal270_TSdh_nn_025_0,174,-1459.9359,3E,3S1,2,1,"[2_1,9_11,10_7,11_50]","[1,2,50]",-1,1,4,1,3,2.296,"[1.327, 1.192]",151.5,150.0,11.7,115.1,19.2,92.4,0,0,"[[5.5,1.19,151.4],[7.96,4.34,131.9],[8.07,5.01,119.6],[8.35,4.95,125.1]]","[[[1, 1],'C_O',2.296,'CO'],[[2, 2],'H_O',1.327,'OH']]",[],3H4,3S1,2,1,"[2_1,10_7,11_1]","[2,9,11,50]",3,4,2.332,"[1.38, 1.136]",159.1,82.1,15.4,120.2,22.2,89.1,"[[5.78,1.14,158.6],[8.48,5.43,118.2],[7.59,3.48,150.4]]",237.1
aMal52_TSdh_nn_161_2,254,-1459.9332,3E,1C4,2,1,"[2_1,3_6,9_2,9_50,11_9]","[1,2,50]",-1,1,5,4,3,2.383,"[1.275, 1.264]",96.8,180.0,352.5,109.1,221.6,175.0,0,0,"[[5.46,1.26,153.5],[7.98,3.87,146.5],[10.49,5.41,157.3],[7.3,4.76,112.4],[7.97,4.14,137.6]]","[[[1, 1],'C_O',2.383,'CO'],[[2, 2],'H_O',1.275,'OH']]",[],E4,1C4,2,1,"[2_1,3_6,9_2]","[1,9,11,7]",3,4,2.408,"[1.194, 1.454]",100.0,143.8,58.4,126.9,147.3,172.2,"[[5.65,1.45,164.2],[7.23,3.31,148.4],[7.21,2.99,161.1]]",244.2
aMal315_TSdh_nn_184_2,4815,-1459.882,3S1,5S1,1,2,"[1_2,3_0,6_0,9_2,9_50]","[1,2,11,50]",-1,2,5,2,4,2.164,"[1.388, 1.126]",87.0,105.0,16.2,77.1,87.9,87.4,0,0,"[[5.53,1.13,147.3],[6.62,3.6,123.9],[7.9,6.11,100.4],[8.53,4.22,148.5],[7.94,5.38,111.2]]","[[[1, 1],'H_O',1.388,'OH'],[[2, 2],'C_O',2.164,'CO']]",[],3S1,5S1,1,2,"[1_2,3_0,6_0,9_2]","[1,11,50]",4,3,2.16,"[1.382, 1.132]",92.1,111.0,25.7,80.6,100.9,86.5,"[[5.71,1.13,155.3],[6.62,3.6,124.0],[7.79,5.97,100.9],[7.92,3.4,173.7]]",378.6
aMal287_TSdh_nn_254_2,5518,-1459.8732,4H5,OS2,1,2,"[6_50,9_50,10_7,11_9]","[1,0]",-1,2,4,0,2,2.016,"[2.168, 0.949]",53.7,135.0,264.1,65.6,335.9,91.4,0,0,"[[7.95,4.62,125.5],[6.65,4.2,112.5],[8.04,4.95,120.4],[8.07,4.43,131.7]]","[[[1, 1],'H_O',2.168,'OH'],[[2, 2],'C_O',2.016,'CO']]",[],4E,OS2,1,2,"[6_13,9_50,10_7,11_9]","[1,0]",4,2,2.061,"[2.086, 0.955]",109.9,80.0,244.9,67.5,331.3,92.9,"[[7.52,3.36,155.0],[6.93,4.58,110.2],[8.39,5.53,115.2],[8.2,4.64,129.3]]",401.7
aMal218_TSdh_nn_004_2,2812,-1459.8989,4E,OS2,2,1,"[3_50,9_11,10_7]","[2,3]",-1,1,3,1,2,2.5810000000000004,"[2.219, 0.935]",288.8,135.0,253.2,42.8,341.4,91.3,0,0,"[[8.36,5.97,108.0],[7.84,3.78,146.1],[7.76,4.59,122.9]]","[[[1, 1],'C_O',2.581,'CO'],[[2, 2],'H_O',2.219,'OH']]",[],4H5,OS2,2,1,"[3_7,9_11,10_7,11_13]","[2,3]",4,2,2.7510000000000003,"[2.216, 0.936]",321.3,91.6,254.9,43.5,332.3,92.0,"[[7.9,3.67,151.6],[8.18,4.19,140.6],[8.24,5.33,116.5],[8.38,5.03,123.9]]",334.2
aMal376_TSdh_nn_081_0,1337,-1459.9117,5S1,3S1,1,2,"[2_3,3_6,10_7,11_9,11_50,13_10]","[1,9,0,50]",-1,0,6,3,4,2.0469999999999997,"[2.845, 0.94]",79.1,60.0,87.0,80.0,21.1,90.1,0,0,"[[6.96,4.11,118.6],[7.5,3.67,140.8],[7.75,4.83,117.8],[9.16,6.06,117.1],[8.45,4.46,138.6],[8.17,3.86,153.4]]","[[[0, 1],'C_O',2.047,'bb'],[[1, 1],'H_O',2.845,'OH'],[[2, 2],'C_O',1.782,'CO']]",[],E1,3S1,1,2,"[3_6,10_7]","[1,9,11,50]",2,4,1.9409999999999998,"[2.323, 0.943]",93.9,74.9,51.0,69.3,19.3,88.1,"[[8.17,3.93,149.2],[8.35,5.32,118.2]]",300.6
aMal80_TSdh_nn_161_2,988,-1459.9152,3E,5S1,2,1,"[2_1,3_6,9_2,9_50,11_50]","[1,2,11,50]",-1,1,5,4,4,2.383,"[1.275, 1.264]",96.8,105.0,352.5,109.1,87.4,90.1,0,0,"[[5.46,1.26,153.5],[7.98,3.87,146.5],[11.23,5.74,170.6],[7.63,5.32,108.0],[7.99,3.9,146.0]]","[[[1, 1],'C_O',2.383,'CO'],[[2, 2],'H_O',1.275,'OH']]",[],3E,5S1,2,1,"[2_1,3_6,9_2]","[1,2,11,50]",3,4,2.2840000000000003,"[1.366, 1.158]",87.8,112.4,350.0,116.5,91.1,94.3,"[[5.54,1.16,149.0],[7.54,3.85,136.8],[7.63,3.18,173.5]]",291.4
aMal132_TSdh_nn_274_1,2867,-1459.8983,1S3,4C1,1,2,"[10_9,11_10]","[1,6,0]",-1,2,2,0,3,2.073,"[2.207, 0.949]",64.7,45.0,198.7,88.6,226.8,1.4,0,0,"[[7.84,5.82,103.6],[7.87,5.5,108.6]]","[[[1, 1],'H_O',2.207,'OH'],[[2, 2],'C_O',2.073,'CO']]",[],1S3,4C1,1,2,"[3_9,3_50,9_10]","[1,6,0]",3,3,2.06,"[2.237, 0.945]",120.7,90.5,206.2,85.9,240.7,4.6,"[[9.32,4.44,163.9],[7.84,5.89,102.3],[8.22,6.31,101.7]]",335.8
aMal404_TSdh_nn_332_1,5786,-1459.8697,1S3,4C1,1,2,"[3_7,9_10,10_11]","[1,0]",-1,2,3,0,2,2.1069999999999998,"[2.198, 0.942]",67.6,45.0,196.4,87.7,203.4,1.4,0,0,"[[7.89,6.04,101.3],[8.05,5.86,105.7],[8.31,5.95,107.7]]","[[[1, 1],'H_O',2.198,'OH'],[[2, 2],'C_O',2.107,'CO']]",[],2SO,4C1,1,2,"[3_7,9_10,10_11]","[1,0]",3,2,2.205,"[1.907, 0.952]",50.6,46.3,157.3,110.1,169.5,4.6,"[[8.82,4.64,141.0],[7.84,5.65,106.0],[8.41,6.25,104.9]]",410.9
aMal217_TSdh_nn_184_0,5038,-1459.8795,3S1,5S1,1,2,"[1_2,3_0,6_0,11_50]","[1,2,50]",-1,2,4,2,3,2.164,"[1.388, 1.126]",87.0,60.0,16.2,77.1,89.5,80.8,0,0,"[[5.53,1.13,147.3],[6.62,3.6,123.9],[7.9,6.11,100.4],[8.3,4.28,140.4]]","[[[1, 1],'H_O',1.388,'OH'],[[2, 2],'C_O',2.164,'CO']]",[],3S1,5S1,1,2,"[1_2,3_0,6_0,11_50]","[1,9,50]",4,3,2.178,"[1.493, 1.046]",48.6,44.3,23.9,78.0,93.0,85.9,"[[5.91,1.05,149.5],[6.59,3.54,124.8],[7.76,5.82,102.6],[9.06,4.87,140.0]]",385.2
aMal419_TSdh_nn_253_0,3795,-1459.8908,E4,OS2,1,2,"[2_50,3_6,9_50,10_7,11_13]","[1,0]",-1,2,5,1,2,1.9709999999999999,"[2.885, 0.933]",146.7,60.0,69.9,150.1,328.1,88.9,0,0,"[[7.08,3.51,136.1],[8.63,5.82,113.8],[6.71,4.32,111.4],[8.85,5.84,116.6],[8.17,4.52,131.7]]","[[[1, 1],'H_O',2.885,'OH'],[[2, 2],'C_O',1.971,'CO']]",[],5H4,OS2,1,2,"[2_9,2_50,3_6,9_1,9_2,9_0,9_50,11_13]","[1,9,11]",8,3,2.028,"[2.271, 0.947]",169.5,33.2,81.7,132.8,333.3,94.3,"[[9.07,6.19,113.9],[8.14,5.5,112.0],[7.79,3.9,140.2],[9.37,6.08,119.4],[9.07,5.54,124.5],[10.33,6.16,132.2],[6.26,3.4,122.5],[8.28,5.05,121.8]]",355.5
aMal55_TSdh_nn_181_0,6161,-1459.8637,1HO,5S1,1,2,"[2_11,2_50,9_50]","[1,2,11,0]",-1,2,3,1,4,2.274,"[3.547, 0.93]",163.0,60.0,191.8,153.0,87.2,89.1,0,0,"[[6.56,4.58,104.2],[7.54,3.53,146.4],[7.76,5.13,112.8]]","[[[1, 1],'H_O',3.547,'OH'],[[2, 2],'C_O',2.274,'CO']]",[],5E,25B,1,2,"[2_50,6_3,9_50,10_9]","[1,2,11,0,7]",4,5,2.224,"[3.259, 0.93]",188.7,87.1,130.4,149.2,125.4,94.8,"[[6.93,3.44,135.0],[7.45,3.86,135.1],[7.18,4.78,110.5],[8.48,6.29,105.1]]",426.6
aMal30_TSdh_nn_126_1,4335,-1459.8865,5H4,1S5,1,2,"[2_50,3_6,9_50,11_13]","[1,0]",-1,2,4,3,2,2.004,"[2.774, 0.933]",99.2,330.0,74.5,153.1,272.0,86.8,0,0,"[[7.5,3.78,137.1],[7.48,3.36,153.5],[7.32,4.89,110.5],[7.67,3.95,136.8]]","[[[1, 1],'H_O',2.774,'OH'],[[2, 2],'C_O',2.004,'CO']]",[],E4,OS2,1,2,"[2_50,3_6,9_11,11_13]","[1,0]",4,2,2.006,"[2.731, 0.934]",110.3,305.3,70.5,154.6,321.2,97.8,"[[7.44,3.56,142.7],[7.63,3.45,154.0],[8.52,4.46,139.8],[8.29,4.88,125.4]]",366.8
aMal2_TSdh_nn_001_0,213,-1459.9343,3H4,4C1,2,1,"[2_1,10_9,11_10,13_7]","[1,2,50]",-1,1,4,1,3,2.267,"[1.282, 1.257]",167.5,60.0,33.3,120.5,223.5,2.2,0,0,"[[5.43,1.26,151.8],[8.16,6.32,100.9],[8.0,5.85,105.2],[7.53,5.43,105.1]]","[[[1, 1],'C_O',2.267,'CO'],[[2, 2],'H_O',1.282,'OH']]",[],3H4,4C1,2,1,"[2_1,9_10,10_11]","[2,9,50]",3,3,2.479,"[1.582, 1.008]",154.1,68.0,22.4,122.3,244.5,9.2,"[[6.42,1.01,156.3],[7.61,5.81,100.7],[7.96,5.79,105.6]]",241.3
aMal428_TSdh_nn_161_0,238,-1459.9334,3E,3S1,2,1,"[2_1,3_6,9_11,11_50]","[1,2,9,50]",-1,1,4,3,4,2.383,"[1.275, 1.264]",96.8,60.0,352.5,109.1,26.5,93.0,0,0,"[[5.46,1.26,153.5],[7.98,3.87,146.5],[8.84,5.16,128.8],[7.77,3.96,138.2]]","[[[1, 1],'C_O',2.383,'CO'],[[2, 2],'H_O',1.275,'OH']]",[],3H2,OS2,2,1,"[3_6,9_11,11_13]","[2,9,50]",3,3,2.583,"[1.658, 0.98]",151.6,63.2,336.9,111.4,328.9,94.3,"[[8.44,4.08,151.3],[7.86,3.88,142.5],[8.34,4.96,124.5]]",243.6
aMal11_TSdh_nn_064_0,5706,-1459.8707,5S1,1S3,3,6,"[1_9,1_50,2_1,3_6,10_11,13_7]","[2,3]",-1,6,6,2,2,2.206,"[1.495, 1.082]",163.5,45.0,83.9,89.5,209.0,88.7,0,0,"[[10.02,6.09,128.6],[7.55,3.58,145.7],[8.61,6.22,107.6],[6.32,1.08,164.9],[7.53,5.33,106.6],[7.72,5.26,110.3]]","[[[3, 3],'H_O',1.495,'OH'],[[6, 6],'C_O',2.206,'CO']]",[],5S1,1S3,3,6,"[1_9,1_50,2_1,3_6,11_10]","[2,3]",5,2,2.1959999999999997,"[1.476, 1.092]",166.2,56.9,83.5,89.8,213.0,90.0,"[[9.18,4.68,147.4],[7.62,3.87,137.1],[8.52,6.05,108.8],[6.28,1.09,167.6],[7.69,5.61,104.5]]",408.3
aMal356_TSdh_nn_260_0,4334,-1459.8865,4E,3S1,2,1,"[2_1,9_50,13_10]","[1,2]",-1,1,3,2,2,2.378,"[1.216, 1.376]",55.8,45.0,229.3,41.4,29.7,84.2,0,0,"[[5.41,1.38,153.5],[7.46,4.7,116.1],[7.72,3.94,138.3]]","[[[1, 1],'C_O',2.378,'CO'],[[2, 2],'H_O',1.216,'OH']]",[],4E,3S1,2,1,"[2_1,9_11,9_50,10_13]","[1,2]",4,2,2.406,"[1.199, 1.415]",80.4,58.8,230.6,40.4,17.9,92.8,"[[5.44,1.42,155.0],[9.19,5.91,120.2],[6.44,4.67,101.7],[7.84,3.46,162.9]]",366.8
aMal64_TSdh_nn_161_0,273,-1459.932,3E,4C1,2,1,"[2_1,3_6,9_50,10_9,11_10]","[1,2,9,50]",-1,1,5,2,4,2.383,"[1.275, 1.264]",96.8,75.0,352.5,109.1,211.9,5.4,0,0,"[[5.46,1.26,153.5],[7.98,3.87,146.5],[7.36,4.93,110.5],[8.31,6.06,106.2],[7.96,5.7,106.8]]","[[[1, 1],'C_O',2.383,'CO'],[[2, 2],'H_O',1.275,'OH']]",[],3E,4C1,2,1,"[2_1,3_6,9_10,10_11]","[1,2,9,50]",4,4,2.345,"[1.321, 1.203]",76.8,48.0,352.7,112.7,216.2,7.3,"[[5.5,1.2,151.9],[7.81,3.68,149.4],[7.51,5.31,106.6],[8.12,6.1,103.2]]",247.3
aMal8_TSdh_nn_047_1,6290,-1459.8608,1C4,3S1,-1,-1,"[1_2,2_50,3_6,9_11,9_50]","[3,6]",-1,6,5,2,2,2.2969999999999997,"[0, 0]",163.1,165.0,56.6,173.5,20.8,91.4,0,0,"[[7.16,4.51,114.5],[7.56,3.85,137.2],[5.8,1.97,155.7],[8.73,5.63,118.3],[6.77,4.99,101.4]]","[[[6, 6],'C_O',2.297,'CO']]",[],1C4,3S1,-1,-1,"[1_2,2_11,2_50,3_6,9_11]","[3,6]",5,2,2.276,"[0, 0]",138.3,153.4,38.9,170.7,20.1,93.4,"[[7.18,4.55,114.2],[9.18,5.28,131.6],[7.35,3.7,136.5],[5.97,2.17,152.9],[7.86,4.12,135.4]]",434.3
aMal19_TSdh_nn_184_0,3264,-1459.8947,3S1,4C1,1,2,"[1_2,3_0,6_0,9_10,10_11,11_13]","[1,2,50]",-1,2,6,1,3,2.164,"[1.388, 1.126]",87.0,60.0,16.2,77.1,260.5,7.4,0,0,"[[5.53,1.13,147.3],[6.62,3.6,123.9],[7.9,6.11,100.4],[8.1,5.88,106.0],[8.02,5.81,105.9],[9.33,6.42,114.0]]","[[[1, 1],'H_O',1.388,'OH'],[[2, 2],'C_O',2.164,'CO']]",[],3S1,4C1,1,2,"[1_2,3_0,6_0,9_10,10_11]","[1,9,50]",5,3,2.187,"[1.533, 1.026]",50.8,46.3,25.3,78.0,221.8,8.0,"[[6.04,1.03,149.0],[6.57,3.5,125.3],[7.77,5.84,102.5],[7.55,5.37,106.1],[8.1,6.12,102.7]]",345.3
aMal118_TSdh_nn_045_0,6024,-1459.8663,4C1,1S5,1,2,"[3_2,9_50,13_7]",[1],-1,2,3,0,1,2.055,"[2.277, 0.943]",80.1,60.0,51.6,19.4,276.6,86.0,0,0,"[[8.75,6.49,105.7],[7.34,4.88,111.1],[8.28,6.33,102.2]]","[[[1, 1],'H_O',2.277,'OH'],[[2, 2],'C_O',2.055,'CO']]",[],4C1,1S5,1,2,"[3_2,9_50]",[1],2,1,2.04,"[2.325, 0.944]",91.4,65.8,54.0,20.0,281.5,86.7,"[[8.55,6.29,106.0],[7.43,5.15,108.0]]",419.8
aMal439_TSdh_nn_015_0,781,-1459.9184,3OB,3S1,3,2,"[2_1,9_50,10_13,11_50]","[3,6,0]",-1,2,4,2,3,1.87,"[3.851, 0.954]",85.4,60.0,348.1,87.3,34.6,86.1,0,0,"[[6.28,3.81,113.8],[7.09,4.77,109.4],[7.98,3.54,164.2],[7.91,3.93,143.0]]","[[[2, 2],'C_O',1.87,'CO'],[[3, 3],'H_O',3.851,'OH']]",[],3OB,5S1,3,2,"[2_1,10_13,11_50]","[3,6,0]",3,3,1.8769999999999998,"[3.998, 0.974]",76.3,85.8,351.6,84.2,83.7,85.8,"[[6.32,3.83,114.3],[7.98,4.0,141.7],[7.98,3.9,146.0]]",283.0
aMal41_TSdh_nn_131_0,4123,-1459.8883,25B,3OB,1,2,"[9_11,10_7]","[1,9,0,50]",-1,2,2,0,4,2.244,"[1.791, 0.962]",89.9,60.0,113.5,98.7,13.9,90.8,0,0,"[[8.2,4.9,123.6],[7.85,4.74,121.5]]","[[[1, 1],'H_O',1.791,'OH'],[[2, 2],'C_O',2.244,'CO']]",[],25B,OS2,1,2,"[9_11,10_7,11_13]","[1,9,0,50]",3,4,2.213,"[1.714, 0.972]",92.3,68.9,107.2,102.0,334.5,92.3,"[[7.68,3.72,143.4],[8.2,5.27,116.8],[8.47,5.16,122.7]]",362.1
aMal85_TSdh_nn_025_0,291,-1459.9316,3E,OS2,2,1,"[2_1,9_11,10_7,13_7]","[1,2,9,50]",-1,1,4,2,4,2.296,"[1.327, 1.192]",151.5,90.0,11.7,115.1,339.1,91.0,0,0,"[[5.5,1.19,151.4],[8.03,3.92,146.1],[7.81,4.66,122.3],[7.83,5.51,107.9]]","[[[1, 1],'C_O',2.296,'CO'],[[2, 2],'H_O',1.327,'OH']]",[],3E,OS2,2,1,"[2_1,9_11,10_7,13_6]","[1,2,9,50]",4,4,2.3,"[1.336, 1.185]",136.5,62.3,11.9,121.0,334.8,93.4,"[[5.51,1.19,151.1],[7.57,3.6,145.3],[8.06,5.1,117.8],[8.19,3.86,153.2]]",248.4
aMal8_TSdh_nn_273_0,4132,-1459.8883,4C1,3S1,1,2,"[9_11,9_50]","[1,6]",-1,2,2,0,2,2.056,"[2.33, 0.946]",69.4,60.0,28.6,16.3,20.8,91.4,0,0,"[[8.73,5.63,118.3],[6.77,4.99,101.4]]","[[[1, 1],'H_O',2.33,'OH'],[[2, 2],'C_O',2.056,'CO']]",[],4C1,3S1,1,2,"[3_2,9_11,9_50]","[1,6]",3,2,2.059,"[2.308, 0.947]",88.0,58.4,26.2,16.4,21.4,92.5,"[[8.68,6.38,106.5],[9.22,5.92,120.3],[6.58,4.63,104.2]]",362.1
aMal413_TSdh_nn_072_2,2075,-1459.9052,5S1,5S1,1,2,"[1_2,11_50]","[1,11,0,50]",-1,2,2,2,4,2.104,"[1.477, 1.059]",77.0,105.0,101.5,97.8,88.6,87.1,0,0,"[[5.8,1.06,147.4],[7.85,3.87,143.3]]","[[[1, 1],'H_O',1.477,'OH'],[[2, 2],'C_O',2.104,'CO']]",[],5S1,5S1,1,2,"[1_2,10_13]","[1,11,0,50]",2,4,2.135,"[1.483, 1.058]",89.1,115.1,104.6,97.0,90.2,83.8,"[[5.85,1.06,148.0],[8.23,4.27,139.2]]",317.7
aMal434_TSdh_nn_047_1,5337,-1459.8757,1C4,1C4,-1,-1,"[1_2,2_50,3_6,9_11]","[3,6]",-1,6,4,3,2,2.2969999999999997,"[0, 0]",163.1,0.0,56.6,173.5,256.4,173.9,0,0,"[[7.16,4.51,114.5],[7.56,3.85,137.2],[5.8,1.97,155.7],[7.95,4.18,135.7]]","[[[6, 6],'C_O',2.297,'CO']]",[],1C4,1C4,-1,-1,"[1_2,2_50,3_6,9_11]","[3,6]",4,2,2.504,"[0, 0]",162.5,324.0,112.1,176.1,279.0,169.8,"[[7.38,4.76,113.4],[7.68,3.95,136.7],[5.91,2.06,155.8],[6.48,2.76,146.0]]",395.1
aMal231_TSdh_nn_187_1,3973,-1459.8892,3S1,1C4,-1,-1,"[1_2,3_6,3_0,9_11]","[1,2,50]",-1,2,4,3,3,2.253,"[0, 0]",93.2,315.0,25.9,79.2,249.2,168.1,0,0,"[[5.52,1.83,150.5],[7.37,3.27,150.3],[6.94,4.85,104.7],[8.06,4.19,137.9]]","[[[2, 2],'C_O',2.253,'CO']]",[],3S1,1C4,-1,-1,"[1_2,3_6,3_0,9_11,13_10]","[1,2,50]",5,3,2.247,"[0, 0]",106.0,310.9,30.5,77.8,271.4,172.2,"[[5.62,2.0,148.6],[6.96,2.83,158.3],[7.17,5.31,100.9],[7.57,3.73,140.6],[7.53,3.73,140.3]]",359.7
aMal270_TSdh_nn_344_0,1707,-1459.9085,E1,3S1,1,2,"[3_6,9_11,10_7,11_50]","[1,9,50]",-1,2,4,1,3,1.9069999999999998,"[2.864, 0.935]",99.5,60.0,63.3,67.1,19.2,92.4,0,0,"[[8.44,4.41,139.4],[7.96,4.34,131.9],[8.07,5.01,119.6],[8.35,4.95,125.1]]","[[[1, 1],'H_O',2.864,'OH'],[[2, 2],'C_O',1.907,'CO']]",[],E1,OS2,1,2,"[3_6,9_11,10_7,11_13]","[1,9,50]",4,3,1.922,"[2.483, 0.939]",94.1,66.2,55.2,68.3,335.2,92.0,"[[8.27,4.08,146.2],[7.62,3.66,144.1],[8.18,5.23,117.3],[8.55,5.22,123.0]]",309.0
aMal443_TSdh_nn_344_2,1516,-1459.9102,E1,3S1,1,2,"[3_6,9_50,13_7]","[1,11,50]",-1,2,3,1,3,1.9069999999999998,"[2.864, 0.935]",99.5,105.0,63.3,67.1,28.7,89.8,0,0,"[[8.44,4.41,139.4],[7.13,4.49,114.8],[7.46,5.22,107.4]]","[[[1, 1],'H_O',2.864,'OH'],[[2, 2],'C_O',1.907,'CO']]",[],E1,3S1,1,2,[3_6],"[1,9,11,50]",1,4,1.9409999999999998,"[2.278, 0.944]",108.2,62.7,48.9,69.2,18.9,89.2,"[[8.28,3.98,150.0]]",304.6
aMal368_TSdh_nn_123_2,4290,-1459.8868,2SO,2SO,2,3,"[3_9,9_50,10_11]","[1,2]",1,3,3,0,2,2.13,"[2.158, 0.95]",86.8,120.0,157.0,79.2,159.4,81.8,0,0,"[[7.48,5.4,104.9],[6.71,4.44,109.2],[8.45,6.15,106.7]]","[[[1, 2],'C_C',1.768,'bb'],[[2, 2],'H_O',2.158,'OH'],[[3, 3],'C_O',2.13,'CO']]",[],2SO,4C1,2,3,"[3_9,9_10,10_11,13_11]","[1,2]",4,2,1.976,"[2.749, 0.931]",118.0,87.0,160.7,81.0,188.5,2.5,"[[7.63,3.32,159.9],[7.91,5.71,106.0],[8.32,6.13,105.4],[8.17,5.4,114.4]]",366.0
aMal210_TSdh_nn_165_0,2796,-1459.899,E1,OS2,1,2,"[9_11,10_7,13_7]","[1,9,50]",-1,2,3,1,3,1.9340000000000002,"[2.2, 0.948]",96.2,60.0,50.0,66.0,339.1,90.9,0,0,"[[7.84,3.84,143.9],[7.91,4.78,121.5],[7.7,5.92,100.5]]","[[[1, 1],'H_O',2.2,'OH'],[[2, 2],'C_O',1.934,'CO']]",[],E1,OS2,1,2,"[2_3,9_11,10_7]","[1,9,50]",3,3,1.8719999999999999,"[2.917, 0.936]",145.7,51.3,59.1,54.6,332.5,96.3,"[[8.1,5.9,105.5],[7.37,3.55,141.8],[8.19,5.66,110.5]]",334.0
aMal247_TSdh_nn_284_0,4854,-1459.8815,E5,3S1,1,2,[9_50],"[1,6,0]",-1,2,1,0,3,2.108,"[1.944, 0.96]",63.2,60.0,298.0,59.5,37.3,85.5,0,0,"[[7.48,4.7,116.2]]","[[[1, 1],'H_O',1.944,'OH'],[[2, 2],'C_O',2.108,'CO']]",[],E5,3S1,1,2,"[3_7,9_11]","[1,6,0]",2,3,2.1519999999999997,"[1.967, 0.955]",50.3,46.9,306.2,63.9,20.2,94.6,"[[8.5,4.23,146.7],[8.39,4.87,127.5]]",379.9
aMal296_TSdh_nn_025_2,849,-1459.9174,3E,2SO,2,1,"[2_1,11_10]","[1,2,50]",-1,1,2,1,3,2.296,"[1.327, 1.192]",151.5,165.0,11.7,115.1,160.4,81.5,0,0,"[[5.5,1.19,151.4],[8.47,6.38,103.8]]","[[[1, 1],'C_O',2.296,'CO'],[[2, 2],'H_O',1.327,'OH']]",[],3E,25B,2,1,[2_1],"[1,2,11,7,50]",1,5,2.378,"[1.32, 1.204]",152.1,145.8,4.0,119.0,112.4,93.2,"[[5.55,1.2,154.0]]",285.7
aMal210_TSdh_nn_116_0,5863,-1459.8685,5S1,OS2,3,6,"[1_50,2_1,3_6,9_11,10_7,13_7]","[2,3]",-1,6,6,3,2,2.221,"[1.518, 1.069]",79.2,60.0,83.4,88.7,339.1,90.9,0,0,"[[7.67,3.64,146.4],[8.67,6.29,107.3],[6.4,1.07,164.7],[7.84,3.84,143.9],[7.91,4.78,121.5],[7.7,5.92,100.5]]","[[[3, 3],'H_O',1.518,'OH'],[[6, 6],'C_O',2.221,'CO']]",[],5S1,3OB,3,6,"[1_9,1_50,2_1,3_6,9_11,10_13,10_7]","[2,3]",7,2,2.21,"[1.5, 1.081]",84.2,87.3,85.9,90.5,0.4,94.9,"[[7.91,3.73,148.4],[8.11,4.39,132.5],[8.3,5.81,109.5],[6.36,1.08,166.2],[7.77,3.87,141.1],[8.34,3.92,155.1],[8.18,6.18,102.8]]",414.0
aMal91_TSdh_nn_340_1,1393,-1459.9113,B3O,4C1,3,2,"[2_1,9_50,10_9,11_10]","[3,50]",3,2,4,0,2,2.023,"[2.855, 0.933]",273.9,120.0,167.4,80.7,231.9,4.7,0,0,"[[6.71,4.24,112.5],[7.37,4.93,110.6],[8.32,6.09,105.9],[7.88,5.55,108.0]]","[[[3, 4],'C_C',1.846,'bb'],[[2, 2],'C_O',2.023,'CO'],[[3, 3],'H_O',2.855,'OH']]",[],4C1,4C1,3,2,"[2_1,9_6,10_9,11_10]","[3,13,7]",4,3,2.08,"[2.707, 0.935]",322.5,123.7,185.3,15.7,192.4,2.6,"[[8.54,6.4,104.3],[7.66,3.25,172.0],[8.28,6.03,106.2],[7.96,5.77,105.9]]",301.7
aMal296_TSdh_nn_301_0,2398,-1459.9024,5S1,2SO,1,2,"[1_2,11_10]","[1,9,0,50]",-1,2,2,1,4,2.077,"[1.512, 1.039]",82.6,60.0,101.1,98.0,160.4,81.5,0,0,"[[5.8,1.04,143.4],[8.47,6.38,103.8]]","[[[1, 1],'H_O',1.512,'OH'],[[2, 2],'C_O',2.077,'CO']]",[],5S1,B3O,1,2,"[1_2,3_13,6_3,9_10]","[1,9,0,50]",4,4,2.0869999999999997,"[1.457, 1.069]",75.8,63.7,105.1,96.3,187.7,89.3,"[[5.7,1.07,146.2],[9.35,4.66,153.6],[7.38,4.99,109.6],[7.85,5.41,109.5]]",325.0
aMal439_TSdh_nn_047_1,6155,-1459.8638,1C4,3S1,-1,-1,"[1_2,2_50,3_6,9_50,10_13,11_50]","[3,6]",-1,6,6,4,2,2.2969999999999997,"[0, 0]",163.1,150.0,56.6,173.5,34.6,86.1,0,0,"[[7.16,4.51,114.5],[7.56,3.85,137.2],[5.8,1.97,155.7],[7.09,4.77,109.4],[7.98,3.54,164.2],[7.91,3.93,143.0]]","[[[6, 6],'C_O',2.297,'CO']]",[],1C4,3OB,-1,-1,"[1_2,2_50,3_6,9_11,10_13,10_7]","[3,6]",6,2,2.292,"[0, 0]",142.4,164.5,34.5,174.2,4.5,94.9,"[[7.15,4.52,114.3],[7.47,3.68,140.4],[5.99,2.18,153.5],[7.63,3.78,140.7],[8.07,3.7,156.8],[8.27,6.44,100.4]]",426.4
aMal128_TSdh_nn_090_0,1622,-1459.9094,1C4,OS2,1,2,"[2_50,9_11,10_7]","[1,6,13,0]",-1,2,3,2,4,1.9380000000000002,"[3.03, 0.935]",172.6,60.0,109.1,161.2,339.0,90.9,0,0,"[[7.41,3.71,137.0],[8.05,3.93,146.3],[7.78,4.61,122.8]]","[[[1, 1],'H_O',3.03,'OH'],[[2, 2],'C_O',1.938,'CO']]",[],5H4,OS2,1,2,"[2_9,2_50,9_11,10_7]","[1,13,0]",4,3,1.975,"[2.626, 0.936]",171.4,73.5,84.3,149.2,333.9,92.6,"[[8.0,3.52,162.7],[7.38,4.42,119.0],[7.9,4.0,140.0],[8.15,5.12,118.8]]",306.7
aMal269_TSdh_nn_329_0,4974,-1459.88,4C1,OS2,2,3,"[9_11,11_13]","[1,2]",1,3,2,1,2,2.24,"[3.049, 0.931]",92.2,60.0,169.3,8.0,332.1,91.0,0,0,"[[8.34,4.2,144.0],[8.31,4.76,128.3]]","[[[1, 2],'C_C',1.724,'bb'],[[2, 2],'H_O',3.049,'OH'],[[3, 3],'C_O',2.24,'CO']]",[],4C1,OS2,2,3,"[9_11,11_13]","[1,2]",2,2,2.441,"[1.951, 0.947]",100.4,42.4,232.8,5.2,325.4,93.7,"[[8.54,4.49,139.5],[8.22,4.69,128.1]]",383.8
aMal384_TSdh_nn_351_2,5494,-1459.8735,2SO,OS2,2,3,"[3_50,9_3,9_50,11_9,13_11]","[1,2]",1,3,5,2,2,1.96,"[3.148, 0.931]",179.6,180.0,154.3,83.9,329.1,91.4,0,0,"[[7.65,5.83,100.9],[10.9,5.59,164.1],[6.74,4.34,111.4],[8.68,5.1,127.3],[8.87,4.73,139.9]]","[[[1, 2],'C_C',1.819,'bb'],[[2, 2],'H_O',3.148,'OH'],[[3, 3],'C_O',1.96,'CO']]",[],4C1,OS2,2,3,"[2_3,9_3,11_9,13_11]","[1,2]",4,2,2.261,"[1.658, 1.014]",109.1,162.4,192.2,4.7,328.7,90.9,"[[6.53,1.01,145.9],[7.66,3.51,152.5],[9.07,5.57,124.4],[9.36,5.8,124.6]]",400.9
aMal194_TSdh_nn_047_2,6441,-1459.8537,1C4,B3O,-1,-1,"[1_2,2_50,3_6,9_10]","[3,6]",-1,6,4,2,2,2.2969999999999997,"[0, 0]",163.1,165.0,56.6,173.5,165.4,87.3,0,0,"[[7.16,4.51,114.5],[7.56,3.85,137.2],[5.8,1.97,155.7],[7.41,4.94,111.0]]","[[[6, 6],'C_O',2.297,'CO']]",[],1C4,2SO,-1,-1,"[1_2,2_50,3_6,9_10]","[3,6]",4,2,2.289,"[0, 0]",134.8,158.1,26.5,173.2,155.5,83.5,"[[7.17,4.52,114.5],[7.35,3.61,139.7],[6.09,2.27,153.2],[7.26,4.72,112.5]]",452.9
aMal443_TSdh_nn_001_0,431,-1459.9287,3H4,3S1,2,1,"[2_1,9_50,13_7]","[1,2,11,50]",-1,1,3,1,4,2.267,"[1.282, 1.257]",167.5,75.0,33.3,120.5,28.7,89.8,0,0,"[[5.43,1.26,151.8],[7.13,4.49,114.8],[7.46,5.22,107.4]]","[[[1, 1],'C_O',2.267,'CO'],[[2, 2],'H_O',1.282,'OH']]",[],3E,3OB,2,1,"[2_1,13_6,13_7]","[1,2,9,11,50]",3,5,2.35,"[1.368, 1.145]",152.0,73.1,5.2,114.4,4.9,90.1,"[[5.65,1.14,154.3],[9.95,5.45,142.2],[7.35,5.56,100.7]]",256.0
aMal382_TSdh_nn_025_0,1290,-1459.9121,3E,OS2,2,1,"[2_1,9_50,11_9]","[1,2,9,50]",-1,1,3,1,4,2.296,"[1.327, 1.192]",151.5,90.0,11.7,115.1,329.7,92.5,0,0,"[[5.5,1.19,151.4],[6.7,4.22,113.0],[8.5,4.87,129.4]]","[[[1, 1],'C_O',2.296,'CO'],[[2, 2],'H_O',1.327,'OH']]",[],3E,OS2,2,1,[2_1],"[1,2,9,50]",1,4,2.316,"[1.311, 1.215]",151.2,77.8,11.7,119.3,320.2,94.6,"[[5.49,1.21,152.1]]",299.6
aMal66_TSdh_nn_127_0,2018,-1459.9058,E1,2SO,1,2,"[3_6,9_50,10_11]","[1,9,50]",-1,2,3,1,3,1.9769999999999999,"[2.292, 0.943]",91.9,75.0,50.1,69.5,160.9,85.8,0,0,"[[8.11,3.87,149.7],[6.61,4.22,111.7],[8.59,6.36,105.5]]","[[[1, 1],'H_O',2.292,'OH'],[[2, 2],'C_O',1.977,'CO']]",[],E1,1S3,1,2,"[3_6,10_11]","[1,9,50]",2,3,1.993,"[2.113, 0.95]",139.0,61.9,48.2,69.1,207.5,87.8,"[[8.22,3.92,151.1],[8.01,5.67,107.9]]",316.1
aMal171_TSdh_nn_047_2,6482,-1459.8488,1C4,1S5,-1,-1,"[1_2,2_50,3_6,9_50,13_7]","[3,6]",-1,6,5,2,2,2.2969999999999997,"[0, 0]",163.1,180.0,56.6,173.5,272.0,85.1,0,0,"[[7.16,4.51,114.5],[7.56,3.85,137.2],[5.8,1.97,155.7],[7.26,4.83,110.7],[7.52,5.19,108.7]]","[[[6, 6],'C_O',2.297,'CO']]",[],1C4,1S5,-1,-1,"[1_2,2_50,3_6,9_7,13_7]","[3,6]",5,2,2.291,"[0, 0]",188.0,189.9,76.8,174.5,266.0,90.7,"[[7.18,4.53,114.4],[7.58,3.83,138.0],[5.9,2.06,155.3],[8.01,5.59,109.1],[7.74,5.82,102.3]]",465.8
aMal91_TSdh_nn_116_0,4686,-1459.8834,5S1,4C1,3,6,"[1_50,2_1,3_6,9_1,9_50,10_9,11_10]","[2,3]",-1,6,7,3,2,2.221,"[1.518, 1.069]",79.2,60.0,83.4,88.7,231.9,4.7,0,0,"[[7.67,3.64,146.4],[8.67,6.29,107.3],[6.4,1.07,164.7],[11.28,6.05,154.9],[7.37,4.93,110.6],[8.32,6.09,105.9],[7.88,5.55,108.0]]","[[[3, 3],'H_O',1.518,'OH'],[[6, 6],'C_O',2.221,'CO']]",[],5S1,4C1,3,6,"[1_50,2_1,3_6,9_50,10_9,11_10]","[2,3]",6,2,2.224,"[1.499, 1.075]",150.5,64.3,85.6,88.8,245.4,8.0,"[[7.61,3.53,149.6],[8.55,6.14,108.0],[6.34,1.07,166.2],[7.59,5.4,106.4],[8.46,6.4,103.4],[7.92,5.73,105.8]]",374.9
aMal259_TSdh_nn_025_0,17,-1459.9412,3E,5S1,2,1,"[2_1,9_50]","[1,2,11,50]",-1,1,2,1,4,2.296,"[1.327, 1.192]",151.5,60.0,11.7,115.1,83.3,89.3,0,0,"[[5.5,1.19,151.4],[7.67,5.02,113.5]]","[[[1, 1],'C_O',2.296,'CO'],[[2, 2],'H_O',1.327,'OH']]",[],3E,3S1,2,1,"[2_1,10_13,11_1]","[2,9,11,50]",3,4,2.329,"[1.346, 1.174]",158.7,83.0,14.3,119.9,25.3,87.9,"[[5.73,1.17,159.9],[7.59,3.34,158.7],[7.54,3.4,152.6]]",223.2
aMal130_TSdh_nn_344_0,1957,-1459.9063,E1,OS2,1,2,"[3_6,9_50,11_9,13_7]","[1,9,50]",-1,2,4,1,3,1.9069999999999998,"[2.864, 0.935]",99.5,60.0,63.3,67.1,330.8,92.7,0,0,"[[8.44,4.41,139.4],[6.69,4.27,112.1],[8.35,4.75,129.4],[7.81,5.63,105.9]]","[[[1, 1],'H_O',2.864,'OH'],[[2, 2],'C_O',1.907,'CO']]",[],E1,OS2,1,2,"[3_6,9_11]","[1,9,50]",2,3,1.9409999999999998,"[2.382, 0.941]",96.1,55.2,52.2,68.6,336.5,92.5,"[[8.35,4.07,148.5],[7.66,3.62,146.8]]",314.8
aMal119_TSdh_nn_161_2,611,-1459.9234,3E,1S5,2,1,"[2_1,3_6,9_2,9_50,11_13]","[1,2,50]",-1,1,5,3,3,2.383,"[1.275, 1.264]",96.8,180.0,352.5,109.1,269.6,84.7,0,0,"[[5.46,1.26,153.5],[7.98,3.87,146.5],[10.56,5.37,162.6],[7.29,4.82,111.2],[8.62,5.52,118.6]]","[[[1, 1],'C_O',2.383,'CO'],[[2, 2],'H_O',1.275,'OH']]",[],E4,1S3,2,1,"[2_1,3_6,9_2]","[1,9,7,50]",3,4,2.436,"[1.221, 1.388]",89.4,148.1,61.6,130.3,223.2,92.6,"[[5.63,1.39,163.0],[7.23,3.37,145.8],[7.42,3.23,155.6]]",269.9
aMal94_TSdh_nn_003_1,375,-1459.9299,E4,3S1,2,1,"[2_1,3_6,9_50,13_7]","[1,2,11,50]",-1,1,4,2,4,2.352,"[1.246, 1.323]",173.8,135.0,64.2,124.7,36.5,86.0,0,0,"[[5.45,1.32,153.7],[7.33,3.44,145.5],[7.46,4.66,116.7],[7.43,5.19,107.3]]","[[[1, 1],'C_O',2.352,'CO'],[[2, 2],'H_O',1.246,'OH']]",[],3E,3OB,2,1,"[2_1,3_6]","[2,9,11,50]",2,4,2.454,"[1.566, 1.012]",159.9,75.6,346.1,111.3,9.5,90.1,"[[6.31,1.01,154.6],[8.03,3.72,154.5]]",252.8
aMal228_TSdh_nn_301_2,1918,-1459.9067,5S1,5S1,1,2,[1_2],"[1,11,0,50]",-1,2,1,1,4,2.077,"[1.512, 1.039]",82.6,105.0,101.1,98.0,86.0,84.4,0,0,"[[5.8,1.04,143.4]]","[[[1, 1],'H_O',1.512,'OH'],[[2, 2],'C_O',2.077,'CO']]",[],5S1,E1,1,2,"[1_2,2_9,11_13]","[1,11,0]",3,3,2.154,"[1.571, 1.008]",85.1,117.2,97.7,101.1,68.0,25.5,"[[6.08,1.01,145.6],[8.59,4.0,160.9],[7.63,4.23,128.2]]",313.7
aMal47_TSdh_nn_130_1,3606,-1459.8923,E3,3S1,-1,-1,"[2_1,3_11,3_50,9_3,9_50]","[1,2,3]",-1,1,5,3,3,2.506,"[0, 0]",153.9,150.0,179.2,50.3,38.6,85.6,0,0,"[[5.41,1.69,149.6],[11.45,5.87,171.8],[7.72,5.32,109.3],[10.18,5.25,155.2],[7.46,4.67,116.6]]","[[[1, 1],'C_O',2.506,'CO']]",[],E3,3S1,-1,-1,"[2_1,3_11,3_50,9_3]","[1,2,3]",4,3,2.625,"[0, 0]",138.2,162.2,189.7,48.9,26.1,88.9,"[[5.48,1.81,149.0],[7.56,3.22,163.3],[7.7,5.54,105.0],[8.84,4.69,140.7]]",351.6
aMal359_TSdh_nn_064_1,5380,-1459.8753,5S1,B3O,3,6,"[1_9,1_50,2_1,3_6,9_10,11_10]","[2,3]",-1,6,6,2,2,2.206,"[1.495, 1.082]",163.5,-0.0,83.9,89.5,167.9,87.3,0,0,"[[8.24,5.43,114.5],[7.55,3.58,145.7],[8.61,6.22,107.6],[6.32,1.08,164.9],[7.73,5.04,114.0],[8.73,6.49,105.6]]","[[[3, 3],'H_O',1.495,'OH'],[[6, 6],'C_O',2.206,'CO']]",[],5S1,5S1,3,6,"[1_50,2_1,3_6,10_13]","[2,3]",4,2,2.226,"[1.503, 1.075]",124.7,44.5,82.5,89.4,95.6,83.6,"[[7.38,3.52,142.8],[8.57,6.14,108.2],[6.38,1.08,167.5],[8.45,4.49,137.7]]",396.2
aMal406_TSdh_nn_278_2,6257,-1459.8618,2SO,3OB,1,2,"[3_2,9_11,10_7]","[1,0]",-1,2,3,0,2,2.349,"[1.82, 0.959]",67.9,135.0,164.3,89.1,14.7,90.7,0,0,"[[8.64,5.55,118.3],[8.25,5.02,122.1],[7.79,4.69,121.3]]","[[[1, 1],'H_O',1.82,'OH'],[[2, 2],'C_O',2.349,'CO']]",[],2SO,3OB,1,2,"[3_9,9_11,10_7]","[1,0]",3,2,2.4090000000000003,"[1.878, 0.94]",112.0,128.3,165.0,94.9,10.7,91.9,"[[7.58,3.34,157.2],[7.76,3.98,137.3],[7.77,4.68,121.2]]",431.6
aMal21_TSdh_nn_128_0,6113,-1459.8647,3S1,5S1,-1,-1,"[1_9,1_50,3_6,11_50]","[3,6]",-1,6,4,3,2,2.231,"[0, 0]",42.0,75.0,36.0,99.6,88.1,76.7,0,0,"[[7.29,4.22,122.5],[7.85,4.05,137.3],[6.03,2.19,153.0],[8.27,4.32,138.7]]","[[[6, 6],'C_O',2.231,'CO']]",[],3S1,5S1,-1,-1,"[1_9,1_50,3_6,11_50,13_10]","[3,6]",5,2,2.233,"[0, 0]",64.8,56.3,43.5,100.1,84.7,91.3,"[[8.47,3.97,156.3],[7.83,4.53,124.5],[6.11,2.32,151.0],[7.98,3.97,143.3],[7.81,3.97,139.2]]",424.0
aMal414_TSdh_nn_042_2,3345,-1459.8941,1S3,4C1,1,2,"[9_10,10_11]","[1,6,0]",-1,2,2,0,3,2.031,"[2.331, 0.944]",54.3,135.0,198.4,89.1,109.6,4.8,0,0,"[[7.84,5.51,108.1],[8.4,6.11,106.7]]","[[[1, 1],'H_O',2.331,'OH'],[[2, 2],'C_O',2.031,'CO']]",[],1S3,4C1,1,2,"[3_9,9_10,10_11,13_7]","[1,6,0]",4,3,2.056,"[2.313, 0.944]",100.3,105.2,201.1,89.9,143.3,3.4,"[[7.81,3.43,162.8],[7.86,5.65,106.2],[8.39,6.16,105.8],[7.64,5.82,101.1]]",346.8
aMal86_TSdh_nn_184_2,5060,-1459.879,3S1,4C1,1,2,"[1_2,3_0,6_0,9_2,9_50,10_9,11_10,13_7]","[1,2,50]",-1,2,8,2,3,2.164,"[1.388, 1.126]",87.0,120.0,16.2,77.1,208.6,4.6,0,0,"[[5.53,1.13,147.3],[6.62,3.6,123.9],[7.9,6.11,100.4],[7.58,3.8,139.3],[7.39,4.99,109.9],[8.31,6.09,105.8],[8.0,5.8,105.8],[7.56,5.44,105.5]]","[[[1, 1],'H_O',1.388,'OH'],[[2, 2],'C_O',2.164,'CO']]",[],3OB,OH1,-1,-1,"[1_2,3_0,9_2]","[1,2,11,50]",3,4,2.238,"[0, 0]",89.4,113.8,14.7,78.2,44.3,37.9,"[[5.62,1.85,155.2],[6.54,3.7,120.0],[8.15,3.54,173.4]]",386.5
aMal119_TSdh_nn_165_2,3437,-1459.8934,E1,1S5,1,2,"[9_50,11_13]","[1,50]",-1,2,2,0,2,1.9340000000000002,"[2.2, 0.948]",96.2,165.0,50.0,66.0,269.6,84.7,0,0,"[[7.29,4.82,111.2],[8.62,5.52,118.6]]","[[[1, 1],'H_O',2.2,'OH'],[[2, 2],'C_O',1.934,'CO']]",[],E1,B3O,1,2,"[2_3,3_9,6_0,9_10]","[1,7,50]",4,3,1.874,"[2.957, 0.935]",128.1,160.1,58.6,57.4,165.1,82.4,"[[8.3,5.87,108.5],[8.28,4.21,142.1],[7.75,5.9,101.4],[7.07,4.56,112.4]]",348.7
aMal238_TSdh_nn_130_1,2245,-1459.904,E3,3S1,-1,-1,"[2_1,3_11,3_50,9_3,9_50,10_13]","[1,2,3]",-1,1,6,4,3,2.506,"[0, 0]",153.9,150.0,179.2,50.3,35.9,85.1,0,0,"[[5.41,1.69,149.6],[11.37,5.81,172.8],[7.72,5.32,109.3],[10.31,5.28,158.1],[7.5,4.74,115.9],[7.99,3.54,164.5]]","[[[1, 1],'C_O',2.506,'CO']]",[],4H3,3S1,2,1,"[3_11,3_50,9_3,9_11,10_13]","[2,3]",5,2,3.0789999999999997,"[1.631, 0.988]",143.3,166.2,196.6,47.9,15.8,89.8,"[[7.96,3.66,153.4],[7.59,5.5,104.3],[8.85,4.97,133.5],[9.24,5.51,128.4],[7.71,3.48,155.4]]",320.8
aMal352_TSdh_nn_123_2,4078,-1459.8886,2SO,5S1,2,3,"[3_9,13_7]","[1,2]",1,3,2,0,2,2.13,"[2.158, 0.95]",86.8,120.0,157.0,79.2,86.1,83.1,0,0,"[[4.65,2.52,113.0],[7.38,4.79,113.0]]","[[[1, 2],'C_C',1.768,'bb'],[[2, 2],'H_O',2.158,'OH'],[[3, 3],'C_O',2.13,'CO']]",[],B3O,4C1,2,3,"[3_9,9_10,11_10]","[1,2]",3,2,1.966,"[2.766, 0.932]",113.3,78.7,177.6,81.5,3.5,1.4,"[[8.01,3.62,157.2],[8.39,6.03,107.5],[8.54,6.3,105.8]]",361.3
aMal443_TSdh_nn_073_0,4408,-1459.8859,1S3,3S1,3,2,"[1_2,9_50,13_7]","[3,9,50]",3,2,3,0,3,2.136,"[2.377, 0.941]",166.4,90.0,197.5,75.2,28.7,89.8,0,0,"[[7.75,5.56,106.0],[7.13,4.49,114.8],[7.46,5.22,107.4]]","[[[3, 4],'C_C',1.726,'bb'],[[2, 2],'C_O',2.136,'CO'],[[3, 3],'H_O',2.377,'OH']]",[],B3O,3S1,3,2,[1_2],"[3,9,11,50]",1,4,2.176,"[2.085, 0.953]",181.3,87.1,189.1,77.0,23.2,88.8,"[[7.88,5.01,116.7]]",368.4
aMal429_TSdh_nn_094_0,1274,-1459.9121,E1,OS2,1,2,"[9_50,11_9]","[1,9,50]",-1,2,2,0,3,1.9380000000000002,"[2.459, 0.941]",103.5,60.0,51.0,61.3,333.0,94.5,0,0,"[[6.65,4.17,113.1],[7.99,4.39,131.3]]","[[[1, 1],'H_O',2.459,'OH'],[[2, 2],'C_O',1.938,'CO']]",[],E1,OS2,1,2,"[3_6,9_11,11_13]","[1,9,50]",3,3,2.013,"[2.115, 0.95]",93.2,68.3,46.9,70.6,329.9,93.7,"[[8.08,3.8,152.0],[7.85,3.84,143.5],[8.42,5.05,124.1]]",299.6
aMal278_TSdh_nn_015_1,771,-1459.9184,3OB,3S1,3,2,"[2_1,10_13,10_7,11_9]","[3,6,0]",-1,2,4,0,3,1.87,"[3.851, 0.954]",85.4,45.0,348.1,87.3,22.4,89.9,0,0,"[[6.28,3.81,113.8],[7.7,4.22,129.6],[8.68,5.71,116.0],[8.3,5.93,108.0]]","[[[2, 2],'C_O',1.87,'CO'],[[3, 3],'H_O',3.851,'OH']]",[],3OB,5S1,3,2,"[2_1,10_13,11_50]","[3,6,0]",3,3,1.8780000000000001,"[3.998, 0.974]",76.3,85.9,351.7,84.2,83.7,85.8,"[[6.32,3.83,114.2],[7.98,4.0,141.8],[7.98,3.9,146.0]]",283.0
aMal351_TSdh_nn_008_1,526,-1459.9255,4H5,4C1,2,1,"[3_50,11_13]","[2,3]",-1,1,2,1,2,2.588,"[2.248, 0.934]",159.4,150.0,257.2,44.0,24.6,2.7,0,0,"[[7.95,5.72,106.3],[7.52,3.83,137.2]]","[[[1, 1],'C_O',2.588,'CO'],[[2, 2],'H_O',2.248,'OH']]",[],4H5,4C1,2,1,"[3_9,3_50,9_10,10_11,11_13]","[2,3]",5,2,2.6210000000000004,"[2.191, 0.936]",119.2,106.5,256.1,41.7,168.6,4.2,"[[7.79,3.3,173.5],[8.33,6.31,102.4],[7.77,5.46,107.8],[7.95,5.96,103.1],[7.49,3.94,133.0]]",264.4
aMal35_TSdh_nn_099_0,1105,-1459.9138,E1,5S1,1,2,"[9_50,13_10]","[1,50]",-1,2,2,1,2,1.935,"[2.426, 0.946]",95.8,60.0,54.9,55.5,83.7,91.7,0,0,"[[7.57,4.86,114.6],[8.55,4.53,139.0]]","[[[1, 1],'H_O',2.426,'OH'],[[2, 2],'C_O',1.935,'CO']]",[],E1,3S1,1,2,[3_6],"[1,9,11,50]",1,4,2.017,"[2.039, 0.955]",94.1,69.2,46.2,71.1,23.9,88.3,"[[8.04,3.76,152.6]]",295.1
aMal245_TSdh_nn_161_0,434,-1459.9287,3E,3S1,2,1,"[2_1,3_6,9_11,13_10]","[1,2,9,50]",-1,1,4,3,4,2.383,"[1.275, 1.264]",96.8,60.0,352.5,109.1,15.3,89.9,0,0,"[[5.46,1.26,153.5],[7.98,3.87,146.5],[8.62,5.54,118.2],[7.92,4.05,138.9]]","[[[1, 1],'C_O',2.383,'CO'],[[2, 2],'H_O',1.275,'OH']]",[],3H2,OS2,2,1,"[3_6,9_11,13_7]","[2,9,50]",3,3,2.582,"[1.655, 0.981]",152.4,63.2,337.5,111.6,331.2,95.6,"[[8.39,4.03,151.8],[7.5,3.65,141.7],[7.76,5.72,103.9]]",256.0
aMal17_TSdh_nn_329_1,5704,-1459.8707,4C1,3S1,2,3,"[3_9,10_7,11_50]","[1,2]",1,3,3,1,2,2.24,"[3.049, 0.931]",92.2,120.0,169.3,8.0,23.0,89.6,0,0,"[[5.49,3.44,108.4],[8.31,5.21,119.6],[8.29,4.31,139.7]]","[[[1, 2],'C_C',1.724,'bb'],[[2, 2],'H_O',3.049,'OH'],[[3, 3],'C_O',2.24,'CO']]",[],4C1,3S1,2,3,"[3_9,10_7,11_50]","[1,2]",3,2,2.191,"[2.766, 0.93]",97.6,111.1,124.8,17.5,24.0,89.0,"[[7.31,3.54,140.8],[8.69,5.63,117.8],[8.12,4.12,141.6]]",408.3
aMal448_TSdh_nn_260_0,2823,-1459.8988,4E,4C1,2,1,"[2_1,9_50,10_11,13_11]","[1,2]",-1,1,4,1,2,2.378,"[1.216, 1.376]",55.8,45.0,229.3,41.4,270.6,2.4,0,0,"[[5.41,1.38,153.5],[7.39,5.23,106.3],[8.09,5.67,109.0],[8.06,4.66,126.3]]","[[[1, 1],'C_O',2.378,'CO'],[[2, 2],'H_O',1.216,'OH']]",[],2H3,4C1,-1,-1,"[2_1,9_10,10_11,13_11]","[1,2,3]",4,3,2.577,"[0, 0]",92.1,69.9,159.7,62.6,230.8,3.9,"[[5.5,1.76,150.9],[7.87,5.67,106.1],[8.42,6.34,103.7],[8.31,5.42,116.0]]",334.5
aMal406_TSdh_nn_064_1,6431,-1459.8548,5S1,3OB,3,6,"[1_50,2_1,3_6,9_11,10_7]","[2,3]",-1,6,5,2,2,2.206,"[1.495, 1.082]",163.5,165.0,83.9,89.5,14.7,90.7,0,0,"[[7.55,3.58,145.7],[8.61,6.22,107.6],[6.32,1.08,164.9],[8.25,5.02,122.1],[7.79,4.69,121.3]]","[[[3, 3],'H_O',1.495,'OH'],[[6, 6],'C_O',2.206,'CO']]",[],5S1,3OB,3,6,"[1_50,2_1,3_6,9_11,10_7]","[2,3]",5,2,2.211,"[1.479, 1.091]",151.0,158.7,84.6,90.0,11.6,93.8,"[[7.4,3.45,146.3],[8.46,6.03,108.5],[6.29,1.09,167.0],[7.82,4.07,136.1],[7.85,4.75,121.2]]",450.0
aMal416_TSdh_nn_093_0,5543,-1459.8728,B3O,2SO,3,2,"[2_1,9_10]","[3,9,50]",3,2,2,0,3,2.039,"[2.819, 0.933]",276.4,30.0,168.2,75.7,163.1,85.6,0,0,"[[6.8,4.34,112.3],[7.36,4.89,111.2]]","[[[3, 4],'C_C',1.832,'bb'],[[2, 2],'C_O',2.039,'CO'],[[3, 3],'H_O',2.819,'OH']]",[],B3O,2SO,3,2,"[2_1,9_10]","[3,9,50]",2,3,2.043,"[2.622, 0.936]",264.1,33.4,169.9,75.7,159.5,82.7,"[[6.99,4.44,113.5],[7.13,5.3,101.5]]",402.8
aMal441_TSdh_nn_335_0,3238,-1459.895,B25,1C4,2,1,"[9_11,13_10]",[2],-1,1,2,2,1,2.5610000000000004,"[1.691, 0.967]",86.1,60.0,312.0,99.0,232.5,172.2,0,0,"[[7.93,4.09,137.8],[7.64,3.58,149.2]]","[[[1, 1],'C_O',2.561,'CO'],[[2, 2],'H_O',1.691,'OH']]",[],B25,1C4,2,1,"[9_11,13_10]",[2],2,1,2.545,"[1.684, 0.97]",108.8,62.2,309.0,95.9,250.1,171.0,"[[7.85,4.14,135.0],[7.62,3.69,143.6]]",344.5
aMal200_TSdh_nn_181_1,6417,-1459.8558,1HO,3S1,1,2,"[2_50,10_7,11_50,13_7]","[1,2,0]",-1,2,4,2,3,2.274,"[3.547, 0.93]",163.0,165.0,191.8,153.0,22.0,88.4,0,0,"[[7.54,3.53,146.4],[8.44,5.34,119.2],[8.77,4.61,141.1],[7.48,5.14,108.9]]","[[[1, 1],'H_O',3.547,'OH'],[[2, 2],'C_O',2.274,'CO']]",[],EO,3S1,1,2,"[2_11,2_50,10_7]","[1,2,0]",3,3,2.266,"[3.209, 0.929]",130.4,144.8,178.5,154.3,20.8,88.5,"[[7.68,3.53,150.3],[7.81,4.74,119.9],[8.38,5.37,117.8]]",447.4
aMal43_TSdh_nn_273_0,4139,-1459.8883,4C1,3S1,1,2,[9_50],"[1,6]",-1,2,1,0,2,2.056,"[2.33, 0.946]",69.4,60.0,28.6,16.3,31.8,88.7,0,0,"[[7.22,4.32,119.3]]","[[[1, 1],'H_O',2.33,'OH'],[[2, 2],'C_O',2.056,'CO']]",[],4C1,3S1,1,2,"[3_2,9_11,9_50]","[1,6]",3,2,2.059,"[2.307, 0.947]",88.1,58.4,26.2,16.4,21.5,92.6,"[[8.69,6.39,106.4],[9.22,5.92,120.3],[6.58,4.63,104.2]]",362.1
aMal382_TSdh_nn_064_0,5637,-1459.8715,5S1,OS2,3,6,"[1_50,2_1,3_6,9_1,9_50,11_9]","[2,3]",-1,6,6,3,2,2.206,"[1.495, 1.082]",163.5,60.0,83.9,89.5,329.7,92.5,0,0,"[[7.55,3.58,145.7],[8.61,6.22,107.6],[6.32,1.08,164.9],[11.09,6.37,141.1],[6.7,4.22,113.0],[8.5,4.87,129.4]]","[[[3, 3],'H_O',1.495,'OH'],[[6, 6],'C_O',2.206,'CO']]",[],5S1,OS2,3,6,"[1_9,1_50,2_1,3_6,11_9]","[2,3]",5,2,2.23,"[1.473, 1.086]",165.7,52.6,86.9,91.5,328.5,90.1,"[[9.16,4.91,140.0],[7.52,3.65,142.0],[8.36,5.88,109.2],[6.24,1.09,166.3],[9.24,5.71,124.5]]",406.2
aMal192_TSdh_nn_119_0,2019,-1459.9058,E1,OS2,1,2,"[2_3,6_0,9_50,11_13]","[1,50]",-1,2,4,0,2,1.844,"[3.695, 0.935]",91.3,60.0,55.4,53.3,319.8,89.0,0,0,"[[7.8,5.6,105.9],[7.91,6.08,100.9],[6.77,4.29,112.7],[7.93,4.24,134.0]]","[[[1, 1],'H_O',3.695,'OH'],[[2, 2],'C_O',1.844,'CO']]",[],E1,OS2,1,2,"[2_3,6_0,9_11,11_13]","[1,9,50]",4,3,1.825,"[3.689, 0.935]",145.3,51.6,56.2,56.1,328.0,94.3,"[[7.98,5.72,106.3],[8.16,6.37,100.2],[7.82,3.88,141.4],[8.22,4.8,125.9]]",316.1
aMal273_TSdh_nn_047_1,5776,-1459.8698,1C4,1S3,-1,-1,"[1_2,2_50,3_6,11_10]","[3,6]",-1,6,4,2,2,2.2969999999999997,"[0, 0]",163.1,0.0,56.6,173.5,217.5,91.4,0,0,"[[7.16,4.51,114.5],[7.56,3.85,137.2],[5.8,1.97,155.7],[7.64,5.46,106.1]]","[[[6, 6],'C_O',2.297,'CO']]",[],1C4,1S3,-1,-1,"[1_2,2_50,3_6,11_10]","[3,6]",4,2,2.3209999999999997,"[0, 0]",167.1,73.1,33.4,175.2,222.7,91.5,"[[7.29,4.67,113.6],[7.5,3.76,138.3],[5.91,2.07,154.9],[7.65,5.49,105.9]]",410.6
aMal278_TSdh_nn_184_0,2794,-1459.899,3S1,3S1,1,2,"[1_2,3_0,6_0,10_13,10_7,11_9]","[1,2,9,50]",-1,2,6,1,4,2.164,"[1.388, 1.126]",87.0,60.0,16.2,77.1,22.4,89.9,0,0,"[[5.53,1.13,147.3],[6.62,3.6,123.9],[7.9,6.11,100.4],[7.7,4.22,129.6],[8.68,5.71,116.0],[8.3,5.93,108.0]]","[[[1, 1],'H_O',1.388,'OH'],[[2, 2],'C_O',2.164,'CO']]",[],3S1,3S1,1,2,"[1_2,3_0,6_0,9_2,10_13]","[1,9,11,50]",5,4,2.18,"[1.429, 1.097]",88.1,72.1,26.9,81.3,15.7,89.2,"[[5.86,1.1,155.1],[6.63,3.57,124.6],[7.82,5.91,102.0],[7.74,3.68,146.5],[7.84,3.57,155.6]]",334.0
aMal347_TSdh_nn_047_1,5715,-1459.8706,1C4,1C4,-1,-1,"[1_2,2_50,3_6,9_0,9_50,11_9]","[3,6]",-1,6,6,4,2,2.2969999999999997,"[0, 0]",163.1,0.0,56.6,173.5,246.6,174.6,0,0,"[[7.16,4.51,114.5],[7.56,3.85,137.2],[5.8,1.97,155.7],[7.6,3.46,153.3],[7.33,4.82,111.8],[7.93,4.11,137.5]]","[[[6, 6],'C_O',2.297,'CO']]",[],1C4,1C4,-1,-1,"[1_2,2_50,3_6,9_0,10_13,11_9]","[3,6]",6,2,2.3569999999999998,"[0, 0]",173.1,355.9,38.0,176.1,38.3,174.4,"[[7.22,4.59,114.0],[7.47,3.66,141.0],[5.81,1.94,156.4],[7.29,4.57,115.7],[8.35,4.89,126.2],[7.44,3.67,140.0]]",408.5
aMal14_TSdh_nn_001_1,671,-1459.9213,3H4,1S3,2,1,"[2_1,11_10]","[1,2,50]",-1,1,2,1,3,2.267,"[1.282, 1.257]",167.5,345.0,33.3,120.5,210.3,88.1,0,0,"[[5.43,1.26,151.8],[7.92,5.36,111.5]]","[[[1, 1],'C_O',2.267,'CO'],[[2, 2],'H_O',1.282,'OH']]",[],3E,1S3,2,1,"[2_1,11_10]","[1,2,9,50]",2,4,2.305,"[1.322, 1.201]",150.8,75.3,4.2,117.8,214.0,89.4,"[[5.49,1.2,151.4],[8.07,5.71,108.1]]",275.4
aMal236_TSdh_nn_273_1,4509,-1459.8851,4C1,3S1,1,2,[11_50],"[1,6]",-1,2,1,1,2,2.056,"[2.33, 0.946]",69.4,45.0,28.6,16.3,35.3,88.1,0,0,"[[7.67,3.74,143.4]]","[[[1, 1],'H_O',2.33,'OH'],[[2, 2],'C_O',2.056,'CO']]",[],4C1,3S1,1,2,"[3_2,9_50,11_9]","[1,6]",3,2,2.055,"[2.313, 0.947]",93.7,53.5,27.6,16.0,22.2,95.0,"[[8.69,6.24,108.5],[6.47,4.61,103.0],[8.18,4.11,143.2]]",370.5
aMal35_TSdh_nn_091_1,5074,-1459.8789,25B,5S1,1,2,"[6_0,9_50,13_10]","[1,0,50]",-1,2,3,1,3,2.237,"[1.888, 0.947]",83.0,0.0,106.1,99.2,83.7,91.7,0,0,"[[8.03,5.74,107.1],[7.57,4.86,114.6],[8.55,4.53,139.0]]","[[[1, 1],'H_O',1.888,'OH'],[[2, 2],'C_O',2.237,'CO']]",[],5S1,5S1,1,2,[13_10],"[1,9,0,50]",1,4,2.247,"[1.735, 0.968]",73.1,35.3,104.2,100.4,88.2,90.8,"[[9.38,5.41,132.8]]",386.7
aMal434_TSdh_nn_161_1,1415,-1459.9112,3E,1C4,2,1,"[2_1,3_6,9_11]","[1,2,50]",-1,1,3,3,3,2.383,"[1.275, 1.264]",96.8,315.0,352.5,109.1,256.4,173.9,0,0,"[[5.46,1.26,153.5],[7.98,3.87,146.5],[7.95,4.18,135.7]]","[[[1, 1],'C_O',2.383,'CO'],[[2, 2],'H_O',1.275,'OH']]",[],3E,1C4,2,1,"[2_1,3_6,9_11,10_13]","[1,2,50]",4,3,2.369,"[1.271, 1.275]",120.1,314.7,2.5,119.0,338.8,174.2,"[[5.44,1.27,152.5],[7.65,3.34,162.4],[7.19,3.4,142.7],[8.43,5.03,124.8]]",301.9
aMal204_TSdh_nn_181_0,5805,-1459.8692,1HO,1C4,1,2,"[2_50,11_9,11_7]","[1,2,0]",-1,2,3,1,3,2.274,"[3.547, 0.93]",163.0,60.0,191.8,153.0,196.8,176.1,0,0,"[[7.54,3.53,146.4],[8.09,4.78,124.3],[8.51,6.36,104.5]]","[[[1, 1],'H_O',3.547,'OH'],[[2, 2],'C_O',2.274,'CO']]",[],5E,1C4,1,2,"[2_9,2_50,11_9]","[1,2,0,7]",3,4,2.315,"[3.131, 0.928]",191.7,85.2,131.7,151.3,214.0,174.0,"[[9.47,4.69,155.6],[7.07,4.55,112.3],[8.16,4.26,138.2]]",412.2
aMal129_TSdh_nn_073_0,4045,-1459.8887,1S3,3S1,3,2,"[1_2,9_50]","[3,9,50]",3,2,2,0,3,2.136,"[2.377, 0.941]",166.4,75.0,197.5,75.2,30.8,89.7,0,0,"[[7.75,5.56,106.0],[7.14,4.34,117.7]]","[[[3, 4],'C_C',1.726,'bb'],[[2, 2],'C_O',2.136,'CO'],[[3, 3],'H_O',2.377,'OH']]",[],B3O,3S1,3,2,[1_2],"[3,9,11,50]",1,4,2.177,"[2.066, 0.955]",178.5,90.5,189.3,77.0,24.3,88.2,"[[7.95,5.02,117.4]]",361.0
aMal352_TSdh_nn_123_0,5668,-1459.871,2SO,5S1,2,3,[13_7],"[1,2]",1,3,1,0,2,2.13,"[2.158, 0.95]",86.8,60.0,157.0,79.2,86.1,83.1,0,0,"[[7.38,4.79,113.0]]","[[[1, 2],'C_C',1.768,'bb'],[[2, 2],'H_O',2.158,'OH'],[[3, 3],'C_O',2.13,'CO']]",[],2SO,5S1,2,3,"[3_9,13_7]","[1,2]",2,2,1.9580000000000002,"[2.858, 0.931]",125.6,78.8,164.1,81.1,92.3,77.1,"[[8.28,3.73,162.2],[7.64,5.46,106.2]]",407.5
aMal447_TSdh_nn_182_1,893,-1459.9165,5H4,4C1,2,1,"[1_50,6_3,9_50,10_11]",[2],-1,1,4,1,1,2.521,"[1.718, 0.963]",157.9,105.0,82.5,115.1,284.5,2.6,0,0,"[[8.93,6.07,114.1],[7.33,3.7,136.3],[7.38,5.17,107.0],[8.1,5.68,109.0]]","[[[1, 1],'C_O',2.521,'CO'],[[2, 2],'H_O',1.718,'OH']]",[],5H4,4C1,2,1,"[1_9,1_50,6_3,9_10,10_11]",[2],5,1,2.9589999999999996,"[1.617, 0.976]",133.5,66.7,85.8,115.3,266.3,9.1,"[[8.94,4.1,174.9],[9.2,6.39,112.4],[7.24,3.62,136.9],[7.82,5.87,102.6],[8.42,6.24,105.2]]",288.0
aMal123_TSdh_nn_187_0,1577,-1459.9097,3S1,1C4,-1,-1,"[1_2,3_6,3_0,9_11,13_7]","[1,2,50]",-1,2,5,3,3,2.253,"[0, 0]",93.2,60.0,25.9,79.2,251.8,171.3,0,0,"[[5.52,1.83,150.5],[7.37,3.27,150.3],[6.94,4.85,104.7],[8.04,4.26,135.5],[7.73,5.17,111.8]]","[[[2, 2],'C_O',2.253,'CO']]",[],3S1,1C4,-1,-1,"[1_2,3_6,3_0,9_11]","[1,2,9,50]",4,4,2.267,"[0, 0]",149.7,62.2,26.2,76.8,255.1,174.2,"[[5.61,1.89,152.1],[7.5,3.32,152.1],[6.89,4.82,104.5],[7.37,3.52,142.7]]",305.9
aMal325_TSdh_nn_003_2,612,-1459.9234,E4,1S3,2,1,"[2_1,3_6,10_11,13_7]","[1,2,50]",-1,1,4,2,3,2.352,"[1.246, 1.323]",173.8,195.0,64.2,124.7,208.9,88.9,0,0,"[[5.45,1.32,153.7],[7.33,3.44,145.5],[7.9,5.42,110.2],[7.83,5.43,109.1]]","[[[1, 1],'C_O',2.352,'CO'],[[2, 2],'H_O',1.246,'OH']]",[],3E,OS2,2,1,"[2_1,3_6,11_9]","[1,2,13,7,50]",3,5,2.423,"[1.327, 1.19]",138.9,182.8,357.8,112.3,329.0,91.9,"[[5.6,1.19,156.1],[7.72,3.59,150.6],[9.25,5.71,124.4]]",269.9
aMal320_TSdh_nn_273_0,4377,-1459.8862,4C1,4C1,1,2,"[9_50,10_11,13_7]","[1,6]",-1,2,3,0,2,2.056,"[2.33, 0.946]",69.4,60.0,28.6,16.3,199.9,1.2,0,0,"[[7.45,5.37,104.9],[8.14,5.65,109.9],[7.52,5.39,105.5]]","[[[1, 1],'H_O',2.33,'OH'],[[2, 2],'C_O',2.056,'CO']]",[],4C1,4C1,1,2,"[3_2,10_11,13_7]","[1,6]",3,2,2.044,"[2.339, 0.946]",81.7,68.9,26.4,17.4,219.8,5.0,"[[8.56,6.43,104.4],[8.12,5.68,109.2],[7.59,5.76,101.3]]",367.6
aMal213_TSdh_nn_273_2,4079,-1459.8885,4C1,5S1,1,2,[9_3],"[1,6]",-1,2,1,0,2,2.056,"[2.33, 0.946]",69.4,105.0,28.6,16.3,87.6,79.2,0,0,"[[9.53,5.89,125.7]]","[[[1, 1],'H_O',2.33,'OH'],[[2, 2],'C_O',2.056,'CO']]",[],4C1,2E,1,2,[10_9],"[1,6]",1,2,2.082,"[2.334, 0.94]",126.4,47.8,24.1,17.6,135.3,68.5,"[[7.75,5.63,105.1]]",361.5
aMal218_TSdh_nn_184_1,3567,-1459.8927,3S1,OS2,1,2,"[1_2,3_0,6_0,9_11,10_7]","[1,2,50]",-1,2,5,2,3,2.164,"[1.388, 1.126]",87.0,15.0,16.2,77.1,341.4,91.3,0,0,"[[5.53,1.13,147.3],[6.62,3.6,123.9],[7.9,6.11,100.4],[7.84,3.78,146.1],[7.76,4.59,122.9]]","[[[1, 1],'H_O',1.388,'OH'],[[2, 2],'C_O',2.164,'CO']]",[],3S1,OS2,1,2,"[1_2,3_0,6_0,9_11,10_7,11_13]","[1,2,9,50]",6,4,2.157,"[1.36, 1.154]",143.0,51.2,19.4,75.6,331.4,93.8,"[[5.5,1.15,148.7],[6.62,3.59,124.0],[8.1,6.26,100.9],[7.57,3.72,140.5],[8.28,5.53,113.7],[8.28,4.94,124.0]]",350.5
aMal190_TSdh_nn_117_1,4535,-1459.8848,E5,1C4,1,2,"[9_50,11_9,13_3,13_7]","[1,6,0]",-1,2,4,2,3,2.119,"[1.894, 0.966]",75.6,30.0,295.8,59.2,262.6,175.3,0,0,"[[7.25,4.77,111.6],[7.83,4.0,138.6],[6.06,2.61,144.4],[7.87,5.27,112.2]]","[[[1, 1],'H_O',1.894,'OH'],[[2, 2],'C_O',2.119,'CO']]",[],E5,1C4,1,2,"[9_50,11_9,13_3]","[1,6,0]",3,3,2.157,"[1.927, 0.96]",74.2,57.1,307.1,63.8,251.1,174.5,"[[7.6,5.48,105.3],[7.9,4.12,136.8],[9.58,4.84,154.2]]",371.2
aMal474_TSdh_nn_025_0,36,-1459.9406,3E,OS2,2,1,"[2_1,9_50,10_7,11_9]","[1,2,9,50]",-1,1,4,1,4,2.296,"[1.327, 1.192]",151.5,90.0,11.7,115.1,340.9,95.6,0,0,"[[5.5,1.19,151.4],[6.53,4.04,113.6],[7.91,5.25,112.9],[7.65,3.99,134.9]]","[[[1, 1],'C_O',2.296,'CO'],[[2, 2],'H_O',1.327,'OH']]",[],3E,3S1,2,1,"[2_1,10_13,11_1]","[2,9,11,50]",3,4,2.3369999999999997,"[1.352, 1.17]",158.6,82.1,13.2,119.6,27.2,88.6,"[[5.74,1.17,159.9],[7.77,3.39,164.9],[7.47,3.33,153.6]]",224.7
aMal91_TSdh_nn_260_0,1769,-1459.908,4E,4C1,2,1,"[2_1,9_50,10_9,11_10]","[1,2]",-1,1,4,1,2,2.378,"[1.216, 1.376]",55.8,45.0,229.3,41.4,231.9,4.7,0,0,"[[5.41,1.38,153.5],[7.37,4.93,110.6],[8.32,6.09,105.9],[7.88,5.55,108.0]]","[[[1, 1],'C_O',2.378,'CO'],[[2, 2],'H_O',1.216,'OH']]",[],E3,4C1,-1,-1,"[2_1,3_13,3_7,9_50,10_9,11_10]","[1,2,3]",6,3,2.5860000000000003,"[0, 0]",47.4,43.1,176.2,51.9,266.3,8.0,"[[5.51,1.86,148.5],[10.89,5.71,154.9],[7.12,3.98,124.3],[7.54,5.39,105.7],[8.49,6.44,103.3],[7.94,5.85,104.4]]",310.3
aMal103_TSdh_nn_015_1,1603,-1459.9095,3OB,3S1,3,2,[2_1],"[3,6,0]",-1,2,1,0,3,1.87,"[3.851, 0.954]",85.4,45.0,348.1,87.3,27.9,87.7,0,0,"[[6.28,3.81,113.8]]","[[[2, 2],'C_O',1.87,'CO'],[[3, 3],'H_O',3.851,'OH']]",[],3OB,5S1,3,2,[2_1],"[3,6,0]",1,3,1.867,"[4.0, 0.962]",87.2,60.7,351.3,87.7,89.1,82.3,"[[6.31,3.66,117.4]]",306.4
aMal88_TSdh_nn_252_1,5352,-1459.8756,OH5,5S1,1,2,[13_10],"[1,6,0]",-1,2,1,1,3,2.8310000000000004,"[2.068, 0.933]",76.9,15.0,321.0,57.1,86.2,88.4,0,0,"[[8.96,4.75,141.2]]","[[[1, 1],'H_O',2.068,'OH'],[[2, 2],'C_O',2.831,'CO']]",[],E5,5S1,1,2,[13_10],"[1,6,0]",1,3,2.787,"[1.964, 0.938]",65.8,42.9,313.1,55.0,92.7,89.2,"[[8.91,4.77,139.5]]",395.4
aMal157_TSdh_nn_186_0,3541,-1459.8928,OH5,1C4,1,2,[9_11],"[1,6,0]",-1,2,1,0,3,2.239,"[1.618, 1.0]",90.8,60.0,327.0,64.3,246.6,169.7,0,0,"[[8.13,4.37,134.2]]","[[[1, 1],'H_O',1.618,'OH'],[[2, 2],'C_O',2.239,'CO'],[[10, 10],'H_O',1.918,'OH'],[[13, 13],'H_O',3.409,'OH']]",[],E5,1C4,1,2,"[3_13,9_11]","[1,6,0]",2,3,2.434,"[1.82, 0.951]",63.4,62.1,308.6,63.1,271.7,168.0,"[[8.57,3.83,171.5],[7.95,4.36,131.0]]",350.2
aMal204_TSdh_nn_126_2,2061,-1459.9053,5H4,1C4,1,2,"[2_50,3_6,11_9,11_7]","[1,0]",-1,2,4,2,2,2.004,"[2.774, 0.933]",99.2,180.0,74.5,153.1,196.8,176.1,0,0,"[[7.5,3.78,137.1],[7.48,3.36,153.5],[8.09,4.78,124.3],[8.51,6.36,104.5]]","[[[1, 1],'H_O',2.774,'OH'],[[2, 2],'C_O',2.004,'CO']]",[],5H4,1C4,1,2,"[2_9,2_50,3_6,9_11]","[1,0,7]",4,3,2.033,"[2.213, 0.942]",179.8,73.5,77.4,136.8,194.8,173.3,"[[8.29,3.79,159.2],[7.85,5.03,115.3],[7.24,3.24,151.0],[7.78,4.07,135.5]]",317.4
aMal193_TSdh_nn_260_0,3077,-1459.8962,4E,4C1,2,1,"[2_1,9_10,10_11]","[1,2]",-1,1,3,1,2,2.378,"[1.216, 1.376]",55.8,45.0,229.3,41.4,264.0,4.3,0,0,"[[5.41,1.38,153.5],[8.12,5.99,104.8],[8.33,5.97,107.6]]","[[[1, 1],'C_O',2.378,'CO'],[[2, 2],'H_O',1.216,'OH']]",[],E3,4C1,-1,-1,"[2_1,3_7,9_10,10_11]","[1,2,3]",4,3,2.576,"[0, 0]",43.0,52.1,179.5,50.7,188.1,5.6,"[[5.48,1.81,149.4],[7.44,3.64,140.2],[7.85,5.69,105.5],[8.4,6.23,105.0]]",341.3
aMal103_TSdh_nn_018_0,0,-1459.9431,OS2,3S1,2,1,[],"[2,11,50]",-1,1,0,0,3,2.835,"[1.756, 0.956]",122.4,75.0,321.6,104.1,27.9,87.7,0,0,[],"[[[1, 1],'C_O',2.835,'CO'],[[2, 2],'H_O',1.756,'OH']]",[],5H4,3S1,2,1,"[3_6,11_1]","[2,9,11,50]",2,4,3.112,"[1.717, 0.963]",158.4,79.4,79.4,135.5,23.6,91.3,"[[7.42,3.6,142.1],[7.3,3.52,140.6]]",218.2
aMal368_TSdh_nn_099_2,3612,-1459.8922,E1,2SO,1,2,"[9_50,10_11]","[1,50]",-1,2,2,0,2,1.935,"[2.426, 0.946]",95.8,120.0,54.9,55.5,159.4,81.8,0,0,"[[6.71,4.44,109.2],[8.45,6.15,106.7]]","[[[1, 1],'H_O',2.426,'OH'],[[2, 2],'C_O',1.935,'CO']]",[],E1,B3O,1,2,"[3_9,9_10,10_11,11_13]","[1,7,50]",4,3,1.963,"[2.239, 0.947]",123.9,164.4,50.0,65.2,181.2,76.3,"[[9.16,5.42,128.7],[7.31,4.8,111.9],[7.91,5.88,103.5],[9.04,5.89,118.4]]",351.8
aMal20_TSdh_nn_184_0,3455,-1459.8933,3S1,3S1,1,2,"[1_2,3_0,6_0,11_50,13_7]","[1,2,9,50]",-1,2,5,2,4,2.164,"[1.388, 1.126]",87.0,60.0,16.2,77.1,36.6,86.1,0,0,"[[5.53,1.13,147.3],[6.62,3.6,123.9],[7.9,6.11,100.4],[7.91,3.93,142.7],[7.41,5.15,107.7]]","[[[1, 1],'H_O',1.388,'OH'],[[2, 2],'C_O',2.164,'CO']]",[],3S1,3S1,1,2,"[1_2,3_0,6_0,9_2]","[1,9,11,50]",4,4,2.176,"[1.405, 1.117]",85.2,66.7,26.2,82.0,23.1,89.2,"[[5.81,1.12,156.2],[6.61,3.57,124.4],[7.85,5.97,101.6],[7.83,3.67,149.4]]",348.9
aMal315_TSdh_nn_073_1,5474,-1459.8739,1S3,5S1,3,2,"[1_2,9_50]","[3,11,50]",3,2,2,0,3,2.136,"[2.377, 0.941]",166.4,135.0,197.5,75.2,87.9,87.4,0,0,"[[7.75,5.56,106.0],[7.94,5.38,111.2]]","[[[3, 4],'C_C',1.726,'bb'],[[2, 2],'C_O',2.136,'CO'],[[3, 3],'H_O',2.377,'OH']]",[],1S3,5S1,3,2,"[1_2,9_3]","[3,11,50]",2,3,2.241,"[2.379, 0.939]",130.4,145.7,194.7,76.2,99.2,95.4,"[[7.87,4.93,117.9],[7.53,3.17,166.5]]",399.9
aMal325_TSdh_nn_047_0,5832,-1459.869,1C4,1S3,-1,-1,"[1_2,2_50,3_6,10_11,13_7]","[3,6]",-1,6,5,2,2,2.2969999999999997,"[0, 0]",163.1,45.0,56.6,173.5,208.9,88.9,0,0,"[[7.16,4.51,114.5],[7.56,3.85,137.2],[5.8,1.97,155.7],[7.9,5.42,110.2],[7.83,5.43,109.1]]","[[[6, 6],'C_O',2.297,'CO']]",[],1C4,1S3,-1,-1,"[1_2,2_9,2_50,3_6,10_11]","[3,6]",5,2,2.2969999999999997,"[0, 0]",175.3,54.1,37.4,175.0,209.8,89.2,"[[7.3,4.66,113.9],[9.71,4.89,154.5],[7.32,3.83,132.2],[5.91,2.06,154.9],[7.99,5.65,108.0]]",412.7
aMal217_TSdh_nn_015_1,1322,-1459.9118,3OB,5S1,3,2,"[2_1,11_50]","[3,6,0]",-1,2,2,1,3,1.87,"[3.851, 0.954]",85.4,45.0,348.1,87.3,89.5,80.8,0,0,"[[6.28,3.81,113.8],[8.3,4.28,140.4]]","[[[2, 2],'C_O',1.87,'CO'],[[3, 3],'H_O',3.851,'OH']]",[],3OB,5S1,3,2,"[2_1,11_50]","[3,6,0]",2,3,1.8769999999999998,"[3.995, 0.974]",76.1,86.5,352.3,84.4,91.7,83.2,"[[6.34,3.86,113.9],[8.41,4.29,142.9]]",300.4
aMal101_TSdh_nn_184_0,3565,-1459.8927,3S1,4C1,1,2,"[1_2,3_0,6_0,9_10,10_11,13_7]","[1,2,50]",-1,2,6,1,3,2.164,"[1.388, 1.126]",87.0,60.0,16.2,77.1,246.2,2.0,0,0,"[[5.53,1.13,147.3],[6.62,3.6,123.9],[7.9,6.11,100.4],[8.04,5.87,105.4],[8.3,6.02,106.7],[7.75,5.52,106.8]]","[[[1, 1],'H_O',1.388,'OH'],[[2, 2],'C_O',2.164,'CO']]",[],3S1,4C1,1,2,"[1_2,3_0,6_0,9_10,10_11]","[1,2,9,50]",5,4,2.155,"[1.386, 1.127]",80.0,46.1,20.2,77.3,278.3,10.7,"[[5.56,1.13,148.6],[6.61,3.56,124.5],[8.01,6.14,101.4],[7.79,5.8,103.1],[8.42,6.22,105.4]]",350.5
aMal8_TSdh_nn_064_0,5960,-1459.8674,5S1,3S1,3,6,"[1_50,2_1,3_6,9_11,9_50,11_1]","[2,3]",-1,6,6,2,2,2.206,"[1.495, 1.082]",163.5,60.0,83.9,89.5,20.8,91.4,0,0,"[[7.55,3.58,145.7],[8.61,6.22,107.6],[6.32,1.08,164.9],[8.73,5.63,118.3],[6.77,4.99,101.4],[5.62,3.78,104.2]]","[[[3, 3],'H_O',1.495,'OH'],[[6, 6],'C_O',2.206,'CO']]",[],5S1,3S1,3,6,"[1_11,1_50,2_1,3_6,9_11]","[2,3]",5,2,2.231,"[1.498, 1.081]",158.0,75.7,85.4,89.6,21.9,94.9,"[[8.05,4.69,124.8],[7.92,3.91,142.7],[8.3,5.82,109.2],[6.35,1.08,166.3],[8.11,4.54,129.9]]",416.9
aMal192_TSdh_nn_273_0,4110,-1459.8884,4C1,OS2,1,2,"[9_50,11_13]","[1,6]",-1,2,2,0,2,2.056,"[2.33, 0.946]",69.4,60.0,28.6,16.3,319.8,89.0,0,0,"[[6.77,4.29,112.7],[7.93,4.24,134.0]]","[[[1, 1],'H_O',2.33,'OH'],[[2, 2],'C_O',2.056,'CO']]",[],4C1,B25,1,2,"[9_50,11_13]","[1,6]",2,2,2.0669999999999997,"[2.308, 0.946]",116.0,59.8,26.5,16.8,312.4,92.6,"[[7.09,5.25,102.1],[7.86,4.26,132.1]]",361.8
aMal382_TSdh_nn_179_0,4355,-1459.8863,4C1,OS2,1,2,"[9_50,11_9]","[1,6,0]",-1,2,2,0,3,2.391,"[1.936, 0.947]",64.2,60.0,278.7,18.4,329.7,92.5,0,0,"[[6.7,4.22,113.0],[8.5,4.87,129.4]]","[[[1, 1],'H_O',1.936,'OH'],[[2, 2],'C_O',2.391,'CO']]",[],E5,1C4,1,2,"[9_50,10_13,11_9]","[1,6,0]",3,3,2.407,"[1.9, 0.943]",126.7,58.6,294.1,28.8,278.1,171.2,"[[7.41,5.58,101.4],[7.61,3.35,160.4],[7.88,4.01,139.5]]",367.3
aMal17_TSdh_nn_097_2,1099,-1459.9139,5S1,3S1,1,2,"[3_2,10_7,11_50]","[1,9,11,0,50]",-1,0,3,1,5,1.824,"[2.514, 0.943]",77.7,90.0,90.1,79.4,23.0,89.6,0,0,"[[8.5,6.19,106.8],[8.31,5.21,119.6],[8.29,4.31,139.7]]","[[[0, 1],'C_O',1.824,'bb'],[[1, 1],'H_O',2.514,'OH'],[[2, 2],'C_O',1.935,'CO']]",[],E1,3S1,1,2,"[3_6,10_7]","[1,9,11,50]",2,4,2.0069999999999997,"[2.092, 0.952]",94.1,71.7,46.2,70.5,19.3,88.1,"[[8.13,3.84,151.9],[8.29,5.27,118.2]]",294.8
aMal94_TSdh_nn_119_1,3331,-1459.8942,E1,3S1,1,2,"[2_3,6_0,9_50,13_7]","[1,50]",-1,2,4,0,2,1.844,"[3.695, 0.935]",91.3,30.0,55.4,53.3,36.5,86.0,0,0,"[[7.8,5.6,105.9],[7.91,6.08,100.9],[7.46,4.66,116.7],[7.43,5.19,107.3]]","[[[1, 1],'H_O',3.695,'OH'],[[2, 2],'C_O',1.844,'CO']]",[],E1,OS2,1,2,"[2_3,6_0,9_11]","[1,9,50]",3,3,1.824,"[3.7, 0.935]",96.3,57.5,54.5,55.6,341.4,92.7,"[[8.06,5.81,106.3],[7.81,5.88,102.5],[7.5,3.56,145.2]]",346.6
aMal368_TSdh_nn_184_2,6319,-1459.8599,3S1,2SO,1,2,"[1_2,3_0,6_0,9_2,9_50,10_11]","[1,2,50]",-1,2,6,2,3,2.164,"[1.388, 1.126]",87.0,135.0,16.2,77.1,159.4,81.8,0,0,"[[5.53,1.13,147.3],[6.62,3.6,123.9],[7.9,6.11,100.4],[6.78,3.24,138.8],[6.71,4.44,109.2],[8.45,6.15,106.7]]","[[[1, 1],'H_O',1.388,'OH'],[[2, 2],'C_O',2.164,'CO']]",[],3S1,B3O,1,2,"[1_2,3_0,6_0,9_2,10_11]","[1,7,50]",5,3,2.171,"[1.437, 1.09]",107.8,142.7,29.9,83.8,165.8,86.1,"[[5.88,1.09,155.3],[6.61,3.55,125.0],[7.84,6.07,100.2],[8.02,3.73,153.3],[8.34,5.99,107.6]]",436.6
aMal13_TSdh_nn_067_1,3734,-1459.8912,4C1,OS2,3,2,"[9_11,13_7]","[3,9,50]",3,2,2,1,3,2.116,"[2.406, 0.94]",278.6,45.0,151.5,10.5,334.9,92.5,0,0,"[[8.0,3.97,143.7],[7.48,5.23,107.3]]","[[[3, 4],'C_C',1.762,'bb'],[[2, 2],'C_O',2.116,'CO'],[[3, 3],'H_O',2.406,'OH']]",[],4C1,OS2,3,2,"[9_11,13_7]","[3,9,50]",2,3,2.074,"[3.564, 0.932]",266.1,49.4,174.8,14.1,330.4,98.7,"[[7.36,3.48,144.0],[7.87,5.99,101.7]]",354.4
aMal35_TSdh_nn_324_0,5795,-1459.8695,1S3,5S1,1,2,"[9_50,13_10]","[1,0]",-1,2,2,1,2,2.137,"[2.088, 0.948]",79.7,60.0,198.1,86.5,83.7,91.7,0,0,"[[7.57,4.86,114.6],[8.55,4.53,139.0]]","[[[1, 1],'H_O',2.088,'OH'],[[2, 2],'C_O',2.137,'CO']]",[],4E,5S1,1,2,"[3_9,6_11,6_50,13_10]","[1,0]",4,2,2.068,"[2.053, 0.953]",92.7,97.8,255.9,66.0,88.8,96.7,"[[8.6,4.1,154.7],[7.95,3.7,152.3],[8.38,5.14,121.4],[8.42,4.48,137.5]]",411.4
aMal52_TSdh_nn_161_1,357,-1459.9305,3E,1C4,2,1,"[2_1,3_6,9_50,11_9]","[1,2,50]",-1,1,4,3,3,2.383,"[1.275, 1.264]",96.8,330.0,352.5,109.1,221.6,175.0,0,0,"[[5.46,1.26,153.5],[7.98,3.87,146.5],[7.3,4.76,112.4],[7.97,4.14,137.6]]","[[[1, 1],'C_O',2.383,'CO'],[[2, 2],'H_O',1.275,'OH']]",[],OS2,1C4,2,1,[9_11],"[2,13,7,50]",1,4,2.785,"[1.689, 0.969]",67.2,276.9,321.4,102.3,259.5,168.0,"[[7.76,3.83,142.1]]",251.3
aMal411_TSdh_nn_025_0,285,-1459.9316,3E,OS2,2,1,"[2_1,9_11,13_7]","[1,2,9,50]",-1,1,3,2,4,2.296,"[1.327, 1.192]",151.5,90.0,11.7,115.1,332.9,91.7,0,0,"[[5.5,1.19,151.4],[8.41,4.23,144.9],[7.73,5.41,108.2]]","[[[1, 1],'C_O',2.296,'CO'],[[2, 2],'H_O',1.327,'OH']]",[],3E,OS2,2,1,"[2_1,9_11,13_6]","[1,2,9,50]",3,4,2.305,"[1.331, 1.191]",138.2,61.0,10.3,121.6,330.7,94.5,"[[5.51,1.19,151.3],[7.76,3.75,144.8],[8.25,3.85,156.1]]",248.4
aMal211_TSdh_nn_184_2,3310,-1459.8944,3S1,B14,1,2,"[1_2,3_0,6_0,10_13,11_50]","[1,2,11,50]",-1,2,5,3,4,2.164,"[1.388, 1.126]",87.0,90.0,16.2,77.1,70.5,81.5,0,0,"[[5.53,1.13,147.3],[6.62,3.6,123.9],[7.9,6.11,100.4],[8.28,4.06,147.5],[7.62,3.72,143.0]]","[[[1, 1],'H_O',1.388,'OH'],[[2, 2],'C_O',2.164,'CO']]",[],3S1,3S1,1,2,"[1_2,3_0,6_0,10_13]","[1,2,9,11,50]",4,5,2.177,"[1.436, 1.083]",113.9,63.8,19.6,77.0,18.7,89.6,"[[5.67,1.08,147.6],[6.65,3.58,124.8],[8.07,6.16,102.0],[7.65,3.41,157.2]]",346.0
aMal231_TSdh_nn_175_2,2898,-1459.8979,4C1,1C4,1,2,[9_11],[1],-1,2,1,1,1,2.056,"[2.328, 0.941]",81.8,135.0,50.8,20.3,249.2,168.1,0,0,"[[8.06,4.19,137.9]]","[[[1, 1],'H_O',2.328,'OH'],[[2, 2],'C_O',2.056,'CO']]",[],E1,1C4,1,2,"[9_11,13_10]","[1,9,50]",2,3,1.942,"[2.18, 0.956]",85.3,155.8,54.4,57.7,253.6,171.5,"[[7.38,3.55,142.2],[7.62,3.84,139.0]]",336.9
aMal86_TSdh_nn_296_1,1376,-1459.9116,5E,4C1,2,1,"[9_50,10_9,11_10,13_7]","[2,3]",-1,1,4,0,2,2.642,"[2.162, 0.931]",183.1,120.0,111.0,108.9,208.6,4.6,0,0,"[[7.39,4.99,109.9],[8.31,6.09,105.8],[8.0,5.8,105.8],[7.56,5.44,105.5]]","[[[1, 1],'C_O',2.642,'CO'],[[2, 2],'H_O',2.162,'OH']]",[],4E,4C1,2,1,[3_9],"[2,3]",1,2,2.682,"[2.22, 0.936]",101.3,99.7,252.9,41.5,260.2,5.7,"[[8.22,3.63,167.9]]",300.9
aMal384_TSdh_nn_187_2,3060,-1459.8963,3S1,OS2,-1,-1,"[1_2,3_6,3_0,9_2,9_50,11_9,13_11]","[1,2,50]",-1,2,7,3,3,2.253,"[0, 0]",93.2,165.0,25.9,79.2,329.1,91.4,0,0,"[[5.52,1.83,150.5],[7.37,3.27,150.3],[6.94,4.85,104.7],[7.4,3.86,133.4],[6.74,4.34,111.4],[8.68,5.1,127.3],[8.87,4.73,139.9]]","[[[2, 2],'C_O',2.253,'CO']]",[],3S1,1S5,-1,-1,"[1_2,3_6,3_0,9_2,11_13]","[2,9,7,50]",5,4,2.259,"[0, 0]",96.8,158.7,30.3,82.7,260.7,92.1,"[[6.02,2.21,156.1],[6.9,2.87,154.2],[6.94,5.09,100.9],[7.03,3.08,149.2],[7.41,3.82,134.6]]",341.1
aMal230_TSdh_nn_273_1,3433,-1459.8934,4C1,5S1,1,2,"[11_50,13_7]","[1,6]",-1,2,2,1,2,2.056,"[2.33, 0.946]",69.4,30.0,28.6,16.3,86.8,83.6,0,0,"[[7.87,3.9,142.7],[7.38,4.84,112.3]]","[[[1, 1],'H_O',2.33,'OH'],[[2, 2],'C_O',2.056,'CO']]",[],4C1,5S1,1,2,"[3_9,11_50,13_7]","[1,6]",3,2,2.0909999999999997,"[2.352, 0.938]",101.6,111.0,23.2,20.4,88.2,86.1,"[[7.88,3.48,162.7],[7.76,3.79,144.3],[7.59,5.34,107.4]]",348.7
aMal462_TSdh_nn_025_2,710,-1459.92,3E,5S1,2,1,"[2_1,13_7]","[1,2,11,50]",-1,1,2,1,4,2.296,"[1.327, 1.192]",151.5,150.0,11.7,115.1,85.4,85.5,0,0,"[[5.5,1.19,151.4],[7.42,4.86,112.5]]","[[[1, 1],'C_O',2.296,'CO'],[[2, 2],'H_O',1.327,'OH']]",[],3H2,5S1,2,1,"[9_6,13_7]","[2,11,7,50]",2,4,2.7089999999999996,"[1.722, 0.962]",176.4,147.8,334.6,109.9,99.9,88.8,"[[9.55,5.38,136.2],[7.85,5.88,103.0]]",278.8
aMal236_TSdh_nn_187_1,4168,-1459.888,3S1,3S1,-1,-1,"[1_2,3_6,3_0,11_50]","[1,2,9,50]",-1,2,4,3,4,2.253,"[0, 0]",93.2,45.0,25.9,79.2,35.3,88.1,0,0,"[[5.52,1.83,150.5],[7.37,3.27,150.3],[6.94,4.85,104.7],[7.67,3.74,143.4]]","[[[2, 2],'C_O',2.253,'CO']]",[],3S1,5S1,-1,-1,"[1_2,3_6,3_0,11_50,13_10]","[1,2,9,50]",5,4,2.2430000000000003,"[0, 0]",57.2,38.3,26.2,80.9,84.8,92.4,"[[5.53,1.81,152.2],[7.21,3.15,150.8],[6.97,4.88,104.5],[7.95,4.06,139.9],[9.38,5.41,132.9]]",362.8
aMal247_TSdh_nn_073_1,4044,-1459.8887,1S3,3S1,3,2,"[1_2,9_50]","[3,11,50]",3,2,2,0,3,2.136,"[2.377, 0.941]",166.4,135.0,197.5,75.2,37.3,85.5,0,0,"[[7.75,5.56,106.0],[7.48,4.7,116.2]]","[[[3, 4],'C_C',1.726,'bb'],[[2, 2],'C_O',2.136,'CO'],[[3, 3],'H_O',2.377,'OH']]",[],B3O,3S1,3,2,[1_2],"[3,9,11,50]",1,4,2.177,"[2.066, 0.955]",178.5,90.5,189.3,77.0,24.3,88.2,"[[7.95,5.02,117.5]]",361.0
aMal413_TSdh_nn_003_1,1157,-1459.9133,E4,5S1,2,1,"[2_1,3_6,11_50]","[1,2,50]",-1,1,3,3,3,2.352,"[1.246, 1.323]",173.8,195.0,64.2,124.7,88.6,87.1,0,0,"[[5.45,1.32,153.7],[7.33,3.44,145.5],[7.85,3.87,143.3]]","[[[1, 1],'C_O',2.352,'CO'],[[2, 2],'H_O',1.246,'OH']]",[],E4,25B,2,1,"[2_1,3_6]","[1,2,11,7,50]",2,5,2.331,"[1.273, 1.272]",189.1,171.4,68.6,125.0,106.2,90.8,"[[5.52,1.27,156.0],[7.24,3.43,143.8]]",296.4
aMal77_TSdh_nn_119_2,2035,-1459.9056,E1,1C4,1,2,"[2_3,6_0,9_11,13_7]","[1,50]",-1,2,4,1,2,1.844,"[3.695, 0.935]",91.3,180.0,55.4,53.3,235.8,174.2,0,0,"[[7.8,5.6,105.9],[7.91,6.08,100.9],[7.9,4.06,138.3],[7.77,5.26,111.0]]","[[[1, 1],'H_O',3.695,'OH'],[[2, 2],'C_O',1.844,'CO']]",[],E1,1C4,1,2,"[3_9,6_0,9_11]","[1,13,7,50]",3,4,1.96,"[2.148, 0.952]",59.9,269.0,51.3,61.4,253.0,168.7,"[[7.78,3.92,139.9],[7.7,5.83,101.7],[7.49,3.61,142.7]]",316.6
aMal229_TSdh_nn_153_0,3440,-1459.8934,5S1,3S1,1,2,"[3_6,10_7,11_9,13_7]","[1,9,0,50]",-1,2,4,1,4,2.238,"[1.856, 0.949]",84.3,60.0,103.8,102.0,22.2,90.0,0,0,"[[8.2,3.94,149.4],[8.16,5.11,119.2],[8.25,6.14,104.3],[7.5,5.16,108.8]]","[[[1, 1],'H_O',1.856,'OH'],[[2, 2],'C_O',2.238,'CO']]",[],5S1,3S1,1,2,"[3_6,10_7]","[1,9,11,0,50]",2,5,2.259,"[1.726, 0.964]",93.3,79.8,101.3,103.0,15.4,89.0,"[[7.72,3.57,150.8],[8.2,5.17,118.8]]",348.7
aMal291_TSdh_nn_184_1,5037,-1459.8795,3S1,5S1,1,2,"[1_2,3_0,6_0,11_50]","[1,2,50]",-1,2,4,2,3,2.164,"[1.388, 1.126]",87.0,30.0,16.2,77.1,87.2,89.1,0,0,"[[5.53,1.13,147.3],[6.62,3.6,123.9],[7.9,6.11,100.4],[7.74,3.76,144.2]]","[[[1, 1],'H_O',1.388,'OH'],[[2, 2],'C_O',2.164,'CO']]",[],3S1,5S1,1,2,"[1_2,3_0,6_0]","[1,9,50]",3,3,2.17,"[1.441, 1.078]",61.5,31.0,23.4,79.1,92.1,88.3,"[[5.78,1.08,151.4],[6.65,3.62,124.1],[7.86,5.9,102.8]]",385.2
aMal247_TSdh_nn_113_2,4830,-1459.8818,1S3,3S1,1,2,"[3_9,9_50]","[1,6,0]",-1,2,2,0,3,2.073,"[2.179, 0.95]",66.5,120.0,208.3,83.4,37.3,85.5,0,0,"[[5.99,4.04,105.3],[7.48,4.7,116.2]]","[[[1, 1],'H_O',2.179,'OH'],[[2, 2],'C_O',2.073,'CO']]",[],1S3,3S1,1,2,"[3_9,9_11]","[1,6,0]",2,3,2.043,"[2.326, 0.946]",95.5,118.6,216.8,83.2,18.4,92.5,"[[7.44,3.2,160.0],[7.89,4.22,133.3]]",379.1
aMal400_TSdh_nn_020_1,1092,-1459.9139,5S1,3S1,1,2,"[1_2,6_3,9_11,10_7,13_7]","[1,9,0,50]",-1,2,5,1,4,2.099,"[1.424, 1.091]",78.3,45.0,104.2,102.2,15.1,90.7,0,0,"[[5.69,1.09,149.8],[6.58,4.38,108.2],[8.27,5.03,122.2],[7.93,4.83,120.7],[7.48,5.23,107.5]]","[[[1, 1],'H_O',1.424,'OH'],[[2, 2],'C_O',2.099,'CO']]",[],25B,OS2,1,2,"[1_2,6_3,9_11,10_7]","[1,9,0,50]",4,4,2.103,"[1.394, 1.116]",127.7,53.2,110.8,101.8,332.5,93.0,"[[5.64,1.12,151.1],[6.76,4.3,112.3],[7.73,3.88,139.6],[8.17,5.23,117.1]]",294.8
aMal339_TSdh_nn_278_0,3680,-1459.8917,2SO,OS2,1,2,"[3_2,9_11,11_13]","[1,0]",-1,2,3,1,2,2.349,"[1.82, 0.959]",67.9,60.0,164.3,89.1,331.6,90.9,0,0,"[[8.64,5.55,118.3],[8.46,4.31,143.2],[8.27,4.72,128.6]]","[[[1, 1],'H_O',1.82,'OH'],[[2, 2],'C_O',2.349,'CO']]",[],25B,OS2,1,2,"[9_11,11_13]","[1,9,0,50]",2,4,2.2159999999999997,"[1.724, 0.971]",130.6,53.4,108.4,101.8,326.4,95.4,"[[7.94,4.01,140.3],[8.33,4.96,124.4]]",353.1
aMal382_TSdh_nn_273_2,4480,-1459.8853,4C1,OS2,1,2,"[9_50,11_9]","[1,6]",-1,2,2,0,2,2.056,"[2.33, 0.946]",69.4,135.0,28.6,16.3,329.7,92.5,0,0,"[[6.7,4.22,113.0],[8.5,4.87,129.4]]","[[[1, 1],'H_O',2.33,'OH'],[[2, 2],'C_O',2.056,'CO']]",[],4C1,OS2,1,2,"[3_2,9_50,11_9]","[1,6]",3,2,2.049,"[2.299, 0.947]",145.0,84.7,28.6,16.3,326.8,92.7,"[[8.71,6.36,107.0],[6.98,5.04,103.6],[8.66,5.1,127.1]]",369.9
aMal2_TSdh_nn_181_1,6131,-1459.8643,1HO,4C1,1,2,"[2_50,10_9,11_10,13_7]","[1,2,0]",-1,2,4,1,3,2.274,"[3.547, 0.93]",163.0,165.0,191.8,153.0,223.5,2.2,0,0,"[[7.54,3.53,146.4],[8.16,6.32,100.9],[8.0,5.85,105.2],[7.53,5.43,105.1]]","[[[1, 1],'H_O',3.547,'OH'],[[2, 2],'C_O',2.274,'CO']]",[],EO,4C1,1,2,"[2_50,9_10,10_11]","[1,2,0]",3,3,2.306,"[3.56, 0.929]",175.1,189.8,184.9,153.2,179.7,3.2,"[[7.36,3.34,149.1],[7.61,5.33,107.6],[8.21,6.29,101.8]]",425.1
aMal41_TSdh_nn_025_0,188,-1459.9354,3E,3OB,2,1,"[2_1,9_11,10_7]","[1,2,9,11,50]",-1,1,3,1,5,2.296,"[1.327, 1.192]",151.5,75.0,11.7,115.1,13.9,90.8,0,0,"[[5.5,1.19,151.4],[8.2,4.9,123.6],[7.85,4.74,121.5]]","[[[1, 1],'C_O',2.296,'CO'],[[2, 2],'H_O',1.327,'OH']]",[],3H4,3S1,2,1,"[2_1,10_7,11_1]","[2,9,11,50]",3,4,2.322,"[1.367, 1.15]",159.4,82.0,16.7,121.0,22.1,89.0,"[[5.75,1.15,158.7],[8.45,5.4,118.3],[7.54,3.44,150.6]]",238.4
aMal13_TSdh_nn_184_0,3905,-1459.8898,3S1,OS2,1,2,"[1_2,3_0,6_0,9_11,13_7]","[1,2,50]",-1,2,5,2,3,2.164,"[1.388, 1.126]",87.0,60.0,16.2,77.1,334.9,92.5,0,0,"[[5.53,1.13,147.3],[6.62,3.6,123.9],[7.9,6.11,100.4],[8.0,3.97,143.7],[7.48,5.23,107.3]]","[[[1, 1],'H_O',1.388,'OH'],[[2, 2],'C_O',2.164,'CO']]",[],3S1,OS2,1,2,"[1_2,3_0,9_11]","[1,2,9,50]",3,4,2.155,"[1.341, 1.173]",144.6,50.2,18.2,75.5,328.8,97.8,"[[5.47,1.17,149.4],[6.62,3.59,123.8],[7.39,3.6,140.5]]",358.1
aMal429_TSdh_nn_123_0,6040,-1459.8659,2SO,OS2,2,3,"[9_50,11_9]","[1,2]",1,3,2,0,2,2.13,"[2.158, 0.95]",86.8,60.0,157.0,79.2,333.0,94.5,0,0,"[[6.65,4.17,113.1],[7.99,4.39,131.3]]","[[[1, 2],'C_C',1.768,'bb'],[[2, 2],'H_O',2.158,'OH'],[[3, 3],'C_O',2.13,'CO']]",[],2SO,OS2,2,3,"[9_50,11_9]","[1,2]",2,2,2.197,"[2.126, 0.947]",100.6,56.7,156.0,80.0,329.9,95.3,"[[6.91,5.07,102.3],[8.13,4.66,127.7]]",420.9
aMal272_TSdh_nn_344_0,2697,-1459.8996,E1,1S3,1,2,"[3_6,11_10,13_11]","[1,9,50]",-1,2,3,2,3,1.9069999999999998,"[2.864, 0.935]",99.5,60.0,63.3,67.1,209.6,87.3,0,0,"[[8.44,4.41,139.4],[8.0,6.23,100.1],[8.55,4.46,141.0]]","[[[1, 1],'H_O',2.864,'OH'],[[2, 2],'C_O',1.907,'CO']]",[],E1,1S3,1,2,"[3_6,13_11]","[1,9,50]",2,3,1.905,"[2.498, 0.94]",135.5,62.1,57.3,67.4,209.2,86.3,"[[8.4,4.22,144.6],[8.79,4.86,135.0]]",332.4
aMal132_TSdh_nn_153_1,2737,-1459.8994,5S1,4C1,1,2,"[3_6,10_9,11_10]","[1,0,50]",-1,2,3,1,3,2.238,"[1.856, 0.949]",84.3,30.0,103.8,102.0,226.8,1.4,0,0,"[[8.2,3.94,149.4],[7.84,5.82,103.6],[7.87,5.5,108.6]]","[[[1, 1],'H_O',1.856,'OH'],[[2, 2],'C_O',2.238,'CO']]",[],5H4,4C1,1,2,"[3_6,9_10,10_11]","[1,9,0,50]",3,4,2.229,"[1.642, 0.985]",58.3,45.0,95.7,122.4,266.1,9.4,"[[7.51,3.61,143.2],[7.73,5.64,104.6],[8.08,6.18,101.6]]",332.9
aMal400_TSdh_nn_177_0,3729,-1459.8912,5S1,3S1,1,2,"[6_3,9_11,10_7,13_7]","[1,9,0,50]",-1,2,4,0,4,2.239,"[1.808, 0.958]",92.6,60.0,104.5,99.7,15.1,90.7,0,0,"[[8.95,5.09,132.3],[8.27,5.03,122.2],[7.93,4.83,120.7],[7.48,5.23,107.5]]","[[[1, 1],'H_O',1.808,'OH'],[[2, 2],'C_O',2.239,'CO']]",[],5S1,OS2,1,2,"[6_3,9_11,10_7,13_6]","[1,9,0,50]",4,4,2.23,"[1.758, 0.965]",124.3,45.0,102.3,99.2,332.5,92.7,"[[9.36,5.6,128.3],[7.83,3.88,141.7],[8.12,5.23,116.4],[10.22,6.06,132.8]]",354.4
aMal128_TSdh_nn_003_0,289,-1459.9316,E4,OS2,2,1,"[2_1,3_6,9_11,10_7]","[1,2,9,50]",-1,1,4,3,4,2.352,"[1.246, 1.323]",173.8,75.0,64.2,124.7,339.0,90.9,0,0,"[[5.45,1.32,153.7],[7.33,3.44,145.5],[8.05,3.93,146.3],[7.78,4.61,122.8]]","[[[1, 1],'C_O',2.352,'CO'],[[2, 2],'H_O',1.246,'OH']]",[],3E,OS2,2,1,"[2_1,3_6,9_11,10_7]","[1,2,9,50]",4,4,2.363,"[1.324, 1.194]",140.0,60.5,356.1,112.0,332.9,93.5,"[[5.54,1.19,153.7],[7.72,3.46,157.5],[7.74,3.8,142.5],[8.18,5.21,117.7]]",248.4
aMal344_TSdh_nn_184_1,4619,-1459.8841,3S1,5S1,1,2,"[1_2,3_0,6_0,11_50,13_10]","[1,2,50]",-1,2,5,3,3,2.164,"[1.388, 1.126]",87.0,30.0,16.2,77.1,84.7,83.8,0,0,"[[5.53,1.13,147.3],[6.62,3.6,123.9],[7.9,6.11,100.4],[7.71,3.75,143.7],[8.32,4.14,145.5]]","[[[1, 1],'H_O',1.388,'OH'],[[2, 2],'C_O',2.164,'CO']]",[],3S1,5S1,1,2,"[1_2,3_0,6_0,13_10]","[1,9,50]",4,3,2.176,"[1.444, 1.077]",62.2,30.9,23.0,78.8,88.6,88.1,"[[5.79,1.08,151.2],[6.67,3.63,124.1],[7.86,5.88,103.0],[8.19,4.52,132.0]]",373.1
aMal218_TSdh_nn_113_2,4871,-1459.8813,1S3,OS2,1,2,"[9_11,10_7]","[1,6,0]",-1,2,2,1,3,2.073,"[2.179, 0.95]",66.5,120.0,208.3,83.4,341.4,91.3,0,0,"[[7.84,3.78,146.1],[7.76,4.59,122.9]]","[[[1, 1],'H_O',2.179,'OH'],[[2, 2],'C_O',2.073,'CO']]",[],1S3,3OB,1,2,"[3_9,9_11,10_7]","[1,6,0]",3,3,2.0340000000000003,"[2.383, 0.945]",94.6,123.9,218.1,83.5,13.5,91.9,"[[7.24,3.08,158.7],[7.61,3.92,135.8],[7.97,4.87,120.6]]",380.4
aMal29_TSdh_nn_123_2,5292,-1459.8763,2SO,OS2,2,3,"[9_11,13_7]","[1,2]",1,3,2,1,2,2.13,"[2.158, 0.95]",86.8,120.0,157.0,79.2,332.9,91.5,0,0,"[[8.41,4.22,145.1],[7.73,5.43,107.9]]","[[[1, 2],'C_C',1.768,'bb'],[[2, 2],'H_O',2.158,'OH'],[[3, 3],'C_O',2.13,'CO']]",[],4C1,OS2,2,3,"[9_11,10_7,13_7]","[1,2]",3,2,2.4819999999999998,"[1.903, 0.956]",68.8,153.0,140.7,3.3,340.6,91.6,"[[7.8,3.77,145.2],[7.81,4.75,120.5],[7.85,5.92,102.4]]",393.6
aMal155_TSdh_nn_050_0,2825,-1459.8988,4C1,4C1,3,2,"[2_1,10_9,11_10,13_11]","[3,50]",3,2,4,1,2,2.077,"[3.074, 0.932]",277.2,60.0,189.2,13.7,223.3,2.0,0,0,"[[8.05,5.93,104.6],[7.88,5.91,102.9],[7.83,5.52,107.8],[7.87,4.11,136.4]]","[[[3, 4],'C_C',1.808,'bb'],[[2, 2],'C_O',2.077,'CO'],[[3, 3],'H_O',3.074,'OH']]",[],4C1,4C1,3,2,"[9_6,9_50,10_9]","[3,11,13]",3,3,2.037,"[2.592, 0.937]",269.7,80.7,168.1,13.2,69.5,10.4,"[[8.39,4.18,146.0],[7.89,5.81,104.2],[8.24,5.98,106.4]]",334.5
aMal79_TSdh_nn_184_0,4677,-1459.8835,3S1,5S1,1,2,"[1_2,3_0,6_0,9_50,13_10]","[1,2,50]",-1,2,5,2,3,2.164,"[1.388, 1.126]",87.0,60.0,16.2,77.1,85.6,85.9,0,0,"[[5.53,1.13,147.3],[6.62,3.6,123.9],[7.9,6.11,100.4],[7.87,5.26,112.3],[8.11,4.02,144.6]]","[[[1, 1],'H_O',1.388,'OH'],[[2, 2],'C_O',2.164,'CO']]",[],3OB,5S1,-1,-1,"[1_2,3_0,9_2,13_10]","[1,2,11,50]",4,4,2.2319999999999998,"[0, 0]",88.0,112.6,13.3,78.4,92.4,92.2,"[[5.74,2.02,152.8],[6.55,3.73,119.6],[7.63,3.18,174.6],[8.16,4.43,133.7]]",374.7
aMal10_TSdh_nn_025_0,170,-1459.9359,3E,3S1,2,1,"[2_1,9_11,10_7,11_50]","[1,2,11,50]",-1,1,4,2,4,2.296,"[1.327, 1.192]",151.5,150.0,11.7,115.1,23.8,90.5,0,0,"[[5.5,1.19,151.4],[9.72,6.2,122.8],[8.4,5.39,117.7],[7.8,4.01,138.0]]","[[[1, 1],'C_O',2.296,'CO'],[[2, 2],'H_O',1.327,'OH']]",[],3H4,3S1,2,1,"[2_1,10_7,11_1]","[2,9,11,50]",3,4,2.33,"[1.38, 1.135]",159.1,82.1,15.6,120.2,22.2,89.1,"[[5.78,1.14,158.6],[8.47,5.42,118.2],[7.6,3.48,150.3]]",237.1
aMal174_TSdh_nn_184_2,2192,-1459.9042,3S1,1C4,1,2,"[1_2,3_0,6_0,11_9,13_10]","[1,2,50]",-1,2,5,2,3,2.164,"[1.388, 1.126]",87.0,135.0,16.2,77.1,225.9,173.7,0,0,"[[5.53,1.13,147.3],[6.62,3.6,123.9],[7.9,6.11,100.4],[8.21,4.71,127.8],[7.66,3.63,147.5]]","[[[1, 1],'H_O',1.388,'OH'],[[2, 2],'C_O',2.164,'CO']]",[],3S1,1C4,1,2,"[1_2,3_0,6_0,9_2,13_10]","[1,9,11,7]",5,4,2.188,"[1.423, 1.093]",166.3,64.4,23.9,81.4,164.8,170.3,"[[5.84,1.09,156.4],[6.52,3.5,124.3],[7.79,5.85,102.6],[7.88,3.63,152.6],[7.48,3.68,140.8]]",320.3
aMal428_TSdh_nn_116_2,5999,-1459.8666,5S1,3S1,3,6,"[1_9,1_11,1_50,2_1,3_6,9_1,9_11,11_1,11_50]","[2,3]",-1,6,9,3,2,2.221,"[1.518, 1.069]",79.2,120.0,83.4,88.7,26.5,93.0,0,0,"[[7.9,4.97,117.3],[8.84,5.25,126.5],[7.67,3.64,146.4],[8.67,6.29,107.3],[6.4,1.07,164.7],[7.9,5.04,116.4],[8.84,5.16,128.8],[8.84,6.13,111.8],[7.77,3.96,138.2]]","[[[3, 3],'H_O',1.518,'OH'],[[6, 6],'C_O',2.221,'CO']]",[],5S1,5S1,3,6,"[1_9,1_50,2_1,3_6,11_50]","[2,3]",5,2,2.213,"[1.505, 1.075]",91.8,70.6,85.6,90.4,82.7,88.9,"[[9.44,4.85,148.3],[7.61,3.95,134.5],[8.46,6.01,108.7],[6.37,1.08,166.5],[7.7,4.07,134.1]]",419.0
aMal193_TSdh_nn_067_0,3859,-1459.8903,4C1,4C1,3,2,"[9_10,10_11]","[3,50]",3,2,2,0,2,2.116,"[2.406, 0.94]",278.6,60.0,151.5,10.5,264.0,4.3,0,0,"[[8.12,5.99,104.8],[8.33,5.97,107.6]]","[[[3, 4],'C_C',1.762,'bb'],[[2, 2],'C_O',2.116,'CO'],[[3, 3],'H_O',2.406,'OH']]",[],4C1,4C1,3,2,[10_11],"[3,9,50]",1,3,2.127,"[2.37, 0.94]",177.9,84.0,147.4,12.3,207.3,3.8,"[[8.31,5.94,107.8]]",356.8
aMal44_TSdh_nn_084_2,1749,-1459.9083,5S1,OS2,1,2,"[2_3,3_6,9_1,9_50,11_9,13_7]","[1,9,0,50]",-1,0,6,1,4,2.085,"[3.692, 0.937]",74.9,120.0,86.4,79.5,331.9,94.1,0,0,"[[6.62,3.71,120.8],[7.48,3.64,141.5],[7.55,4.37,123.9],[6.68,4.25,112.0],[8.12,4.52,130.7],[7.49,5.23,107.5]]","[[[0, 1],'C_O',2.085,'bb'],[[1, 1],'H_O',3.692,'OH'],[[2, 2],'C_O',1.743,'CO']]",[],5S1,3S1,1,2,"[2_3,3_6,9_1,10_13]","[1,9,11,0,50]",4,5,1.953,"[3.737, 0.938]",88.0,80.7,86.4,79.6,17.0,88.7,"[[6.87,4.02,118.9],[7.71,3.88,138.9],[8.23,5.27,117.2],[7.78,3.53,155.4]]",309.5
aMal443_TSdh_nn_187_0,1815,-1459.9077,3S1,3S1,-1,-1,"[1_2,3_6,3_0,9_50,13_7]","[1,2,9,50]",-1,2,5,2,4,2.253,"[0, 0]",93.2,45.0,25.9,79.2,28.7,89.8,0,0,"[[5.52,1.83,150.5],[7.37,3.27,150.3],[6.94,4.85,104.7],[7.13,4.49,114.8],[7.46,5.22,107.4]]","[[[2, 2],'C_O',2.253,'CO']]",[],3S1,3S1,1,2,"[1_2,3_6,9_2]","[1,9,11,50]",3,4,2.165,"[1.337, 1.183]",86.1,71.5,30.7,84.0,19.1,89.6,"[[5.67,1.18,158.0],[6.9,2.85,156.3],[7.64,3.49,151.2]]",311.1
aMal43_TSdh_nn_254_1,5742,-1459.8703,4H5,3S1,1,2,"[6_50,9_50]","[1,0]",-1,2,2,0,2,2.016,"[2.168, 0.949]",53.7,45.0,264.1,65.6,31.8,88.7,0,0,"[[7.95,4.62,125.5],[7.22,4.32,119.3]]","[[[1, 1],'H_O',2.168,'OH'],[[2, 2],'C_O',2.016,'CO']]",[],E5,3S1,1,2,"[3_7,6_11,6_50,9_50]","[1,0]",4,2,2.0869999999999997,"[2.042, 0.954]",49.6,50.5,289.0,68.6,25.8,91.5,"[[8.69,4.32,148.5],[8.14,3.59,169.9],[7.56,5.47,104.7],[6.74,4.52,108.3]]",409.3
aMal173_TSdh_nn_340_0,5289,-1459.8763,B3O,5S1,3,2,"[2_1,11_50,13_10]","[3,11,50]",3,2,3,2,3,2.023,"[2.855, 0.933]",273.9,120.0,167.4,80.7,84.9,84.1,0,0,"[[6.71,4.24,112.5],[7.83,3.84,144.0],[8.14,4.04,144.5]]","[[[3, 4],'C_C',1.846,'bb'],[[2, 2],'C_O',2.023,'CO'],[[3, 3],'H_O',2.855,'OH']]",[],B3O,5S1,3,2,"[2_1,13_10]","[3,11,7,50]",2,4,2.03,"[2.637, 0.936]",286.8,111.9,166.1,81.4,100.6,93.3,"[[6.9,4.35,113.5],[8.29,4.69,129.7]]",393.6
aMal204_TSdh_nn_047_1,5605,-1459.872,1C4,1C4,-1,-1,"[1_2,2_50,3_6,11_9,11_7]","[3,6]",-1,6,5,2,2,2.2969999999999997,"[0, 0]",163.1,345.0,56.6,173.5,196.8,176.1,0,0,"[[7.16,4.51,114.5],[7.56,3.85,137.2],[5.8,1.97,155.7],[8.09,4.78,124.3],[8.51,6.36,104.5]]","[[[6, 6],'C_O',2.297,'CO']]",[],1C4,1C4,-1,-1,"[1_2,2_50,3_6,9_0,11_9]","[3,6]",5,2,2.343,"[0, 0]",170.1,4.8,69.9,175.3,246.9,175.7,"[[7.21,4.57,114.3],[7.5,3.69,140.8],[5.79,1.92,156.1],[7.87,4.49,126.7],[7.78,3.91,140.2]]",404.9
aMal347_TSdh_nn_016_1,2220,-1459.9041,E3,1C4,-1,-1,"[2_1,3_50,9_50,11_9]","[1,2,3]",-1,1,4,2,3,2.528,"[0, 0]",150.8,15.0,164.8,62.8,246.6,174.6,0,0,"[[5.51,1.86,148.4],[7.95,5.58,108.4],[7.33,4.82,111.8],[7.93,4.11,137.5]]","[[[1, 1],'C_O',2.528,'CO']]",[],2H3,1C4,-1,-1,"[2_1,3_50,9_50,10_13,11_9]","[1,2,3]",5,3,2.563,"[0, 0]",158.5,61.4,160.4,66.5,339.5,176.1,"[[5.57,1.93,148.2],[8.01,5.72,107.1],[7.22,5.08,106.4],[9.11,5.84,120.1],[7.69,3.88,139.1]]",320.6
aMal130_TSdh_nn_097_2,3926,-1459.8897,5S1,OS2,1,2,"[3_2,9_1,9_50,11_9,13_7]","[1,0,50]",-1,0,5,1,3,1.824,"[2.514, 0.943]",77.7,150.0,90.1,79.4,330.8,92.7,0,0,"[[8.5,6.19,106.8],[6.67,3.24,136.1],[6.69,4.27,112.1],[8.35,4.75,129.4],[7.81,5.63,105.9]]","[[[0, 1],'C_O',1.824,'bb'],[[1, 1],'H_O',2.514,'OH'],[[2, 2],'C_O',1.935,'CO']]",[],B14,OS2,1,2,"[9_1,9_50,11_9]","[1,13,50]",3,3,2.035,"[2.439, 0.943]",85.8,160.0,72.9,76.0,319.3,93.7,"[[8.88,4.04,172.9],[7.82,5.27,110.9],[9.44,5.9,123.9]]",358.4
aMal350_TSdh_nn_080_2,831,-1459.9176,5S1,3S1,1,2,"[2_3,9_1,9_50,10_7,11_9,13_10]","[1,11,0,50]",-1,0,6,2,4,2.0469999999999997,"[3.685, 0.936]",77.5,105.0,91.0,78.8,22.4,90.5,0,0,"[[6.38,3.63,118.5],[7.71,3.99,136.5],[7.21,5.31,102.7],[7.72,4.84,117.3],[8.09,6.07,103.3],[8.09,3.89,149.1]]","[[[0, 1],'C_O',2.047,'bb'],[[1, 1],'H_O',3.685,'OH'],[[2, 2],'C_O',1.779,'CO']]",[],E1,3S1,1,2,"[3_6,10_13]","[1,9,11,50]",2,4,2.005,"[2.099, 0.951]",92.5,74.0,46.8,70.6,19.5,87.7,"[[8.11,3.82,151.8],[7.71,3.47,155.7]]",285.1
aMal247_TSdh_nn_273_2,3574,-1459.8925,4C1,3S1,1,2,[9_50],"[1,6]",-1,2,1,0,2,2.056,"[2.33, 0.946]",69.4,120.0,28.6,16.3,37.3,85.5,0,0,"[[7.48,4.7,116.2]]","[[[1, 1],'H_O',2.33,'OH'],[[2, 2],'C_O',2.056,'CO']]",[],4C1,3S1,1,2,"[3_9,9_11]","[1,6]",2,2,2.1109999999999998,"[2.332, 0.938]",105.3,125.1,22.9,19.6,18.0,92.2,"[[7.54,3.29,158.7],[7.89,4.17,134.5]]",351.0
aMal259_TSdh_nn_093_0,3658,-1459.8919,B3O,5S1,3,2,"[2_1,9_50]","[3,11,50]",3,2,2,0,3,2.039,"[2.819, 0.933]",276.4,120.0,168.2,75.7,83.3,89.3,0,0,"[[6.8,4.34,112.3],[7.67,5.02,113.5]]","[[[3, 4],'C_C',1.832,'bb'],[[2, 2],'C_O',2.039,'CO'],[[3, 3],'H_O',2.819,'OH']]",[],B3O,25B,3,2,"[2_1,10_13]","[3,11,7,50]",2,4,2.046,"[2.622, 0.937]",286.8,113.0,167.3,76.5,106.9,88.8,"[[7.0,4.44,113.5],[8.27,4.36,137.6]]",352.6
aMal8_TSdh_nn_104_0,3491,-1459.8931,25B,3S1,1,2,"[9_11,9_50]","[1,9,0,50]",-1,2,2,0,4,2.218,"[1.839, 0.952]",83.2,60.0,110.4,101.0,20.8,91.4,0,0,"[[8.73,5.63,118.3],[6.77,4.99,101.4]]","[[[1, 1],'H_O',1.839,'OH'],[[2, 2],'C_O',2.218,'CO']]",[],5S1,OS2,1,2,"[9_11,11_13]","[1,9,0,50]",2,4,2.246,"[1.743, 0.964]",125.8,52.3,103.4,101.1,327.3,94.8,"[[7.94,3.99,141.0],[8.35,4.96,124.7]]",349.5
aMal80_TSdh_nn_161_0,982,-1459.9152,3E,5S1,2,1,"[2_1,3_6,9_50,11_50]","[1,2,9,50]",-1,1,4,3,4,2.383,"[1.275, 1.264]",96.8,60.0,352.5,109.1,87.4,90.1,0,0,"[[5.46,1.26,153.5],[7.98,3.87,146.5],[7.63,5.32,108.0],[7.99,3.9,146.0]]","[[[1, 1],'C_O',2.383,'CO'],[[2, 2],'H_O',1.275,'OH']]",[],3E,5S1,2,1,"[2_1,3_6,9_2]","[1,2,11,50]",3,4,2.286,"[1.366, 1.159]",87.8,112.5,350.0,116.5,91.1,94.2,"[[5.55,1.16,149.0],[7.55,3.84,136.9],[7.63,3.19,173.4]]",291.4
aMal316_TSdh_nn_344_1,935,-1459.9156,E1,5S1,1,2,"[3_6,10_13,11_50]","[1,11,50]",-1,2,3,3,3,1.9069999999999998,"[2.864, 0.935]",99.5,90.0,63.3,67.1,81.7,81.3,0,0,"[[8.44,4.41,139.4],[8.15,4.09,143.3],[7.8,3.85,142.7]]","[[[1, 1],'H_O',2.864,'OH'],[[2, 2],'C_O',1.907,'CO']]",[],E1,3S1,1,2,"[3_6,10_13]","[1,9,11,50]",2,4,1.939,"[2.334, 0.943]",93.4,75.0,51.6,69.3,19.7,87.6,"[[8.17,3.94,149.0],[7.71,3.47,156.0]]",290.4
aMal414_TSdh_nn_001_1,1735,-1459.9083,3H4,4C1,2,1,"[2_1,9_10,10_11]","[1,2,50]",-1,1,3,1,3,2.267,"[1.282, 1.257]",167.5,165.0,33.3,120.5,109.6,4.8,0,0,"[[5.43,1.26,151.8],[7.84,5.51,108.1],[8.4,6.11,106.7]]","[[[1, 1],'C_O',2.267,'CO'],[[2, 2],'H_O',1.282,'OH']]",[],3H4,4C1,2,1,"[2_1,9_10,10_11]","[1,2,7,50]",3,4,2.3209999999999997,"[1.267, 1.277]",186.1,186.3,23.2,120.3,176.6,7.6,"[[5.46,1.28,154.2],[7.59,5.42,106.0],[8.42,6.23,105.3]]",309.5
aMal248_TSdh_nn_073_1,4388,-1459.8861,1S3,5S1,3,2,"[1_2,11_50,13_7]","[3,11,50]",3,2,3,1,3,2.136,"[2.377, 0.941]",166.4,120.0,197.5,75.2,87.5,82.2,0,0,"[[7.75,5.56,106.0],[7.96,4.0,141.7],[7.39,4.83,112.7]]","[[[3, 4],'C_C',1.726,'bb'],[[2, 2],'C_O',2.136,'CO'],[[3, 3],'H_O',2.377,'OH']]",[],B3O,3S1,3,2,"[1_2,10_7]","[3,9,11,50]",2,4,2.171,"[2.114, 0.951]",180.2,89.6,189.5,76.9,19.2,88.1,"[[7.84,4.99,116.4],[8.25,5.24,118.1]]",367.8
aMal230_TSdh_nn_250_1,5963,-1459.8674,OS2,5S1,1,2,"[2_11,2_50,6_0,11_2,11_50,13_7]",[1],-1,2,6,2,1,1.9609999999999999,"[2.937, 0.931]",93.0,135.0,340.3,90.0,86.8,83.6,0,0,"[[9.64,5.47,134.5],[6.98,3.26,141.3],[7.83,6.04,100.5],[9.64,6.38,118.5],[7.87,3.9,142.7],[7.38,4.84,112.3]]","[[[1, 1],'H_O',2.937,'OH'],[[2, 2],'C_O',1.961,'CO']]",[],OS2,5S1,1,2,"[2_11,3_9,11_7,11_50,13_7]",[1],5,1,2.004,"[2.867, 0.927]",91.1,154.6,325.9,80.8,85.1,86.8,"[[8.26,3.58,180.0],[8.64,4.92,130.6],[9.14,6.45,110.8],[6.76,3.55,128.4],[7.63,5.47,105.8]]",416.9
aMal443_TSdh_nn_116_0,6056,-1459.8657,5S1,3S1,3,6,"[1_50,2_1,3_6,9_50,13_7]","[2,3]",-1,6,5,2,2,2.221,"[1.518, 1.069]",79.2,60.0,83.4,88.7,28.7,89.8,0,0,"[[7.67,3.64,146.4],[8.67,6.29,107.3],[6.4,1.07,164.7],[7.13,4.49,114.8],[7.46,5.22,107.4]]","[[[3, 3],'H_O',1.518,'OH'],[[6, 6],'C_O',2.221,'CO']]",[],5S1,3S1,3,6,"[1_9,1_50,2_1,3_6,11_50]","[2,3]",5,2,2.213,"[1.517, 1.068]",94.7,60.2,85.1,90.2,29.0,89.0,"[[9.24,4.7,148.5],[7.71,3.93,137.3],[8.45,5.98,108.9],[6.42,1.07,166.3],[8.03,4.78,123.5]]",421.4
aMal406_TSdh_nn_339_2,2751,-1459.8992,5S1,3OB,1,2,"[3_6,9_1,9_11,10_7]","[1,11,0,50]",-1,2,4,1,4,2.191,"[1.747, 0.966]",80.1,135.0,104.8,94.2,14.7,90.7,0,0,"[[8.01,4.93,120.2],[9.6,5.35,137.9],[8.25,5.02,122.1],[7.79,4.69,121.3]]","[[[1, 1],'H_O',1.747,'OH'],[[2, 2],'C_O',2.191,'CO']]",[],5S1,3S1,1,2,"[2_9,9_1,9_11,9_50,10_7]","[1,11,0,50]",5,4,2.108,"[1.801, 0.964]",76.7,123.8,95.3,96.7,15.5,91.3,"[[7.64,4.15,130.2],[7.96,3.71,150.9],[9.05,6.22,112.6],[7.1,5.27,101.1],[8.14,5.1,118.9]]",333.4
aMal466_TSdh_nn_188_2,3997,-1459.8891,25B,3S1,1,2,"[6_0,9_11,11_50]","[1,11,0,50]",-1,2,3,1,4,2.265,"[1.838, 0.955]",89.1,90.0,108.5,97.3,26.1,93.0,0,0,"[[7.99,5.67,107.7],[8.68,4.99,129.7],[7.76,4.05,135.6]]","[[[1, 1],'H_O',1.838,'OH'],[[2, 2],'C_O',2.265,'CO']]",[],25B,3S1,1,2,[6_0],"[1,9,11,0,50]",1,5,2.242,"[1.734, 0.97]",93.5,77.8,105.6,98.8,24.1,89.3,"[[8.43,6.43,102.7]]",360.0
aMal370_TSdh_nn_064_2,6253,-1459.862,5S1,5S1,3,6,"[1_50,2_1,3_6]","[2,3]",-1,6,3,2,2,2.206,"[1.495, 1.082]",163.5,180.0,83.9,89.5,82.9,84.2,0,0,"[[7.55,3.58,145.7],[8.61,6.22,107.6],[6.32,1.08,164.9]]","[[[3, 3],'H_O',1.495,'OH'],[[6, 6],'C_O',2.206,'CO']]",[],5S1,5S1,3,6,"[1_50,2_1,3_6]","[2,3]",3,2,2.207,"[1.471, 1.093]",186.0,180.7,85.7,90.4,90.2,80.0,"[[7.51,3.57,144.5],[8.34,5.85,109.5],[6.26,1.09,167.2]]",431.1
aMal236_TSdh_nn_187_0,1902,-1459.9067,3S1,3S1,-1,-1,"[1_2,3_6,3_0,11_50]","[1,2,9,50]",-1,2,4,3,4,2.253,"[0, 0]",93.2,60.0,25.9,79.2,35.3,88.1,0,0,"[[5.52,1.83,150.5],[7.37,3.27,150.3],[6.94,4.85,104.7],[7.67,3.74,143.4]]","[[[2, 2],'C_O',2.253,'CO']]",[],3S1,3S1,-1,-1,"[1_2,3_6,3_0,11_1]","[2,9,11,50]",4,4,2.2680000000000002,"[0, 0]",158.8,74.2,34.3,79.7,32.1,89.4,"[[5.85,1.97,158.9],[6.83,2.83,153.5],[6.98,5.12,101.0],[9.03,4.84,139.7]]",313.7
aMal272_TSdh_nn_181_0,1462,-1459.9105,1HO,1S3,1,2,"[2_50,11_10,13_11]","[1,2,0]",-1,2,3,2,3,2.274,"[3.547, 0.93]",163.0,60.0,191.8,153.0,209.6,87.3,0,0,"[[7.54,3.53,146.4],[8.0,6.23,100.1],[8.55,4.46,141.0]]","[[[1, 1],'H_O',3.547,'OH'],[[2, 2],'C_O',2.274,'CO']]",[],25B,OS2,1,2,"[1_2,6_3,9_11,11_13]","[1,9,0,50]",4,4,2.089,"[1.432, 1.085]",128.3,53.7,107.8,102.0,327.1,95.2,"[[5.67,1.08,148.2],[6.83,4.59,108.3],[7.86,3.97,139.7],[8.38,5.01,124.3]]",303.8
aMal52_TSdh_nn_093_1,4402,-1459.8861,B3O,1C4,3,2,"[2_1,9_50,11_9]","[3,50]",3,2,3,1,2,2.039,"[2.819, 0.933]",276.4,120.0,168.2,75.7,221.6,175.0,0,0,"[[6.8,4.34,112.3],[7.3,4.76,112.4],[7.97,4.14,137.6]]","[[[3, 4],'C_C',1.832,'bb'],[[2, 2],'C_O',2.039,'CO'],[[3, 3],'H_O',2.819,'OH']]",[],B3O,1C4,3,2,"[2_1,11_9]","[3,7]",2,2,2.05,"[2.651, 0.936]",289.9,105.3,166.2,76.6,213.0,174.9,"[[7.11,4.64,111.6],[7.91,4.03,139.8]]",367.8
aMal186_TSdh_nn_130_1,3730,-1459.8912,E3,OS2,-1,-1,"[2_1,3_50,9_50,10_7,11_9,13_11]","[1,2,3]",-1,1,6,2,3,2.506,"[0, 0]",153.9,120.0,179.2,50.3,334.2,91.0,0,0,"[[5.41,1.69,149.6],[7.72,5.32,109.3],[6.68,4.34,110.7],[8.18,5.11,119.5],[8.28,4.7,129.2],[9.13,4.97,138.7]]","[[[1, 1],'C_O',2.506,'CO']]",[],2H3,OS2,-1,-1,"[2_1,3_50,9_50,10_7,11_9,13_11]","[1,2,3]",6,3,2.55,"[0, 0]",159.1,61.7,159.4,65.5,330.4,91.9,"[[5.5,1.84,148.6],[8.06,5.81,106.4],[6.9,4.89,104.8],[8.44,5.79,111.9],[8.5,4.99,126.7],[9.29,5.56,128.0]]",354.4
aMal368_TSdh_nn_067_1,5053,-1459.8791,4C1,2SO,3,2,"[9_50,10_11]","[3,50]",3,2,2,0,2,2.116,"[2.406, 0.94]",278.6,30.0,151.5,10.5,159.4,81.8,0,0,"[[6.71,4.44,109.2],[8.45,6.15,106.7]]","[[[3, 4],'C_C',1.762,'bb'],[[2, 2],'C_O',2.116,'CO'],[[3, 3],'H_O',2.406,'OH']]",[],4C1,2SO,3,2,[9_10],"[3,9,50]",1,3,2.0669999999999997,"[3.6, 0.933]",268.9,31.7,191.3,12.8,160.8,83.7,"[[7.13,5.31,101.5]]",386.2
aMal458_TSdh_nn_184_2,3581,-1459.8925,3S1,OS2,1,2,"[1_2,3_0,6_0,9_2,9_50,11_9]","[1,2,50]",-1,2,6,1,3,2.164,"[1.388, 1.126]",87.0,165.0,16.2,77.1,331.0,91.8,0,0,"[[5.53,1.13,147.3],[6.62,3.6,123.9],[7.9,6.11,100.4],[6.24,3.24,126.7],[6.7,4.18,113.6],[8.47,4.86,129.2]]","[[[1, 1],'H_O',1.388,'OH'],[[2, 2],'C_O',2.164,'CO']]",[],3S1,OS2,-1,-1,"[1_2,3_0,6_0,9_2,9_50,11_9]","[1,2,13,7,50]",6,5,2.233,"[0, 0]",96.8,171.3,24.0,83.1,321.7,95.4,"[[5.67,1.84,158.1],[6.46,3.63,120.3],[7.79,5.92,101.6],[7.26,2.92,171.5],[8.03,5.8,105.0],[8.99,5.4,126.3]]",351.0
aMal315_TSdh_nn_321_0,4843,-1459.8817,OH5,5S1,1,2,"[3_0,9_50]","[1,6,0]",-1,2,2,0,3,2.189,"[1.661, 0.984]",82.4,60.0,336.1,66.7,87.9,87.4,0,0,"[[7.3,4.53,116.0],[7.94,5.38,111.2]]","[[[1, 1],'H_O',1.661,'OH'],[[2, 2],'C_O',2.189,'CO']]",[],OH5,5S1,1,2,"[3_0,9_50]","[1,6,0]",2,3,2.211,"[1.618, 0.995]",59.5,32.3,336.4,67.9,93.4,85.7,"[[7.5,4.91,112.3],[7.74,5.54,106.2]]",379.4
aMal123_TSdh_nn_293_0,2967,-1459.8972,1C4,1C4,1,2,"[9_11,13_7]","[1,6,0]",-1,2,2,1,3,1.9040000000000001,"[3.827, 0.952]",177.8,-0.0,117.8,166.4,251.8,171.3,0,0,"[[8.04,4.26,135.5],[7.73,5.17,111.8]]","[[[1, 1],'H_O',3.827,'OH'],[[2, 2],'C_O',1.904,'CO']]",[],1C4,1C4,1,2,[9_11],"[1,6,0]",1,3,1.946,"[3.741, 0.967]",177.2,71.5,102.2,161.8,223.6,172.6,"[[7.77,3.89,140.2]]",338.7
aMal419_TSdh_nn_076_0,4724,-1459.8829999999994,4C1,OS2,2,3,"[3_50,9_50,10_7,11_13]","[1,2]",1,3,4,0,2,2.194,"[3.471, 0.926]",167.3,90.0,208.8,9.2,328.1,88.9,0,0,"[[7.52,5.77,100.3],[6.71,4.32,111.4],[8.85,5.84,116.6],[8.17,4.52,131.7]]","[[[1, 2],'C_C',1.793,'bb'],[[2, 2],'H_O',3.471,'OH'],[[3, 3],'C_O',2.194,'CO']]",[],4C1,OS2,2,3,"[3_9,9_11,10_7,11_13]","[1,2]",4,2,2.126,"[3.299, 0.923]",143.7,125.3,144.0,13.2,337.2,90.8,"[[7.05,2.85,166.5],[7.86,3.84,143.8],[8.02,5.04,118.2],[8.57,5.19,123.8]]",376.0
aMal41_TSdh_nn_165_1,2290,-1459.9036,E1,3OB,1,2,"[9_11,10_7]","[1,9,50]",-1,2,2,0,3,1.9340000000000002,"[2.2, 0.948]",96.2,45.0,50.0,66.0,13.9,90.8,0,0,"[[8.2,4.9,123.6],[7.85,4.74,121.5]]","[[[1, 1],'H_O',2.2,'OH'],[[2, 2],'C_O',1.934,'CO']]",[],E1,OS2,1,2,"[2_3,9_11,10_7,11_13]","[1,9,50]",4,3,1.867,"[2.916, 0.936]",145.0,51.6,59.2,55.0,331.2,93.6,"[[8.08,5.86,105.8],[7.62,3.77,140.3],[8.32,5.54,114.1],[8.27,4.91,124.4]]",321.9
aMal13_TSdh_nn_016_0,2420,-1459.9022,E3,OS2,-1,-1,"[2_1,3_50,9_11,13_7]","[1,2,3]",-1,1,4,2,3,2.528,"[0, 0]",150.8,60.0,164.8,62.8,334.9,92.5,0,0,"[[5.51,1.86,148.4],[7.95,5.58,108.4],[8.0,3.97,143.7],[7.48,5.23,107.3]]","[[[1, 1],'C_O',2.528,'CO']]",[],2H3,OS2,-1,-1,"[2_1,3_50,9_11,13_7]","[1,2,3]",4,3,2.615,"[0, 0]",163.0,64.3,162.8,65.6,328.1,94.1,"[[5.53,1.85,149.6],[7.78,5.45,108.0],[8.19,4.33,136.8],[7.75,5.54,106.4]]",325.6
aMal55_TSdh_nn_125_0,5571,-1459.8725,1S3,5S1,1,2,[9_50],"[1,6,0]",-1,2,1,0,3,2.024,"[2.332, 0.945]",53.7,45.0,210.4,83.9,87.2,89.1,0,0,"[[7.76,5.13,112.8]]","[[[1, 1],'H_O',2.332,'OH'],[[2, 2],'C_O',2.024,'CO']]",[],1S3,5S1,1,2,"[3_7,9_50]","[1,6,0]",2,3,2.0180000000000002,"[2.33, 0.946]",58.2,38.8,217.8,85.0,94.6,89.3,"[[7.5,3.56,145.3],[7.59,5.31,107.8]]",403.5
aMal47_TSdh_nn_187_1,1975,-1459.9062,3S1,3S1,-1,-1,"[1_2,3_6,3_0,9_50]","[1,2,50]",-1,2,4,2,3,2.253,"[0, 0]",93.2,30.0,25.9,79.2,38.6,85.6,0,0,"[[5.52,1.83,150.5],[7.37,3.27,150.3],[6.94,4.85,104.7],[7.46,4.67,116.6]]","[[[2, 2],'C_O',2.253,'CO']]",[],3S1,OS2,-1,-1,"[1_2,3_6,3_0,9_11,11_13]","[2,9,50]",5,3,2.292,"[0, 0]",147.7,58.4,27.4,75.0,329.7,93.8,"[[5.83,2.03,155.4],[7.59,3.42,150.1],[6.81,4.64,106.0],[7.76,3.78,143.4],[8.35,4.97,124.5]]",315.1
aMal10_TSdh_nn_345_2,1611,-1459.9094,4H3,3S1,2,1,"[9_11,10_7,11_50]","[2,3]",-1,1,3,1,2,2.195,"[1.768, 0.971]",62.8,135.0,208.3,36.7,23.8,90.5,0,0,"[[9.72,6.2,122.8],[8.4,5.39,117.7],[7.8,4.01,138.0]]","[[[1, 1],'C_O',2.195,'CO'],[[2, 2],'H_O',1.768,'OH']]",[],2SO,OS2,2,1,"[2_1,9_11,10_7,11_13]","[2,3,9]",4,3,2.642,"[1.552, 1.026]",78.0,152.3,141.6,78.0,340.7,90.6,"[[6.19,1.03,151.1],[7.71,3.75,143.5],[7.79,4.79,119.5],[8.83,5.48,122.2]]",306.7
aMal43_TSdh_nn_047_0,5817,-1459.8691,1C4,3S1,-1,-1,"[1_2,2_11,2_50,3_6,9_50]","[3,6]",-1,6,5,2,2,2.2969999999999997,"[0, 0]",163.1,60.0,56.6,173.5,31.8,88.7,0,0,"[[7.16,4.51,114.5],[9.57,5.7,129.5],[7.56,3.85,137.2],[5.8,1.97,155.7],[7.22,4.32,119.3]]","[[[6, 6],'C_O',2.297,'CO']]",[],1C4,3S1,-1,-1,"[1_2,2_11,2_50,3_6,9_11]","[3,6]",5,2,2.323,"[0, 0]",173.3,77.4,19.2,174.3,24.5,93.8,"[[7.23,4.56,114.7],[8.21,4.24,139.0],[7.64,4.01,133.6],[5.92,2.07,155.2],[8.67,5.14,126.5]]",412.5
aMal439_TSdh_nn_184_1,3888,-1459.8901,3S1,3S1,1,2,"[1_2,3_0,6_0,9_50,10_13,11_50]","[1,2,50]",-1,2,6,3,3,2.164,"[1.388, 1.126]",87.0,45.0,16.2,77.1,34.6,86.1,0,0,"[[5.53,1.13,147.3],[6.62,3.6,123.9],[7.9,6.11,100.4],[7.09,4.77,109.4],[7.98,3.54,164.2],[7.91,3.93,143.0]]","[[[1, 1],'H_O',1.388,'OH'],[[2, 2],'C_O',2.164,'CO']]",[],3S1,OS2,1,2,"[1_2,3_0,9_11,10_13,10_7]","[1,2,9,50]",5,4,2.158,"[1.348, 1.168]",147.3,51.0,18.4,75.3,334.9,103.5,"[[5.49,1.17,149.2],[6.61,3.58,124.2],[7.07,3.28,144.0],[9.73,4.94,153.7],[8.09,6.03,103.7]]",357.3
aMal80_TSdh_nn_015_0,1519,-1459.9101,3OB,5S1,3,2,"[2_1,9_50,11_50]","[3,6,0]",-1,2,3,1,3,1.87,"[3.851, 0.954]",85.4,60.0,348.1,87.3,87.4,90.1,0,0,"[[6.28,3.81,113.8],[7.63,5.32,108.0],[7.99,3.9,146.0]]","[[[2, 2],'C_O',1.87,'CO'],[[3, 3],'H_O',3.851,'OH']]",[],3OB,5S1,3,2,"[2_1,11_50]","[3,6,0]",2,3,1.868,"[4.0, 0.967]",79.3,81.9,351.4,85.2,88.5,91.2,"[[6.31,3.77,115.2],[8.02,3.88,147.9]]",304.8
aMal269_TSdh_nn_250_0,5463,-1459.8741,OS2,OS2,1,2,"[2_50,6_0,9_11,11_13]",[1],-1,2,4,2,1,1.9609999999999999,"[2.937, 0.931]",93.0,60.0,340.3,90.0,332.1,91.0,0,0,"[[6.98,3.26,141.3],[7.83,6.04,100.5],[8.34,4.2,144.0],[8.31,4.76,128.3]]","[[[1, 1],'H_O',2.937,'OH'],[[2, 2],'C_O',1.961,'CO']]",[],OS2,OS2,1,2,"[2_9,2_50,6_0,9_11,11_13]","[1,0]",5,2,1.9880000000000002,"[3.479, 0.928]",73.0,131.3,327.8,87.6,333.8,91.4,"[[7.31,2.95,173.1],[8.05,5.68,107.1],[7.9,5.9,103.3],[8.05,3.97,144.1],[8.38,5.0,124.5]]",399.3
aMal44_TSdh_nn_116_0,6239,-1459.8621,5S1,OS2,3,6,"[1_50,2_1,3_6,9_50,11_9,13_7]","[2,3]",-1,6,6,2,2,2.221,"[1.518, 1.069]",79.2,60.0,83.4,88.7,331.9,94.1,0,0,"[[7.67,3.64,146.4],[8.67,6.29,107.3],[6.4,1.07,164.7],[6.68,4.25,112.0],[8.12,4.52,130.7],[7.49,5.23,107.5]]","[[[3, 3],'H_O',1.518,'OH'],[[6, 6],'C_O',2.221,'CO']]",[],5S1,OS2,3,6,"[1_50,2_1,3_6,11_9,13_7]","[2,3]",5,2,2.229,"[1.522, 1.066]",93.1,55.8,85.0,88.7,325.6,96.2,"[[7.49,3.49,147.5],[8.69,6.34,106.9],[6.43,1.07,165.6],[8.41,4.93,126.6],[7.68,5.67,103.7]]",430.8
aMal76_TSdh_nn_127_0,1493,-1459.9104,E1,4C1,1,2,"[3_6,9_10,10_11,13_7]","[1,50]",-1,2,4,1,2,1.9769999999999999,"[2.292, 0.943]",91.9,60.0,50.1,69.5,195.3,1.3,0,0,"[[8.11,3.87,149.7],[8.04,5.86,105.6],[8.33,5.99,107.4],[7.48,5.4,105.0]]","[[[1, 1],'H_O',2.292,'OH'],[[2, 2],'C_O',1.977,'CO']]",[],E1,4C1,1,2,"[3_6,9_10,10_11]","[1,9,50]",3,3,2.01,"[2.129, 0.949]",68.7,49.9,46.3,70.1,187.3,4.9,"[[8.16,3.85,152.4],[7.59,5.61,103.1],[8.37,6.08,106.5]]",304.0
aMal300_TSdh_nn_181_1,6166,-1459.8636,1HO,4C1,1,2,"[2_50,9_10,11_10]","[1,2,0]",-1,2,3,1,3,2.274,"[3.547, 0.93]",163.0,210.0,191.8,153.0,75.9,1.1,0,0,"[[7.54,3.53,146.4],[8.24,5.64,111.4],[8.29,5.74,110.5]]","[[[1, 1],'H_O',3.547,'OH'],[[2, 2],'C_O',2.274,'CO']]",[],1HO,4H5,1,2,"[2_50,3_13,11_10]","[1,2,0]",3,3,2.218,"[3.617, 0.929]",91.2,298.2,209.2,149.5,262.9,28.1,"[[8.07,3.84,149.0],[8.6,4.46,140.7],[8.37,6.04,107.2]]",426.9
aMal277_TSdh_nn_015_1,1121,-1459.9136,3OB,1C4,3,2,"[2_1,9_50,11_9]","[3,6,0]",-1,2,3,1,3,1.87,"[3.851, 0.954]",85.4,345.0,348.1,87.3,274.7,177.5,0,0,"[[6.28,3.81,113.8],[7.2,4.7,112.0],[7.8,3.95,139.2]]","[[[2, 2],'C_O',1.87,'CO'],[[3, 3],'H_O',3.851,'OH']]",[],3OB,1C4,3,2,"[2_1,9_11,10_13]","[3,6,0]",3,3,1.8659999999999999,"[3.819, 0.958]",100.4,313.6,349.9,87.5,328.5,175.4,"[[6.27,3.69,116.0],[7.3,3.5,142.2],[8.69,5.34,122.8]]",295.6
aMal270_TSdh_nn_262_1,5551,-1459.8728,4C1,3S1,1,2,"[2_3,9_11,10_7,11_50]",[1],-1,2,4,0,1,1.989,"[3.87, 0.93]",288.0,120.0,53.7,21.1,19.2,92.4,0,0,"[[6.84,4.08,117.5],[7.96,4.34,131.9],[8.07,5.01,119.6],[8.35,4.95,125.1]]","[[[1, 1],'H_O',3.87,'OH'],[[2, 2],'C_O',1.989,'CO']]",[],4C1,3OB,1,2,"[2_3,3_7,9_11,10_7]",[1],4,1,1.996,"[3.868, 0.93]",319.5,91.0,54.5,16.9,13.8,92.3,"[[7.0,4.09,120.0],[8.85,4.64,141.8],[7.91,4.32,131.3],[8.02,4.88,121.3]]",402.8
aMal100_TSdh_nn_020_0,1027,-1459.9144,5S1,3S1,1,2,"[1_2,6_3,9_11,11_50,13_7]","[1,9,0,50]",-1,2,5,1,4,2.099,"[1.424, 1.091]",78.3,60.0,104.2,102.2,24.7,92.6,0,0,"[[5.69,1.09,149.8],[6.58,4.38,108.2],[8.63,4.92,130.3],[7.83,4.12,135.0],[7.5,5.31,106.5]]","[[[1, 1],'H_O',1.424,'OH'],[[2, 2],'C_O',2.099,'CO']]",[],25B,OS2,1,2,"[1_2,6_3,9_11]","[1,9,0,50]",3,4,2.103,"[1.389, 1.121]",131.9,51.5,110.5,101.9,329.0,94.2,"[[5.63,1.12,151.3],[6.74,4.26,112.7],[7.86,3.96,140.1]]",293.5
aMal330_TSdh_nn_181_1,6479,-1459.8491,1HO,5S1,1,2,"[2_50,13_7]","[1,2,0]",-1,2,2,1,3,2.274,"[3.547, 0.93]",163.0,195.0,191.8,153.0,86.7,84.2,0,0,"[[7.54,3.53,146.4],[7.36,4.8,112.8]]","[[[1, 1],'H_O',3.547,'OH'],[[2, 2],'C_O',2.274,'CO']]",[],EO,5S1,1,2,"[2_50,13_7]","[1,2,0]",2,3,2.265,"[3.555, 0.929]",162.9,192.8,190.4,154.6,86.2,82.1,"[[7.3,3.29,149.0],[7.37,5.07,108.4]]",465.0
aMal220_TSdh_nn_018_2,697,-1459.9205,OS2,1S3,2,1,[],"[2,50]",-1,1,0,0,2,2.835,"[1.756, 0.956]",122.4,180.0,321.6,104.1,207.2,87.7,0,0,[],"[[[1, 1],'C_O',2.835,'CO'],[[2, 2],'H_O',1.756,'OH']]",[],B25,1S3,2,1,[3_9],"[2,13,7]",1,3,2.862,"[1.728, 0.963]",58.2,270.8,314.6,99.1,213.6,88.4,"[[9.23,5.52,127.8]]",277.5
aMal175_TSdh_nn_128_0,6320,-1459.8599,3S1,OS2,-1,-1,"[1_50,3_6,9_50,11_9,13_11]","[3,6]",-1,6,5,3,2,2.231,"[0, 0]",42.0,75.0,36.0,99.6,328.8,91.2,0,0,"[[7.85,4.05,137.3],[6.03,2.19,153.0],[6.73,4.3,112.0],[8.81,5.25,126.5],[8.86,4.78,138.5]]","[[[6, 6],'C_O',2.231,'CO']]",[],3S1,OS2,-1,-1,"[1_2,1_50,3_6,11_9,13_11]","[3,6]",5,2,2.33,"[0, 0]",73.3,46.3,36.5,96.6,325.4,92.3,"[[7.03,5.27,100.7],[7.75,4.24,130.0],[6.17,2.36,151.7],[8.95,5.47,124.3],[9.2,5.46,128.6]]",436.6
aMal301_TSdh_nn_090_1,4167,-1459.888,1C4,1C4,1,2,"[2_50,9_0,9_50,10_13,11_9]","[1,6,0]",-1,2,5,4,3,1.9380000000000002,"[3.03, 0.935]",172.6,-0.0,109.1,161.2,282.4,170.2,0,0,"[[7.41,3.71,137.0],[5.91,2.63,138.7],[7.28,4.77,112.0],[7.61,3.34,161.1],[7.83,3.95,139.8]]","[[[1, 1],'H_O',3.03,'OH'],[[2, 2],'C_O',1.938,'CO']]",[],1C4,1C4,1,2,"[2_50,9_0,9_50,10_13,11_9]","[1,6,0]",5,3,1.9369999999999998,"[2.944, 0.938]",164.4,1.7,110.0,158.5,276.1,172.6,"[[7.14,3.3,144.0],[7.94,3.99,141.3],[7.7,5.92,100.3],[7.55,3.3,160.2],[7.91,4.0,140.5]]",362.8
aMal245_TSdh_nn_273_1,4186,-1459.8879,4C1,3S1,1,2,"[9_11,13_10]","[1,6]",-1,2,2,1,2,2.056,"[2.33, 0.946]",69.4,45.0,28.6,16.3,15.3,89.9,0,0,"[[8.62,5.54,118.2],[7.92,4.05,138.9]]","[[[1, 1],'H_O',2.33,'OH'],[[2, 2],'C_O',2.056,'CO']]",[],4C1,3S1,1,2,"[3_2,9_11,9_50,13_10]","[1,6]",4,2,2.053,"[2.321, 0.946]",85.0,61.3,26.2,16.6,16.7,91.5,"[[8.67,6.36,106.5],[8.95,5.65,121.1],[6.52,4.67,102.8],[7.75,4.0,136.7]]",363.1
aMal203_TSdh_nn_273_1,4344,-1459.8864,4C1,3S1,1,2,"[9_50,11_50,13_7]","[1,6]",-1,2,3,1,2,2.056,"[2.33, 0.946]",69.4,45.0,28.6,16.3,34.0,88.0,0,0,"[[7.07,4.68,110.5],[7.84,3.88,143.2],[7.39,5.25,106.0]]","[[[1, 1],'H_O',2.33,'OH'],[[2, 2],'C_O',2.056,'CO']]",[],4C1,3S1,1,2,"[3_2,9_50,11_9]","[1,6]",3,2,2.057,"[2.309, 0.947]",93.0,53.6,27.0,16.0,19.9,94.8,"[[8.73,6.27,108.5],[6.47,4.7,101.7],[8.06,4.01,143.5]]",367.0
aMal107_TSdh_nn_184_1,3884,-1459.8901,3S1,3S1,1,2,"[1_2,3_0,6_0,9_50,10_13,11_50]","[1,2,50]",-1,2,6,3,3,2.164,"[1.388, 1.126]",87.0,45.0,16.2,77.1,29.9,85.8,0,0,"[[5.53,1.13,147.3],[6.62,3.6,123.9],[7.9,6.11,100.4],[7.01,4.61,110.9],[7.75,3.48,157.8],[8.1,4.09,142.2]]","[[[1, 1],'H_O',1.388,'OH'],[[2, 2],'C_O',2.164,'CO']]",[],3S1,OS2,1,2,"[1_2,3_0,9_11,10_13,10_7]","[1,2,9,50]",5,4,2.178,"[1.253, 1.295]",147.6,51.3,17.8,74.5,335.0,103.2,"[[5.39,1.29,152.3],[6.56,3.58,123.0],[7.07,3.26,144.5],[9.79,4.99,153.5],[8.07,5.99,103.9]]",357.3
aMal41_TSdh_nn_273_1,4278,-1459.8869,4C1,3OB,1,2,"[9_11,10_7]","[1,6]",-1,2,2,0,2,2.056,"[2.33, 0.946]",69.4,45.0,28.6,16.3,13.9,90.8,0,0,"[[8.2,4.9,123.6],[7.85,4.74,121.5]]","[[[1, 1],'H_O',2.33,'OH'],[[2, 2],'C_O',2.056,'CO']]",[],4C1,3S1,1,2,"[3_2,9_11,9_50,10_7]","[1,6]",4,2,2.057,"[2.308, 0.947]",85.2,60.7,25.6,16.5,17.2,92.3,"[[8.68,6.36,106.6],[8.67,5.26,124.2],[6.57,4.86,100.6],[8.16,5.2,117.6]]",365.7
aMal245_TSdh_nn_184_2,4669,-1459.8836,3S1,3S1,1,2,"[1_2,3_0,6_0,9_2,9_11,13_10]","[1,2,11,50]",-1,2,6,3,4,2.164,"[1.388, 1.126]",87.0,135.0,16.2,77.1,15.3,89.9,0,0,"[[5.53,1.13,147.3],[6.62,3.6,123.9],[7.9,6.11,100.4],[6.17,2.85,137.2],[8.62,5.54,118.2],[7.92,4.05,138.9]]","[[[1, 1],'H_O',1.388,'OH'],[[2, 2],'C_O',2.164,'CO']]",[],3OB,3S1,-1,-1,"[1_2,3_0,9_2,10_13]","[1,2,11,50]",4,4,2.245,"[0, 0]",89.3,128.5,12.1,76.7,17.7,90.8,"[[5.64,1.92,152.5],[6.57,3.76,119.4],[7.79,3.51,155.8],[7.72,3.46,157.5]]",374.4
aMal55_TSdh_nn_293_1,4201,-1459.8876,1C4,5S1,1,2,[9_50],"[1,6,0]",-1,2,1,0,3,1.9040000000000001,"[3.827, 0.952]",177.8,120.0,117.8,166.4,87.2,89.1,0,0,"[[7.76,5.13,112.8]]","[[[1, 1],'H_O',3.827,'OH'],[[2, 2],'C_O',1.904,'CO']]",[],1C4,5S1,1,2,[9_50],"[1,6,0]",1,3,1.932,"[3.533, 0.973]",168.3,82.5,113.5,162.1,90.8,90.5,"[[7.52,5.46,104.6]]",363.9
aMal157_TSdh_nn_278_2,654,-1459.9217,2SO,1C4,1,2,"[3_2,9_11]","[1,0]",-1,2,2,0,2,2.349,"[1.82, 0.959]",67.9,135.0,164.3,89.1,246.6,169.7,0,0,"[[8.64,5.55,118.3],[8.13,4.37,134.2]]","[[[1, 1],'H_O',1.82,'OH'],[[2, 2],'C_O',2.349,'CO'],[[10, 10],'H_O',1.918,'OH'],[[13, 13],'H_O',3.409,'OH']]",[],25B,1C4,1,2,[9_11],"[1,9,0,50]",1,4,2.86,"[1.988, 0.939]",149.2,66.1,116.2,98.7,254.4,171.1,"[[7.4,3.53,143.4]]",274.4
aMal41_TSdh_nn_020_1,1154,-1459.9134,5S1,3OB,1,2,"[1_2,6_3,9_11,10_7]","[1,9,0,50]",-1,2,4,1,4,2.099,"[1.424, 1.091]",78.3,45.0,104.2,102.2,13.9,90.8,0,0,"[[5.69,1.09,149.8],[6.58,4.38,108.2],[8.2,4.9,123.6],[7.85,4.74,121.5]]","[[[1, 1],'H_O',1.424,'OH'],[[2, 2],'C_O',2.099,'CO']]",[],25B,OS2,1,2,"[1_2,6_3,9_11,10_7,11_13]","[1,9,0,50]",5,4,2.109,"[1.399, 1.114]",89.3,70.2,107.6,101.8,334.0,92.7,"[[5.65,1.11,150.8],[6.7,4.36,110.4],[7.67,3.74,142.7],[8.2,5.28,116.7],[8.47,5.17,122.6]]",296.2
aMal422_TSdh_nn_025_1,353,-1459.9306,3E,1S3,2,1,"[2_1,10_11]","[1,2,50]",-1,1,2,1,3,2.296,"[1.327, 1.192]",151.5,345.0,11.7,115.1,218.6,86.5,0,0,"[[5.5,1.19,151.4],[7.65,5.4,107.2]]","[[[1, 1],'C_O',2.296,'CO'],[[2, 2],'H_O',1.327,'OH']]",[],3E,1S3,2,1,"[2_1,10_11,13_6]","[1,2,9,50]",3,4,2.309,"[1.339, 1.181]",156.6,85.3,14.2,121.7,213.3,88.4,"[[5.52,1.18,151.2],[7.64,5.5,105.4],[7.87,3.42,170.7]]",251.0
aMal10_TSdh_nn_290_1,2763,-1459.8991,E1,3S1,1,2,"[9_11,10_7,11_50]","[1,11,50]",-1,2,3,1,3,1.9369999999999998,"[2.298, 0.945]",97.3,75.0,56.6,59.7,23.8,90.5,0,0,"[[9.72,6.2,122.8],[8.4,5.39,117.7],[7.8,4.01,138.0]]","[[[1, 1],'H_O',2.298,'OH'],[[2, 2],'C_O',1.937,'CO']]",[],E1,3S1,1,2,[10_7],"[1,9,11,50]",1,4,1.9569999999999999,"[2.118, 0.953]",100.1,74.2,52.0,63.6,18.8,88.2,"[[8.31,5.27,118.5]]",333.7
aMal462_TSdh_nn_273_1,1641,-1459.9089999999999,4C1,5S1,1,2,[13_7],"[1,6]",-1,2,1,0,2,2.056,"[2.33, 0.946]",69.4,15.0,28.6,16.3,85.4,85.5,0,0,"[[7.42,4.86,112.5]]","[[[1, 1],'H_O',2.33,'OH'],[[2, 2],'C_O',2.056,'CO']]",[],4C1,4C1,1,2,"[3_9,9_10]","[1,6]",2,2,2.099,"[2.374, 0.937]",114.3,107.4,24.1,18.7,279.3,3.4,"[[8.36,3.76,165.7],[8.0,5.84,105.2]]",307.7
aMal282_TSdh_nn_302_0,3164,-1459.8956,E1,1S3,1,2,"[2_3,9_50,11_10]","[1,50]",-1,2,3,0,2,1.886,"[2.964, 0.935]",115.1,60.0,56.5,54.7,217.9,86.8,0,0,"[[8.38,6.41,102.1],[6.84,4.32,113.4],[7.51,5.17,108.9]]","[[[1, 1],'H_O',2.964,'OH'],[[2, 2],'C_O',1.886,'CO']]",[],E1,1S3,1,2,"[2_3,11_10]","[1,9,50]",2,3,1.8719999999999999,"[2.935, 0.936]",140.5,55.6,58.3,56.3,221.3,93.7,"[[8.18,5.95,105.8],[7.84,6.04,100.6]]",342.9
aMal346_TSdh_nn_187_1,2739,-1459.8994,3S1,OS2,-1,-1,"[1_2,3_6,3_0,9_11,10_7,13_7]","[1,2,50]",-1,2,6,3,3,2.253,"[0, 0]",93.2,15.0,25.9,79.2,339.1,91.1,0,0,"[[5.52,1.83,150.5],[7.37,3.27,150.3],[6.94,4.85,104.7],[7.99,3.88,146.3],[7.9,4.78,121.4],[7.64,5.87,100.4]]","[[[2, 2],'C_O',2.253,'CO']]",[],3S1,OS2,-1,-1,"[1_2,3_6,3_0,9_11,10_7]","[2,9,50]",5,3,2.294,"[0, 0]",146.3,61.1,28.5,75.2,334.5,94.3,"[[5.84,2.04,155.1],[7.5,3.36,150.3],[6.84,4.71,105.4],[7.4,3.48,145.1],[8.07,5.39,113.1]]",332.9
aMal14_TSdh_nn_116_2,5379,-1459.8753,5S1,1S3,3,6,"[1_9,1_50,2_1,3_6,11_10]","[2,3]",-1,6,5,2,2,2.221,"[1.518, 1.069]",79.2,165.0,83.4,88.7,210.3,88.1,0,0,"[[8.12,5.33,114.3],[7.67,3.64,146.4],[8.67,6.29,107.3],[6.4,1.07,164.7],[7.92,5.36,111.5]]","[[[3, 3],'H_O',1.518,'OH'],[[6, 6],'C_O',2.221,'CO']]",[],5S1,4C1,3,6,"[1_9,1_50,2_1,3_6,9_10]","[2,3]",5,2,2.21,"[1.506, 1.076]",83.0,79.2,85.8,90.0,131.6,2.4,"[[8.7,4.37,146.3],[7.98,4.23,134.4],[8.46,6.02,108.5],[6.38,1.08,166.2],[8.4,6.12,106.5]]",396.2
aMal378_TSdh_nn_161_2,184,-1459.9355,3E,4C1,2,1,"[2_1,3_6,9_2,9_50,10_9,11_10,13_7]","[1,2,50]",-1,1,7,3,3,2.383,"[1.275, 1.264]",96.8,105.0,352.5,109.1,232.7,4.9,0,0,"[[5.46,1.26,153.5],[7.98,3.87,146.5],[10.65,5.38,165.6],[7.37,4.96,110.1],[8.33,6.12,105.6],[7.92,5.61,107.5],[7.65,5.53,105.3]]","[[[1, 1],'C_O',2.383,'CO'],[[2, 2],'H_O',1.275,'OH']]",[],3E,4C1,2,1,"[2_1,3_6,9_10,10_11]","[1,2,9,50]",4,4,2.3369999999999997,"[1.326, 1.193]",96.9,54.9,0.3,111.6,264.9,7.4,"[[5.52,1.19,152.6],[7.77,3.43,161.6],[7.6,5.58,103.7],[8.13,6.24,101.5]]",238.1
aMal236_TSdh_nn_116_0,6080,-1459.8652,5S1,3S1,3,6,"[1_9,1_50,2_1,3_6,11_50]","[2,3]",-1,6,5,4,2,2.221,"[1.518, 1.069]",79.2,60.0,83.4,88.7,35.3,88.1,0,0,"[[10.97,6.18,142.8],[7.67,3.64,146.4],[8.67,6.29,107.3],[6.4,1.07,164.7],[7.67,3.74,143.4]]","[[[3, 3],'H_O',1.518,'OH'],[[6, 6],'C_O',2.221,'CO']]",[],5S1,3S1,3,6,"[1_9,1_50,2_1,3_6,11_50]","[2,3]",5,2,2.213,"[1.513, 1.07]",98.3,53.9,84.5,90.3,35.8,88.4,"[[9.36,4.79,148.1],[7.64,3.87,137.4],[8.44,5.97,109.1],[6.41,1.07,166.7],[7.68,4.81,117.3]]",422.7
aMal458_TSdh_nn_025_0,121,-1459.9375,3E,OS2,2,1,"[2_1,9_50,11_9]","[1,2,9,50]",-1,1,3,1,4,2.296,"[1.327, 1.192]",151.5,90.0,11.7,115.1,331.0,91.8,0,0,"[[5.5,1.19,151.4],[6.7,4.18,113.6],[8.47,4.86,129.2]]","[[[1, 1],'C_O',2.296,'CO'],[[2, 2],'H_O',1.327,'OH']]",[],3E,3S1,2,1,"[2_1,11_1]","[2,9,11,50]",2,4,2.331,"[1.337, 1.185]",160.0,76.8,11.5,118.8,25.1,89.2,"[[5.71,1.19,159.8],[7.41,3.25,155.2]]",232.9
aMal119_TSdh_nn_181_2,6083,-1459.8652,1HO,1S5,1,2,"[2_50,9_50,11_13]","[1,2,0]",-1,2,3,1,3,2.274,"[3.547, 0.93]",163.0,165.0,191.8,153.0,269.6,84.7,0,0,"[[7.54,3.53,146.4],[7.29,4.82,111.2],[8.62,5.52,118.6]]","[[[1, 1],'H_O',3.547,'OH'],[[2, 2],'C_O',2.274,'CO']]",[],EO,2SO,1,2,"[2_9,2_50,9_10]","[1,2,0]",3,3,2.3609999999999998,"[3.403, 0.928]",88.2,76.3,182.3,151.1,163.0,78.2,"[[7.54,3.35,153.6],[7.94,4.54,125.5],[7.18,4.69,111.8]]",422.7
aMal118_TSdh_nn_073_1,4973,-1459.8801,1S3,1S5,3,2,"[1_2,9_50,13_7]","[3,50]",3,2,3,0,2,2.136,"[2.377, 0.941]",166.4,150.0,197.5,75.2,276.6,86.0,0,0,"[[7.75,5.56,106.0],[7.34,4.88,111.1],[8.28,6.33,102.2]]","[[[3, 4],'C_C',1.726,'bb'],[[2, 2],'C_O',2.136,'CO'],[[3, 3],'H_O',2.377,'OH']]",[],1S3,1S5,3,2,"[1_2,9_3]","[3,9,7,50]",2,4,2.153,"[2.367, 0.94]",123.2,189.7,195.1,75.9,261.0,89.1,"[[7.71,5.22,110.7],[6.5,2.7,149.1]]",383.6
aMal400_TSdh_nn_094_1,1133,-1459.9135,E1,3S1,1,2,"[9_11,10_7,13_7]","[1,11,50]",-1,2,3,0,3,1.9380000000000002,"[2.459, 0.941]",103.5,135.0,51.0,61.3,15.1,90.7,0,0,"[[8.27,5.03,122.2],[7.93,4.83,120.7],[7.48,5.23,107.5]]","[[[1, 1],'H_O',2.459,'OH'],[[2, 2],'C_O',1.938,'CO']]",[],E1,3OB,1,2,"[3_6,10_7]","[1,9,11,50]",2,4,2.004,"[2.086, 0.952]",104.9,65.6,45.5,70.4,14.0,88.5,"[[8.16,3.86,151.9],[8.03,5.0,119.1]]",295.9
aMal195_TSdh_nn_188_1,4011,-1459.889,25B,5S1,1,2,"[6_0,11_50,13_10]","[1,11,0,50]",-1,2,3,2,4,2.265,"[1.838, 0.955]",89.1,105.0,108.5,97.3,89.8,87.5,0,0,"[[7.99,5.67,107.7],[7.73,3.73,145.2],[8.7,4.34,148.4]]","[[[1, 1],'H_O',1.838,'OH'],[[2, 2],'C_O',2.265,'CO']]",[],25B,3S1,1,2,[6_0],"[1,9,11,0,50]",1,5,2.242,"[1.734, 0.97]",93.5,77.7,105.6,98.8,24.1,89.3,"[[8.43,6.43,102.7]]",360.2
aMal301_TSdh_nn_254_0,5621,-1459.8718,4H5,1C4,1,2,"[6_50,9_50,10_13,11_9]","[1,0]",-1,2,4,2,2,2.016,"[2.168, 0.949]",53.7,60.0,264.1,65.6,282.4,170.2,0,0,"[[7.95,4.62,125.5],[7.28,4.77,112.0],[7.61,3.34,161.1],[7.83,3.95,139.8]]","[[[1, 1],'H_O',2.168,'OH'],[[2, 2],'C_O',2.016,'CO']]",[],E5,1C4,1,2,"[3_13,6_50,9_50,10_13,11_9]","[1,0]",5,2,2.1109999999999998,"[2.027, 0.955]",60.1,53.2,290.1,67.1,293.5,163.0,"[[9.01,4.25,163.3],[7.94,4.33,132.2],[8.09,6.13,102.5],[8.13,3.71,160.0],[7.7,3.92,138.0]]",405.4
aMal2_TSdh_nn_117_2,2332,-1459.9033,E5,4C1,1,2,"[9_3,10_9,11_10,13_7]","[1,6,0]",-1,2,4,0,3,2.119,"[1.894, 0.966]",75.6,120.0,295.8,59.2,223.5,2.2,0,0,"[[7.47,5.32,106.1],[8.16,6.32,100.9],[8.0,5.85,105.2],[7.53,5.43,105.1]]","[[[1, 1],'H_O',1.894,'OH'],[[2, 2],'C_O',2.119,'CO']]",[],E5,4C1,1,2,"[3_9,9_10,10_11]","[1,6,0]",3,3,2.198,"[1.921, 0.957]",98.8,120.5,301.8,60.5,210.3,3.0,"[[7.6,3.37,156.9],[7.72,5.43,107.6],[8.14,6.21,102.1]]",322.7
aMal43_TSdh_nn_104_2,3965,-1459.8894,25B,3S1,1,2,[9_50],"[1,11,0,50]",-1,2,1,0,4,2.218,"[1.839, 0.952]",83.2,105.0,110.4,101.0,31.8,88.7,0,0,"[[7.22,4.32,119.3]]","[[[1, 1],'H_O',1.839,'OH'],[[2, 2],'C_O',2.218,'CO']]",[],5S1,3S1,1,2,[],"[1,9,11,0,50]",0,5,2.209,"[1.673, 0.981]",94.8,72.0,104.3,103.3,25.2,89.1,[],359.2
aMal8_TSdh_nn_165_0,2627,-1459.9001,E1,3S1,1,2,"[9_11,9_50]","[1,9,50]",-1,2,2,0,3,1.9340000000000002,"[2.2, 0.948]",96.2,60.0,50.0,66.0,20.8,91.4,0,0,"[[8.73,5.63,118.3],[6.77,4.99,101.4]]","[[[1, 1],'H_O',2.2,'OH'],[[2, 2],'C_O',1.934,'CO']]",[],E1,3S1,1,2,[6_0],"[1,9,11,50]",1,4,1.9469999999999998,"[2.107, 0.954]",108.0,61.6,47.6,67.4,22.6,88.3,"[[7.88,6.11,100.3]]",331.1
aMal242_TSdh_nn_184_0,3100,-1459.8959,3S1,1C4,1,2,"[1_2,3_0,6_0,9_50,11_9]","[1,2,50]",-1,2,5,2,3,2.164,"[1.388, 1.126]",87.0,60.0,16.2,77.1,218.1,175.8,0,0,"[[5.53,1.13,147.3],[6.62,3.6,123.9],[7.9,6.11,100.4],[7.26,4.73,112.4],[7.91,4.07,138.1]]","[[[1, 1],'H_O',1.388,'OH'],[[2, 2],'C_O',2.164,'CO']]",[],3S1,1C4,1,2,"[1_2,3_0,6_0,9_11]","[1,2,9,50]",4,4,2.16,"[1.334, 1.176]",148.4,57.4,16.9,76.1,244.2,172.6,"[[5.47,1.18,150.1],[6.58,3.59,123.3],[7.84,5.89,102.6],[7.38,3.5,143.8]]",342.1
aMal55_TSdh_nn_250_1,5865,-1459.8684,OS2,5S1,1,2,"[2_50,6_0,9_50]",[1],-1,2,3,1,1,1.9609999999999999,"[2.937, 0.931]",93.0,45.0,340.3,90.0,87.2,89.1,0,0,"[[6.98,3.26,141.3],[7.83,6.04,100.5],[7.76,5.13,112.8]]","[[[1, 1],'H_O',2.937,'OH'],[[2, 2],'C_O',1.961,'CO']]",[],OS2,5S1,1,2,"[2_11,2_50,6_0,9_50]","[1,0]",4,2,2.0069999999999997,"[2.625, 0.934]",160.0,75.2,340.8,89.8,94.0,87.8,"[[7.57,3.55,146.0],[7.84,4.77,119.6],[7.92,6.12,100.6],[7.67,5.54,105.3]]",414.3
aMal428_TSdh_nn_119_1,2569,-1459.9008,E1,3S1,1,2,"[2_3,6_0,9_11,11_50]","[1,11,50]",-1,2,4,1,3,1.844,"[3.695, 0.935]",91.3,90.0,55.4,53.3,26.5,93.0,0,0,"[[7.8,5.6,105.9],[7.91,6.08,100.9],[8.84,5.16,128.8],[7.77,3.96,138.2]]","[[[1, 1],'H_O',3.695,'OH'],[[2, 2],'C_O',1.844,'CO']]",[],E1,3S1,1,2,"[2_3,6_0]","[1,9,11,50]",2,4,1.817,"[3.708, 0.935]",99.9,76.9,55.0,56.8,25.1,88.0,"[[8.12,5.83,106.7],[7.97,6.05,102.1]]",329.2
aMal462_TSdh_nn_016_2,2674,-1459.8999,E3,5S1,-1,-1,"[2_1,3_50,13_7]","[1,2,3]",-1,1,3,1,3,2.528,"[0, 0]",150.8,150.0,164.8,62.8,85.4,85.5,0,0,"[[5.51,1.86,148.4],[7.95,5.58,108.4],[7.42,4.86,112.5]]","[[[1, 1],'C_O',2.528,'CO']]",[],2H3,5S1,-1,-1,"[2_1,3_11,3_50,13_7]","[1,2,3]",4,3,2.5839999999999996,"[0, 0]",169.1,178.3,162.3,65.5,88.3,77.2,"[[5.57,1.93,147.9],[7.83,3.35,169.0],[7.86,5.65,105.6],[7.31,4.96,109.4]]",331.6
aMal269_TSdh_nn_181_1,5943,-1459.8676,1HO,OS2,1,2,"[2_50,9_11,11_13]","[1,2,0]",-1,2,3,2,3,2.274,"[3.547, 0.93]",163.0,195.0,191.8,153.0,332.1,91.0,0,0,"[[7.54,3.53,146.4],[8.34,4.2,144.0],[8.31,4.76,128.3]]","[[[1, 1],'H_O',3.547,'OH'],[[2, 2],'C_O',2.274,'CO']]",[],EO,OS2,1,2,"[2_9,2_50,9_11,11_13]","[1,2,0]",4,3,2.371,"[3.508, 0.928]",143.7,62.1,183.9,156.8,329.2,93.6,"[[8.3,3.88,153.5],[7.23,3.92,126.9],[8.17,4.2,139.9],[8.37,4.98,124.7]]",416.4
aMal251_TSdh_nn_018_1,557,-1459.9248,OS2,5S1,2,1,[10_13],"[2,11,50]",-1,1,1,1,3,2.835,"[1.756, 0.956]",122.4,165.0,321.6,104.1,87.2,78.2,0,0,"[[8.53,4.47,140.0]]","[[[1, 1],'C_O',2.835,'CO'],[[2, 2],'H_O',1.756,'OH']]",[],OS2,5S1,2,1,[10_13],"[2,11,50]",1,3,2.766,"[1.699, 0.968]",121.3,152.8,319.1,101.4,93.3,84.0,"[[8.37,4.42,137.9]]",266.2
aMal47_TSdh_nn_184_0,3027,-1459.8966,3S1,3S1,1,2,"[1_2,3_0,6_0,9_50]","[1,2,50]",-1,2,4,1,3,2.164,"[1.388, 1.126]",87.0,60.0,16.2,77.1,38.6,85.6,0,0,"[[5.53,1.13,147.3],[6.62,3.6,123.9],[7.9,6.11,100.4],[7.46,4.67,116.6]]","[[[1, 1],'H_O',1.388,'OH'],[[2, 2],'C_O',2.164,'CO']]",[],3S1,3S1,1,2,"[1_2,3_0,6_0,9_2]","[1,9,11,50]",4,4,2.181,"[1.423, 1.104]",85.2,68.8,26.5,81.4,23.2,89.1,"[[5.85,1.1,155.5],[6.63,3.58,124.5],[7.85,5.95,102.0],[7.77,3.68,147.5]]",340.3
aMal203_TSdh_nn_339_1,2375,-1459.9027,5S1,3S1,1,2,"[3_6,9_50,11_50,13_7]","[1,0,50]",-1,2,4,1,3,2.191,"[1.747, 0.966]",80.1,45.0,104.8,94.2,34.0,88.0,0,0,"[[8.01,4.93,120.2],[7.07,4.68,110.5],[7.84,3.88,143.2],[7.39,5.25,106.0]]","[[[1, 1],'H_O',1.747,'OH'],[[2, 2],'C_O',2.191,'CO']]",[],25B,OS2,1,2,"[3_6,9_11]","[1,9,0,50]",2,4,2.21,"[1.662, 0.982]",127.6,52.6,107.1,94.2,330.1,94.3,"[[8.15,5.18,117.7],[7.76,3.85,141.5]]",324.2
aMal229_TSdh_nn_025_1,288,-1459.9316,3E,3S1,2,1,"[2_1,10_7,11_9,13_7]","[1,2,11,50]",-1,1,4,1,4,2.296,"[1.327, 1.192]",151.5,150.0,11.7,115.1,22.2,90.0,0,0,"[[5.5,1.19,151.4],[8.16,5.11,119.2],[8.25,6.14,104.3],[7.5,5.16,108.8]]","[[[1, 1],'C_O',2.296,'CO'],[[2, 2],'H_O',1.327,'OH']]",[],3E,3OB,2,1,"[10_7,13_6,13_7]","[2,9,11,50]",3,4,2.499,"[1.628, 0.988]",156.4,77.8,343.3,111.1,6.5,89.6,"[[7.87,4.81,120.2],[10.25,5.5,147.6],[7.21,5.18,104.4]]",248.4
aMal44_TSdh_nn_167_2,2527,-1459.9012,E4,OS2,2,1,"[1_9,3_6,9_1,9_50,11_9,13_7]",[2],-1,1,6,2,1,2.583,"[1.714, 0.964]",72.3,75.0,76.0,117.7,331.9,94.1,0,0,"[[9.84,4.92,159.3],[7.56,3.63,144.6],[9.84,6.46,120.0],[6.68,4.25,112.0],[8.12,4.52,130.7],[7.49,5.23,107.5]]","[[[1, 1],'C_O',2.583,'CO'],[[2, 2],'H_O',1.714,'OH']]",[],5S1,OS2,2,1,"[1_9,3_6,9_50,11_9,13_7]",[2],5,1,2.294,"[1.821, 0.96]",87.0,77.4,85.9,108.0,331.6,95.0,"[[9.75,5.25,144.0],[7.76,3.81,142.9],[6.54,3.92,116.2],[8.54,4.9,129.4],[7.7,5.72,103.2]]",328.2
aMal439_TSdh_nn_290_1,931,-1459.9156,E1,3S1,1,2,"[9_50,10_13,11_50]","[1,11,50]",-1,2,3,2,3,1.9369999999999998,"[2.298, 0.945]",97.3,75.0,56.6,59.7,34.6,86.1,0,0,"[[7.09,4.77,109.4],[7.98,3.54,164.2],[7.91,3.93,143.0]]","[[[1, 1],'H_O',2.298,'OH'],[[2, 2],'C_O',1.937,'CO']]",[],E1,3S1,1,2,"[3_6,10_13]","[1,9,11,50]",2,4,1.939,"[2.331, 0.943]",93.3,75.0,51.7,69.3,19.7,87.6,"[[8.18,3.94,148.9],[7.71,3.47,155.9]]",290.4
aMal325_TSdh_nn_344_0,2252,-1459.904,E1,1S3,1,2,"[3_6,10_11,13_7]","[1,9,50]",-1,2,3,1,3,1.9069999999999998,"[2.864, 0.935]",99.5,60.0,63.3,67.1,208.9,88.9,0,0,"[[8.44,4.41,139.4],[7.9,5.42,110.2],[7.83,5.43,109.1]]","[[[1, 1],'H_O',2.864,'OH'],[[2, 2],'C_O',1.907,'CO']]",[],E1,1S3,1,2,"[3_6,10_11]","[1,9,50]",2,3,1.913,"[2.421, 0.941]",139.8,61.5,55.5,67.4,207.5,87.7,"[[8.39,4.16,146.1],[8.02,5.67,107.9]]",320.8
aMal39_TSdh_nn_187_2,2066,-1459.9053,3S1,1S3,-1,-1,"[1_2,3_6,3_0,9_2,9_50,11_10,13_7]","[1,2,50]",-1,2,7,2,3,2.253,"[0, 0]",93.2,165.0,25.9,79.2,211.6,88.1,0,0,"[[5.52,1.83,150.5],[7.37,3.27,150.3],[6.94,4.85,104.7],[7.51,3.91,134.5],[6.82,4.32,113.0],[7.49,5.11,109.3],[7.99,5.54,109.7]]","[[[2, 2],'C_O',2.253,'CO']]",[],3S1,B25,-1,-1,"[1_2,3_6,3_0,9_2,9_50]","[1,2,13,7,50]",5,5,2.219,"[0, 0]",95.6,174.6,28.3,87.0,303.4,89.7,"[[5.8,2.04,155.0],[6.9,2.89,153.2],[6.95,5.07,101.5],[7.2,2.89,170.6],[8.11,5.95,104.1]]",317.4
aMal443_TSdh_nn_104_0,4390,-1459.8861,25B,3S1,1,2,"[9_50,13_7]","[1,0,50]",-1,2,2,0,3,2.218,"[1.839, 0.952]",83.2,60.0,110.4,101.0,28.7,89.8,0,0,"[[7.13,4.49,114.8],[7.46,5.22,107.4]]","[[[1, 1],'H_O',1.839,'OH'],[[2, 2],'C_O',2.218,'CO']]",[],5S1,3S1,1,2,[9_1],"[1,9,11,0,50]",1,5,2.262,"[1.773, 0.963]",75.6,86.4,101.7,98.3,22.8,90.0,"[[8.06,4.52,129.1]]",367.8
aMal458_TSdh_nn_045_1,4892,-1459.8811,4C1,OS2,1,2,"[3_2,9_50,11_9]",[1],-1,2,3,0,1,2.055,"[2.277, 0.943]",80.1,15.0,51.6,19.4,331.0,91.8,0,0,"[[8.75,6.49,105.7],[6.7,4.18,113.6],[8.47,4.86,129.2]]","[[[1, 1],'H_O',2.277,'OH'],[[2, 2],'C_O',2.055,'CO']]",[],4C1,OS2,1,2,"[3_2,6_13,9_50,11_9]",[1],4,1,2.043,"[2.301, 0.944]",99.6,66.5,53.3,17.6,328.7,92.8,"[[8.51,6.11,108.0],[7.53,3.22,164.9],[6.85,4.6,108.6],[8.46,4.91,127.8]]",381.0
aMal136_TSdh_nn_356_0,2592,-1459.9006,E3,OS2,-1,-1,"[2_1,9_50,10_7,13_7]","[1,2,3]",-1,1,4,1,3,2.511,"[0, 0]",57.3,60.0,179.2,49.3,329.5,89.3,0,0,"[[5.42,1.66,150.2],[6.68,4.3,111.4],[8.63,5.59,117.7],[7.82,5.62,106.3]]","[[[1, 1],'C_O',2.511,'CO']]",[],E3,OS2,-1,-1,"[2_1,3_7,10_7,11_9]","[1,2,3]",4,3,2.597,"[0, 0]",65.6,27.7,180.3,51.2,332.8,91.5,"[[5.5,1.82,149.2],[7.51,4.03,130.7],[8.23,5.46,114.2],[8.25,4.69,129.0]]",329.8
aMal247_TSdh_nn_171_1,5908,-1459.868,2SO,3S1,2,3,[9_50],"[1,2]",-1,3,1,0,2,2.4330000000000003,"[2.077, 0.944]",282.9,120.0,142.8,96.1,37.3,85.5,0,0,"[[7.48,4.7,116.2]]","[[[2, 2],'H_O',2.077,'OH'],[[3, 3],'C_O',2.433,'CO']]",[],2SO,3S1,2,3,[9_11],"[1,2]",1,2,2.42,"[2.002, 0.949]",306.0,78.5,157.0,88.1,18.7,91.9,"[[8.34,4.76,129.0]]",415.4
aMal107_TSdh_nn_072_0,579,-1459.9241,5S1,3S1,1,2,"[1_2,9_50,10_13,11_50]","[1,9,0,50]",-1,2,4,3,4,2.104,"[1.477, 1.059]",77.0,60.0,101.5,97.8,29.9,85.8,0,0,"[[5.8,1.06,147.4],[7.01,4.61,110.9],[7.75,3.48,157.8],[8.1,4.09,142.2]]","[[[1, 1],'H_O',1.477,'OH'],[[2, 2],'C_O',2.104,'CO']]",[],5E,3OB,-1,-1,"[1_2,6_3,9_2,10_13]","[1,9,11,0,50]",4,5,2.1719999999999997,"[0, 0]",76.4,98.6,109.3,107.6,14.1,89.4,"[[5.51,1.75,153.4],[6.12,3.64,114.4],[7.41,3.26,153.9],[7.88,3.61,155.1]]",268.1
aMal192_TSdh_nn_184_2,4935,-1459.8804,3S1,OS2,1,2,"[1_2,3_0,6_0,9_2,9_50,11_13]","[1,2,50]",-1,2,6,1,3,2.164,"[1.388, 1.126]",87.0,165.0,16.2,77.1,319.8,89.0,0,0,"[[5.53,1.13,147.3],[6.62,3.6,123.9],[7.9,6.11,100.4],[6.38,3.23,129.9],[6.77,4.29,112.7],[7.93,4.24,134.0]]","[[[1, 1],'H_O',1.388,'OH'],[[2, 2],'C_O',2.164,'CO']]",[],3S1,1S5,-1,-1,"[1_2,3_0,6_0,9_2,11_13]","[2,9,7,50]",5,4,2.283,"[0, 0]",95.0,159.1,19.3,76.7,257.4,92.0,"[[6.03,2.16,159.1],[6.37,3.51,121.0],[7.84,5.93,102.0],[7.23,3.28,146.8],[7.41,3.85,134.0]]",382.8
aMal269_TSdh_nn_336_0,1995,-1459.9061,5S1,OS2,2,1,"[3_6,9_11,11_13]","[2,3]",-1,1,3,2,2,2.193,"[1.801, 0.973]",54.3,30.0,104.3,94.3,332.1,91.0,0,0,"[[8.45,4.54,136.2],[8.34,4.2,144.0],[8.31,4.76,128.3]]","[[[1, 1],'C_O',2.193,'CO'],[[2, 2],'H_O',1.801,'OH']]",[],5S1,OS2,2,1,"[3_6,9_11,11_13]","[2,3]",3,2,2.213,"[1.764, 0.983]",58.4,28.3,100.5,96.0,326.3,93.8,"[[8.29,4.36,137.7],[8.41,4.43,138.4],[8.28,4.81,126.7]]",315.3
aMal289_TSdh_nn_001_1,310,-1459.9313,3H4,4C1,2,1,"[2_1,10_9,11_10]","[1,2,50]",-1,1,3,1,3,2.267,"[1.282, 1.257]",167.5,165.0,33.3,120.5,173.5,1.6,0,0,"[[5.43,1.26,151.8],[7.83,5.8,103.8],[7.9,5.57,108.0]]","[[[1, 1],'C_O',2.267,'CO'],[[2, 2],'H_O',1.282,'OH']]",[],3H4,4C1,2,1,"[2_1,9_10]","[1,2,13,7,50]",2,5,2.315,"[1.284, 1.247]",188.8,183.7,28.7,121.4,253.8,7.0,"[[5.51,1.25,155.7],[7.7,5.57,105.3]]",249.2
aMal319_TSdh_nn_073_1,3474,-1459.8933,1S3,3S1,3,2,"[1_2,9_11,10_13,10_7,11_50]","[3,9,11,50]",3,2,5,2,4,2.136,"[2.377, 0.941]",166.4,105.0,197.5,75.2,20.7,91.4,0,0,"[[7.75,5.56,106.0],[8.63,5.05,127.8],[7.69,3.95,136.8],[8.79,5.93,114.1],[8.15,4.27,137.7]]","[[[3, 4],'C_C',1.726,'bb'],[[2, 2],'C_O',2.136,'CO'],[[3, 3],'H_O',2.377,'OH']]",[],2SO,3S1,3,2,"[1_2,10_13]","[3,9,11,50]",2,4,2.387,"[1.792, 0.979]",179.8,107.7,162.1,84.9,22.3,86.9,"[[7.74,3.73,144.8],[7.64,3.4,157.2]]",348.9
aMal277_TSdh_nn_073_1,4152,-1459.8881,1S3,1C4,3,2,"[1_2,9_50,11_9]","[3,50]",3,2,3,1,2,2.136,"[2.377, 0.941]",166.4,150.0,197.5,75.2,274.7,177.5,0,0,"[[7.75,5.56,106.0],[7.2,4.7,112.0],[7.8,3.95,139.2]]","[[[3, 4],'C_C',1.726,'bb'],[[2, 2],'C_O',2.136,'CO'],[[3, 3],'H_O',2.377,'OH']]",[],B3O,1C4,3,2,"[1_2,9_3,10_13]","[3,9,11,7]",3,4,2.1630000000000003,"[2.4, 0.939]",126.1,190.8,191.2,77.5,48.3,175.7,"[[7.67,5.15,111.2],[6.34,2.53,151.9],[8.22,4.73,127.5]]",362.6
aMal17_TSdh_nn_254_1,5302,-1459.8762,4H5,3S1,1,2,"[6_50,10_7,11_50]","[1,0]",-1,2,3,1,2,2.016,"[2.168, 0.949]",53.7,135.0,264.1,65.6,23.0,89.6,0,0,"[[7.95,4.62,125.5],[8.31,5.21,119.6],[8.29,4.31,139.7]]","[[[1, 1],'H_O',2.168,'OH'],[[2, 2],'C_O',2.016,'CO']]",[],E5,3S1,1,2,"[10_7,11_9,11_50]","[1,6,0]",3,3,2.171,"[1.92, 0.959]",84.6,71.8,304.6,62.4,23.5,91.2,"[[8.41,5.37,118.1],[9.07,4.96,137.6],[7.93,4.82,120.8]]",393.8
aMal219_TSdh_nn_127_1,1200,-1459.9127,E1,3S1,1,2,"[3_6,11_50]","[1,9,50]",-1,2,2,2,3,1.9769999999999999,"[2.292, 0.943]",91.9,45.0,50.1,69.5,31.3,88.5,0,0,"[[8.11,3.87,149.7],[7.75,3.8,143.0]]","[[[1, 1],'H_O',2.292,'OH'],[[2, 2],'C_O',1.977,'CO']]",[],E1,3S1,1,2,[3_6],"[1,9,11,50]",1,4,2.001,"[2.087, 0.952]",107.0,63.6,45.8,70.3,18.6,88.5,"[[8.19,3.88,152.0]]",298.0
aMal112_TSdh_nn_278_2,5607,-1459.872,2SO,1C4,1,2,"[3_2,9_50,11_9,13_7]","[1,0]",-1,2,4,1,2,2.349,"[1.82, 0.959]",67.9,135.0,164.3,89.1,260.9,174.8,0,0,"[[8.64,5.55,118.3],[7.28,4.78,111.8],[7.88,4.05,138.1],[7.87,5.26,112.4]]","[[[1, 1],'H_O',1.82,'OH'],[[2, 2],'C_O',2.349,'CO']]",[],B3O,1C4,1,2,"[3_2,9_50,11_9]","[1,0]",3,2,2.349,"[1.809, 0.956]",152.4,60.9,169.0,87.6,239.2,175.6,"[[8.56,5.4,119.8],[7.49,5.33,106.0],[7.91,4.09,137.7]]",404.9
aMal269_TSdh_nn_165_2,3885,-1459.8901,E1,OS2,1,2,"[9_11,11_13]","[1,50]",-1,2,2,1,2,1.9340000000000002,"[2.2, 0.948]",96.2,165.0,50.0,66.0,332.1,91.0,0,0,"[[8.34,4.2,144.0],[8.31,4.76,128.3]]","[[[1, 1],'H_O',2.2,'OH'],[[2, 2],'C_O',1.934,'CO']]",[],E1,OS2,1,2,"[2_3,3_9,6_0,9_11,11_13]","[1,50]",5,2,1.8880000000000001,"[2.985, 0.935]",118.1,180.1,58.3,52.6,326.9,95.3,"[[7.92,5.32,111.7],[7.64,3.62,146.3],[7.84,6.03,100.7],[8.09,4.06,142.3],[8.4,5.06,123.7]]",357.3
aMal248_TSdh_nn_097_2,3917,-1459.8897,5S1,5S1,1,2,"[3_2,11_50,13_7]","[1,11,0,50]",-1,0,3,1,4,1.824,"[2.514, 0.943]",77.7,120.0,90.1,79.4,87.5,82.2,0,0,"[[8.5,6.19,106.8],[7.96,4.0,141.7],[7.39,4.83,112.7]]","[[[0, 1],'C_O',1.824,'bb'],[[1, 1],'H_O',2.514,'OH'],[[2, 2],'C_O',1.935,'CO']]",[],5S1,5S1,1,2,"[2_3,3_9,13_7]","[1,11,0,50]",3,4,2.04,"[3.794, 0.938]",109.8,142.7,95.7,76.1,93.7,80.3,"[[6.36,3.42,122.9],[9.02,4.96,136.4],[7.44,5.08,109.2]]",358.4
aMal378_TSdh_nn_161_0,183,-1459.9355,3E,4C1,2,1,"[2_1,3_6,9_50,10_9,11_10,13_7]","[1,2,9,50]",-1,1,6,2,4,2.383,"[1.275, 1.264]",96.8,75.0,352.5,109.1,232.7,4.9,0,0,"[[5.46,1.26,153.5],[7.98,3.87,146.5],[7.37,4.96,110.1],[8.33,6.12,105.6],[7.92,5.61,107.5],[7.65,5.53,105.3]]","[[[1, 1],'C_O',2.383,'CO'],[[2, 2],'H_O',1.275,'OH']]",[],3E,4C1,2,1,"[2_1,3_6,9_10,10_11]","[1,2,9,50]",4,4,2.339,"[1.329, 1.19]",97.0,54.9,0.3,111.7,264.7,7.5,"[[5.53,1.19,152.5],[7.76,3.42,161.7],[7.6,5.59,103.7],[8.13,6.24,101.5]]",238.1
aMal229_TSdh_nn_177_2,4066,-1459.8886,5S1,3S1,1,2,"[6_3,10_7,11_9,13_7]","[1,11,0,50]",-1,2,4,0,4,2.239,"[1.808, 0.958]",92.6,105.0,104.5,99.7,22.2,90.0,0,0,"[[8.95,5.09,132.3],[8.16,5.11,119.2],[8.25,6.14,104.3],[7.5,5.16,108.8]]","[[[1, 1],'H_O',1.808,'OH'],[[2, 2],'C_O',2.239,'CO']]",[],5S1,3OB,1,2,"[6_3,9_1,10_7]","[1,9,11,0,50]",3,5,2.309,"[1.809, 0.957]",78.5,90.3,100.6,97.3,14.1,89.5,"[[8.46,4.61,134.7],[7.93,4.45,128.4],[8.18,5.13,119.1]]",361.3
aMal314_TSdh_nn_273_2,3487,-1459.8931,4C1,1C4,1,2,"[9_11,10_3]","[1,6]",-1,2,2,0,2,2.056,"[2.33, 0.946]",69.4,150.0,28.6,16.3,253.1,164.6,0,0,"[[8.38,4.59,133.5],[9.63,6.17,122.2]]","[[[1, 1],'H_O',2.33,'OH'],[[2, 2],'C_O',2.056,'CO']]",[],4C1,1C4,1,2,"[9_11,13_10]","[1,6]",2,2,2.083,"[2.344, 0.938]",164.8,110.8,24.6,17.9,285.9,171.3,"[[7.89,4.37,129.9],[7.73,3.77,143.5]]",349.5
aMal129_TSdh_nn_096_0,1384,-1459.9114,5S1,3S1,1,2,"[3_6,9_50]","[1,9,0,50]",-1,2,2,0,4,2.202,"[1.62, 0.993]",77.1,60.0,105.1,97.5,30.8,89.7,0,0,"[[7.73,4.74,119.6],[7.14,4.34,117.7]]","[[[1, 1],'H_O',1.62,'OH'],[[2, 2],'C_O',2.202,'CO']]",[],25B,3S1,1,2,"[1_2,3_6,9_2]","[1,9,11,0,50]",3,5,2.233,"[1.346, 1.163]",75.1,94.2,107.3,105.3,22.1,88.8,"[[5.6,1.16,154.8],[7.24,4.35,119.4],[8.23,3.96,149.2]]",301.4
aMal368_TSdh_nn_047_2,5435,-1459.8746,1C4,2SO,-1,-1,"[1_2,2_50,3_6,9_50,10_11]","[3,6]",-1,6,5,2,2,2.2969999999999997,"[0, 0]",163.1,150.0,56.6,173.5,159.4,81.8,0,0,"[[7.16,4.51,114.5],[7.56,3.85,137.2],[5.8,1.97,155.7],[6.71,4.44,109.2],[8.45,6.15,106.7]]","[[[6, 6],'C_O',2.297,'CO']]",[],1C4,4C1,-1,-1,"[1_2,2_50,3_6,9_10,10_11,11_13]","[3,6]",6,2,2.298,"[0, 0]",125.4,153.7,21.4,174.1,172.1,4.6,"[[7.21,4.6,113.7],[7.5,3.7,140.4],[6.02,2.21,153.2],[7.79,5.49,107.6],[7.98,5.94,103.7],[7.49,3.94,133.2]]",398.0
aMal181_TSdh_nn_273_1,4094,-1459.8884,4C1,5S1,1,2,[13_10],"[1,6]",-1,2,1,1,2,2.056,"[2.33, 0.946]",69.4,15.0,28.6,16.3,84.9,83.9,0,0,"[[8.22,4.05,146.5]]","[[[1, 1],'H_O',2.33,'OH'],[[2, 2],'C_O',2.056,'CO']]",[],OH1,5S1,1,2,"[3_7,13_10]","[1,6]",2,2,2.0780000000000003,"[2.27, 0.941]",56.9,36.5,20.2,25.4,88.7,83.0,"[[7.88,3.7,150.8],[8.5,4.59,135.9]]",361.8
aMal430_TSdh_nn_187_1,1900,-1459.9067,3S1,5S1,-1,-1,"[1_2,3_6,3_0,10_13,11_50]","[1,2,9,50]",-1,2,5,4,4,2.253,"[0, 0]",93.2,45.0,25.9,79.2,84.4,91.9,0,0,"[[5.52,1.83,150.5],[7.37,3.27,150.3],[6.94,4.85,104.7],[8.74,4.23,153.8],[7.62,3.6,147.0]]","[[[2, 2],'C_O',2.253,'CO']]",[],3S1,B14,-1,-1,"[1_2,3_6,3_0,10_13,11_1]","[2,9,11,50]",5,4,2.267,"[0, 0]",157.6,67.4,31.5,78.4,46.9,95.6,"[[5.76,1.89,158.0],[7.08,3.05,151.0],[6.85,4.85,103.2],[8.6,5.04,127.2],[8.0,3.83,147.6]]",313.7
aMal101_TSdh_nn_329_0,2999,-1459.8967,4C1,4C1,2,3,"[9_10,10_11,13_7]","[1,2]",1,3,3,0,2,2.24,"[3.049, 0.931]",92.2,60.0,169.3,8.0,246.2,2.0,0,0,"[[8.04,5.87,105.4],[8.3,6.02,106.7],[7.75,5.52,106.8]]","[[[1, 2],'C_C',1.724,'bb'],[[2, 2],'H_O',3.049,'OH'],[[3, 3],'C_O',2.24,'CO']]",[],4C1,4C1,2,3,"[3_9,6_13,9_10,10_11]","[1,2]",4,2,2.15,"[2.94, 0.927]",107.1,88.2,150.2,11.6,231.8,3.9,"[[7.54,3.36,154.3],[7.84,3.53,157.1],[7.78,5.49,107.5],[8.35,6.12,105.9]]",340.0
aMal213_TSdh_nn_187_1,2429,-1459.9022,3S1,5S1,-1,-1,"[1_2,3_6,3_0]","[1,2,50]",-1,2,3,2,3,2.253,"[0, 0]",93.2,30.0,25.9,79.2,87.6,79.2,0,0,"[[5.52,1.83,150.5],[7.37,3.27,150.3],[6.94,4.85,104.7]]","[[[2, 2],'C_O',2.253,'CO']]",[],3S1,5S1,-1,-1,"[1_2,3_6,3_0,10_13]","[1,2,9,50]",4,4,2.249,"[0, 0]",63.7,31.6,27.3,82.1,87.6,82.7,"[[5.56,1.83,152.5],[7.12,3.05,152.6],[7.07,5.03,103.7],[8.25,4.29,139.0]]",325.6
aMal17_TSdh_nn_188_2,3993,-1459.8891,25B,3S1,1,2,"[6_0,10_7,11_50]","[1,9,0,50]",-1,2,3,1,4,2.265,"[1.838, 0.955]",89.1,75.0,108.5,97.3,23.0,89.6,0,0,"[[7.99,5.67,107.7],[8.31,5.21,119.6],[8.29,4.31,139.7]]","[[[1, 1],'H_O',1.838,'OH'],[[2, 2],'C_O',2.265,'CO']]",[],25B,3S1,1,2,[10_7],"[1,9,11,0,50]",1,5,2.238,"[1.742, 0.968]",93.4,80.9,106.2,98.5,19.5,88.4,"[[8.38,5.35,118.3]]",360.0
aMal398_TSdh_nn_025_2,884,-1459.9166,3E,1S3,2,1,"[2_1,10_11]","[1,2,50]",-1,1,2,1,3,2.296,"[1.327, 1.192]",151.5,165.0,11.7,115.1,211.9,87.3,0,0,"[[5.5,1.19,151.4],[7.65,5.41,107.0]]","[[[1, 1],'C_O',2.296,'CO'],[[2, 2],'H_O',1.327,'OH']]",[],3H4,1S3,2,1,"[2_1,10_11]","[1,2,7,50]",2,4,2.354,"[1.315, 1.208]",139.4,178.9,18.3,118.7,208.1,86.2,"[[5.54,1.21,154.3],[7.77,5.8,102.9]]",287.8
aMal203_TSdh_nn_047_0,6349,-1459.8591,1C4,3S1,-1,-1,"[1_2,2_11,2_50,3_6,9_50,11_2,11_50,13_7]","[3,6]",-1,6,8,4,2,2.2969999999999997,"[0, 0]",163.1,135.0,56.6,173.5,34.0,88.0,0,0,"[[7.16,4.51,114.5],[10.24,6.18,130.7],[7.56,3.85,137.2],[5.8,1.97,155.7],[7.07,4.68,110.5],[10.24,5.92,136.3],[7.84,3.88,143.2],[7.39,5.25,106.0]]","[[[6, 6],'C_O',2.297,'CO']]",[],1C4,3S1,-1,-1,"[1_2,2_11,2_50,3_6,9_11]","[3,6]",5,2,2.282,"[0, 0]",138.4,148.6,37.6,171.0,21.1,93.5,"[[7.19,4.56,114.1],[8.93,5.04,132.7],[7.36,3.71,136.6],[6.0,2.18,153.6],[7.97,4.25,134.3]]",438.7
aMal301_TSdh_nn_093_2,4184,-1459.8879,B3O,1C4,3,2,"[2_1,9_50,10_13,11_9]","[3,50]",3,2,4,2,2,2.039,"[2.819, 0.933]",276.4,120.0,168.2,75.7,282.4,170.2,0,0,"[[6.8,4.34,112.3],[7.28,4.77,112.0],[7.61,3.34,161.1],[7.83,3.95,139.8]]","[[[3, 4],'C_C',1.832,'bb'],[[2, 2],'C_O',2.039,'CO'],[[3, 3],'H_O',2.819,'OH']]",[],B3O,1C4,3,2,"[2_1,10_13,11_9]","[3,9,7,50]",3,4,2.053,"[2.65, 0.936]",283.8,81.9,167.9,75.9,249.8,166.1,"[[7.12,4.65,111.7],[7.57,3.34,158.6],[8.4,4.42,139.0]]",363.1
aMal259_TSdh_nn_165_1,4412,-1459.8859,E1,5S1,1,2,[9_50],"[1,50]",-1,2,1,0,2,1.9340000000000002,"[2.2, 0.948]",96.2,45.0,50.0,66.0,83.3,89.3,0,0,"[[7.67,5.02,113.5]]","[[[1, 1],'H_O',2.2,'OH'],[[2, 2],'C_O',1.934,'CO']]",[],E1,5S1,1,2,"[2_3,9_50]","[1,11,50]",2,3,1.8840000000000001,"[2.999, 0.935]",136.8,62.9,58.9,48.5,84.2,90.0,"[[7.74,5.39,108.2],[7.43,5.04,109.8]]",368.4
aMal458_TSdh_nn_187_0,2100,-1459.905,3S1,OS2,-1,-1,"[1_2,3_6,3_0,9_50,11_9]","[1,2,9,50]",-1,2,5,2,4,2.253,"[0, 0]",93.2,60.0,25.9,79.2,331.0,91.8,0,0,"[[5.52,1.83,150.5],[7.37,3.27,150.3],[6.94,4.85,104.7],[6.7,4.18,113.6],[8.47,4.86,129.2]]","[[[2, 2],'C_O',2.253,'CO']]",[],3S1,OS2,-1,-1,"[1_2,3_6,3_0,9_11]","[1,2,9,50]",4,4,2.267,"[0, 0]",140.9,55.0,29.1,77.5,329.3,94.8,"[[5.64,1.93,151.6],[7.28,3.13,153.8],[7.03,5.06,102.5],[7.84,3.84,143.4]]",318.2
aMal223_TSdh_nn_260_1,2118,-1459.9049,4E,3S1,2,1,"[2_1,10_13,11_50]","[1,2]",-1,1,3,3,2,2.378,"[1.216, 1.376]",55.8,135.0,229.3,41.4,31.6,86.2,0,0,"[[5.41,1.38,153.5],[7.98,3.54,164.2],[8.17,4.12,143.0]]","[[[1, 1],'C_O',2.378,'CO'],[[2, 2],'H_O',1.216,'OH']]",[],E3,5S1,-1,-1,"[2_1,3_9,3_50,10_13,11_50]","[1,2,3]",5,3,2.66,"[0, 0]",115.3,99.0,184.2,49.3,84.6,85.2,"[[5.46,1.72,150.9],[8.03,3.46,172.4],[8.19,6.03,104.5],[8.05,4.07,141.4],[7.94,3.96,143.0]]",318.5
aMal443_TSdh_nn_353_1,2749,-1459.8992,25B,3S1,2,1,"[3_6,9_50,13_7]","[2,3]",-1,1,3,0,2,3.1460000000000004,"[1.744, 0.961]",163.0,135.0,111.4,92.7,28.7,89.8,0,0,"[[8.41,4.57,134.8],[7.13,4.49,114.8],[7.46,5.22,107.4]]","[[[1, 1],'C_O',3.146,'CO'],[[2, 2],'H_O',1.744,'OH']]",[],25B,3OB,2,1,"[3_6,9_11,9_50]","[2,3]",3,2,3.1889999999999996,"[1.694, 0.968]",151.1,75.1,110.3,92.6,13.5,92.7,"[[8.68,4.82,133.5],[8.53,5.38,119.7],[6.64,4.93,100.4]]",333.4
aMal278_TSdh_nn_182_0,1943,-1459.9064,5H4,3S1,2,1,"[1_11,1_50,6_3,10_13,10_7,11_9]",[2],-1,1,6,2,1,2.521,"[1.718, 0.963]",157.9,105.0,82.5,115.1,22.4,89.9,0,0,"[[6.56,2.84,150.0],[8.93,6.07,114.1],[7.33,3.7,136.3],[7.7,4.22,129.6],[8.68,5.71,116.0],[8.3,5.93,108.0]]","[[[1, 1],'C_O',2.521,'CO'],[[2, 2],'H_O',1.718,'OH']]",[],5H4,3OB,2,1,"[1_11,6_3,9_11,10_13]",[2],4,1,2.43,"[1.835, 0.948]",146.1,83.5,85.6,116.3,10.9,92.1,"[[8.32,3.73,167.6],[7.28,3.57,139.1],[8.7,5.52,119.8],[7.86,3.58,155.8]]",314.5
aMal251_TSdh_nn_273_0,2946,-1459.8974,4C1,5S1,1,2,[10_13],"[1,6]",-1,2,1,1,2,2.056,"[2.33, 0.946]",69.4,60.0,28.6,16.3,87.2,78.2,0,0,"[[8.53,4.47,140.0]]","[[[1, 1],'H_O',2.33,'OH'],[[2, 2],'C_O',2.056,'CO']]",[],4C1,5S1,1,2,"[3_9,10_13]","[1,6]",2,2,2.1180000000000003,"[2.336, 0.937]",95.8,107.5,22.0,17.5,87.8,79.8,"[[7.97,3.56,160.9],[8.44,4.46,138.3]]",338.2
aMal419_TSdh_nn_123_0,5787,-1459.8697,2SO,OS2,2,3,"[9_50,10_7,11_13]","[1,2]",1,3,3,0,2,2.13,"[2.158, 0.95]",86.8,60.0,157.0,79.2,328.1,88.9,0,0,"[[6.71,4.32,111.4],[8.85,5.84,116.6],[8.17,4.52,131.7]]","[[[1, 2],'C_C',1.768,'bb'],[[2, 2],'H_O',2.158,'OH'],[[3, 3],'C_O',2.13,'CO']]",[],2SO,OS2,2,3,"[9_50,11_13]","[1,2]",2,2,2.186,"[2.145, 0.946]",102.2,58.1,155.0,79.5,317.4,91.0,"[[7.04,5.23,101.7],[7.89,4.28,132.0]]",410.9
aMal251_TSdh_nn_340_0,4742,-1459.8826,B3O,5S1,3,2,"[2_1,10_13]","[3,11,50]",3,2,2,1,3,2.023,"[2.855, 0.933]",273.9,105.0,167.4,80.7,87.2,78.2,0,0,"[[6.71,4.24,112.5],[8.53,4.47,140.0]]","[[[3, 4],'C_C',1.846,'bb'],[[2, 2],'C_O',2.023,'CO'],[[3, 3],'H_O',2.855,'OH']]",[],B3O,25B,3,2,"[2_1,10_13]","[3,11,7,50]",2,4,2.025,"[2.647, 0.937]",285.6,113.5,166.9,81.1,107.3,88.7,"[[6.88,4.33,113.6],[8.27,4.36,137.4]]",377.0
aMal118_TSdh_nn_161_1,1094,-1459.9139,3E,1S5,2,1,"[2_1,3_6,9_50,13_7]","[1,2,50]",-1,1,4,2,3,2.383,"[1.275, 1.264]",96.8,330.0,352.5,109.1,276.6,86.0,0,0,"[[5.46,1.26,153.5],[7.98,3.87,146.5],[7.34,4.88,111.1],[8.28,6.33,102.2]]","[[[1, 1],'C_O',2.383,'CO'],[[2, 2],'H_O',1.275,'OH']]",[],3H4,1C4,2,1,"[2_1,3_6,9_11,10_13]","[1,2,50]",4,3,2.377,"[1.246, 1.316]",131.5,307.8,17.6,122.5,287.2,163.1,"[[5.43,1.32,153.5],[7.56,3.32,160.0],[7.59,3.63,144.7],[7.55,3.29,160.5]]",294.8
aMal204_TSdh_nn_161_2,150,-1459.9367,3E,1C4,2,1,"[2_1,3_6,11_9,11_7]","[1,2,50]",-1,1,4,2,3,2.383,"[1.275, 1.264]",96.8,180.0,352.5,109.1,196.8,176.1,0,0,"[[5.46,1.26,153.5],[7.98,3.87,146.5],[8.09,4.78,124.3],[8.51,6.36,104.5]]","[[[1, 1],'C_O',2.383,'CO'],[[2, 2],'H_O',1.275,'OH']]",[],3E,1C4,2,1,"[2_1,3_6,9_11]","[1,2,9,50]",3,4,2.364,"[1.318, 1.2]",150.4,64.0,350.6,111.2,261.5,173.5,"[[5.52,1.2,153.4],[7.85,3.54,157.9],[7.49,3.57,144.1]]",235.0
aMal429_TSdh_nn_025_0,345,-1459.9307,3E,OS2,2,1,"[2_1,9_50,11_9]","[1,2,9,50]",-1,1,3,1,4,2.296,"[1.327, 1.192]",151.5,90.0,11.7,115.1,333.0,94.5,0,0,"[[5.5,1.19,151.4],[6.65,4.17,113.1],[7.99,4.39,131.3]]","[[[1, 1],'C_O',2.296,'CO'],[[2, 2],'H_O',1.327,'OH']]",[],3E,OS2,2,1,"[2_1,9_11,11_13]","[1,2,9,50]",3,4,2.318,"[1.34, 1.18]",137.6,55.8,5.7,119.6,329.1,94.2,"[[5.53,1.18,151.6],[7.91,3.9,142.9],[8.42,5.02,124.7]]",250.7
aMal356_TSdh_nn_081_2,1567,-1459.9097,5S1,3S1,1,2,"[2_3,3_6,9_1,9_50,13_10]","[1,11,0,50]",-1,0,5,3,4,2.0469999999999997,"[2.845, 0.94]",79.1,105.0,87.0,80.0,29.7,84.2,0,0,"[[6.96,4.11,118.6],[7.5,3.67,140.8],[7.54,3.73,140.8],[7.46,4.7,116.1],[7.72,3.94,138.3]]","[[[0, 1],'C_O',2.047,'bb'],[[1, 1],'H_O',2.845,'OH'],[[2, 2],'C_O',1.782,'CO']]",[],5S1,3S1,1,2,"[2_3,3_6,9_1,10_13]","[1,9,11,0,50]",4,5,1.9480000000000002,"[2.864, 0.941]",88.8,80.5,87.5,79.8,17.1,88.7,"[[7.21,4.41,116.8],[7.75,3.93,138.2],[8.39,5.35,118.1],[7.77,3.53,155.3]]",305.9
aMal330_TSdh_nn_340_1,5467,-1459.874,B3O,5S1,3,2,"[2_1,13_7]","[3,11,50]",3,2,2,0,3,2.023,"[2.855, 0.933]",273.9,120.0,167.4,80.7,86.7,84.2,0,0,"[[6.71,4.24,112.5],[7.36,4.8,112.8]]","[[[3, 4],'C_C',1.846,'bb'],[[2, 2],'C_O',2.023,'CO'],[[3, 3],'H_O',2.855,'OH']]",[],B3O,5S1,3,2,"[2_1,13_7]","[3,11,7,50]",2,4,2.029,"[2.633, 0.937]",286.2,113.9,166.9,81.2,102.8,89.8,"[[6.9,4.39,112.9],[7.88,6.06,100.9]]",399.6
aMal382_TSdh_nn_047_1,5606,-1459.872,1C4,OS2,-1,-1,"[1_2,2_50,3_6,9_50,11_9]","[3,6]",-1,6,5,2,2,2.2969999999999997,"[0, 0]",163.1,45.0,56.6,173.5,329.7,92.5,0,0,"[[7.16,4.51,114.5],[7.56,3.85,137.2],[5.8,1.97,155.7],[6.7,4.22,113.0],[8.5,4.87,129.4]]","[[[6, 6],'C_O',2.297,'CO']]",[],1C4,OS2,-1,-1,"[1_2,2_9,2_50,3_6,11_9]","[3,6]",5,2,2.33,"[0, 0]",173.3,52.0,62.4,175.5,328.2,90.4,"[[7.3,4.65,114.2],[10.29,5.38,151.9],[7.3,3.72,134.8],[5.75,1.86,156.5],[9.26,5.71,124.6]]",404.9
aMal171_TSdh_nn_289_0,1198,-1459.9128,4H3,1S5,2,1,"[6_50,9_50,13_7]","[2,3]",-1,1,3,0,2,2.965,"[1.717, 0.971]",46.9,60.0,210.3,44.0,272.0,85.1,0,0,"[[8.33,5.02,123.4],[7.26,4.83,110.7],[7.52,5.19,108.7]]","[[[1, 1],'C_O',2.965,'CO'],[[2, 2],'H_O',1.717,'OH']]",[],4H3,OS2,2,1,"[3_7,6_9,6_50,9_11]","[2,3]",4,2,3.02,"[1.634, 0.988]",77.5,10.4,195.9,46.5,327.6,93.6,"[[7.45,3.66,139.8],[8.35,3.72,169.9],[8.54,5.67,114.7],[8.3,4.34,138.8]]",297.7
aMal408_TSdh_nn_116_0,4581,-1459.8845,5S1,4C1,3,6,"[1_9,1_50,2_1,3_6,9_1,9_50,10_11]","[2,3]",-1,6,7,4,2,2.221,"[1.518, 1.069]",79.2,60.0,83.4,88.7,261.7,4.6,0,0,"[[11.18,6.46,140.0],[7.67,3.64,146.4],[8.67,6.29,107.3],[6.4,1.07,164.7],[11.18,6.21,147.4],[7.32,5.11,107.2],[7.82,5.72,104.7]]","[[[3, 3],'H_O',1.518,'OH'],[[6, 6],'C_O',2.221,'CO']]",[],5S1,4C1,3,6,"[1_50,2_1,3_6]","[2,3]",3,2,2.213,"[1.471, 1.091]",144.8,63.9,85.7,89.9,247.1,8.2,"[[7.3,3.39,145.8],[8.49,6.05,108.4],[6.25,1.09,167.1]]",372.0
aMal19_TSdh_nn_271_1,4081,-1459.8885,E1,4C1,1,2,"[2_3,9_10,10_11,11_13]",[1],-1,2,4,0,1,1.976,"[2.84, 0.932]",82.7,30.0,52.5,25.0,260.5,7.4,0,0,"[[7.45,4.74,114.7],[8.1,5.88,106.0],[8.02,5.81,105.9],[9.33,6.42,114.0]]","[[[1, 1],'H_O',2.84,'OH'],[[2, 2],'C_O',1.976,'CO']]",[],E1,4C1,1,2,"[2_3,3_7,9_10,10_11]",[1],4,1,1.959,"[2.98, 0.931]",46.0,49.0,54.6,25.9,240.3,4.9,"[[7.0,4.1,119.8],[7.73,3.57,151.6],[7.86,5.57,107.4],[8.07,6.13,102.3]]",361.5
aMal339_TSdh_nn_067_1,3466,-1459.8933,4C1,OS2,3,2,"[9_11,11_13]","[3,9,50]",3,2,2,1,3,2.116,"[2.406, 0.94]",278.6,45.0,151.5,10.5,331.6,90.9,0,0,"[[8.46,4.31,143.2],[8.27,4.72,128.6]]","[[[3, 4],'C_C',1.762,'bb'],[[2, 2],'C_O',2.116,'CO'],[[3, 3],'H_O',2.406,'OH']]",[],4C1,OS2,3,2,"[9_11,11_13]","[3,9,50]",2,3,2.1069999999999998,"[2.309, 0.944]",264.3,48.6,146.4,10.7,327.4,96.1,"[[7.73,3.81,141.5],[8.55,5.19,123.4]]",348.9
aMal79_TSdh_nn_064_1,5862,-1459.8685,5S1,5S1,3,6,"[1_50,2_1,3_6,9_50,13_10]","[2,3]",-1,6,5,3,2,2.206,"[1.495, 1.082]",163.5,45.0,83.9,89.5,85.6,85.9,0,0,"[[7.55,3.58,145.7],[8.61,6.22,107.6],[6.32,1.08,164.9],[7.87,5.26,112.3],[8.11,4.02,144.6]]","[[[3, 3],'H_O',1.495,'OH'],[[6, 6],'C_O',2.206,'CO']]",[],5S1,5S1,3,6,"[1_11,1_50,2_1,3_6,9_50,13_10]","[2,3]",6,2,2.228,"[1.52, 1.07]",142.7,54.3,80.0,87.4,93.5,89.6,"[[9.23,6.18,115.7],[7.56,3.54,147.0],[8.66,6.28,107.4],[6.44,1.07,166.6],[7.58,5.34,107.2],[8.23,4.35,137.1]]",414.0
aMal45_TSdh_nn_040_1,3857,-1459.8903,5H4,5S1,1,2,"[6_3,9_50,11_50,13_10]","[1,0]",-1,2,4,2,2,2.037,"[2.02, 0.96]",68.0,30.0,93.6,144.0,84.2,92.8,0,0,"[[7.61,4.03,133.2],[7.4,5.05,109.2],[7.82,3.74,147.5],[8.58,4.53,139.4]]","[[[1, 1],'H_O',2.02,'OH'],[[2, 2],'C_O',2.037,'CO']]",[],5H4,5S1,1,2,"[6_3,9_2,9_50,11_0,11_50,13_10]","[1,11,0]",6,3,2.169,"[1.687, 1.003]",132.9,74.2,92.1,132.5,83.1,95.5,"[[7.43,4.08,128.5],[10.16,4.94,175.5],[7.05,5.21,101.8],[7.79,4.49,125.0],[7.6,3.48,151.1],[8.56,4.73,133.8]]",356.8
aMal439_TSdh_nn_020_2,571,-1459.9243,5S1,3S1,1,2,"[1_2,6_3,9_50,10_13,11_50]","[1,11,0,50]",-1,2,5,3,4,2.099,"[1.424, 1.091]",78.3,90.0,104.2,102.2,34.6,86.1,0,0,"[[5.69,1.09,149.8],[6.58,4.38,108.2],[7.09,4.77,109.4],[7.98,3.54,164.2],[7.91,3.93,143.0]]","[[[1, 1],'H_O',1.424,'OH'],[[2, 2],'C_O',2.099,'CO']]",[],5E,3OB,-1,-1,"[1_2,6_3,9_2,10_13]","[1,9,11,0,50]",4,5,2.1719999999999997,"[0, 0]",76.4,98.7,109.4,107.6,14.1,89.4,"[[5.51,1.75,153.4],[6.12,3.64,114.5],[7.41,3.26,153.8],[7.89,3.61,155.1]]",267.5
aMal234_TSdh_nn_324_1,5594,-1459.8721,1S3,4C1,1,2,"[10_9,11_10,13_7]","[1,0]",-1,2,3,0,2,2.137,"[2.088, 0.948]",79.7,30.0,198.1,86.5,180.0,1.7,0,0,"[[7.83,5.83,103.4],[7.94,5.63,107.6],[7.65,5.48,106.0]]","[[[1, 1],'H_O',2.088,'OH'],[[2, 2],'C_O',2.137,'CO']]",[],4E,4C1,1,2,"[6_11,9_10]","[1,0]",2,2,2.043,"[2.09, 0.953]",87.5,59.5,237.0,70.6,91.1,13.3,"[[9.14,4.47,156.1],[8.02,5.96,103.9]]",404.6
aMal206_TSdh_nn_116_2,5981,-1459.8669,5S1,5S1,3,6,"[1_50,2_1,3_6,11_50]","[2,3]",-1,6,4,3,2,2.221,"[1.518, 1.069]",79.2,120.0,83.4,88.7,87.4,86.8,0,0,"[[7.67,3.64,146.4],[8.67,6.29,107.3],[6.4,1.07,164.7],[7.91,3.94,142.3]]","[[[3, 3],'H_O',1.518,'OH'],[[6, 6],'C_O',2.221,'CO']]",[],5S1,5S1,3,6,"[1_9,1_50,2_1,3_6,10_13,11_50]","[2,3]",6,2,2.217,"[1.506, 1.075]",92.3,71.6,85.6,90.2,81.6,93.1,"[[9.12,4.6,148.9],[7.65,3.99,134.2],[8.46,6.0,108.7],[6.38,1.07,166.7],[8.5,4.2,148.1],[7.52,3.93,134.4]]",418.2
aMal225_TSdh_nn_187_1,3344,-1459.8941,3S1,5S1,-1,-1,"[1_2,3_6,3_0]","[1,2,50]",-1,2,3,2,3,2.253,"[0, 0]",93.2,30.0,25.9,79.2,85.7,84.0,0,0,"[[5.52,1.83,150.5],[7.37,3.27,150.3],[6.94,4.85,104.7]]","[[[2, 2],'C_O',2.253,'CO']]",[],3S1,5S1,-1,-1,"[1_2,3_6,3_0]","[1,2,9,50]",3,4,2.252,"[0, 0]",83.4,35.0,29.7,80.3,88.5,84.0,"[[5.59,1.89,151.3],[6.96,2.9,154.7],[7.13,5.14,102.7]]",346.8
aMal13_TSdh_nn_025_0,497,-1459.9263,3E,OS2,2,1,"[2_1,9_11,13_7]","[1,2,9,50]",-1,1,3,2,4,2.296,"[1.327, 1.192]",151.5,60.0,11.7,115.1,334.9,92.5,0,0,"[[5.5,1.19,151.4],[8.0,3.97,143.7],[7.48,5.23,107.3]]","[[[1, 1],'C_O',2.296,'CO'],[[2, 2],'H_O',1.327,'OH']]",[],3E,OS2,2,1,"[2_1,9_11,13_7]","[1,2,9,50]",3,4,2.313,"[1.343, 1.177]",141.3,57.1,5.6,119.1,329.3,96.0,"[[5.54,1.18,151.4],[7.65,3.78,140.9],[7.53,5.71,101.2]]",262.3
aMal219_TSdh_nn_256_0,5434,-1459.8747,1S3,3S1,1,2,"[3_50,11_50]","[1,6,0]",-1,2,2,1,3,2.061,"[2.255, 0.945]",287.2,120.0,208.9,84.0,31.3,88.5,0,0,"[[8.06,5.73,107.7],[7.75,3.8,143.0]]","[[[1, 1],'H_O',2.255,'OH'],[[2, 2],'C_O',2.061,'CO']]",[],1S3,3S1,1,2,"[3_13,3_7,11_50]","[1,6,0]",3,3,2.04,"[2.238, 0.949]",312.8,83.0,219.9,84.9,22.9,88.4,"[[8.21,3.75,159.4],[8.71,5.93,112.7],[8.62,4.65,136.7]]",397.8
aMal136_TSdh_nn_273_0,3370,-1459.894,4C1,OS2,1,2,"[9_50,10_7,13_7]","[1,6]",-1,2,3,0,2,2.056,"[2.33, 0.946]",69.4,60.0,28.6,16.3,329.5,89.3,0,0,"[[6.68,4.3,111.4],[8.63,5.59,117.7],[7.82,5.62,106.3]]","[[[1, 1],'H_O',2.33,'OH'],[[2, 2],'C_O',2.056,'CO']]",[],4C1,OS2,1,2,"[9_50,10_7,11_9]","[1,6]",3,2,2.056,"[2.333, 0.946]",103.0,67.8,27.9,17.3,334.4,91.5,"[[6.75,4.9,102.5],[8.2,5.27,117.0],[8.08,4.49,130.5]]",347.1
aMal466_TSdh_nn_262_1,5441,-1459.8746,4C1,3S1,1,2,"[2_3,9_11,11_50]",[1],-1,2,3,1,1,1.989,"[3.87, 0.93]",288.0,120.0,53.7,21.1,26.1,93.0,0,0,"[[6.84,4.08,117.5],[8.68,4.99,129.7],[7.76,4.05,135.6]]","[[[1, 1],'H_O',3.87,'OH'],[[2, 2],'C_O',1.989,'CO']]",[],4C1,3S1,1,2,"[2_3,3_7,9_11]",[1],3,1,1.9909999999999999,"[3.864, 0.93]",322.2,87.3,54.8,17.2,19.1,92.9,"[[6.98,4.04,120.7],[8.48,4.37,141.7],[8.2,4.66,128.5]]",398.0
aMal464_TSdh_nn_155_0,2589,-1459.9006,5S1,OS2,1,2,"[2_3,9_50,11_13]","[1,0,50]",-1,0,3,0,3,2.017,"[2.857, 0.939]",80.8,60.0,91.7,79.1,319.0,88.7,0,0,"[[6.66,4.03,115.5],[6.78,4.36,111.8],[7.87,4.16,134.7]]","[[[0, 1],'C_O',2.017,'bb'],[[1, 1],'H_O',2.857,'OH'],[[2, 2],'C_O',1.811,'CO']]",[],5S1,OS2,1,2,"[2_3,9_11,11_13]","[1,9,0,50]",3,4,2.005,"[2.723, 0.94]",136.2,53.9,95.8,78.1,326.4,95.1,"[[6.61,3.9,117.2],[8.0,4.1,138.9],[8.36,4.97,124.8]]",329.8
aMal346_TSdh_nn_116_0,5877,-1459.8684,5S1,OS2,3,6,"[1_50,2_1,3_6,9_11,10_7,13_7]","[2,3]",-1,6,6,3,2,2.221,"[1.518, 1.069]",79.2,60.0,83.4,88.7,339.1,91.1,0,0,"[[7.67,3.64,146.4],[8.67,6.29,107.3],[6.4,1.07,164.7],[7.99,3.88,146.3],[7.9,4.78,121.4],[7.64,5.87,100.4]]","[[[3, 3],'H_O',1.518,'OH'],[[6, 6],'C_O',2.221,'CO']]",[],5S1,3OB,3,6,"[1_9,1_50,2_1,3_6,9_11,10_13,10_7]","[2,3]",7,2,2.209,"[1.5, 1.081]",84.4,87.4,85.8,90.4,0.2,95.0,"[[7.92,3.74,148.3],[8.1,4.37,132.6],[8.31,5.82,109.4],[6.36,1.08,166.2],[7.76,3.86,141.2],[8.35,3.93,155.0],[8.18,6.18,102.7]]",414.3
aMal282_TSdh_nn_001_2,522,-1459.9256,3H4,1S3,2,1,"[2_1,9_50,11_10]","[1,2,50]",-1,1,3,1,3,2.267,"[1.282, 1.257]",167.5,150.0,33.3,120.5,217.9,86.8,0,0,"[[5.43,1.26,151.8],[6.84,4.32,113.4],[7.51,5.17,108.9]]","[[[1, 1],'C_O',2.267,'CO'],[[2, 2],'H_O',1.282,'OH']]",[],3E,1S3,2,1,"[2_1,13_6]","[1,2,9,7,50]",2,5,2.33,"[1.323, 1.2]",177.6,94.8,8.7,120.3,223.5,93.3,"[[5.53,1.2,152.7],[8.53,4.72,133.4]]",264.1
aMal347_TSdh_nn_254_0,5968,-1459.8671,4H5,1C4,1,2,"[6_50,9_50,11_9]","[1,0]",-1,2,3,1,2,2.016,"[2.168, 0.949]",53.7,60.0,264.1,65.6,246.6,174.6,0,0,"[[7.95,4.62,125.5],[7.33,4.82,111.8],[7.93,4.11,137.5]]","[[[1, 1],'H_O',2.168,'OH'],[[2, 2],'C_O',2.016,'CO']]",[],E5,1C4,1,2,"[3_7,6_50,9_50,10_13,11_9]","[1,0]",5,2,2.0980000000000003,"[2.053, 0.954]",47.7,42.6,289.6,67.1,334.4,176.0,"[[7.64,3.56,148.8],[7.75,4.11,133.8],[7.46,5.57,102.3],[8.59,5.15,124.9],[7.61,3.82,139.0]]",417.7
aMal206_TSdh_nn_161_0,842,-1459.9176,3E,5S1,2,1,"[2_1,3_6,11_50]","[1,2,9,50]",-1,1,3,3,4,2.383,"[1.275, 1.264]",96.8,60.0,352.5,109.1,87.4,86.8,0,0,"[[5.46,1.26,153.5],[7.98,3.87,146.5],[7.91,3.94,142.3]]","[[[1, 1],'C_O',2.383,'CO'],[[2, 2],'H_O',1.275,'OH']]",[],3E,5S1,2,1,"[2_1,3_6,10_13,11_50]","[1,2,9,50]",4,4,2.343,"[1.313, 1.213]",75.0,43.8,352.1,112.3,82.6,93.2,"[[5.5,1.21,152.1],[7.77,3.59,152.1],[8.21,3.96,149.2],[7.87,3.92,142.5]]",285.1
aMal404_TSdh_nn_015_0,687,-1459.921,3OB,4C1,3,2,"[2_1,9_10,10_11]","[3,6,0]",-1,2,3,0,3,1.87,"[3.851, 0.954]",85.4,60.0,348.1,87.3,203.4,1.4,0,0,"[[6.28,3.81,113.8],[8.05,5.86,105.7],[8.31,5.95,107.7]]","[[[2, 2],'C_O',1.87,'CO'],[[3, 3],'H_O',3.851,'OH']]",[],3OB,4C1,3,2,"[2_1,9_10,10_11]","[3,6,0]",3,3,1.8719999999999999,"[3.984, 0.973]",79.4,88.2,352.1,84.9,182.8,4.8,"[[6.31,3.81,114.5],[7.89,5.95,102.3],[8.36,6.03,107.2]]",276.2
aMal2_TSdh_nn_187_0,1945,-1459.9063,3S1,4C1,-1,-1,"[1_2,3_6,3_0,10_9,11_10,13_7]","[1,2,9,50]",-1,2,6,2,4,2.253,"[0, 0]",93.2,60.0,25.9,79.2,223.5,2.2,0,0,"[[5.52,1.83,150.5],[7.37,3.27,150.3],[6.94,4.85,104.7],[8.16,6.32,100.9],[8.0,5.85,105.2],[7.53,5.43,105.1]]","[[[2, 2],'C_O',2.253,'CO']]",[],3S1,4C1,-1,-1,"[1_2,3_6,3_0,9_10,10_11]","[1,2,9,50]",5,4,2.247,"[0, 0]",54.7,43.2,25.7,80.3,211.2,7.4,"[[5.51,1.78,152.5],[7.37,3.3,149.2],[6.91,4.75,105.7],[7.52,5.21,108.1],[8.12,6.18,102.1]]",314.8
aMal64_TSdh_nn_015_2,1181,-1459.9129999999998,3OB,4C1,3,2,"[2_1,9_2,9_50,10_9,11_10]","[3,6,0]",-1,2,5,1,3,1.87,"[3.851, 0.954]",85.4,120.0,348.1,87.3,211.9,5.4,0,0,"[[6.28,3.81,113.8],[7.97,3.74,151.9],[7.36,4.93,110.5],[8.31,6.06,106.2],[7.96,5.7,106.8]]","[[[2, 2],'C_O',1.87,'CO'],[[3, 3],'H_O',3.851,'OH']]",[],3OB,4C1,3,2,"[2_1,9_50,10_9]","[3,6,0]",3,3,1.8530000000000002,"[3.863, 0.956]",162.8,80.6,350.4,87.2,125.0,5.8,"[[6.23,3.69,115.3],[7.81,5.78,103.8],[8.42,6.29,104.5]]",297.2
aMal150_TSdh_nn_018_2,449,-1459.9281,OS2,1C4,2,1,"[9_11,10_13]","[2,50]",-1,1,2,1,2,2.835,"[1.756, 0.956]",122.4,180.0,321.6,104.1,262.0,168.3,0,0,"[[8.19,4.42,134.3],[7.54,3.3,159.4]]","[[[1, 1],'C_O',2.835,'CO'],[[2, 2],'H_O',1.756,'OH']]",[],3H2,1C4,2,1,"[3_6,9_11,10_13]","[2,9,50]",3,3,2.549,"[1.721, 0.966]",103.0,170.0,338.0,117.3,278.8,164.2,"[[8.1,3.72,157.6],[7.53,3.69,140.9],[7.53,3.28,160.3]]",257.6
aMal448_TSdh_nn_161_1,116,-1459.9377,3E,4C1,2,1,"[2_1,3_6,9_50,10_11,13_11]","[1,2,50]",-1,1,5,2,3,2.383,"[1.275, 1.264]",96.8,30.0,352.5,109.1,270.6,2.4,0,0,"[[5.46,1.26,153.5],[7.98,3.87,146.5],[7.39,5.23,106.3],[8.09,5.67,109.0],[8.06,4.66,126.3]]","[[[1, 1],'C_O',2.383,'CO'],[[2, 2],'H_O',1.275,'OH']]",[],3H2,4C1,2,1,"[3_6,9_10,10_11,11_13]","[2,9,50]",4,3,2.533,"[1.765, 0.959]",94.6,59.9,332.6,116.2,180.0,5.0,"[[8.42,3.97,155.4],[7.47,5.38,105.0],[7.98,5.95,103.6],[7.54,4.01,132.0]]",232.4
aMal273_TSdh_nn_015_1,2090,-1459.9051,3OB,1S3,3,2,"[2_1,11_10]","[3,6,0]",-1,2,2,0,3,1.87,"[3.851, 0.954]",85.4,330.0,348.1,87.3,217.5,91.4,0,0,"[[6.28,3.81,113.8],[7.64,5.46,106.1]]","[[[2, 2],'C_O',1.87,'CO'],[[3, 3],'H_O',3.851,'OH']]",[],3OB,1S3,3,2,"[2_1,11_10]","[3,6,0]",2,3,1.865,"[3.828, 0.957]",94.0,316.8,350.6,87.4,219.8,91.4,"[[6.28,3.7,116.1],[7.7,5.72,103.2]]",317.9
aMal210_TSdh_nn_187_2,4416,-1459.8859,3S1,OS2,-1,-1,"[1_2,3_6,3_0,9_11,10_7,13_7]","[1,2,50]",-1,2,6,3,3,2.253,"[0, 0]",93.2,165.0,25.9,79.2,339.1,90.9,0,0,"[[5.52,1.83,150.5],[7.37,3.27,150.3],[6.94,4.85,104.7],[7.84,3.84,143.9],[7.91,4.78,121.5],[7.7,5.92,100.5]]","[[[2, 2],'C_O',2.253,'CO']]",[],3S1,OS2,-1,-1,"[1_2,3_6,3_0,9_11,13_7]","[2,7,50]",5,3,2.2680000000000002,"[0, 0]",129.5,192.5,27.4,79.2,324.9,99.6,"[[5.79,2.03,154.3],[7.35,3.26,150.1],[6.87,4.76,105.0],[8.02,4.06,140.9],[7.83,5.92,102.2]]",368.4
aMal289_TSdh_nn_177_0,3014,-1459.8967,5S1,4C1,1,2,"[6_3,10_9,11_10]","[1,0,50]",-1,2,3,0,3,2.239,"[1.808, 0.958]",92.6,60.0,104.5,99.7,173.5,1.6,0,0,"[[8.95,5.09,132.3],[7.83,5.8,103.8],[7.9,5.57,108.0]]","[[[1, 1],'H_O',1.808,'OH'],[[2, 2],'C_O',2.239,'CO']]",[],5S1,4C1,1,2,"[6_3,9_10,10_11,13_6]","[1,9,50]",4,3,2.224,"[1.751, 0.965]",84.5,41.0,99.7,98.4,278.8,11.4,"[[9.31,5.44,130.8],[7.82,5.83,103.2],[8.1,6.17,102.0],[9.15,5.59,125.2]]",340.0
aMal2_TSdh_nn_337_2,2899,-1459.8979,1S3,4C1,1,2,"[9_3,10_9,11_10,13_7]","[1,0]",-1,2,4,0,2,2.097,"[2.214, 0.941]",66.9,120.0,196.6,87.4,223.5,2.2,0,0,"[[5.62,3.76,104.5],[8.16,6.32,100.9],[8.0,5.85,105.2],[7.53,5.43,105.1]]","[[[1, 1],'H_O',2.214,'OH'],[[2, 2],'C_O',2.097,'CO']]",[],5H4,4C1,1,2,"[2_9,2_50,3_6,9_10,10_11]","[1,0]",5,2,1.986,"[2.839, 0.93]",86.8,65.4,82.2,150.5,211.7,3.9,"[[7.4,3.07,167.0],[8.45,5.73,111.8],[8.2,4.0,147.4],[7.76,5.63,105.2],[8.08,6.01,104.0]]",336.9
aMal231_TSdh_nn_018_1,749,-1459.9188,OS2,1C4,2,1,[9_11],"[2,50]",-1,1,1,1,2,2.835,"[1.756, 0.956]",122.4,300.0,321.6,104.1,249.2,168.1,0,0,"[[8.06,4.19,137.9]]","[[[1, 1],'C_O',2.835,'CO'],[[2, 2],'H_O',1.756,'OH']]",[],3E,1C4,2,1,"[3_6,9_11,13_10]","[2,13,7]",3,3,2.5789999999999997,"[1.634, 0.987]",87.3,300.9,351.4,112.6,318.2,164.4,"[[7.83,3.53,157.6],[7.26,3.51,140.9],[8.07,4.19,138.0]]",282.0
aMal448_TSdh_nn_327_0,4254,-1459.8872,E1,4C1,1,2,"[2_3,9_50,10_11,13_11]",[1],-1,2,4,0,1,1.98,"[2.875, 0.931]",84.1,60.0,52.1,25.6,270.6,2.4,0,0,"[[7.42,4.72,114.6],[7.39,5.23,106.3],[8.09,5.67,109.0],[8.06,4.66,126.3]]","[[[1, 1],'H_O',2.875,'OH'],[[2, 2],'C_O',1.98,'CO']]",[],E1,4C1,1,2,"[2_3,3_7,9_10,10_11,13_11]",[1],5,1,1.9680000000000002,"[3.005, 0.931]",49.4,49.0,52.7,25.0,200.6,1.6,"[[6.98,4.12,119.2],[8.03,3.8,150.8],[7.89,5.67,106.4],[8.38,6.34,103.3],[8.12,5.1,118.9]]",364.9
aMal35_TSdh_nn_096_0,2913,-1459.8978,5S1,5S1,1,2,"[3_6,9_50,13_10]","[1,0,50]",-1,2,3,1,3,2.202,"[1.62, 0.993]",77.1,60.0,105.1,97.5,83.7,91.7,0,0,"[[7.73,4.74,119.6],[7.57,4.86,114.6],[8.55,4.53,139.0]]","[[[1, 1],'H_O',1.62,'OH'],[[2, 2],'C_O',2.202,'CO']]",[],5S1,5S1,1,2,"[3_6,9_1,9_50,13_10]","[1,11,0,50]",4,4,2.2159999999999997,"[1.835, 0.955]",76.6,99.1,96.0,92.9,83.8,95.4,"[[7.68,4.6,121.6],[8.13,3.55,170.2],[7.43,5.48,102.6],[8.64,4.81,133.2]]",337.1
aMal359_TSdh_nn_340_0,5948,-1459.8675,B3O,B3O,3,2,"[2_1,9_10,11_10]","[3,50]",3,2,3,0,2,2.023,"[2.855, 0.933]",273.9,45.0,167.4,80.7,167.9,87.3,0,0,"[[6.71,4.24,112.5],[7.73,5.04,114.0],[8.73,6.49,105.6]]","[[[3, 4],'C_C',1.846,'bb'],[[2, 2],'C_O',2.023,'CO'],[[3, 3],'H_O',2.855,'OH']]",[],B3O,1S3,3,2,"[2_1,6_0,11_10,13_11]","[3,9,7,50]",4,4,2.02,"[2.623, 0.938]",279.5,76.8,166.2,77.1,218.7,94.8,"[[7.09,4.63,111.6],[8.33,6.31,103.2],[8.22,6.08,104.7],[8.42,5.69,113.2]]",416.7
aMal35_TSdh_nn_093_0,4584,-1459.8843,B3O,5S1,3,2,"[2_1,9_50,13_10]","[3,11,50]",3,2,3,1,3,2.039,"[2.819, 0.933]",276.4,120.0,168.2,75.7,83.7,91.7,0,0,"[[6.8,4.34,112.3],[7.57,4.86,114.6],[8.55,4.53,139.0]]","[[[3, 4],'C_C',1.832,'bb'],[[2, 2],'C_O',2.039,'CO'],[[3, 3],'H_O',2.819,'OH']]",[],B3O,5S1,3,2,"[2_1,9_50,13_10]","[3,11,7,50]",3,4,2.0540000000000003,"[2.66, 0.936]",288.9,107.5,165.5,76.7,98.7,101.3,"[[7.09,4.6,112.0],[7.11,5.19,103.0],[8.53,4.56,137.5]]",372.6
aMal264_TSdh_nn_018_0,91,-1459.9385,OS2,3S1,2,1,"[9_50,11_50]","[2,11,50]",-1,1,2,1,3,2.835,"[1.756, 0.956]",122.4,75.0,321.6,104.1,37.1,88.6,0,0,"[[7.07,4.66,110.8],[7.79,3.82,143.9]]","[[[1, 1],'C_O',2.835,'CO'],[[2, 2],'H_O',1.756,'OH']]",[],3E,3S1,2,1,"[2_1,3_6,11_1]","[2,9,11,50]",3,4,2.431,"[1.355, 1.165]",156.9,78.3,359.6,113.3,31.0,91.2,"[[5.79,1.17,162.1],[7.55,3.47,150.6],[7.38,3.21,156.0]]",230.3
aMal272_TSdh_nn_181_2,6393,-1459.8571,1HO,1S3,1,2,"[2_50,11_10,13_11]","[1,2,0]",-1,2,3,2,3,2.274,"[3.547, 0.93]",163.0,180.0,191.8,153.0,209.6,87.3,0,0,"[[7.54,3.53,146.4],[8.0,6.23,100.1],[8.55,4.46,141.0]]","[[[1, 1],'H_O',3.547,'OH'],[[2, 2],'C_O',2.274,'CO']]",[],EO,1S3,1,2,"[2_50,9_10,10_11,11_13]","[1,2,0]",4,3,2.272,"[3.557, 0.928]",131.1,172.0,190.8,155.7,201.2,82.7,"[[7.26,3.28,148.4],[8.11,5.79,107.4],[7.65,5.44,106.5],[8.19,4.88,124.0]]",444.0
aMal247_TSdh_nn_184_2,4850,-1459.8815,3S1,3S1,1,2,"[1_2,3_0,6_0,9_2,9_50]","[1,2,11,50]",-1,2,5,1,4,2.164,"[1.388, 1.126]",87.0,120.0,16.2,77.1,37.3,85.5,0,0,"[[5.53,1.13,147.3],[6.62,3.6,123.9],[7.9,6.11,100.4],[7.54,3.92,134.8],[7.48,4.7,116.2]]","[[[1, 1],'H_O',1.388,'OH'],[[2, 2],'C_O',2.164,'CO']]",[],3OB,3S1,-1,-1,"[1_2,3_0,6_0,9_2,9_11]","[1,2,11,50]",5,4,2.248,"[0, 0]",91.8,128.1,13.1,76.9,20.4,93.9,"[[5.62,1.87,153.5],[6.57,3.75,119.4],[7.85,6.06,100.5],[7.89,3.58,155.0],[9.54,6.49,114.9]]",379.9
aMal203_TSdh_nn_016_1,2124,-1459.9047,E3,3S1,-1,-1,"[2_1,3_9,3_50,9_50,11_50,13_7]","[1,2,3]",-1,1,6,3,3,2.528,"[0, 0]",150.8,105.0,164.8,62.8,34.0,88.0,0,0,"[[5.51,1.86,148.4],[11.29,6.11,152.6],[7.95,5.58,108.4],[7.07,4.68,110.5],[7.84,3.88,143.2],[7.39,5.25,106.0]]","[[[1, 1],'C_O',2.528,'CO']]",[],E3,3S1,-1,-1,"[2_1,3_9,3_50,9_11]","[1,2,3]",4,3,2.575,"[0, 0]",110.1,118.0,166.0,62.5,17.9,93.0,"[[5.55,1.9,148.5],[7.3,2.96,173.9],[8.47,6.44,102.2],[7.7,3.99,135.6]]",319.0
aMal316_TSdh_nn_187_1,1466,-1459.9105,3S1,5S1,-1,-1,"[1_2,3_6,3_0,10_13,11_50]","[1,2,11,50]",-1,2,5,4,4,2.253,"[0, 0]",93.2,105.0,25.9,79.2,81.7,81.3,0,0,"[[5.52,1.83,150.5],[7.37,3.27,150.3],[6.94,4.85,104.7],[8.15,4.09,143.3],[7.8,3.85,142.7]]","[[[2, 2],'C_O',2.253,'CO']]",[],3S1,3S1,-1,-1,"[1_2,3_6,3_0,10_13]","[2,9,11,50]",4,4,2.2769999999999997,"[0, 0]",161.3,78.7,33.2,79.5,23.9,87.3,"[[5.85,1.96,159.3],[6.9,2.89,152.5],[6.94,5.05,101.6],[7.64,3.38,158.7]]",303.8
aMal30_TSdh_nn_015_2,2341,-1459.9031,3OB,1S5,3,2,"[2_1,9_50,11_13]","[3,6,0]",-1,2,3,1,3,1.87,"[3.851, 0.954]",85.4,120.0,348.1,87.3,272.0,86.8,0,0,"[[6.28,3.81,113.8],[7.32,4.89,110.5],[7.67,3.95,136.8]]","[[[2, 2],'C_O',1.87,'CO'],[[3, 3],'H_O',3.851,'OH']]",[],3OB,1S5,3,2,"[2_1,9_50,11_13]","[3,6,0]",3,3,1.8630000000000002,"[3.853, 0.953]",86.8,66.8,349.5,87.2,275.6,90.2,"[[6.26,3.72,115.4],[7.89,5.83,104.2],[7.57,3.96,134.2]]",323.2
aMal190_TSdh_nn_187_0,1551,-1459.9099,3S1,1C4,-1,-1,"[1_2,3_6,3_0,9_50,11_9,13_7]","[1,2,50]",-1,2,6,3,3,2.253,"[0, 0]",93.2,60.0,25.9,79.2,262.6,175.3,0,0,"[[5.52,1.83,150.5],[7.37,3.27,150.3],[6.94,4.85,104.7],[7.25,4.77,111.6],[7.83,4.0,138.6],[7.87,5.27,112.2]]","[[[2, 2],'C_O',2.253,'CO']]",[],3S1,1C4,-1,-1,"[1_2,3_6,3_0,9_11]","[1,2,9,50]",4,4,2.267,"[0, 0]",149.6,62.3,26.2,76.8,254.9,174.2,"[[5.6,1.88,152.2],[7.5,3.32,152.1],[6.89,4.82,104.4],[7.37,3.52,142.7]]",305.3
aMal300_TSdh_nn_293_0,2098,-1459.905,1C4,4C1,1,2,"[9_10,11_10]","[1,6,13,0]",-1,2,2,0,4,1.9040000000000001,"[3.827, 0.952]",177.8,60.0,117.8,166.4,75.9,1.1,0,0,"[[8.24,5.64,111.4],[8.29,5.74,110.5]]","[[[1, 1],'H_O',3.827,'OH'],[[2, 2],'C_O',1.904,'CO']]",[],5H4,4C1,1,2,"[2_1,11_10,13_7]","[1,13,0]",3,3,2.0,"[3.519, 0.931]",176.4,87.8,103.0,147.5,42.9,4.6,"[[8.67,5.56,118.2],[8.61,6.44,104.8],[7.85,6.02,101.0]]",318.2
aMal316_TSdh_nn_181_1,6424,-1459.8554,1HO,5S1,1,2,"[2_50,10_13,11_50]","[1,2,0]",-1,2,3,3,3,2.274,"[3.547, 0.93]",163.0,195.0,191.8,153.0,81.7,81.3,0,0,"[[7.54,3.53,146.4],[8.15,4.09,143.3],[7.8,3.85,142.7]]","[[[1, 1],'H_O',3.547,'OH'],[[2, 2],'C_O',2.274,'CO']]",[],EO,5S1,1,2,"[2_50,10_13,11_50]","[1,2,0]",3,3,2.314,"[3.567, 0.929]",174.1,184.6,183.5,153.1,88.4,84.8,"[[7.41,3.38,148.7],[8.11,4.12,141.2],[8.01,3.97,144.2]]",448.4
aMal454_TSdh_nn_123_0,6036,-1459.866,2SO,3S1,2,3,"[9_11,10_7,11_50]","[1,2]",1,3,3,0,2,2.13,"[2.158, 0.95]",86.8,60.0,157.0,79.2,20.2,92.0,0,0,"[[8.29,4.66,130.2],[8.01,4.95,119.7],[8.07,4.35,133.9]]","[[[1, 2],'C_C',1.768,'bb'],[[2, 2],'H_O',2.158,'OH'],[[3, 3],'C_O',2.13,'CO']]",[],2SO,3S1,2,3,"[9_11,10_7,11_50]","[1,2]",3,2,2.068,"[2.316, 0.942]",115.0,68.2,158.7,79.5,20.2,91.9,"[[8.9,5.3,126.9],[8.14,5.19,117.5],[8.24,4.21,141.8]]",420.6
aMal157_TSdh_nn_123_0,4494,-1459.8852,2SO,1C4,2,3,[9_11],"[1,2]",1,3,1,0,2,2.13,"[2.158, 0.95]",86.8,60.0,157.0,79.2,246.6,169.7,0,0,"[[8.13,4.37,134.2]]","[[[1, 2],'C_C',1.768,'bb'],[[2, 2],'H_O',2.158,'OH'],[[3, 3],'C_O',2.13,'CO'],[[10, 10],'H_O',1.918,'OH'],[[13, 13],'H_O',3.409,'OH']]",[],2SO,1C4,2,3,"[3_13,9_11]","[1,2]",2,2,2.096,"[2.285, 0.937]",88.7,53.1,151.7,78.7,271.2,169.2,"[[7.83,3.47,159.5],[7.96,4.39,130.6]]",370.2
aMal447_TSdh_nn_293_0,1857,-1459.9072,1C4,4C1,1,2,"[9_50,10_11]","[1,6,13,0]",-1,2,2,0,4,1.9040000000000001,"[3.827, 0.952]",177.8,60.0,117.8,166.4,284.5,2.6,0,0,"[[7.38,5.17,107.0],[8.1,5.68,109.0]]","[[[1, 1],'H_O',3.827,'OH'],[[2, 2],'C_O',1.904,'CO']]",[],5H4,4C1,1,2,"[9_10,10_11]","[1,13,0]",2,3,1.965,"[3.495, 0.953]",173.5,84.1,88.7,148.6,270.5,4.4,"[[7.96,5.98,103.0],[8.48,6.34,104.4]]",312.4
aMal378_TSdh_nn_188_0,3426,-1459.8935,25B,4C1,1,2,"[6_0,9_50,10_9,11_10,13_7]","[1,0,50]",-1,2,5,0,3,2.265,"[1.838, 0.955]",89.1,60.0,108.5,97.3,232.7,4.9,0,0,"[[7.99,5.67,107.7],[7.37,4.96,110.1],[8.33,6.12,105.6],[7.92,5.61,107.5],[7.65,5.53,105.3]]","[[[1, 1],'H_O',1.838,'OH'],[[2, 2],'C_O',2.265,'CO']]",[],25B,4C1,1,2,"[9_10,10_11]","[1,9,0,50]",2,4,2.253,"[1.762, 0.965]",69.5,49.6,108.2,97.4,261.6,7.7,"[[7.72,5.64,104.4],[8.07,6.15,101.9]]",348.4
aMal203_TSdh_nn_356_1,4306,-1459.8867,E3,3S1,-1,-1,"[2_1,9_50,11_50,13_7]","[1,2,3]",-1,1,4,2,3,2.511,"[0, 0]",57.3,45.0,179.2,49.3,34.0,88.0,0,0,"[[5.42,1.66,150.2],[7.07,4.68,110.5],[7.84,3.88,143.2],[7.39,5.25,106.0]]","[[[1, 1],'C_O',2.511,'CO']]",[],E3,3S1,-1,-1,"[2_1,3_7,9_11,11_50]","[1,2,3]",4,3,2.58,"[0, 0]",46.2,49.6,172.0,54.6,25.9,94.2,"[[5.51,1.85,148.8],[7.33,3.98,128.4],[9.37,5.72,126.2],[8.02,3.89,147.4]]",366.3
aMal448_TSdh_nn_250_1,4490,-1459.8852,OS2,4C1,1,2,"[2_50,6_0,9_2,9_50,10_11,13_11]",[1],-1,2,6,2,1,1.9609999999999999,"[2.937, 0.931]",93.0,105.0,340.3,90.0,270.6,2.4,0,0,"[[6.98,3.26,141.3],[7.83,6.04,100.5],[9.93,4.79,175.5],[7.39,5.23,106.3],[8.09,5.67,109.0],[8.06,4.66,126.3]]","[[[1, 1],'H_O',2.937,'OH'],[[2, 2],'C_O',1.961,'CO']]",[],OS2,4C1,1,2,"[2_9,2_50,6_0,9_10,10_11,11_13]",[1],6,1,1.984,"[2.998, 0.926]",71.9,77.5,336.8,86.9,195.8,3.8,"[[7.97,3.51,162.0],[7.79,5.02,114.3],[7.84,5.91,102.3],[7.88,5.8,104.3],[7.91,5.79,104.8],[7.43,3.84,134.5]]",370.2
aMal22_TSdh_nn_064_1,5472,-1459.8739,5S1,1C4,3,6,"[1_50,2_1,3_6,9_11,10_13]","[2,3]",-1,6,5,3,2,2.206,"[1.495, 1.082]",163.5,-0.0,83.9,89.5,291.2,176.4,0,0,"[[7.55,3.58,145.7],[8.61,6.22,107.6],[6.32,1.08,164.9],[7.71,3.94,137.4],[8.78,4.87,134.4]]","[[[3, 3],'H_O',1.495,'OH'],[[6, 6],'C_O',2.206,'CO']]",[],5S1,1C4,3,6,"[1_50,2_1,3_6,9_11]","[2,3]",4,2,2.208,"[1.486, 1.085]",132.6,311.5,84.2,88.4,277.0,171.0,"[[7.43,3.41,149.2],[8.55,6.13,108.2],[6.31,1.09,166.9],[7.16,3.29,145.9]]",399.9
aMal91_TSdh_nn_302_1,1168,-1459.9132,E1,4C1,1,2,"[2_3,3_9,9_3,9_50,10_9,11_10]","[1,50]",-1,2,6,0,2,1.886,"[2.964, 0.935]",115.1,135.0,56.5,54.7,231.9,4.7,0,0,"[[8.38,6.41,102.1],[8.03,4.45,130.9],[8.03,4.98,119.4],[7.37,4.93,110.6],[8.32,6.09,105.9],[7.88,5.55,108.0]]","[[[1, 1],'H_O',2.964,'OH'],[[2, 2],'C_O',1.886,'CO']]",[],E1,4C1,1,2,"[3_6,11_10]","[1,13,7,50]",2,4,1.9180000000000001,"[2.461, 0.941]",162.8,145.1,53.9,67.6,254.5,10.2,"[[8.38,4.17,145.5],[7.84,5.77,104.3]]",296.7
aMal174_TSdh_nn_068_1,5079,-1459.8789,4C1,1C4,1,2,"[2_3,11_9,13_10]",[1],-1,2,3,1,1,2.005,"[2.947, 0.93]",150.5,15.0,49.9,18.9,225.9,173.7,0,0,"[[7.12,4.46,114.8],[8.21,4.71,127.8],[7.66,3.63,147.5]]","[[[1, 1],'H_O',2.947,'OH'],[[2, 2],'C_O',2.005,'CO']]",[],4C1,1C4,1,2,"[2_3,11_9,13_10]",[1],3,1,1.975,"[2.988, 0.93]",127.2,54.2,56.3,20.8,251.5,172.6,"[[6.95,4.17,117.6],[8.04,4.43,131.1],[7.74,3.78,143.8]]",386.7
aMal203_TSdh_nn_099_0,1199,-1459.9127,E1,3S1,1,2,"[9_50,11_50,13_7]","[1,50]",-1,2,3,1,2,1.935,"[2.426, 0.946]",95.8,60.0,54.9,55.5,34.0,88.0,0,0,"[[7.07,4.68,110.5],[7.84,3.88,143.2],[7.39,5.25,106.0]]","[[[1, 1],'H_O',2.426,'OH'],[[2, 2],'C_O',1.935,'CO']]",[],E1,3S1,1,2,[3_6],"[1,9,11,50]",1,4,2.001,"[2.085, 0.952]",106.9,63.5,45.8,70.3,18.7,88.5,"[[8.18,3.87,152.0]]",298.0
aMal157_TSdh_nn_256_2,4022,-1459.8889,1S3,1C4,1,2,"[3_50,9_11]","[1,6,0]",-1,2,2,0,3,2.061,"[2.255, 0.945]",287.2,135.0,208.9,84.0,246.6,169.7,0,0,"[[8.06,5.73,107.7],[8.13,4.37,134.2]]","[[[1, 1],'H_O',2.255,'OH'],[[2, 2],'C_O',2.061,'CO'],[[10, 10],'H_O',1.918,'OH'],[[13, 13],'H_O',3.409,'OH']]",[],14B,1C4,1,2,"[2_13,3_7,9_11]","[1,6,0]",3,3,1.946,"[2.778, 0.936]",313.7,88.3,227.6,91.7,261.4,167.7,"[[8.01,3.55,161.4],[8.54,4.91,128.9],[8.06,4.57,128.2]]",360.5
aMal80_TSdh_nn_018_1,62,-1459.9395,OS2,5S1,2,1,"[9_50,11_50]","[2,11,50]",-1,1,2,1,3,2.835,"[1.756, 0.956]",122.4,105.0,321.6,104.1,87.4,90.1,0,0,"[[7.63,5.32,108.0],[7.99,3.9,146.0]]","[[[1, 1],'C_O',2.835,'CO'],[[2, 2],'H_O',1.756,'OH']]",[],3E,3S1,2,1,"[2_1,3_6,11_1]","[2,9,11,50]",3,4,2.406,"[1.319, 1.205]",159.4,76.1,2.3,114.5,26.0,90.2,"[[5.7,1.2,162.0],[7.41,3.36,151.1],[7.38,3.18,157.5]]",227.6
aMal474_TSdh_nn_128_0,5958,-1459.8674,3S1,OS2,-1,-1,"[1_50,3_6,9_50,10_7,11_9]","[3,6]",-1,6,5,2,2,2.231,"[0, 0]",42.0,75.0,36.0,99.6,340.9,95.6,0,0,"[[7.85,4.05,137.3],[6.03,2.19,153.0],[6.53,4.04,113.6],[7.91,5.25,112.9],[7.65,3.99,134.9]]","[[[6, 6],'C_O',2.231,'CO']]",[],3S1,5S1,-1,-1,"[1_9,1_50,3_6,10_13,11_50]","[3,6]",5,2,2.239,"[0, 0]",64.9,57.1,44.2,100.8,82.5,87.7,"[[8.24,3.8,156.3],[7.84,4.58,123.4],[6.09,2.31,151.3],[7.83,3.86,142.9],[7.92,4.17,136.0]]",416.9
aMal10_TSdh_nn_001_0,206,-1459.9345,3H4,3S1,2,1,"[2_1,9_11,10_7,11_50]","[1,2,11,50]",-1,1,4,2,4,2.267,"[1.282, 1.257]",167.5,150.0,33.3,120.5,23.8,90.5,0,0,"[[5.43,1.26,151.8],[9.72,6.2,122.8],[8.4,5.39,117.7],[7.8,4.01,138.0]]","[[[1, 1],'C_O',2.267,'CO'],[[2, 2],'H_O',1.282,'OH']]",[],3H4,3S1,2,1,"[2_1,10_7,11_1]","[2,9,11,50]",3,4,2.292,"[1.369, 1.147]",159.4,81.0,19.0,122.0,22.1,89.0,"[[5.74,1.15,157.9],[8.49,5.43,118.3],[7.5,3.42,149.9]]",240.8
aMal218_TSdh_nn_338_2,6027,-1459.8663,OH5,OS2,1,2,"[3_0,9_11,10_7]",[1],-1,2,3,1,1,2.153,"[1.646, 0.984]",95.4,150.0,341.9,69.1,341.4,91.3,0,0,"[[7.11,4.34,116.6],[7.84,3.78,146.1],[7.76,4.59,122.9]]","[[[1, 1],'H_O',1.646,'OH'],[[2, 2],'C_O',2.153,'CO']]",[],OS2,OS2,1,2,"[3_0,9_11,10_7,11_13]",[1],4,1,2.146,"[1.615, 0.987]",122.6,169.0,340.8,70.2,336.0,91.0,"[[7.4,4.83,112.4],[8.02,3.97,143.7],[7.99,4.96,119.4],[8.52,5.1,124.7]]",419.8
aMal247_TSdh_nn_290_1,1381,-1459.9114,E1,3S1,1,2,[9_50],"[1,11,50]",-1,2,1,0,3,1.9369999999999998,"[2.298, 0.945]",97.3,105.0,56.6,59.7,37.3,85.5,0,0,"[[7.48,4.7,116.2]]","[[[1, 1],'H_O',2.298,'OH'],[[2, 2],'C_O',1.937,'CO']]",[],E1,3S1,1,2,[3_6],"[1,9,11,50]",1,4,1.943,"[2.312, 0.943]",96.0,70.6,51.0,69.3,23.7,88.7,"[[8.2,3.95,149.4]]",301.4
aMal11_TSdh_nn_096_2,3407,-1459.8936,5S1,1S3,1,2,"[3_6,10_11,13_7]","[1,0,50]",-1,2,3,0,3,2.202,"[1.62, 0.993]",77.1,150.0,105.1,97.5,209.0,88.7,0,0,"[[7.73,4.74,119.6],[7.53,5.33,106.6],[7.72,5.26,110.3]]","[[[1, 1],'H_O',1.62,'OH'],[[2, 2],'C_O',2.202,'CO']]",[],25B,1S3,1,2,"[1_2,3_6,9_2,10_11,13_7]","[1,9,0,50]",5,4,2.2159999999999997,"[1.363, 1.144]",75.6,140.5,109.9,103.8,212.6,89.1,"[[5.62,1.14,153.8],[7.42,4.52,118.7],[7.87,3.83,144.7],[7.61,5.67,102.8],[7.79,5.54,107.0]]",348.1
aMal264_TSdh_nn_165_0,2614,-1459.9002,E1,3S1,1,2,"[9_50,11_50]","[1,11,50]",-1,2,2,1,3,1.9340000000000002,"[2.2, 0.948]",96.2,60.0,50.0,66.0,37.1,88.6,0,0,"[[7.07,4.66,110.8],[7.79,3.82,143.9]]","[[[1, 1],'H_O',2.2,'OH'],[[2, 2],'C_O',1.934,'CO']]",[],E1,3S1,1,2,[6_0],"[1,9,11,50]",1,4,1.9469999999999998,"[2.108, 0.954]",107.9,61.6,47.7,67.4,22.6,88.3,"[[7.88,6.1,100.3]]",330.8
aMal173_TSdh_nn_184_1,4631,-1459.884,3S1,5S1,1,2,"[1_2,3_0,6_0,11_50,13_10]","[1,2,50]",-1,2,5,3,3,2.164,"[1.388, 1.126]",87.0,30.0,16.2,77.1,84.9,84.1,0,0,"[[5.53,1.13,147.3],[6.62,3.6,123.9],[7.9,6.11,100.4],[7.83,3.84,144.0],[8.14,4.04,144.5]]","[[[1, 1],'H_O',1.388,'OH'],[[2, 2],'C_O',2.164,'CO']]",[],3S1,5S1,1,2,"[1_2,3_0,6_0,13_10]","[1,2,9,50]",4,4,2.174,"[1.408, 1.104]",62.1,32.0,21.4,79.0,88.3,87.8,"[[5.68,1.1,151.3],[6.67,3.63,123.9],[7.84,5.87,103.0],[8.2,4.53,131.9]]",373.3
aMal218_TSdh_nn_326_0,2508,-1459.9014,E3,OS2,2,1,"[9_11,10_7]","[2,3]",-1,1,2,1,2,2.862,"[1.702, 0.974]",50.5,60.0,193.0,46.8,341.4,91.3,0,0,"[[7.84,3.78,146.1],[7.76,4.59,122.9]]","[[[1, 1],'C_O',2.862,'CO'],[[2, 2],'H_O',1.702,'OH']]",[],4H3,OS2,2,1,"[3_7,9_11,10_7,11_13]","[2,3]",4,2,3.02,"[1.664, 0.979]",64.6,31.6,194.3,45.8,329.3,93.4,"[[7.71,3.72,144.2],[8.13,4.37,134.4],[8.48,5.71,113.7],[8.29,4.93,124.4]]",327.7
aMal213_TSdh_nn_181_0,1919,-1459.9066,1HO,5S1,1,2,"[2_11,2_50]","[1,2,11,0]",-1,2,2,1,4,2.274,"[3.547, 0.93]",163.0,60.0,191.8,153.0,87.6,79.2,0,0,"[[6.11,4.29,102.3],[7.54,3.53,146.4]]","[[[1, 1],'H_O',3.547,'OH'],[[2, 2],'C_O',2.274,'CO']]",[],5S1,4C1,1,2,"[1_2,2_9,6_3]","[1,11,0]",3,3,2.147,"[1.521, 1.031]",92.4,114.0,101.5,105.7,72.1,22.4,"[[5.99,1.03,148.8],[8.5,3.89,164.3],[6.25,4.09,108.2]]",314.0
aMal465_TSdh_nn_081_2,2472,-1459.9017,5S1,5S1,1,2,"[2_3,3_6]","[1,11,0,50]",-1,0,2,1,4,2.0469999999999997,"[2.845, 0.94]",79.1,120.0,87.0,80.0,83.1,83.7,0,0,"[[6.96,4.11,118.6],[7.5,3.67,140.8]]","[[[0, 1],'C_O',2.047,'bb'],[[1, 1],'H_O',2.845,'OH'],[[2, 2],'C_O',1.782,'CO']]",[],5S1,5S1,1,2,"[2_3,3_6]","[1,11,0,7,50]",2,5,2.03,"[2.733, 0.942]",163.6,114.4,91.8,79.3,103.0,88.9,"[[7.0,4.16,118.1],[8.04,4.23,136.1]]",326.9
aMal413_TSdh_nn_111_1,4779,-1459.8824,1S3,5S1,1,2,[11_50],"[1,6,0]",-1,2,1,1,3,2.085,"[2.165, 0.949]",67.3,30.0,198.3,87.7,88.6,87.1,0,0,"[[7.85,3.87,143.3]]","[[[1, 1],'H_O',2.165,'OH'],[[2, 2],'C_O',2.085,'CO']]",[],1S3,5S1,1,2,"[3_9,11_50]","[1,6,0]",2,3,2.052,"[2.329, 0.944]",112.9,93.8,204.0,88.2,88.3,89.0,"[[8.63,3.98,163.1],[7.77,3.74,146.4]]",377.5
aMal17_TSdh_nn_127_0,1097,-1459.9139,E1,3S1,1,2,"[3_6,10_7,11_50]","[1,9,50]",-1,2,3,2,3,1.9769999999999999,"[2.292, 0.943]",91.9,60.0,50.1,69.5,23.0,89.6,0,0,"[[8.11,3.87,149.7],[8.31,5.21,119.6],[8.29,4.31,139.7]]","[[[1, 1],'H_O',2.292,'OH'],[[2, 2],'C_O',1.977,'CO']]",[],E1,3S1,1,2,"[3_6,10_7]","[1,9,11,50]",2,4,2.0069999999999997,"[2.093, 0.952]",94.1,71.8,46.2,70.5,19.3,88.1,"[[8.13,3.83,151.9],[8.3,5.28,118.2]]",294.8
aMal406_TSdh_nn_327_1,4692,-1459.8834,E1,3OB,1,2,"[2_3,9_11,10_7]",[1],-1,2,3,0,1,1.98,"[2.875, 0.931]",84.1,45.0,52.1,25.6,14.7,90.7,0,0,"[[7.42,4.72,114.6],[8.25,5.02,122.1],[7.79,4.69,121.3]]","[[[1, 1],'H_O',2.875,'OH'],[[2, 2],'C_O',1.98,'CO']]",[],E1,OS2,1,2,"[2_3,3_13,3_7,9_11,10_7]",[1],5,1,1.985,"[3.051, 0.93]",56.4,30.9,51.2,24.7,338.8,91.2,"[[6.79,3.65,125.9],[9.2,4.75,145.9],[7.62,4.09,131.3],[8.27,4.17,143.3],[7.91,4.87,119.9]]",374.9
aMal218_TSdh_nn_165_0,2296,-1459.9036,E1,OS2,1,2,"[9_11,10_7]","[1,9,50]",-1,2,2,1,3,1.9340000000000002,"[2.2, 0.948]",96.2,60.0,50.0,66.0,341.4,91.3,0,0,"[[7.84,3.78,146.1],[7.76,4.59,122.9]]","[[[1, 1],'H_O',2.2,'OH'],[[2, 2],'C_O',1.934,'CO']]",[],E1,OS2,1,2,"[2_3,9_11,10_7,11_13]","[1,9,50]",4,3,1.868,"[2.916, 0.936]",145.0,51.5,59.2,55.1,331.1,93.6,"[[8.1,5.9,105.5],[7.62,3.77,140.2],[8.32,5.54,114.1],[8.27,4.9,124.5]]",321.9
aMal35_TSdh_nn_001_0,58,-1459.9398,3H4,5S1,2,1,"[2_1,9_50,13_10]","[1,2,11,50]",-1,1,3,2,4,2.267,"[1.282, 1.257]",167.5,75.0,33.3,120.5,83.7,91.7,0,0,"[[5.43,1.26,151.8],[7.57,4.86,114.6],[8.55,4.53,139.0]]","[[[1, 1],'C_O',2.267,'CO'],[[2, 2],'H_O',1.282,'OH']]",[],3H4,3S1,2,1,"[2_1,10_13,11_1]","[2,9,11,50]",3,4,2.301,"[1.341, 1.181]",158.5,81.8,16.8,121.4,27.2,88.5,"[[5.7,1.18,159.2],[7.74,3.36,165.0],[7.39,3.28,153.1]]",226.8
aMal413_TSdh_nn_356_0,4018,-1459.889,E3,5S1,-1,-1,"[2_1,11_50]","[1,2,3]",-1,1,2,2,3,2.511,"[0, 0]",57.3,60.0,179.2,49.3,88.6,87.1,0,0,"[[5.42,1.66,150.2],[7.85,3.87,143.3]]","[[[1, 1],'C_O',2.511,'CO']]",[],2H3,5S1,-1,-1,"[2_1,3_7,11_50]","[1,2,3]",3,3,2.511,"[0, 0]",56.2,41.0,159.9,63.9,84.8,90.1,"[[5.53,1.88,148.6],[7.31,3.7,135.4],[7.79,4.09,135.3]]",360.2
aMal287_TSdh_nn_339_0,2237,-1459.9041,5S1,OS2,1,2,"[3_6,9_50,10_7,11_9]","[1,0,50]",-1,2,4,0,3,2.191,"[1.747, 0.966]",80.1,59.6,104.8,94.2,335.9,91.4,0,0,"[[8.01,4.93,120.2],[6.65,4.2,112.5],[8.04,4.95,120.4],[8.07,4.43,131.7]]","[[[1, 1],'H_O',1.747,'OH'],[[2, 2],'C_O',2.191,'CO']]",[],25B,OS2,1,2,"[3_6,9_11,10_7]","[1,9,0,50]",3,4,2.204,"[1.651, 0.985]",125.9,54.9,107.3,94.0,332.3,92.9,"[[8.16,5.2,117.5],[7.76,3.91,139.5],[8.17,5.24,117.0]]",320.6
aMal359_TSdh_nn_127_0,3239,-1459.895,E1,B3O,1,2,"[3_6,9_10,11_10]","[1,9,50]",-1,2,3,1,3,1.9769999999999999,"[2.292, 0.943]",91.9,60.0,50.1,69.5,167.9,87.3,0,0,"[[8.11,3.87,149.7],[7.73,5.04,114.0],[8.73,6.49,105.6]]","[[[1, 1],'H_O',2.292,'OH'],[[2, 2],'C_O',1.977,'CO']]",[],E1,B3O,1,2,"[3_6,9_10]","[1,9,50]",2,3,1.985,"[2.138, 0.949]",137.5,58.6,48.4,68.9,192.9,90.1,"[[8.32,4.0,150.6],[8.23,5.8,108.7]]",344.5
aMal112_TSdh_nn_067_0,2882,-1459.8981,4C1,1C4,3,2,"[9_50,11_9,13_1,13_7]","[3,9,50]",3,2,4,1,3,2.116,"[2.406, 0.94]",278.6,60.0,151.5,10.5,260.9,174.8,0,0,"[[7.28,4.78,111.8],[7.88,4.05,138.1],[5.64,2.75,128.1],[7.87,5.26,112.4]]","[[[3, 4],'C_C',1.762,'bb'],[[2, 2],'C_O',2.116,'CO'],[[3, 3],'H_O',2.406,'OH']]",[],4C1,1C4,3,2,"[9_11,13_1,13_7]","[3,9,50]",3,3,2.033,"[3.547, 0.934]",270.7,66.8,157.9,12.4,256.3,168.7,"[[7.39,3.53,143.3],[9.18,5.34,130.8],[7.89,5.32,111.7]]",336.3
aMal474_TSdh_nn_187_1,4571,-1459.8845,3S1,OS2,-1,-1,"[1_2,3_6,3_0,9_50,10_7,11_9]","[1,2,50]",-1,2,6,2,3,2.253,"[0, 0]",93.2,15.0,25.9,79.2,340.9,95.6,0,0,"[[5.52,1.83,150.5],[7.37,3.27,150.3],[6.94,4.85,104.7],[6.53,4.04,113.6],[7.91,5.25,112.9],[7.65,3.99,134.9]]","[[[2, 2],'C_O',2.253,'CO']]",[],3S1,1C4,-1,-1,"[1_2,3_6,3_0,10_13,11_9]","[1,2,50]",5,3,2.237,"[0, 0]",105.4,318.8,28.7,79.8,292.5,171.1,"[[5.55,1.92,148.6],[6.95,2.84,157.4],[7.21,5.3,101.4],[7.5,3.27,160.5],[8.29,4.67,130.3]]",372.0
aMal66_TSdh_nn_345_0,1828,-1459.9074,4H3,2SO,2,1,"[3_13,3_7,9_50,10_11]","[2,3]",-1,1,4,0,2,2.195,"[1.768, 0.971]",62.8,60.0,208.3,36.7,160.9,85.8,0,0,"[[9.49,6.05,121.7],[9.07,6.45,110.2],[6.61,4.22,111.7],[8.59,6.36,105.5]]","[[[1, 1],'C_O',2.195,'CO'],[[2, 2],'H_O',1.768,'OH']]",[],4H3,2SO,2,1,"[3_13,3_7,9_10]","[2,3]",3,2,2.221,"[1.725, 0.978]",57.7,41.0,204.5,39.8,158.7,83.5,"[[9.24,5.48,128.1],[7.56,3.52,148.0],[7.35,4.97,109.7]]",311.9
aMal241_TSdh_nn_025_1,175,-1459.9359,3E,5S1,2,1,"[2_1,11_50]","[1,2,11,50]",-1,1,2,2,4,2.296,"[1.327, 1.192]",151.5,75.0,11.7,115.1,85.9,84.4,0,0,"[[5.5,1.19,151.4],[7.8,3.83,143.6]]","[[[1, 1],'C_O',2.296,'CO'],[[2, 2],'H_O',1.327,'OH']]",[],3E,3S1,2,1,"[2_1,10_13,11_1]","[2,9,11,50]",3,4,2.366,"[1.376, 1.149]",160.0,77.1,8.8,118.6,35.2,94.7,"[[5.81,1.15,159.9],[8.72,4.97,130.9],[7.24,3.14,155.1]]",237.1
aMal206_TSdh_nn_188_1,5007,-1459.8797,25B,5S1,1,2,"[6_0,11_50]","[1,11,0,50]",-1,2,2,1,4,2.265,"[1.838, 0.955]",89.1,105.0,108.5,97.3,87.4,86.8,0,0,"[[7.99,5.67,107.7],[7.91,3.94,142.3]]","[[[1, 1],'H_O',1.838,'OH'],[[2, 2],'C_O',2.265,'CO']]",[],25B,5S1,1,2,[],"[1,11,0,50]",0,4,2.245,"[1.771, 0.963]",124.0,63.8,106.0,97.0,87.1,86.8,[],384.6
aMal190_TSdh_nn_003_0,144,-1459.9370000000001,E4,1C4,2,1,"[2_1,3_6,9_50,11_9,13_7]","[1,2,9,50]",-1,1,5,3,4,2.352,"[1.246, 1.323]",173.8,105.0,64.2,124.7,262.6,175.3,0,0,"[[5.45,1.32,153.7],[7.33,3.44,145.5],[7.25,4.77,111.6],[7.83,4.0,138.6],[7.87,5.27,112.2]]","[[[1, 1],'C_O',2.352,'CO'],[[2, 2],'H_O',1.246,'OH']]",[],3E,1C4,2,1,"[2_1,3_6,9_11]","[1,2,9,50]",3,4,2.363,"[1.322, 1.196]",150.4,64.8,351.1,111.2,255.8,174.1,"[[5.53,1.2,153.5],[7.85,3.54,157.7],[7.4,3.55,142.6]]",234.2
aMal408_TSdh_nn_067_0,5121,-1459.8785,4C1,4C1,3,2,"[9_50,10_11,13_2,13_3]","[3,50]",3,2,4,0,2,2.116,"[2.406, 0.94]",278.6,60.0,151.5,10.5,261.7,4.6,0,0,"[[7.32,5.11,107.2],[7.82,5.72,104.7],[9.11,5.54,125.8],[9.81,6.11,125.7]]","[[[3, 4],'C_C',1.762,'bb'],[[2, 2],'C_O',2.116,'CO'],[[3, 3],'H_O',2.406,'OH']]",[],4C1,4C1,3,2,"[9_10,10_11,13_3]","[3,50]",3,2,2.155,"[3.691, 0.934]",276.8,78.9,170.6,10.6,277.6,8.7,"[[8.01,6.06,102.4],[8.19,6.31,101.4],[8.23,3.96,149.5]]",387.8
aMal76_TSdh_nn_123_1,4198,-1459.8876,2SO,4C1,2,3,"[9_10,10_11,13_7]","[1,2]",1,3,3,0,2,2.13,"[2.158, 0.95]",86.8,30.0,157.0,79.2,195.3,1.3,0,0,"[[8.04,5.86,105.6],[8.33,5.99,107.4],[7.48,5.4,105.0]]","[[[1, 2],'C_C',1.768,'bb'],[[2, 2],'H_O',2.158,'OH'],[[3, 3],'C_O',2.13,'CO']]",[],4C1,4C1,2,3,"[3_9,9_10,10_11]","[1,2]",3,2,2.176,"[2.843, 0.928]",104.5,99.4,125.9,18.5,132.5,4.6,"[[7.29,3.24,151.9],[7.7,5.36,108.2],[8.38,6.13,106.2]]",363.9
aMal247_TSdh_nn_001_0,995,-1459.915,3H4,3S1,2,1,"[2_1,9_50]","[1,2,11,50]",-1,1,2,1,4,2.267,"[1.282, 1.257]",167.5,135.0,33.3,120.5,37.3,85.5,0,0,"[[5.43,1.26,151.8],[7.48,4.7,116.2]]","[[[1, 1],'C_O',2.267,'CO'],[[2, 2],'H_O',1.282,'OH']]",[],3E,3S1,2,1,"[2_1,9_2,9_50]","[1,2,11,50]",3,4,2.2359999999999998,"[1.367, 1.158]",95.0,130.0,356.2,122.0,20.3,94.2,"[[5.5,1.16,147.1],[7.86,3.53,157.3],[7.4,5.48,102.2]]",292.0
aMal163_TSdh_nn_260_0,963,-1459.9155,4E,1S3,2,1,"[2_1,10_11,11_13]","[1,2]",-1,1,3,1,2,2.378,"[1.216, 1.376]",55.8,135.0,229.3,41.4,211.4,88.1,0,0,"[[5.41,1.38,153.5],[7.54,5.2,108.6],[7.99,4.5,128.7]]","[[[1, 1],'C_O',2.378,'CO'],[[2, 2],'H_O',1.216,'OH']]",[],E3,4C1,-1,-1,"[2_1,3_9,3_50,9_10,10_11,11_13]","[1,2,3]",6,3,2.657,"[0, 0]",116.5,102.1,184.1,49.1,169.8,3.7,"[[5.44,1.7,151.0],[7.92,3.38,172.8],[8.19,6.05,104.2],[7.85,5.65,106.1],[7.95,5.91,103.7],[7.48,3.93,133.0]]",290.6
aMal228_TSdh_nn_040_2,1859,-1459.9072,5H4,5S1,1,2,[6_3],"[1,0]",-1,2,1,0,2,2.037,"[2.02, 0.96]",68.0,105.0,93.6,144.0,86.0,84.4,0,0,"[[7.61,4.03,133.2]]","[[[1, 1],'H_O',2.02,'OH'],[[2, 2],'C_O',2.037,'CO']]",[],5H4,4C1,1,2,"[2_9,2_50,6_3,10_9,11_13]","[1,11,0]",5,3,2.0,"[2.223, 0.948]",150.7,60.6,83.9,137.3,119.7,14.4,"[[8.32,3.67,172.2],[7.83,5.35,109.7],[7.4,3.8,135.2],[7.92,6.02,101.8],[7.32,4.0,127.8]]",312.4
aMal398_TSdh_nn_165_1,4532,-1459.8848,E1,1S3,1,2,[10_11],"[1,50]",-1,2,1,0,2,1.9340000000000002,"[2.2, 0.948]",96.2,315.0,50.0,66.0,211.9,87.3,0,0,"[[7.65,5.41,107.0]]","[[[1, 1],'H_O',2.2,'OH'],[[2, 2],'C_O',1.934,'CO']]",[],E1,1S3,1,2,"[2_3,3_7,6_0]","[1,50]",3,2,1.883,"[2.964, 0.935]",90.5,310.2,57.7,48.4,206.8,86.1,"[[7.79,5.09,113.6],[7.91,4.01,139.8],[7.65,5.78,101.7]]",371.2
aMal209_TSdh_nn_104_0,5685,-1459.8708,25B,2SO,1,2,"[9_50,10_11]","[1,9,0,50]",-1,2,2,0,4,2.218,"[1.839, 0.952]",83.2,60.0,110.4,101.0,156.0,81.8,0,0,"[[6.74,4.53,108.2],[8.62,6.34,106.2]]","[[[1, 1],'H_O',1.839,'OH'],[[2, 2],'C_O',2.218,'CO']]",[],25B,2SO,1,2,[9_10],"[1,9,0,50]",1,4,2.238,"[1.731, 0.965]",77.2,64.1,116.6,99.7,159.7,83.5,"[[7.11,4.71,110.4]]",408.0
aMal100_TSdh_nn_123_0,5930,-1459.8677,2SO,3S1,2,3,"[9_11,11_50,13_7]","[1,2]",1,3,3,0,2,2.13,"[2.158, 0.95]",86.8,60.0,157.0,79.2,24.7,92.6,0,0,"[[8.63,4.92,130.3],[7.83,4.12,135.0],[7.5,5.31,106.5]]","[[[1, 2],'C_C',1.768,'bb'],[[2, 2],'H_O',2.158,'OH'],[[3, 3],'C_O',2.13,'CO']]",[],2SO,3S1,2,3,"[9_11,11_50]","[1,2]",2,2,2.059,"[2.315, 0.943]",116.2,65.9,158.8,79.6,23.0,92.2,"[[9.21,5.51,127.8],[8.08,4.09,141.9]]",416.1
aMal47_TSdh_nn_025_0,123,-1459.9375,3E,3S1,2,1,"[2_1,9_50,11_1]","[1,2,11,50]",-1,1,3,1,4,2.296,"[1.327, 1.192]",151.5,75.0,11.7,115.1,38.6,85.6,0,0,"[[5.5,1.19,151.4],[7.46,4.67,116.6],[7.24,4.99,108.0]]","[[[1, 1],'C_O',2.296,'CO'],[[2, 2],'H_O',1.327,'OH']]",[],3E,3S1,2,1,"[2_1,11_1]","[2,9,11,50]",2,4,2.338,"[1.377, 1.142]",159.2,80.1,13.6,120.0,28.0,89.6,"[[5.79,1.14,159.1],[7.46,3.34,152.4]]",232.9
aMal404_TSdh_nn_181_0,5780,-1459.8698,1HO,4C1,1,2,"[2_50,9_10,10_11]","[1,2,0]",-1,2,3,1,3,2.274,"[3.547, 0.93]",163.0,60.0,191.8,153.0,203.4,1.4,0,0,"[[7.54,3.53,146.4],[8.05,5.86,105.7],[8.31,5.95,107.7]]","[[[1, 1],'H_O',3.547,'OH'],[[2, 2],'C_O',2.274,'CO']]",[],EO,4C1,1,2,"[2_9,2_50,9_10,10_11]","[1,2,0]",4,3,2.3680000000000003,"[3.302, 0.93]",80.7,76.1,177.2,147.9,171.6,4.4,"[[7.71,3.37,159.5],[8.53,5.33,119.6],[7.8,5.68,104.9],[8.32,5.98,107.3]]",410.6
aMal447_TSdh_nn_344_1,1167,-1459.9132,E1,4C1,1,2,"[3_6,9_50,10_11]","[1,50]",-1,2,3,1,2,1.9069999999999998,"[2.864, 0.935]",99.5,30.0,63.3,67.1,284.5,2.6,0,0,"[[8.44,4.41,139.4],[7.38,5.17,107.0],[8.1,5.68,109.0]]","[[[1, 1],'H_O',2.864,'OH'],[[2, 2],'C_O',1.907,'CO']]",[],E1,4C1,1,2,"[2_3,3_6,9_10,10_11]","[1,9,50]",4,3,1.91,"[2.889, 0.936]",89.9,53.3,69.5,67.8,276.0,6.9,"[[8.6,6.31,106.1],[8.34,4.43,137.0],[7.72,5.82,101.9],[8.39,6.15,105.9]]",296.7
aMal225_TSdh_nn_016_1,1429,-1459.9108,E3,5S1,-1,-1,"[2_1,3_50]","[1,2,3]",-1,1,2,1,3,2.528,"[0, 0]",150.8,165.0,164.8,62.8,85.7,84.0,0,0,"[[5.51,1.86,148.4],[7.95,5.58,108.4]]","[[[1, 1],'C_O',2.528,'CO']]",[],2H3,4C1,-1,-1,"[2_1,3_50,9_10,10_11,11_13]","[1,2,3]",5,3,2.58,"[0, 0]",178.1,170.0,162.8,65.4,115.3,7.8,"[[5.57,1.95,147.7],[7.87,5.48,108.8],[7.66,5.35,107.9],[8.15,6.15,103.0],[7.53,4.02,131.8]]",303.0
aMal352_TSdh_nn_279_1,6373,-1459.8579,2SO,5S1,1,2,"[3_2,11_6,13_7]","[1,0]",-1,2,3,0,2,2.358,"[1.835, 0.956]",76.9,30.0,157.2,89.3,86.1,83.1,0,0,"[[8.61,5.47,119.2],[7.17,4.09,123.6],[7.38,4.79,113.0]]","[[[1, 1],'H_O',1.835,'OH'],[[2, 2],'C_O',2.358,'CO']]",[],2SO,5S1,1,2,"[3_2,11_6,13_7]","[1,0]",3,2,2.33,"[1.805, 0.958]",93.4,48.0,156.7,88.1,91.0,82.2,"[[8.64,5.48,119.5],[8.2,3.94,150.4],[7.59,5.3,107.9]]",441.9
aMal129_TSdh_nn_018_1,389,-1459.9295,OS2,3S1,2,1,[9_50],"[2,11,50]",-1,1,1,0,3,2.835,"[1.756, 0.956]",122.4,120.0,321.6,104.1,30.8,89.7,0,0,"[[7.14,4.34,117.7]]","[[[1, 1],'C_O',2.835,'CO'],[[2, 2],'H_O',1.756,'OH']]",[],3E,3S1,2,1,"[2_1,3_6,9_2]","[1,2,9,11,50]",3,5,2.37,"[1.355, 1.169]",84.9,89.0,353.8,116.1,22.9,89.9,"[[5.61,1.17,152.9],[7.54,3.61,144.4],[7.43,3.62,140.2]]",253.9
aMal47_TSdh_nn_184_1,3134,-1459.8958,3S1,3S1,1,2,"[1_2,3_0,6_0,9_50]","[1,2,50]",-1,2,4,1,3,2.164,"[1.388, 1.126]",87.0,30.0,16.2,77.1,38.6,85.6,0,0,"[[5.53,1.13,147.3],[6.62,3.6,123.9],[7.9,6.11,100.4],[7.46,4.67,116.6]]","[[[1, 1],'H_O',1.388,'OH'],[[2, 2],'C_O',2.164,'CO']]",[],3S1,OS2,1,2,"[1_2,3_0,6_0,9_11,11_13]","[1,2,9,50]",5,4,2.157,"[1.342, 1.172]",144.6,49.8,18.5,75.6,327.4,95.1,"[[5.48,1.17,149.5],[6.61,3.59,123.8],[8.16,6.34,100.7],[7.77,3.85,141.3],[8.23,4.85,125.0]]",342.4
aMal150_TSdh_nn_127_1,3377,-1459.8939,E1,1C4,1,2,"[3_6,9_11,10_13]","[1,50]",-1,2,3,2,2,1.9769999999999999,"[2.292, 0.943]",91.9,315.0,50.1,69.5,262.0,168.3,0,0,"[[8.11,3.87,149.7],[8.19,4.42,134.3],[7.54,3.3,159.4]]","[[[1, 1],'H_O',2.292,'OH'],[[2, 2],'C_O',1.977,'CO']]",[],E1,1C4,1,2,"[3_6,9_11,10_13]","[1,50]",3,2,2.04,"[2.104, 0.949]",104.7,317.5,48.1,69.5,293.5,166.4,"[[8.28,3.93,152.5],[7.78,3.87,141.2],[7.49,3.25,161.3]]",347.4
aMal419_TSdh_nn_184_1,5515,-1459.8732,3S1,OS2,1,2,"[1_2,3_0,6_0,9_50,10_7,11_13]","[1,2,50]",-1,2,6,1,3,2.164,"[1.388, 1.126]",87.0,0.0,16.2,77.1,328.1,88.9,0,0,"[[5.53,1.13,147.3],[6.62,3.6,123.9],[7.9,6.11,100.4],[6.71,4.32,111.4],[8.85,5.84,116.6],[8.17,4.52,131.7]]","[[[1, 1],'H_O',1.388,'OH'],[[2, 2],'C_O',2.164,'CO']]",[],3OB,OS2,1,2,"[1_2,3_0,6_0,9_11,11_13]","[1,2,50]",5,3,2.156,"[1.327, 1.19]",96.5,311.7,14.7,75.7,320.2,100.0,"[[5.45,1.19,149.4],[6.65,3.7,122.1],[7.72,5.78,102.6],[8.31,4.39,137.5],[8.46,5.14,123.0]]",401.7
aMal347_TSdh_nn_184_1,5648,-1459.8714,3S1,1C4,1,2,"[1_2,3_0,6_0,9_50,11_9]","[1,2,50]",-1,2,5,2,3,2.164,"[1.388, 1.126]",87.0,345.0,16.2,77.1,246.6,174.6,0,0,"[[5.53,1.13,147.3],[6.62,3.6,123.9],[7.9,6.11,100.4],[7.33,4.82,111.8],[7.93,4.11,137.5]]","[[[1, 1],'H_O',1.388,'OH'],[[2, 2],'C_O',2.164,'CO']]",[],3OB,1C4,1,2,"[1_2,3_0,6_0,10_13,11_9]","[1,2,50]",5,3,2.154,"[1.333, 1.186]",97.8,319.7,15.0,76.0,289.2,170.2,"[[5.46,1.19,149.1],[6.67,3.72,122.0],[7.73,5.8,102.5],[7.53,3.3,159.9],[8.29,4.62,131.4]]",406.4
aMal273_TSdh_nn_293_2,4732,-1459.8829,1C4,1S3,1,2,[11_10],"[1,6,0]",-1,2,1,0,3,1.9040000000000001,"[3.827, 0.952]",177.8,195.0,117.8,166.4,217.5,91.4,0,0,"[[7.64,5.46,106.1]]","[[[1, 1],'H_O',3.827,'OH'],[[2, 2],'C_O',1.904,'CO']]",[],1C4,1S3,1,2,[11_10],"[1,6,0]",1,3,1.9409999999999998,"[3.709, 0.96]",140.5,174.6,110.3,163.3,208.4,88.4,"[[7.61,5.5,105.1]]",376.2
aMal238_TSdh_nn_340_0,4441,-1459.8858,B3O,3S1,3,2,"[2_1,9_50,10_13]","[3,11,50]",3,2,3,1,3,2.023,"[2.855, 0.933]",273.9,105.0,167.4,80.7,35.9,85.1,0,0,"[[6.71,4.24,112.5],[7.5,4.74,115.9],[7.99,3.54,164.5]]","[[[3, 4],'C_C',1.846,'bb'],[[2, 2],'C_O',2.023,'CO'],[[3, 3],'H_O',2.855,'OH']]",[],B3O,3S1,3,2,"[2_1,10_13]","[3,9,11,50]",2,4,2.004,"[2.631, 0.937]",191.3,91.5,172.0,79.2,20.5,86.3,"[[6.76,4.23,113.7],[7.77,3.52,155.9]]",368.6
aMal272_TSdh_nn_064_1,6157,-1459.8638,5S1,1S3,3,6,"[1_50,2_1,3_6,11_10,13_11]","[2,3]",-1,6,5,3,2,2.206,"[1.495, 1.082]",163.5,330.0,83.9,89.5,209.6,87.3,0,0,"[[7.55,3.58,145.7],[8.61,6.22,107.6],[6.32,1.08,164.9],[8.0,6.23,100.1],[8.55,4.46,141.0]]","[[[3, 3],'H_O',1.495,'OH'],[[6, 6],'C_O',2.206,'CO']]",[],5S1,1S5,3,6,"[1_50,2_1,3_6,9_0,13_11]","[2,3]",5,2,2.22,"[1.512, 1.069]",166.5,351.1,82.7,88.6,268.5,86.5,"[[7.2,3.22,150.2],[8.79,6.46,106.5],[6.39,1.07,166.4],[7.87,5.94,102.2],[7.86,4.34,130.2]]",426.4
aMal319_TSdh_nn_127_1,1716,-1459.9084,E1,3S1,1,2,"[3_6,9_11,10_13,10_7,11_50]","[1,9,50]",-1,2,5,3,3,1.9769999999999999,"[2.292, 0.943]",91.9,45.0,50.1,69.5,20.7,91.4,0,0,"[[8.11,3.87,149.7],[8.63,5.05,127.8],[7.69,3.95,136.8],[8.79,5.93,114.1],[8.15,4.27,137.7]]","[[[1, 1],'H_O',2.292,'OH'],[[2, 2],'C_O',1.977,'CO']]",[],E1,OS2,1,2,"[3_6,9_11,10_13,10_7]","[1,9,50]",4,3,2.017,"[2.111, 0.95]",86.2,68.7,47.0,70.6,343.4,102.3,"[[8.08,3.8,152.1],[7.14,3.24,147.8],[8.84,4.28,154.5],[8.16,6.17,102.5]]",309.3
aMal269_TSdh_nn_260_0,3190,-1459.8953,4E,OS2,2,1,"[2_1,9_11,11_13]","[1,2]",-1,1,3,2,2,2.378,"[1.216, 1.376]",55.8,45.0,229.3,41.4,332.1,91.0,0,0,"[[5.41,1.38,153.5],[8.34,4.2,144.0],[8.31,4.76,128.3]]","[[[1, 1],'C_O',2.378,'CO'],[[2, 2],'H_O',1.216,'OH']]",[],E3,OS2,-1,-1,"[2_1,9_11,11_13]","[1,2,3]",3,3,2.543,"[0, 0]",90.5,51.5,180.9,48.6,325.1,94.4,"[[5.52,1.89,147.9],[8.43,4.49,137.2],[8.25,4.8,126.6]]",343.7
aMal107_TSdh_nn_127_0,841,-1459.9176,E1,3S1,1,2,"[3_6,9_50,10_13,11_50]","[1,9,50]",-1,2,4,3,3,1.9769999999999999,"[2.292, 0.943]",91.9,60.0,50.1,69.5,29.9,85.8,0,0,"[[8.11,3.87,149.7],[7.01,4.61,110.9],[7.75,3.48,157.8],[8.1,4.09,142.2]]","[[[1, 1],'H_O',2.292,'OH'],[[2, 2],'C_O',1.977,'CO']]",[],E1,3S1,1,2,"[3_6,10_13]","[1,9,11,50]",2,4,2.005,"[2.099, 0.951]",92.5,73.9,46.8,70.6,19.5,87.7,"[[8.11,3.82,151.8],[7.71,3.47,155.7]]",285.1
aMal244_TSdh_nn_016_0,2370,-1459.9028,E3,3S1,-1,-1,"[2_1,3_50,9_50,11_50]","[1,2,3]",-1,1,4,2,3,2.528,"[0, 0]",150.8,60.0,164.8,62.8,43.5,88.4,0,0,"[[5.51,1.86,148.4],[7.95,5.58,108.4],[7.12,4.72,110.7],[7.69,3.72,144.7]]","[[[1, 1],'C_O',2.528,'CO']]",[],2H3,5S1,-1,-1,"[2_1,3_50,11_50]","[1,2,3]",3,3,2.585,"[0, 0]",157.7,69.8,162.1,65.6,85.7,88.6,"[[5.55,1.88,149.0],[7.78,5.43,108.3],[7.72,3.94,138.5]]",324.0
aMal229_TSdh_nn_073_0,4406,-1459.8859,1S3,3S1,3,2,"[1_2,10_7,11_9,13_7]","[3,9,50]",3,2,4,0,3,2.136,"[2.377, 0.941]",166.4,90.0,197.5,75.2,22.2,90.0,0,0,"[[7.75,5.56,106.0],[8.16,5.11,119.2],[8.25,6.14,104.3],[7.5,5.16,108.8]]","[[[3, 4],'C_C',1.726,'bb'],[[2, 2],'C_O',2.136,'CO'],[[3, 3],'H_O',2.377,'OH']]",[],B3O,3S1,3,2,"[1_2,10_7]","[3,9,11,50]",2,4,2.17,"[2.111, 0.952]",180.3,89.6,189.5,76.9,19.2,88.1,"[[7.84,4.99,116.4],[8.25,5.24,118.1]]",368.4
aMal128_TSdh_nn_293_0,1595,-1459.9095,1C4,OS2,1,2,"[9_11,10_7]","[1,6,13,0]",-1,2,2,1,4,1.9040000000000001,"[3.827, 0.952]",177.8,75.0,117.8,166.4,339.0,90.9,0,0,"[[8.05,3.93,146.3],[7.78,4.61,122.8]]","[[[1, 1],'H_O',3.827,'OH'],[[2, 2],'C_O',1.904,'CO']]",[],5H4,OS2,1,2,"[9_11,10_7]","[1,13,0]",2,3,1.975,"[3.604, 0.964]",171.3,73.6,84.3,149.2,333.9,92.6,"[[7.9,4.0,140.0],[8.15,5.12,118.8]]",306.4
aMal259_TSdh_nn_302_0,1278,-1459.9121,E1,5S1,1,2,"[2_3,9_50]","[1,50]",-1,2,2,0,2,1.886,"[2.964, 0.935]",115.1,60.0,56.5,54.7,83.3,89.3,0,0,"[[8.38,6.41,102.1],[7.67,5.02,113.5]]","[[[1, 1],'H_O',2.964,'OH'],[[2, 2],'C_O',1.886,'CO']]",[],E1,3S1,1,2,[3_6],"[1,9,11,50]",1,4,1.943,"[2.314, 0.943]",95.6,70.8,50.8,69.3,24.7,87.9,"[[8.21,3.95,149.4]]",299.6
aMal80_TSdh_nn_273_2,4543,-1459.8847,4C1,5S1,1,2,"[9_50,11_50]","[1,6]",-1,2,2,1,2,2.056,"[2.33, 0.946]",69.4,105.0,28.6,16.3,87.4,90.1,0,0,"[[7.63,5.32,108.0],[7.99,3.9,146.0]]","[[[1, 1],'H_O',2.33,'OH'],[[2, 2],'C_O',2.056,'CO']]",[],4C1,5S1,1,2,"[3_2,9_50,11_50]","[1,6]",3,2,2.051,"[2.313, 0.947]",134.1,75.7,26.8,15.3,88.4,92.6,"[[8.7,6.3,107.7],[7.59,5.27,108.3],[7.9,3.87,144.8]]",371.5
aMal21_TSdh_nn_047_2,6063,-1459.8654,1C4,5S1,-1,-1,"[1_2,2_50,3_6,11_50]","[3,6]",-1,6,4,3,2,2.2969999999999997,"[0, 0]",163.1,180.0,56.6,173.5,88.1,76.7,0,0,"[[7.16,4.51,114.5],[7.56,3.85,137.2],[5.8,1.97,155.7],[8.27,4.32,138.7]]","[[[6, 6],'C_O',2.297,'CO']]",[],1C4,5S1,-1,-1,"[1_2,2_50,3_6,11_50]","[3,6]",4,2,2.334,"[0, 0]",195.3,173.8,74.9,175.7,91.7,80.5,"[[7.22,4.59,114.0],[7.73,3.97,137.3],[5.81,1.95,156.4],[8.59,4.61,137.4]]",422.2
aMal124_TSdh_nn_012_0,1326,-1459.9117,4H5,OS2,2,1,"[3_50,9_50,10_7,13_7]","[2,3]",-1,1,4,0,2,2.55,"[2.227, 0.935]",160.2,105.0,255.7,43.3,329.2,89.1,0,0,"[[7.98,5.75,106.2],[6.7,4.27,112.1],[8.76,5.79,116.0],[7.57,5.57,103.6]]","[[[1, 1],'C_O',2.55,'CO'],[[2, 2],'H_O',2.227,'OH']]",[],4H5,3OB,2,1,"[3_9,3_50,9_11,10_13,10_7]","[2,3]",5,2,2.5839999999999996,"[2.143, 0.939]",121.8,124.1,256.6,41.9,7.6,92.7,"[[7.27,2.93,174.5],[8.43,6.38,102.4],[7.71,3.87,139.3],[8.0,3.68,155.4],[8.29,6.32,102.2]]",300.6
aMal356_TSdh_nn_178_0,257,-1459.9331,OS2,3S1,2,1,"[9_50,13_10]","[2,11,50]",-1,1,2,1,3,2.92,"[1.775, 0.953]",164.7,90.0,319.9,102.7,29.7,84.2,0,0,"[[7.46,4.7,116.1],[7.72,3.94,138.3]]","[[[1, 1],'C_O',2.92,'CO'],[[2, 2],'H_O',1.775,'OH']]",[],3E,3OB,2,1,"[2_1,9_2,10_13]","[1,9,11,50]",3,4,2.443,"[1.347, 1.184]",81.1,90.1,13.9,122.9,10.7,90.4,"[[5.75,1.18,159.9],[7.34,3.2,154.3],[7.97,3.67,154.8]]",244.4
aMal97_TSdh_nn_181_0,2753,-1459.8992,1HO,1C4,1,2,"[2_50,11_9,11_7,13_10]","[1,2,0]",-1,2,4,1,3,2.274,"[3.547, 0.93]",163.0,60.0,191.8,153.0,144.5,178.8,0,0,"[[7.54,3.53,146.4],[7.92,4.7,123.2],[8.53,6.37,104.6],[8.44,4.64,133.8]]","[[[1, 1],'H_O',3.547,'OH'],[[2, 2],'C_O',2.274,'CO']]",[],5H4,1C4,1,2,"[2_9,2_50,6_3,10_13]","[1,9,11,0,7]",4,5,2.033,"[2.095, 0.952]",177.6,63.4,87.7,132.3,120.4,175.4,"[[8.18,3.78,155.7],[8.16,5.01,120.3],[7.28,3.82,132.2],[8.34,4.91,125.6]]",333.4
aMal378_TSdh_nn_015_0,706,-1459.9201,3OB,4C1,3,2,"[2_1,9_50,10_9,11_10,13_7]","[3,6,0]",-1,2,5,0,3,1.87,"[3.851, 0.954]",85.4,60.0,348.1,87.3,232.7,4.9,0,0,"[[6.28,3.81,113.8],[7.37,4.96,110.1],[8.33,6.12,105.6],[7.92,5.61,107.5],[7.65,5.53,105.3]]","[[[2, 2],'C_O',1.87,'CO'],[[3, 3],'H_O',3.851,'OH']]",[],3OB,4C1,3,2,"[2_1,6_13,11_10]","[3,6,0]",3,3,1.858,"[3.885, 0.949]",81.0,48.8,350.8,87.3,289.6,11.9,"[[6.26,3.66,116.5],[8.16,3.64,164.4],[7.98,5.97,103.2]]",278.6
aMal300_TSdh_nn_340_1,2871,-1459.8983,B3O,4C1,3,2,"[2_1,9_10,11_10]","[3,50]",3,2,3,0,2,2.023,"[2.855, 0.933]",273.9,120.0,167.4,80.7,75.9,1.1,0,0,"[[6.71,4.24,112.5],[8.24,5.64,111.4],[8.29,5.74,110.5]]","[[[3, 4],'C_C',1.846,'bb'],[[2, 2],'C_O',2.023,'CO'],[[3, 3],'H_O',2.855,'OH']]",[],1S3,4C1,3,2,"[2_1,9_10,11_10]","[3,13,7]",3,3,2.0540000000000003,"[2.83, 0.931]",308.2,130.2,196.9,73.4,147.4,1.4,"[[6.6,3.97,115.9],[8.04,5.6,109.2],[8.54,6.25,106.3]]",335.8
aMal211_TSdh_nn_047_0,5940,-1459.8676,1C4,B14,-1,-1,"[1_2,2_11,2_50,3_6,10_13,11_2,11_50]","[3,6]",-1,6,7,4,2,2.2969999999999997,"[0, 0]",163.1,150.0,56.6,173.5,70.5,81.5,0,0,"[[7.16,4.51,114.5],[9.91,6.09,127.2],[7.56,3.85,137.2],[5.8,1.97,155.7],[8.28,4.06,147.5],[9.91,5.76,133.9],[7.62,3.72,143.0]]","[[[6, 6],'C_O',2.297,'CO']]",[],1C4,5S1,-1,-1,"[1_2,2_11,2_50,3_6,10_13]","[3,6]",5,2,2.2840000000000003,"[0, 0]",128.9,147.5,36.6,173.3,86.9,81.0,"[[7.12,4.45,114.9],[7.77,4.13,133.0],[7.74,4.07,133.9],[6.09,2.28,152.3],[8.32,4.33,139.5]]",416.4
aMal420_TSdh_nn_025_0,118,-1459.9376,3E,4C1,2,1,"[2_1,9_10,10_11,11_13]","[1,2,50]",-1,1,4,1,3,2.296,"[1.327, 1.192]",151.5,75.0,11.7,115.1,130.5,2.5,0,0,"[[5.5,1.19,151.4],[7.84,5.46,108.8],[7.97,5.87,104.5],[7.86,4.18,134.1]]","[[[1, 1],'C_O',2.296,'CO'],[[2, 2],'H_O',1.327,'OH']]",[],3E,4C1,2,1,"[2_1,9_10,10_11,11_13]","[1,2,9,50]",4,4,2.298,"[1.345, 1.175]",96.5,49.7,7.5,118.2,198.2,4.3,"[[5.52,1.17,150.6],[7.52,5.4,105.4],[7.93,5.83,104.5],[7.5,3.95,132.9]]",232.6
aMal128_TSdh_nn_050_0,4097,-1459.8884,4C1,OS2,3,2,"[2_1,9_11,10_7]","[3,50]",3,2,3,1,2,2.077,"[3.074, 0.932]",277.2,60.0,189.2,13.7,339.0,90.9,0,0,"[[8.05,5.93,104.6],[8.05,3.93,146.3],[7.78,4.61,122.8]]","[[[3, 4],'C_C',1.808,'bb'],[[2, 2],'C_O',2.077,'CO'],[[3, 3],'H_O',3.074,'OH']]",[],4C1,OS2,3,2,"[2_1,6_0,9_11,10_7]","[3,9,50]",4,3,2.0709999999999997,"[2.65, 0.937]",260.6,50.8,185.0,14.4,332.2,94.9,"[[8.44,6.22,105.4],[7.88,6.02,101.4],[7.58,3.68,142.5],[8.26,5.31,117.2]]",361.8
aMal8_TSdh_nn_099_0,1124,-1459.9136,E1,3S1,1,2,"[9_11,9_50]","[1,50]",-1,2,2,0,2,1.935,"[2.426, 0.946]",95.8,60.0,54.9,55.5,20.8,91.4,0,0,"[[8.73,5.63,118.3],[6.77,4.99,101.4]]","[[[1, 1],'H_O',2.426,'OH'],[[2, 2],'C_O',1.935,'CO']]",[],E1,3S1,1,2,[3_6],"[1,9,11,50]",1,4,2.009,"[2.082, 0.952]",94.2,70.5,46.7,70.6,23.4,88.7,"[[8.11,3.82,152.0]]",295.6
aMal443_TSdh_nn_335_1,4324,-1459.8865,B25,3S1,2,1,"[9_50,13_7]",[2],-1,1,2,0,1,2.5610000000000004,"[1.691, 0.967]",86.1,45.0,312.0,99.0,28.7,89.8,0,0,"[[7.13,4.49,114.8],[7.46,5.22,107.4]]","[[[1, 1],'C_O',2.561,'CO'],[[2, 2],'H_O',1.691,'OH']]",[],B25,3S1,2,1,"[9_11,9_50]",[2],2,1,2.597,"[1.711, 0.963]",71.8,51.9,309.4,96.3,21.0,93.2,"[[9.03,5.86,118.5],[6.56,4.57,104.9]]",366.8
aMal458_TSdh_nn_073_1,4435,-1459.8858,1S3,OS2,3,2,"[1_2,9_50,11_9]","[3,50]",3,2,3,0,2,2.136,"[2.377, 0.941]",166.4,180.0,197.5,75.2,331.0,91.8,0,0,"[[7.75,5.56,106.0],[6.7,4.18,113.6],[8.47,4.86,129.2]]","[[[3, 4],'C_C',1.726,'bb'],[[2, 2],'C_O',2.136,'CO'],[[3, 3],'H_O',2.377,'OH']]",[],1S3,B25,3,2,"[1_2,9_3,11_9]","[3,13,7,50]",3,4,2.155,"[2.587, 0.936]",109.0,219.2,197.1,76.2,314.6,99.3,"[[7.55,5.21,108.6],[6.92,2.66,174.5],[9.19,5.64,124.7]]",368.6
aMal155_TSdh_nn_153_2,4777,-1459.8824,5S1,4C1,1,2,"[3_6,10_9,11_10,13_11]","[1,0,50]",-1,2,4,2,3,2.238,"[1.856, 0.949]",84.3,120.0,103.8,102.0,223.3,2.0,0,0,"[[8.2,3.94,149.4],[7.88,5.91,102.9],[7.83,5.52,107.8],[7.87,4.11,136.4]]","[[[1, 1],'H_O',1.856,'OH'],[[2, 2],'C_O',2.238,'CO']]",[],5S1,2H1,1,2,"[3_6,13_11]","[1,11,0,50]",2,4,2.334,"[1.848, 0.947]",89.2,129.8,100.6,101.3,71.3,24.1,"[[7.86,3.74,148.0],[8.98,6.0,115.9]]",377.5
aMal157_TSdh_nn_081_1,3651,-1459.8919,5S1,1C4,1,2,"[2_3,3_6,9_11]","[1,0,50]",-1,0,3,1,3,2.0469999999999997,"[2.845, 0.94]",79.1,315.0,87.0,80.0,246.6,169.7,0,0,"[[6.96,4.11,118.6],[7.5,3.67,140.8],[8.13,4.37,134.2]]","[[[0, 1],'C_O',2.047,'bb'],[[1, 1],'H_O',2.845,'OH'],[[2, 2],'C_O',1.782,'CO'],[[10, 10],'H_O',1.918,'OH'],[[13, 13],'H_O',3.409,'OH']]",[],5S1,1C4,1,2,"[2_3,3_6,9_11]","[1,0,7,50]",3,4,2.017,"[2.569, 0.942]",59.8,273.7,97.8,81.4,306.6,172.0,"[[6.61,3.71,121.0],[8.08,4.37,133.1],[7.61,3.83,138.5]]",352.6
aMal441_TSdh_nn_125_1,3787,-1459.8908,1S3,1C4,1,2,"[9_11,13_10]","[1,6,0]",-1,2,2,2,3,2.024,"[2.332, 0.945]",53.7,135.0,210.4,83.9,232.5,172.2,0,0,"[[7.93,4.09,137.8],[7.64,3.58,149.2]]","[[[1, 1],'H_O',2.332,'OH'],[[2, 2],'C_O',2.024,'CO']]",[],1S3,1C4,1,2,"[3_50,9_11,13_10]","[1,6,0]",3,3,2.042,"[2.175, 0.95]",173.3,88.3,199.2,88.6,289.9,170.5,"[[7.61,5.69,102.4],[7.85,4.33,130.2],[7.68,3.72,144.1]]",355.5
aMal250_TSdh_nn_067_0,3714,-1459.8913,4C1,4C1,3,2,"[9_10,10_11,11_13]","[3,50]",3,2,3,1,2,2.116,"[2.406, 0.94]",278.6,60.0,151.5,10.5,116.8,3.9,0,0,"[[7.82,5.42,109.1],[7.95,5.87,104.3],[7.54,3.88,136.0]]","[[[3, 4],'C_C',1.762,'bb'],[[2, 2],'C_O',2.116,'CO'],[[3, 3],'H_O',2.406,'OH']]",[],4C1,2H1,3,2,"[9_10,11_13]","[3,11]",2,2,2.077,"[3.614, 0.933]",268.3,88.0,174.1,11.7,80.0,26.0,"[[8.05,6.11,102.3],[7.77,4.47,125.3]]",354.2
aMal447_TSdh_nn_047_0,4610,-1459.8842,1C4,4C1,-1,-1,"[1_2,2_50,3_6,9_50,10_11]","[3,6]",-1,6,5,2,2,2.2969999999999997,"[0, 0]",163.1,60.0,56.6,173.5,284.5,2.6,0,0,"[[7.16,4.51,114.5],[7.56,3.85,137.2],[5.8,1.97,155.7],[7.38,5.17,107.0],[8.1,5.68,109.0]]","[[[6, 6],'C_O',2.297,'CO']]",[],1C4,4C1,-1,-1,"[1_2,2_50,3_6,9_10,10_11]","[3,6]",5,2,2.322,"[0, 0]",155.2,64.5,76.9,175.4,251.6,6.2,"[[7.25,4.6,114.3],[7.54,3.78,138.9],[5.76,1.89,156.0],[7.93,5.85,104.2],[8.46,6.36,104.0]]",372.8
aMal193_TSdh_nn_184_2,5513,-1459.8732,3S1,4C1,1,2,"[1_2,3_0,6_0,9_10,10_11]","[1,2,50]",-1,2,5,1,3,2.164,"[1.388, 1.126]",87.0,135.0,16.2,77.1,264.0,4.3,0,0,"[[5.53,1.13,147.3],[6.62,3.6,123.9],[7.9,6.11,100.4],[8.12,5.99,104.8],[8.33,5.97,107.6]]","[[[1, 1],'H_O',1.388,'OH'],[[2, 2],'C_O',2.164,'CO']]",[],3S1,4C1,1,2,"[1_2,3_0,6_0,9_10,10_11]","[1,7,50]",5,3,2.173,"[1.479, 1.058]",124.6,163.3,27.7,82.3,197.6,10.6,"[[5.97,1.06,153.8],[6.56,3.51,124.9],[7.84,6.03,100.7],[7.69,5.57,105.3],[8.39,6.13,106.2]]",401.7
aMal4_TSdh_nn_344_1,1494,-1459.9102,E1,3S1,1,2,"[3_6,13_7]","[1,9,50]",-1,2,2,1,3,1.9069999999999998,"[2.864, 0.935]",99.5,45.0,63.3,67.1,27.0,87.5,0,0,"[[8.44,4.41,139.4],[7.42,5.1,108.8]]","[[[1, 1],'H_O',2.864,'OH'],[[2, 2],'C_O',1.907,'CO']]",[],E1,3S1,1,2,[3_6],"[1,9,11,50]",1,4,1.943,"[2.276, 0.944]",107.6,63.0,48.6,69.3,19.0,88.6,"[[8.27,3.97,150.2]]",304.6
aMal429_TSdh_nn_273_0,3093,-1459.8961,4C1,OS2,1,2,"[9_50,11_9]","[1,6]",-1,2,2,0,2,2.056,"[2.33, 0.946]",69.4,60.0,28.6,16.3,333.0,94.5,0,0,"[[6.65,4.17,113.1],[7.99,4.39,131.3]]","[[[1, 1],'H_O',2.33,'OH'],[[2, 2],'C_O',2.056,'CO']]",[],4C1,OS2,1,2,"[9_50,11_9]","[1,6]",2,2,2.063,"[2.304, 0.947]",111.2,64.6,27.2,16.7,327.0,93.0,"[[6.94,4.94,104.5],[8.58,5.03,127.1]]",341.6
aMal454_TSdh_nn_015_0,980,-1459.9154,3OB,3S1,3,2,"[2_1,9_11,10_7,11_50]","[3,6,0]",-1,2,4,0,3,1.87,"[3.851, 0.954]",85.4,60.0,348.1,87.3,20.2,92.0,0,0,"[[6.28,3.81,113.8],[8.29,4.66,130.2],[8.01,4.95,119.7],[8.07,4.35,133.9]]","[[[2, 2],'C_O',1.87,'CO'],[[3, 3],'H_O',3.851,'OH']]",[],3OB,OS2,3,2,"[2_1,10_7,11_9]","[3,6,0]",3,3,1.8869999999999998,"[3.958, 0.961]",153.8,62.6,351.8,88.3,334.4,92.0,"[[6.31,3.67,117.2],[8.24,5.31,116.8],[8.61,5.0,128.5]]",290.9
aMal319_TSdh_nn_273_1,4061,-1459.8887,4C1,3S1,1,2,"[9_11,10_13,10_7,11_50]","[1,6]",-1,2,4,2,2,2.056,"[2.33, 0.946]",69.4,45.0,28.6,16.3,20.7,91.4,0,0,"[[8.63,5.05,127.8],[7.69,3.95,136.8],[8.79,5.93,114.1],[8.15,4.27,137.7]]","[[[1, 1],'H_O',2.33,'OH'],[[2, 2],'C_O',2.056,'CO']]",[],4C1,3S1,1,2,"[3_2,10_13,11_9,11_50]","[1,6]",4,2,2.0580000000000003,"[2.297, 0.947]",83.8,66.2,25.1,16.9,22.4,90.6,"[[8.72,6.49,105.5],[7.53,3.29,160.4],[9.29,5.0,140.9],[8.36,5.35,117.7]]",361.0
aMal241_TSdh_nn_123_0,4758,-1459.8825,2SO,5S1,2,3,[11_50],"[1,2]",1,3,1,1,2,2.13,"[2.158, 0.95]",86.8,60.0,157.0,79.2,85.9,84.4,0,0,"[[7.8,3.83,143.6]]","[[[1, 2],'C_C',1.768,'bb'],[[2, 2],'H_O',2.158,'OH'],[[3, 3],'C_O',2.13,'CO']]",[],2SO,5S1,2,3,"[3_9,10_13,11_50]","[1,2]",3,2,1.9669999999999999,"[2.828, 0.93]",124.2,87.1,158.7,81.8,83.8,82.7,"[[7.55,3.21,163.8],[8.18,4.16,141.6],[7.87,3.99,140.3]]",377.3
aMal181_TSdh_nn_184_2,4093,-1459.8885,3S1,5S1,1,2,"[1_2,3_0,6_0,13_10]","[1,2,11,50]",-1,2,4,2,4,2.164,"[1.388, 1.126]",87.0,135.0,16.2,77.1,84.9,83.9,0,0,"[[5.53,1.13,147.3],[6.62,3.6,123.9],[7.9,6.11,100.4],[8.22,4.05,146.5]]","[[[1, 1],'H_O',1.388,'OH'],[[2, 2],'C_O',2.164,'CO']]",[],3S1,5S1,1,2,"[1_2,3_0,6_0,11_2,13_10]","[1,11,7,50]",5,4,2.157,"[1.36, 1.166]",117.0,149.0,28.0,80.4,99.0,90.7,"[[5.71,1.17,156.6],[6.63,3.6,124.0],[7.83,5.98,101.3],[7.42,3.43,147.5],[8.32,4.69,130.1]]",361.5
aMal2_TSdh_nn_340_0,5624,-1459.8718,B3O,4C1,3,2,"[2_1,10_9,11_10,13_7]","[3,50]",3,2,4,0,2,2.023,"[2.855, 0.933]",273.9,105.0,167.4,80.7,223.5,2.2,0,0,"[[6.71,4.24,112.5],[8.16,6.32,100.9],[8.0,5.85,105.2],[7.53,5.43,105.1]]","[[[3, 4],'C_C',1.846,'bb'],[[2, 2],'C_O',2.023,'CO'],[[3, 3],'H_O',2.855,'OH']]",[],B3O,2H1,3,2,"[2_1,10_9]","[3,11]",2,2,2.057,"[2.664, 0.933]",272.9,78.5,166.8,80.3,93.9,22.7,"[[6.93,4.32,114.6],[7.99,5.96,103.6]]",405.4
aMal281_TSdh_nn_340_1,4911,-1459.8808,B3O,OS2,3,2,"[2_1,9_50,11_9]","[3,50]",3,2,3,0,2,2.023,"[2.855, 0.933]",273.9,120.0,167.4,80.7,331.1,92.3,0,0,"[[6.71,4.24,112.5],[6.7,4.26,112.3],[8.37,4.74,130.0]]","[[[3, 4],'C_C',1.846,'bb'],[[2, 2],'C_O',2.023,'CO'],[[3, 3],'H_O',2.855,'OH']]",[],B3O,OS2,3,2,"[2_1,9_50,10_7,11_9]","[3,13,7]",4,3,2.042,"[2.67, 0.936]",287.0,126.3,168.9,80.1,328.3,94.3,"[[6.91,4.41,112.8],[7.33,5.55,100.9],[8.65,6.0,111.5],[8.34,4.85,127.1]]",381.7
aMal40_TSdh_nn_011_1,1408,-1459.9112,E3,OS2,2,1,"[3_50,9_11,13_7]","[2,3]",-1,1,3,1,2,3.188,"[1.713, 0.968]",152.3,195.0,192.8,49.1,333.8,91.9,0,0,"[[7.73,5.45,107.4],[8.22,4.06,145.7],[7.65,5.39,107.3]]","[[[1, 1],'C_O',3.188,'CO'],[[2, 2],'H_O',1.713,'OH']]",[],E3,3OB,2,1,"[3_9,3_50,9_11,10_13]","[2,3]",4,2,3.167,"[1.614, 0.991]",108.6,121.1,191.3,48.9,10.1,92.4,"[[7.12,2.84,174.3],[8.33,6.39,101.2],[7.85,4.06,136.9],[7.89,3.59,156.0]]",301.9
aMal347_TSdh_nn_025_0,302,-1459.9315,3E,1C4,2,1,"[2_1,9_50,11_9]","[1,2,9,50]",-1,1,3,2,4,2.296,"[1.327, 1.192]",151.5,60.0,11.7,115.1,246.6,174.6,0,0,"[[5.5,1.19,151.4],[7.33,4.82,111.8],[7.93,4.11,137.5]]","[[[1, 1],'C_O',2.296,'CO'],[[2, 2],'H_O',1.327,'OH']]",[],3E,1C4,2,1,"[2_1,9_11,10_13]","[1,2,9,50]",3,4,2.323,"[1.345, 1.171]",152.6,77.3,6.3,117.6,294.9,175.2,"[[5.55,1.17,152.0],[7.16,3.35,143.5],[8.46,4.92,127.5]]",248.6
aMal200_TSdh_nn_163_0,5062,-1459.879,OH5,3S1,1,2,"[10_7,11_50,13_7]","[1,6,0]",-1,2,3,1,3,2.8160000000000003,"[1.988, 0.938]",87.6,60.0,315.1,53.4,22.0,88.4,0,0,"[[8.44,5.34,119.2],[8.77,4.61,141.1],[7.48,5.14,108.9]]","[[[1, 1],'H_O',1.988,'OH'],[[2, 2],'C_O',2.816,'CO']]",[],E5,3S1,1,2,"[10_7,11_9,11_50]","[1,6,0]",3,3,2.738,"[1.915, 0.942]",80.2,60.5,313.5,52.7,19.8,91.5,"[[8.08,5.02,119.6],[8.57,4.44,141.9],[8.55,5.78,113.3]]",386.5
aMal406_TSdh_nn_177_0,3883,-1459.8901,5S1,3OB,1,2,"[6_3,9_11,10_7]","[1,9,0,50]",-1,2,3,0,4,2.239,"[1.808, 0.958]",92.6,60.0,104.5,99.7,14.7,90.7,0,0,"[[8.95,5.09,132.3],[8.25,5.02,122.1],[7.79,4.69,121.3]]","[[[1, 1],'H_O',1.808,'OH'],[[2, 2],'C_O',2.239,'CO']]",[],25B,OS2,1,2,"[6_3,9_11,10_7]","[1,9,0,50]",3,4,2.2769999999999997,"[1.761, 0.965]",127.6,54.2,106.0,99.0,331.9,93.2,"[[8.59,4.66,136.3],[7.75,3.89,139.8],[8.18,5.26,116.8]]",357.3
aMal382_TSdh_nn_252_2,5400,-1459.8752,OH5,OS2,1,2,"[9_2,9_50,11_9]","[1,6,0]",-1,2,3,1,3,2.8310000000000004,"[2.068, 0.933]",76.9,150.0,321.0,57.1,329.7,92.5,0,0,"[[8.4,4.29,142.9],[6.7,4.22,113.0],[8.5,4.87,129.4]]","[[[1, 1],'H_O',2.068,'OH'],[[2, 2],'C_O',2.831,'CO']]",[],OH5,OS2,1,2,"[9_2,9_50,11_9]","[1,6,0]",3,3,2.972,"[1.885, 0.947]",79.9,141.9,324.6,56.4,329.3,94.5,"[[9.31,4.61,154.4],[7.22,4.89,108.9],[8.39,4.8,128.9]]",396.5
aMal428_TSdh_nn_116_0,6064,-1459.8654,5S1,3S1,3,6,"[1_50,2_1,3_6,9_11,11_50]","[2,3]",-1,6,5,3,2,2.221,"[1.518, 1.069]",79.2,60.0,83.4,88.7,26.5,93.0,0,0,"[[7.67,3.64,146.4],[8.67,6.29,107.3],[6.4,1.07,164.7],[8.84,5.16,128.8],[7.77,3.96,138.2]]","[[[3, 3],'H_O',1.518,'OH'],[[6, 6],'C_O',2.221,'CO']]",[],5S1,3S1,3,6,"[1_9,1_50,2_1,3_6,9_11]","[2,3]",5,2,2.204,"[1.497, 1.081]",86.8,71.0,84.8,90.3,15.3,94.3,"[[8.78,4.45,145.0],[7.77,3.98,136.8],[8.38,5.9,109.2],[6.35,1.08,166.6],[7.82,4.08,135.7]]",422.2
aMal47_TSdh_nn_187_2,3135,-1459.8957,3S1,3S1,-1,-1,"[1_2,3_6,3_0,9_2,9_50]","[1,2,11,50]",-1,2,5,3,4,2.253,"[0, 0]",93.2,120.0,25.9,79.2,38.6,85.6,0,0,"[[5.52,1.83,150.5],[7.37,3.27,150.3],[6.94,4.85,104.7],[8.83,4.8,137.2],[7.46,4.67,116.6]]","[[[2, 2],'C_O',2.253,'CO']]",[],3S1,3S1,-1,-1,"[1_2,3_6,3_0,9_2]","[1,2,11,50]",4,4,2.241,"[0, 0]",94.7,128.7,24.1,83.1,20.7,94.9,"[[5.64,1.96,151.3],[7.23,3.13,152.2],[7.07,5.11,102.5],[7.63,3.36,157.5]]",342.6
aMal155_TSdh_nn_184_2,4580,-1459.8845,3S1,4C1,1,2,"[1_2,3_0,6_0,10_9,11_10,13_11]","[1,2,50]",-1,2,6,2,3,2.164,"[1.388, 1.126]",87.0,120.0,16.2,77.1,223.3,2.0,0,0,"[[5.53,1.13,147.3],[6.62,3.6,123.9],[7.9,6.11,100.4],[7.88,5.91,102.9],[7.83,5.52,107.8],[7.87,4.11,136.4]]","[[[1, 1],'H_O',1.388,'OH'],[[2, 2],'C_O',2.164,'CO']]",[],3OB,E1,1,2,"[1_2,3_0,6_0,11_13]","[1,2,11,50]",4,4,2.162,"[1.34, 1.171]",98.1,123.6,14.7,76.3,64.0,29.4,"[[5.49,1.17,150.7],[6.65,3.65,123.4],[7.89,6.01,101.6],[7.87,4.51,126.1]]",372.0
aMal101_TSdh_nn_064_1,5492,-1459.8736,5S1,4C1,3,6,"[1_50,2_1,3_6,9_10,10_11,13_7]","[2,3]",-1,6,6,2,2,2.206,"[1.495, 1.082]",163.5,165.0,83.9,89.5,246.2,2.0,0,0,"[[7.55,3.58,145.7],[8.61,6.22,107.6],[6.32,1.08,164.9],[8.04,5.87,105.4],[8.3,6.02,106.7],[7.75,5.52,106.8]]","[[[3, 3],'H_O',1.495,'OH'],[[6, 6],'C_O',2.206,'CO']]",[],5S1,4C1,3,6,"[1_50,2_1,3_6,9_10,10_11]","[2,3]",5,2,2.21,"[1.499, 1.074]",191.5,181.7,86.7,90.4,172.4,1.5,"[[7.68,3.71,144.1],[8.43,5.98,108.7],[6.34,1.07,166.1],[7.75,5.41,108.3],[8.36,6.11,106.1]]",400.7
aMal66_TSdh_nn_339_0,2982,-1459.8969,5S1,2SO,1,2,"[3_6,9_50,10_11]","[1,9,0,50]",-1,2,3,0,4,2.191,"[1.747, 0.966]",80.1,60.0,104.8,94.2,160.9,85.8,0,0,"[[8.01,4.93,120.2],[6.61,4.22,111.7],[8.59,6.36,105.5]]","[[[1, 1],'H_O',1.747,'OH'],[[2, 2],'C_O',2.191,'CO']]",[],5S1,1S3,1,2,"[3_6,10_11]","[1,9,0,50]",2,4,2.1959999999999997,"[1.635, 0.989]",160.1,74.5,104.5,95.2,219.4,93.5,"[[7.89,4.9,118.9],[8.14,5.85,107.0]]",339.5
aMal223_TSdh_nn_008_0,1427,-1459.911,4H5,3S1,2,1,"[3_50,10_13,11_50]","[2,3]",-1,1,3,2,2,2.588,"[2.248, 0.934]",159.4,105.0,257.2,44.0,31.6,86.2,0,0,"[[7.95,5.72,106.3],[7.98,3.54,164.2],[8.17,4.12,143.0]]","[[[1, 1],'C_O',2.588,'CO'],[[2, 2],'H_O',2.248,'OH']]",[],4H3,5S1,2,1,"[3_9,3_50,10_13,11_50]","[2,3]",4,2,2.397,"[3.593, 0.927]",117.1,99.5,211.0,35.6,83.5,84.1,"[[8.25,3.62,171.3],[8.18,6.13,103.1],[8.08,4.09,141.5],[7.89,3.94,142.4]]",302.5
aMal45_TSdh_nn_177_2,4693,-1459.8834,5S1,5S1,1,2,"[6_3,9_50,11_50,13_10]","[1,11,0,50]",-1,2,4,2,4,2.239,"[1.808, 0.958]",92.6,105.0,104.5,99.7,84.2,92.8,0,0,"[[8.95,5.09,132.3],[7.4,5.05,109.2],[7.82,3.74,147.5],[8.58,4.53,139.4]]","[[[1, 1],'H_O',1.808,'OH'],[[2, 2],'C_O',2.239,'CO']]",[],5S1,5S1,1,2,"[6_3,9_1,13_10]","[1,11,0,50]",3,4,2.367,"[1.995, 0.94]",76.5,108.3,98.4,96.6,85.8,94.4,"[[8.37,4.53,135.0],[8.15,3.58,168.3],[8.91,5.06,132.4]]",374.9
aMal241_TSdh_nn_302_0,1009,-1459.9147,E1,5S1,1,2,"[2_3,11_50]","[1,11,50]",-1,2,2,1,3,1.886,"[2.964, 0.935]",115.1,75.0,56.5,54.7,85.9,84.4,0,0,"[[8.38,6.41,102.1],[7.8,3.83,143.6]]","[[[1, 1],'H_O',2.964,'OH'],[[2, 2],'C_O',1.886,'CO']]",[],E1,3S1,1,2,"[3_6,10_13]","[1,9,11,50]",2,4,1.953,"[2.35, 0.942]",93.8,73.8,51.2,69.5,19.7,87.7,"[[8.46,4.08,151.4],[7.71,3.47,156.1]]",292.7
aMal238_TSdh_nn_127_1,1722,-1459.9084,E1,3S1,1,2,"[3_6,9_50,10_13]","[1,50]",-1,2,3,2,2,1.9769999999999999,"[2.292, 0.943]",91.9,30.0,50.1,69.5,35.9,85.1,0,0,"[[8.11,3.87,149.7],[7.5,4.74,115.9],[7.99,3.54,164.5]]","[[[1, 1],'H_O',2.292,'OH'],[[2, 2],'C_O',1.977,'CO']]",[],E1,OS2,1,2,"[3_6,9_11,10_13,10_7]","[1,9,50]",4,3,2.017,"[2.111, 0.95]",86.4,68.7,47.0,70.6,343.3,102.3,"[[8.08,3.79,152.1],[7.14,3.24,147.8],[8.84,4.28,154.6],[8.16,6.18,102.5]]",309.3
aMal378_TSdh_nn_073_0,3128,-1459.8958,1S3,4C1,3,2,"[1_2,9_50,10_9,11_10,13_7]","[3,9,50]",3,2,5,0,3,2.136,"[2.377, 0.941]",166.4,90.0,197.5,75.2,232.7,4.9,0,0,"[[7.75,5.56,106.0],[7.37,4.96,110.1],[8.33,6.12,105.6],[7.92,5.61,107.5],[7.65,5.53,105.3]]","[[[3, 4],'C_C',1.726,'bb'],[[2, 2],'C_O',2.136,'CO'],[[3, 3],'H_O',2.377,'OH']]",[],B3O,4C1,3,2,"[1_2,9_10,10_11]","[3,9,50]",3,3,2.3890000000000002,"[1.932, 0.958]",155.2,69.3,172.0,80.7,239.9,7.0,"[[7.79,3.96,138.7],[7.49,5.29,106.5],[8.09,6.25,100.9]]",342.4
aMal217_TSdh_nn_001_0,934,-1459.9156,3H4,5S1,2,1,"[2_1,11_50]","[1,2,11,50]",-1,1,2,2,4,2.267,"[1.282, 1.257]",167.5,165.0,33.3,120.5,89.5,80.8,0,0,"[[5.43,1.26,151.8],[8.3,4.28,140.4]]","[[[1, 1],'C_O',2.267,'CO'],[[2, 2],'H_O',1.282,'OH']]",[],3H2,25B,2,1,[],"[2,11,7,50]",0,4,2.575,"[1.74, 0.961]",165.9,138.9,333.4,116.8,107.9,85.9,[],290.4
aMal100_TSdh_nn_161_2,100,-1459.9382,3E,3S1,2,1,"[2_1,3_6,9_11,11_50,13_7]","[1,2,9,11,50]",-1,1,5,2,5,2.383,"[1.275, 1.264]",96.8,90.0,352.5,109.1,24.7,92.6,0,0,"[[5.46,1.26,153.5],[7.98,3.87,146.5],[8.63,4.92,130.3],[7.83,4.12,135.0],[7.5,5.31,106.5]]","[[[1, 1],'C_O',2.383,'CO'],[[2, 2],'H_O',1.275,'OH']]",[],3E,3S1,2,1,"[2_1,3_6,11_1]","[2,9,11,50]",3,4,2.408,"[1.339, 1.181]",158.6,77.3,2.1,114.4,26.5,90.9,"[[5.74,1.18,161.6],[7.44,3.36,152.7],[7.42,3.22,157.2]]",231.0
aMal291_TSdh_nn_250_0,6171,-1459.8636,OS2,5S1,1,2,"[2_50,6_0,11_50]",[1],-1,2,3,2,1,1.9609999999999999,"[2.937, 0.931]",93.0,60.0,340.3,90.0,87.2,89.1,0,0,"[[6.98,3.26,141.3],[7.83,6.04,100.5],[7.74,3.76,144.2]]","[[[1, 1],'H_O',2.937,'OH'],[[2, 2],'C_O',1.961,'CO']]",[],OS2,5S1,1,2,"[2_9,2_50,6_0,11_50]","[1,0]",4,2,1.979,"[2.941, 0.928]",77.8,75.2,341.4,91.2,89.5,91.3,"[[8.03,3.61,158.6],[7.87,5.03,115.3],[7.99,6.14,101.1],[8.09,3.93,147.7]]",426.9
aMal320_TSdh_nn_040_2,1076,-1459.914,5H4,4C1,1,2,"[6_3,9_2,9_50,10_11,13_7]","[1,0]",-1,2,5,0,2,2.037,"[2.02, 0.96]",68.0,75.0,93.6,144.0,199.9,1.2,0,0,"[[7.61,4.03,133.2],[5.79,4.13,100.8],[7.45,5.37,104.9],[8.14,5.65,109.9],[7.52,5.39,105.5]]","[[[1, 1],'H_O',2.02,'OH'],[[2, 2],'C_O',2.037,'CO']]",[],25B,4C1,1,2,"[1_2,6_3,9_10,10_11]","[1,9,0,50]",4,4,2.108,"[1.394, 1.118]",62.6,49.0,107.7,102.6,195.9,6.4,"[[5.65,1.12,151.2],[6.55,4.26,109.7],[7.65,5.64,103.5],[8.33,6.05,106.5]]",294.6
aMal242_TSdh_nn_187_0,1640,-1459.9089999999999,3S1,1C4,-1,-1,"[1_2,3_6,3_0,9_50,11_9]","[1,2,50]",-1,2,5,3,3,2.253,"[0, 0]",93.2,60.0,25.9,79.2,218.1,175.8,0,0,"[[5.52,1.83,150.5],[7.37,3.27,150.3],[6.94,4.85,104.7],[7.26,4.73,112.4],[7.91,4.07,138.1]]","[[[2, 2],'C_O',2.253,'CO']]",[],3S1,1C4,-1,-1,"[1_2,3_6,3_0,9_11]","[1,2,9,50]",4,4,2.265,"[0, 0]",149.6,61.6,25.9,76.9,259.8,174.1,"[[5.59,1.87,152.0],[7.51,3.32,152.2],[6.9,4.82,104.4],[7.41,3.51,144.0]]",307.7
aMal281_TSdh_nn_001_1,657,-1459.9216,3H4,OS2,2,1,"[2_1,9_50,11_9]","[1,2,50]",-1,1,3,1,3,2.267,"[1.282, 1.257]",167.5,180.0,33.3,120.5,331.1,92.3,0,0,"[[5.43,1.26,151.8],[6.7,4.26,112.3],[8.37,4.74,130.0]]","[[[1, 1],'C_O',2.267,'CO'],[[2, 2],'H_O',1.282,'OH']]",[],3E,OS2,2,1,"[2_1,9_50,11_9]","[1,2,13,7,50]",3,5,2.315,"[1.348, 1.174]",166.0,145.7,4.5,122.2,322.8,94.0,"[[5.55,1.17,151.3],[7.56,5.71,101.5],[8.97,5.5,124.2]]",274.6
aMal474_TSdh_nn_116_1,6078,-1459.8652,5S1,OS2,3,6,"[1_50,2_1,3_6,9_50,10_7,11_9]","[2,3]",-1,6,6,2,2,2.221,"[1.518, 1.069]",79.2,15.0,83.4,88.7,340.9,95.6,0,0,"[[7.67,3.64,146.4],[8.67,6.29,107.3],[6.4,1.07,164.7],[6.53,4.04,113.6],[7.91,5.25,112.9],[7.65,3.99,134.9]]","[[[3, 3],'H_O',1.518,'OH'],[[6, 6],'C_O',2.221,'CO']]",[],5S1,3E,3,6,"[1_50,2_1,3_6,10_13]","[2,3]",4,2,2.247,"[1.513, 1.065]",156.1,328.0,84.3,89.3,356.5,108.2,"[[7.3,3.28,150.4],[8.61,6.2,107.9],[6.38,1.07,165.3],[7.67,3.34,162.5]]",422.7
aMal35_TSdh_nn_336_1,2059,-1459.9053,5S1,5S1,2,1,"[3_6,9_50,13_10]","[2,3]",-1,1,3,2,2,2.193,"[1.801, 0.973]",54.3,15.0,104.3,94.3,83.7,91.7,0,0,"[[8.45,4.54,136.2],[7.57,4.86,114.6],[8.55,4.53,139.0]]","[[[1, 1],'C_O',2.193,'CO'],[[2, 2],'H_O',1.801,'OH']]",[],5S1,5S1,2,1,"[3_6,9_1,9_50,13_10]","[2,3]",4,2,2.438,"[1.701, 0.991]",88.5,75.3,100.0,98.2,91.5,94.4,"[[8.21,4.32,137.2],[8.14,3.78,155.0],[7.41,5.44,103.0],[8.6,4.53,139.8]]",317.4
aMal66_TSdh_nn_001_0,96,-1459.9384,3H4,2SO,2,1,"[2_1,9_50,10_11]","[1,2,9,50]",-1,1,3,1,4,2.267,"[1.282, 1.257]",167.5,75.0,33.3,120.5,160.9,85.8,0,0,"[[5.43,1.26,151.8],[6.61,4.22,111.7],[8.59,6.36,105.5]]","[[[1, 1],'C_O',2.267,'CO'],[[2, 2],'H_O',1.282,'OH']]",[],3E,4C1,2,1,"[2_1,9_10,10_11,13_6]","[2,9,50]",4,3,2.383,"[1.517, 1.044]",152.5,65.9,13.7,116.0,228.2,6.8,"[[6.21,1.04,157.3],[7.58,5.83,100.2],[8.36,6.05,106.9],[9.21,5.1,136.8]]",230.5
aMal241_TSdh_nn_344_1,1294,-1459.9121,E1,5S1,1,2,"[3_6,11_50]","[1,11,50]",-1,2,2,2,3,1.9069999999999998,"[2.864, 0.935]",99.5,90.0,63.3,67.1,85.9,84.4,0,0,"[[8.44,4.41,139.4],[7.8,3.83,143.6]]","[[[1, 1],'H_O',2.864,'OH'],[[2, 2],'C_O',1.907,'CO']]",[],E1,3S1,1,2,[3_6],"[1,9,11,50]",1,4,1.943,"[2.313, 0.943]",95.6,70.7,50.7,69.3,24.7,87.9,"[[8.22,3.96,149.4]]",299.6
aMal252_TSdh_nn_177_1,3802,-1459.8907,5S1,5S1,1,2,"[6_3,10_13]","[1,0,50]",-1,2,2,1,3,2.239,"[1.808, 0.958]",92.6,0.0,104.5,99.7,78.8,79.8,0,0,"[[8.95,5.09,132.3],[8.04,4.0,143.2]]","[[[1, 1],'H_O',1.808,'OH'],[[2, 2],'C_O',2.239,'CO']]",[],5S1,5S1,1,2,"[6_3,10_13]","[1,9,0,50]",2,4,2.2319999999999998,"[1.718, 0.972]",73.2,35.8,103.8,102.1,86.6,85.1,"[[8.45,4.57,135.9],[8.11,4.15,140.1]]",355.8
aMal17_TSdh_nn_127_1,1100,-1459.9139,E1,3S1,1,2,"[3_6,10_7,11_50]","[1,9,50]",-1,2,3,2,3,1.9769999999999999,"[2.292, 0.943]",91.9,45.0,50.1,69.5,23.0,89.6,0,0,"[[8.11,3.87,149.7],[8.31,5.21,119.6],[8.29,4.31,139.7]]","[[[1, 1],'H_O',2.292,'OH'],[[2, 2],'C_O',1.977,'CO']]",[],E1,3S1,1,2,"[3_6,10_7]","[1,9,11,50]",2,4,2.005,"[2.094, 0.952]",93.2,73.3,46.4,70.5,19.3,88.2,"[[8.11,3.83,151.8],[8.31,5.29,118.2]]",294.8
aMal420_TSdh_nn_284_0,3015,-1459.8967,E5,4C1,1,2,"[9_10,10_11,11_13]","[1,6,0]",-1,2,3,0,3,2.108,"[1.944, 0.96]",63.2,60.0,298.0,59.5,130.5,2.5,0,0,"[[7.84,5.46,108.8],[7.97,5.87,104.5],[7.86,4.18,134.1]]","[[[1, 1],'H_O',1.944,'OH'],[[2, 2],'C_O',2.108,'CO']]",[],E5,4C1,1,2,"[3_7,9_10,10_11,11_13]","[1,6,0]",4,3,2.138,"[1.983, 0.954]",42.6,50.6,304.0,62.6,158.2,5.6,"[[8.19,3.97,148.4],[7.76,5.51,107.0],[7.94,5.99,102.4],[7.44,3.97,131.3]]",340.0
aMal269_TSdh_nn_161_1,1363,-1459.9116,3E,OS2,2,1,"[2_1,3_6,9_11,11_13]","[1,2,50]",-1,1,4,3,3,2.383,"[1.275, 1.264]",96.8,-0.0,352.5,109.1,332.1,91.0,0,0,"[[5.46,1.26,153.5],[7.98,3.87,146.5],[8.34,4.2,144.0],[8.31,4.76,128.3]]","[[[1, 1],'C_O',2.383,'CO'],[[2, 2],'H_O',1.275,'OH']]",[],3E,OS2,2,1,"[2_1,3_6,9_11,11_13]","[1,2,50]",4,3,2.35,"[1.271, 1.273]",118.6,308.6,8.0,119.4,320.9,98.7,"[[5.43,1.27,152.5],[7.61,3.32,161.9],[8.35,4.34,139.5],[8.35,4.99,124.3]]",300.9
aMal129_TSdh_nn_123_1,5820,-1459.8691,2SO,3S1,2,3,[9_50],"[1,2]",1,3,1,0,2,2.13,"[2.158, 0.95]",86.8,30.0,157.0,79.2,30.8,89.7,0,0,"[[7.14,4.34,117.7]]","[[[1, 2],'C_C',1.768,'bb'],[[2, 2],'H_O',2.158,'OH'],[[3, 3],'C_O',2.13,'CO']]",[],2SO,3S1,2,3,[9_11],"[1,2]",1,2,2.121,"[2.212, 0.946]",111.3,62.1,155.0,79.9,21.0,92.9,"[[8.81,5.25,126.5]]",412.5
aMal223_TSdh_nn_344_0,952,-1459.9155,E1,3S1,1,2,"[3_6,10_13,11_50]","[1,9,50]",-1,2,3,3,3,1.9069999999999998,"[2.864, 0.935]",99.5,60.0,63.3,67.1,31.6,86.2,0,0,"[[8.44,4.41,139.4],[7.98,3.54,164.2],[8.17,4.12,143.0]]","[[[1, 1],'H_O',2.864,'OH'],[[2, 2],'C_O',1.907,'CO']]",[],E1,3S1,1,2,"[3_6,10_13]","[1,9,11,50]",2,4,1.9380000000000002,"[2.337, 0.943]",93.4,75.1,51.8,69.3,19.7,87.6,"[[8.18,3.94,148.8],[7.71,3.47,155.9]]",290.6
aMal47_TSdh_nn_161_0,352,-1459.9306,3E,3S1,2,1,"[2_1,3_6,9_50]","[1,2,9,50]",-1,1,3,2,4,2.383,"[1.275, 1.264]",96.8,45.0,352.5,109.1,38.6,85.6,0,0,"[[5.46,1.26,153.5],[7.98,3.87,146.5],[7.46,4.67,116.6]]","[[[1, 1],'C_O',2.383,'CO'],[[2, 2],'H_O',1.275,'OH']]",[],3E,OS2,2,1,"[2_1,3_6,9_11,11_13]","[1,2,9,50]",4,4,2.365,"[1.333, 1.182]",145.7,60.0,354.3,110.5,327.8,95.1,"[[5.57,1.18,154.2],[7.82,3.55,156.2],[7.85,3.91,141.4],[8.36,4.99,124.3]]",251.0
aMal301_TSdh_nn_067_0,2318,-1459.9034,4C1,1C4,3,2,"[9_50,10_13,11_9]","[3,9,50]",3,2,3,2,3,2.116,"[2.406, 0.94]",278.6,60.0,151.5,10.5,282.4,170.2,0,0,"[[7.28,4.77,112.0],[7.61,3.34,161.1],[7.83,3.95,139.8]]","[[[3, 4],'C_C',1.762,'bb'],[[2, 2],'C_O',2.116,'CO'],[[3, 3],'H_O',2.406,'OH']]",[],4C1,1C4,3,2,"[9_11,10_13,13_6]","[3,9,50]",3,3,2.0469999999999997,"[3.576, 0.935]",159.7,117.3,208.6,20.1,281.5,171.1,"[[7.34,3.53,141.7],[7.43,3.19,161.5],[8.12,3.64,163.4]]",322.4
aMal35_TSdh_nn_278_1,6229,-1459.8624,2SO,5S1,1,2,"[3_2,9_50,13_10]","[1,0]",-1,2,3,1,2,2.349,"[1.82, 0.959]",67.9,15.0,164.3,89.1,83.7,91.7,0,0,"[[8.64,5.55,118.3],[7.57,4.86,114.6],[8.55,4.53,139.0]]","[[[1, 1],'H_O',1.82,'OH'],[[2, 2],'C_O',2.349,'CO']]",[],B3O,5S1,1,2,"[3_2,9_50,13_10]","[1,0]",3,2,2.364,"[1.813, 0.957]",95.6,44.1,167.3,87.5,88.0,92.6,"[[8.6,5.35,121.4],[7.36,4.99,109.5],[8.74,4.75,136.6]]",430.1
aMal20_TSdh_nn_344_0,1513,-1459.9102,E1,3S1,1,2,"[3_6,11_50,13_7]","[1,9,50]",-1,2,3,2,3,1.9069999999999998,"[2.864, 0.935]",99.5,60.0,63.3,67.1,36.6,86.1,0,0,"[[8.44,4.41,139.4],[7.91,3.93,142.7],[7.41,5.15,107.7]]","[[[1, 1],'H_O',2.864,'OH'],[[2, 2],'C_O',1.907,'CO']]",[],E1,3S1,1,2,[3_6],"[1,9,11,50]",1,4,1.9409999999999998,"[2.276, 0.944]",108.2,62.7,48.9,69.2,18.9,89.2,"[[8.27,3.98,150.0]]",304.6
aMal368_TSdh_nn_084_0,3752,-1459.8911,5S1,2SO,1,2,"[2_3,3_6,9_50,10_11]","[1,9,0,50]",-1,0,4,1,4,2.085,"[3.692, 0.937]",74.9,60.0,86.4,79.5,159.4,81.8,0,0,"[[6.62,3.71,120.8],[7.48,3.64,141.5],[6.71,4.44,109.2],[8.45,6.15,106.7]]","[[[0, 1],'C_O',2.085,'bb'],[[1, 1],'H_O',3.692,'OH'],[[2, 2],'C_O',1.743,'CO']]",[],5S1,2SO,1,2,"[2_3,3_6,9_10]","[1,9,0,50]",3,4,2.012,"[3.711, 0.938]",77.5,57.8,90.9,79.6,158.9,83.6,"[[6.61,3.71,120.8],[7.91,4.09,137.4],[7.13,4.71,110.6]]",354.7
aMal229_TSdh_nn_127_1,1111,-1459.9138,E1,3S1,1,2,"[3_6,10_7,11_9,13_7]","[1,9,50]",-1,2,4,1,3,1.9769999999999999,"[2.292, 0.943]",91.9,45.0,50.1,69.5,22.2,90.0,0,0,"[[8.11,3.87,149.7],[8.16,5.11,119.2],[8.25,6.14,104.3],[7.5,5.16,108.8]]","[[[1, 1],'H_O',2.292,'OH'],[[2, 2],'C_O',1.977,'CO']]",[],E1,3OB,1,2,"[3_6,10_7]","[1,9,11,50]",2,4,2.004,"[2.085, 0.952]",105.0,65.5,45.4,70.4,13.9,88.5,"[[8.16,3.85,152.0],[8.03,5.0,119.1]]",295.1
aMal39_TSdh_nn_184_0,5798,-1459.8693,3S1,1S3,1,2,"[1_2,3_0,6_0,9_50,11_10,13_7]","[1,2,50]",-1,2,6,1,3,2.164,"[1.388, 1.126]",87.0,60.0,16.2,77.1,211.6,88.1,0,0,"[[5.53,1.13,147.3],[6.62,3.6,123.9],[7.9,6.11,100.4],[6.82,4.32,113.0],[7.49,5.11,109.3],[7.99,5.54,109.7]]","[[[1, 1],'H_O',1.388,'OH'],[[2, 2],'C_O',2.164,'CO']]",[],3S1,1S3,1,2,"[1_2,3_0,6_0,11_10,13_7]","[1,2,9,50]",5,4,2.19,"[1.439, 1.081]",100.2,68.2,20.1,78.4,222.8,90.8,"[[5.7,1.08,148.3],[6.67,3.62,124.2],[7.82,5.91,102.1],[7.77,5.89,101.8],[8.36,6.33,103.2]]",411.9
aMal458_TSdh_nn_253_2,2460,-1459.9019,E4,OS2,1,2,"[2_50,3_6,9_50,11_9]","[1,0]",-1,2,4,1,2,1.9709999999999999,"[2.885, 0.933]",146.7,180.0,69.9,150.1,331.0,91.8,0,0,"[[7.08,3.51,136.1],[8.63,5.82,113.8],[6.7,4.18,113.6],[8.47,4.86,129.2]]","[[[1, 1],'H_O',2.885,'OH'],[[2, 2],'C_O',1.971,'CO']]",[],5H4,OS2,1,2,"[2_50,3_6,11_9]","[1,13,0,7]",3,4,1.9969999999999999,"[2.722, 0.947]",208.0,109.1,82.1,148.3,328.2,93.5,"[[7.35,3.4,146.9],[8.03,4.07,140.9],[8.39,4.91,126.6]]",326.3
aMal416_TSdh_nn_073_0,5346,-1459.8757,1S3,2SO,3,2,"[1_2,9_10]","[3,9,50]",3,2,2,0,3,2.136,"[2.377, 0.941]",166.4,90.0,197.5,75.2,163.1,85.6,0,0,"[[7.75,5.56,106.0],[7.36,4.89,111.2]]","[[[3, 4],'C_C',1.726,'bb'],[[2, 2],'C_O',2.136,'CO'],[[3, 3],'H_O',2.377,'OH']]",[],B3O,2SO,3,2,"[1_2,9_10]","[3,9,50]",2,3,2.496,"[1.896, 0.96]",159.1,65.7,169.3,80.6,153.8,79.7,"[[7.67,3.57,149.4],[7.01,4.52,112.1]]",395.1
aMal245_TSdh_nn_084_0,2549,-1459.901,5S1,3S1,1,2,"[2_3,3_6,9_11,13_10]","[1,9,0,50]",-1,0,4,2,4,2.085,"[3.692, 0.937]",74.9,60.0,86.4,79.5,15.3,89.9,0,0,"[[6.62,3.71,120.8],[7.48,3.64,141.5],[8.62,5.54,118.2],[7.92,4.05,138.9]]","[[[0, 1],'C_O',2.085,'bb'],[[1, 1],'H_O',3.692,'OH'],[[2, 2],'C_O',1.743,'CO']]",[],5S1,OS2,1,2,"[2_3,3_6,9_11,13_7]","[1,9,0,50]",4,4,2.009,"[3.704, 0.938]",97.5,70.0,89.9,80.2,333.2,95.2,"[[6.7,3.83,119.9],[7.84,4.0,138.3],[7.61,3.62,145.5],[7.82,5.98,101.1]]",328.7
aMal219_TSdh_nn_184_1,5296,-1459.8762,3S1,3S1,1,2,"[1_2,3_0,6_0,11_50]","[1,2,9,50]",-1,2,4,2,4,2.164,"[1.388, 1.126]",87.0,45.0,16.2,77.1,31.3,88.5,0,0,"[[5.53,1.13,147.3],[6.62,3.6,123.9],[7.9,6.11,100.4],[7.75,3.8,143.0]]","[[[1, 1],'H_O',1.388,'OH'],[[2, 2],'C_O',2.164,'CO']]",[],3S1,5S1,1,2,"[1_2,3_0,6_0,11_50]","[1,9,50]",4,3,2.174,"[1.486, 1.05]",49.0,43.4,24.4,78.4,88.2,92.1,"[[5.9,1.05,150.1],[6.57,3.53,124.7],[7.78,5.86,102.3],[8.49,4.34,143.4]]",393.8
aMal85_TSdh_nn_084_0,2300,-1459.9035,5S1,OS2,1,2,"[2_3,3_6,9_11,10_7,13_7]","[1,0,50]",-1,0,5,2,3,2.085,"[3.692, 0.937]",74.9,60.0,86.4,79.5,339.1,91.0,0,0,"[[6.62,3.71,120.8],[7.48,3.64,141.5],[8.03,3.92,146.1],[7.81,4.66,122.3],[7.83,5.51,107.9]]","[[[0, 1],'C_O',2.085,'bb'],[[1, 1],'H_O',3.692,'OH'],[[2, 2],'C_O',1.743,'CO']]",[],5S1,OS2,1,2,"[2_3,3_6,9_11,10_7]","[1,9,0,50]",4,4,1.985,"[3.718, 0.937]",127.6,51.8,90.4,79.0,332.7,92.9,"[[6.65,3.76,120.5],[7.94,4.08,138.0],[7.78,3.91,139.8],[8.2,5.22,117.8]]",322.1
aMal132_TSdh_nn_116_2,4592,-1459.8843,5S1,4C1,3,6,"[1_9,1_50,2_1,3_6,10_9,11_10]","[2,3]",-1,6,6,2,2,2.221,"[1.518, 1.069]",79.2,105.0,83.4,88.7,226.8,1.4,0,0,"[[9.13,5.78,121.1],[7.67,3.64,146.4],[8.67,6.29,107.3],[6.4,1.07,164.7],[7.84,5.82,103.6],[7.87,5.5,108.6]]","[[[3, 3],'H_O',1.518,'OH'],[[6, 6],'C_O',2.221,'CO']]",[],5S1,4C1,3,6,"[1_50,2_1,3_6,9_10]","[2,3]",4,2,2.213,"[1.471, 1.091]",144.8,64.0,85.7,89.9,247.0,8.2,"[[7.3,3.39,145.8],[8.49,6.05,108.4],[6.25,1.09,167.1],[8.19,6.4,100.3]]",372.6
aMal474_TSdh_nn_123_0,5889,-1459.8682,2SO,OS2,2,3,"[9_50,10_7,11_9]","[1,2]",1,3,3,0,2,2.13,"[2.158, 0.95]",86.8,60.0,157.0,79.2,340.9,95.6,0,0,"[[6.53,4.04,113.6],[7.91,5.25,112.9],[7.65,3.99,134.9]]","[[[1, 2],'C_C',1.768,'bb'],[[2, 2],'H_O',2.158,'OH'],[[3, 3],'C_O',2.13,'CO']]",[],2SO,OS2,2,3,"[9_50,10_13,11_9]","[1,2]",3,2,2.178,"[2.144, 0.947]",102.6,58.2,155.0,79.8,340.7,103.1,"[[6.77,4.78,104.7],[9.22,4.47,158.6],[7.4,3.79,135.5]]",414.8
aMal477_TSdh_nn_015_1,770,-1459.9184,3OB,5S1,3,2,"[2_1,10_13,11_50]","[3,6,0]",-1,2,3,2,3,1.87,"[3.851, 0.954]",85.4,45.0,348.1,87.3,83.2,92.2,0,0,"[[6.28,3.81,113.8],[8.69,4.28,150.6],[7.59,3.58,147.2]]","[[[2, 2],'C_O',1.87,'CO'],[[3, 3],'H_O',3.851,'OH']]",[],3OB,5S1,3,2,"[2_1,10_13,11_50]","[3,6,0]",3,3,1.8780000000000001,"[3.998, 0.973]",76.3,85.8,351.7,84.2,83.7,85.8,"[[6.32,3.83,114.3],[7.98,4.0,141.7],[7.99,3.9,146.0]]",283.0
aMal130_TSdh_nn_127_0,1674,-1459.9088,E1,OS2,1,2,"[3_6,9_50,11_9,13_7]","[1,9,50]",-1,2,4,1,3,1.9769999999999999,"[2.292, 0.943]",91.9,60.0,50.1,69.5,330.8,92.7,0,0,"[[8.11,3.87,149.7],[6.69,4.27,112.1],[8.35,4.75,129.4],[7.81,5.63,105.9]]","[[[1, 1],'H_O',2.292,'OH'],[[2, 2],'C_O',1.977,'CO']]",[],E1,OS2,1,2,"[3_6,9_11]","[1,9,50]",2,3,2.016,"[2.103, 0.95]",95.2,55.9,46.5,70.0,336.5,92.6,"[[8.23,3.91,151.8],[7.63,3.6,147.0]]",308.2
aMal346_TSdh_nn_260_0,3812,-1459.8907,4E,OS2,2,1,"[2_1,9_11,10_7,13_7]","[1,2]",-1,1,4,2,2,2.378,"[1.216, 1.376]",55.8,45.0,229.3,41.4,339.1,91.1,0,0,"[[5.41,1.38,153.5],[7.99,3.88,146.3],[7.9,4.78,121.4],[7.64,5.87,100.4]]","[[[1, 1],'C_O',2.378,'CO'],[[2, 2],'H_O',1.216,'OH']]",[],E3,OS2,-1,-1,"[2_1,3_7,9_11,10_7]","[1,2,3]",4,3,2.59,"[0, 0]",67.5,24.8,184.0,48.5,328.7,94.5,"[[5.5,1.83,148.9],[7.64,3.72,142.4],[8.13,4.27,137.1],[8.45,5.92,110.1]]",355.8
aMal210_TSdh_nn_184_1,3871,-1459.8902,3S1,OS2,1,2,"[1_2,3_0,6_0,9_11,10_7,13_7]","[1,2,50]",-1,2,6,2,3,2.164,"[1.388, 1.126]",87.0,15.0,16.2,77.1,339.1,90.9,0,0,"[[5.53,1.13,147.3],[6.62,3.6,123.9],[7.9,6.11,100.4],[7.84,3.84,143.9],[7.91,4.78,121.5],[7.7,5.92,100.5]]","[[[1, 1],'H_O',1.388,'OH'],[[2, 2],'C_O',2.164,'CO']]",[],3S1,OS2,1,2,"[1_2,3_0,9_11,10_13,10_7]","[1,2,9,50]",5,4,2.1590000000000003,"[1.333, 1.184]",147.3,51.0,18.4,75.2,334.9,103.3,"[[5.47,1.18,149.8],[6.6,3.58,124.0],[7.07,3.27,144.1],[9.78,4.98,153.4],[8.08,6.0,103.9]]",357.1
aMal465_TSdh_nn_184_1,4784,-1459.8823,3S1,5S1,1,2,"[1_2,3_0,6_0]","[1,2,50]",-1,2,3,1,3,2.164,"[1.388, 1.126]",87.0,30.0,16.2,77.1,83.1,83.7,0,0,"[[5.53,1.13,147.3],[6.62,3.6,123.9],[7.9,6.11,100.4]]","[[[1, 1],'H_O',1.388,'OH'],[[2, 2],'C_O',2.164,'CO']]",[],3S1,5S1,1,2,"[1_2,3_0,6_0]","[1,9,50]",3,3,2.175,"[1.481, 1.053]",57.9,33.0,24.8,78.8,90.4,86.2,"[[5.91,1.05,151.2],[6.65,3.6,124.4],[7.79,5.78,103.5]]",377.8
aMal173_TSdh_nn_064_1,5969,-1459.8671,5S1,5S1,3,6,"[1_50,2_1,3_6,11_50,13_10]","[2,3]",-1,6,5,4,2,2.206,"[1.495, 1.082]",163.5,180.0,83.9,89.5,84.9,84.1,0,0,"[[7.55,3.58,145.7],[8.61,6.22,107.6],[6.32,1.08,164.9],[7.83,3.84,144.0],[8.14,4.04,144.5]]","[[[3, 3],'H_O',1.495,'OH'],[[6, 6],'C_O',2.206,'CO']]",[],5S1,5S1,3,6,"[1_50,2_1,3_6,11_50,13_10]","[2,3]",5,2,2.218,"[1.501, 1.073]",189.8,178.6,87.1,90.3,87.3,85.8,"[[7.76,3.75,144.8],[8.35,5.86,109.4],[6.35,1.07,166.2],[7.9,3.91,143.3],[8.34,4.62,132.3]]",417.7
aMal204_TSdh_nn_187_0,1554,-1459.9099,3S1,1C4,-1,-1,"[1_2,3_6,3_0,11_9,11_7]","[1,2,50]",-1,2,5,2,3,2.253,"[0, 0]",93.2,60.0,25.9,79.2,196.8,176.1,0,0,"[[5.52,1.83,150.5],[7.37,3.27,150.3],[6.94,4.85,104.7],[8.09,4.78,124.3],[8.51,6.36,104.5]]","[[[2, 2],'C_O',2.253,'CO']]",[],3S1,1C4,-1,-1,"[1_2,3_6,3_0,9_11]","[1,2,9,50]",4,4,2.267,"[0, 0]",149.6,62.3,26.2,76.9,255.0,174.2,"[[5.6,1.88,152.2],[7.5,3.32,152.1],[6.89,4.82,104.4],[7.37,3.52,142.7]]",305.3
aMal420_TSdh_nn_250_0,4489,-1459.8852,OS2,4C1,1,2,"[2_50,6_0,9_10,10_11,11_13]",[1],-1,2,5,1,1,1.9609999999999999,"[2.937, 0.931]",93.0,60.0,340.3,90.0,130.5,2.5,0,0,"[[6.98,3.26,141.3],[7.83,6.04,100.5],[7.84,5.46,108.8],[7.97,5.87,104.5],[7.86,4.18,134.1]]","[[[1, 1],'H_O',2.937,'OH'],[[2, 2],'C_O',1.961,'CO']]",[],OS2,4C1,1,2,"[2_9,2_50,6_0,9_10,10_11,11_13]",[1],6,1,1.984,"[2.995, 0.926]",71.8,77.4,336.8,86.8,195.1,3.9,"[[7.96,3.51,161.5],[7.8,5.01,114.6],[7.84,5.91,102.3],[7.88,5.8,104.3],[7.91,5.79,104.8],[7.43,3.84,134.6]]",370.2
aMal163_TSdh_nn_047_0,4990,-1459.8798,1C4,1S3,-1,-1,"[1_2,2_50,3_6,10_11,11_13]","[3,6]",-1,6,5,2,2,2.2969999999999997,"[0, 0]",163.1,60.0,56.6,173.5,211.4,88.1,0,0,"[[7.16,4.51,114.5],[7.56,3.85,137.2],[5.8,1.97,155.7],[7.54,5.2,108.6],[7.99,4.5,128.7]]","[[[6, 6],'C_O',2.297,'CO']]",[],1C4,4C1,-1,-1,"[1_2,2_50,3_6,9_10,10_11,11_13]","[3,6]",6,2,2.315,"[0, 0]",174.3,75.7,38.9,174.5,160.2,5.8,"[[7.24,4.63,113.6],[7.52,3.74,139.6],[5.85,1.99,155.9],[7.84,5.62,106.4],[7.96,6.04,102.1],[7.47,3.96,132.1]]",384.4
aMal101_TSdh_nn_187_1,1992,-1459.9061,3S1,4C1,-1,-1,"[1_2,3_6,3_0,9_10,10_11,13_7]","[1,2,50]",-1,2,6,2,3,2.253,"[0, 0]",93.2,30.0,25.9,79.2,246.2,2.0,0,0,"[[5.52,1.83,150.5],[7.37,3.27,150.3],[6.94,4.85,104.7],[8.04,5.87,105.4],[8.3,6.02,106.7],[7.75,5.52,106.8]]","[[[2, 2],'C_O',2.253,'CO']]",[],3S1,4C1,-1,-1,"[1_2,3_6,3_0,9_10,10_11]","[1,2,9,50]",5,4,2.259,"[0, 0]",99.5,53.3,31.6,77.5,238.7,5.6,"[[5.69,2.0,150.8],[6.94,2.87,155.3],[7.11,5.13,102.5],[7.59,5.62,103.0],[8.38,6.17,105.4]]",315.3
aMal181_TSdh_nn_153_2,4565,-1459.8845,5S1,5S1,1,2,"[3_6,13_10]","[1,11,0,50]",-1,2,2,2,4,2.238,"[1.856, 0.949]",84.3,120.0,103.8,102.0,84.9,83.9,0,0,"[[8.2,3.94,149.4],[8.22,4.05,146.5]]","[[[1, 1],'H_O',1.856,'OH'],[[2, 2],'C_O',2.238,'CO']]",[],5S1,5S1,1,2,"[3_6,13_10]","[1,11,0,50]",2,4,2.291,"[1.786, 0.955]",89.2,110.7,103.6,102.3,88.8,89.6,"[[7.99,3.83,148.1],[8.08,4.4,132.8]]",372.0
aMal86_TSdh_nn_047_0,5493,-1459.8736,1C4,4C1,-1,-1,"[1_2,2_50,3_6,9_50,10_9,11_10,13_7]","[3,6]",-1,6,7,2,2,2.2969999999999997,"[0, 0]",163.1,60.0,56.6,173.5,208.6,4.6,0,0,"[[7.16,4.51,114.5],[7.56,3.85,137.2],[5.8,1.97,155.7],[7.39,4.99,109.9],[8.31,6.09,105.8],[8.0,5.8,105.8],[7.56,5.44,105.5]]","[[[6, 6],'C_O',2.297,'CO']]",[],1C4,4C1,-1,-1,"[1_2,2_50,3_6,9_50,10_9,13_7]","[3,6]",6,2,2.32,"[0, 0]",174.0,73.4,33.5,175.8,179.7,4.7,"[[7.33,4.76,112.8],[7.61,3.84,138.5],[5.82,1.94,156.8],[7.6,5.64,103.0],[8.45,6.41,103.2],[7.76,5.96,100.8]]",400.7
aMal173_TSdh_nn_018_1,583,-1459.924,OS2,5S1,2,1,"[3_9,11_50,13_10]","[2,11,50]",-1,1,3,2,3,2.835,"[1.756, 0.956]",122.4,180.0,321.6,104.1,84.9,84.1,0,0,"[[9.51,6.25,119.1],[7.83,3.84,144.0],[8.14,4.04,144.5]]","[[[1, 1],'C_O',2.835,'CO'],[[2, 2],'H_O',1.756,'OH']]",[],3E,5S1,2,1,"[2_1,3_6,11_2,13_10]","[1,11,7,50]",4,4,2.6010000000000004,"[1.362, 1.168]",106.9,166.5,359.5,118.0,96.9,91.1,"[[5.83,1.17,162.6],[7.38,3.79,134.8],[6.87,2.89,152.9],[8.25,4.54,132.5]]",268.3
aMal435_TSdh_nn_091_2,5487,-1459.8736,25B,5S1,1,2,"[6_0,11_50,13_10]","[1,11,0,50]",-1,2,3,2,4,2.237,"[1.888, 0.947]",83.0,105.0,106.1,99.2,86.3,86.3,0,0,"[[8.03,5.74,107.1],[7.82,3.85,143.0],[8.05,4.01,143.1]]","[[[1, 1],'H_O',1.888,'OH'],[[2, 2],'C_O',2.237,'CO']]",[],25B,B14,1,2,"[6_0,13_10]","[1,9,11,0,50]",2,5,2.258,"[1.774, 0.958]",91.9,83.6,106.3,98.1,72.7,96.2,"[[8.16,6.02,105.0],[7.42,3.79,136.2]]",400.7
aMal413_TSdh_nn_081_2,1504,-1459.9102,5S1,5S1,1,2,"[2_3,3_6,11_50]","[1,11,0,50]",-1,0,3,2,4,2.0469999999999997,"[2.845, 0.94]",79.1,120.0,87.0,80.0,88.6,87.1,0,0,"[[6.96,4.11,118.6],[7.5,3.67,140.8],[7.85,3.87,143.3]]","[[[0, 1],'C_O',2.047,'bb'],[[1, 1],'H_O',2.845,'OH'],[[2, 2],'C_O',1.782,'CO']]",[],E1,3S1,1,2,[3_6],"[1,9,11,50]",1,4,1.9409999999999998,"[2.277, 0.944]",108.2,62.7,48.9,69.2,18.9,89.2,"[[8.27,3.98,150.0]]",304.6
aMal269_TSdh_nn_094_0,2046,-1459.9055,E1,OS2,1,2,"[9_11,11_13]","[1,9,50]",-1,2,2,1,3,1.9380000000000002,"[2.459, 0.941]",103.5,60.0,51.0,61.3,332.1,91.0,0,0,"[[8.34,4.2,144.0],[8.31,4.76,128.3]]","[[[1, 1],'H_O',2.459,'OH'],[[2, 2],'C_O',1.938,'CO']]",[],E1,OS2,1,2,"[9_11,11_13]","[1,9,50]",2,3,1.959,"[2.226, 0.948]",140.0,55.6,49.8,63.0,326.8,95.6,"[[7.81,3.89,140.9],[8.36,4.97,124.7]]",316.9
aMal239_TSdh_nn_278_1,5808,-1459.8692,2SO,4C1,1,2,"[3_2,9_50,10_11]","[1,0]",-1,2,3,0,2,2.349,"[1.82, 0.959]",67.9,45.0,164.3,89.1,277.2,1.8,0,0,"[[8.64,5.55,118.3],[7.4,5.21,106.8],[8.11,5.67,109.2]]","[[[1, 1],'H_O',1.82,'OH'],[[2, 2],'C_O',2.349,'CO']]",[],B3O,4C1,1,2,"[3_2,9_50,10_11]","[1,0]",3,2,2.354,"[1.824, 0.955]",97.7,62.1,168.3,87.7,280.1,7.9,"[[8.56,5.42,119.5],[7.43,5.48,103.2],[8.2,5.89,107.1]]",412.2
aMal4_TSdh_nn_127_2,1214,-1459.9127,E1,3S1,1,2,"[3_6,13_7]","[1,11,50]",-1,2,2,1,3,1.9769999999999999,"[2.292, 0.943]",91.9,135.0,50.1,69.5,27.0,87.5,0,0,"[[8.11,3.87,149.7],[7.42,5.1,108.8]]","[[[1, 1],'H_O',2.292,'OH'],[[2, 2],'C_O',1.977,'CO']]",[],E1,3S1,1,2,[3_6],"[1,9,11,50]",1,4,2.001,"[2.085, 0.952]",106.9,63.5,45.8,70.3,18.7,88.5,"[[8.18,3.87,152.0]]",298.0
aMal192_TSdh_nn_161_2,391,-1459.9295,3E,OS2,2,1,"[2_1,3_6,9_2,9_50,11_13]","[1,2,50]",-1,1,5,3,3,2.383,"[1.275, 1.264]",96.8,150.0,352.5,109.1,319.8,89.0,0,0,"[[5.46,1.26,153.5],[7.98,3.87,146.5],[9.04,4.49,152.4],[6.77,4.29,112.7],[7.93,4.24,134.0]]","[[[1, 1],'C_O',2.383,'CO'],[[2, 2],'H_O',1.275,'OH']]",[],3E,3S1,2,1,"[2_1,3_6,9_2]","[1,2,9,11,50]",3,5,2.369,"[1.355, 1.169]",84.9,89.0,353.8,116.0,23.0,89.9,"[[5.61,1.17,152.9],[7.54,3.61,144.4],[7.43,3.62,140.2]]",253.9
aMal220_TSdh_nn_181_2,6453,-1459.8525,1HO,1S3,1,2,[2_50],"[1,2,0]",-1,2,1,1,3,2.274,"[3.547, 0.93]",163.0,180.0,191.8,153.0,207.2,87.7,0,0,"[[7.54,3.53,146.4]]","[[[1, 1],'H_O',3.547,'OH'],[[2, 2],'C_O',2.274,'CO']]",[],EO,2SO,1,2,"[2_50,9_10]","[1,2,0]",2,3,2.299,"[3.58, 0.927]",133.6,157.3,188.2,156.6,162.7,85.1,"[[7.18,3.2,149.3],[7.24,4.8,110.9]]",456.0
aMal291_TSdh_nn_273_0,3695,-1459.8916,4C1,5S1,1,2,[11_50],"[1,6]",-1,2,1,1,2,2.056,"[2.33, 0.946]",69.4,60.0,28.6,16.3,87.2,89.1,0,0,"[[7.74,3.76,144.2]]","[[[1, 1],'H_O',2.33,'OH'],[[2, 2],'C_O',2.056,'CO']]",[],4C1,5S1,1,2,"[3_9,11_50]","[1,6]",2,2,2.09,"[2.349, 0.938]",108.3,110.8,23.5,20.7,89.3,88.0,"[[7.91,3.46,165.9],[7.77,3.76,145.3]]",353.4
aMal174_TSdh_nn_047_1,5502,-1459.8734,1C4,1C4,-1,-1,"[1_2,2_50,3_6,11_9,13_10]","[3,6]",-1,6,5,3,2,2.2969999999999997,"[0, 0]",163.1,345.0,56.6,173.5,225.9,173.7,0,0,"[[7.16,4.51,114.5],[7.56,3.85,137.2],[5.8,1.97,155.7],[8.21,4.71,127.8],[7.66,3.63,147.5]]","[[[6, 6],'C_O',2.297,'CO']]",[],1C4,1C4,-1,-1,"[1_2,2_50,3_6,9_0,11_9,13_10]","[3,6]",6,2,2.345,"[0, 0]",169.7,2.7,71.8,175.4,258.3,175.6,"[[7.2,4.56,114.3],[7.51,3.7,140.7],[5.79,1.93,156.0],[7.65,4.36,125.6],[7.74,3.88,140.5],[7.5,3.64,142.7]]",401.2
aMal175_TSdh_nn_260_0,3158,-1459.8956,4E,OS2,2,1,"[2_1,9_50,11_9,13_11]","[1,2]",-1,1,4,2,2,2.378,"[1.216, 1.376]",55.8,45.0,229.3,41.4,328.8,91.2,0,0,"[[5.41,1.38,153.5],[6.73,4.3,112.0],[8.81,5.25,126.5],[8.86,4.78,138.5]]","[[[1, 1],'C_O',2.378,'CO'],[[2, 2],'H_O',1.216,'OH']]",[],E3,OS2,-1,-1,"[2_1,3_7,11_9,13_11]","[1,2,3]",4,3,2.5660000000000003,"[0, 0]",63.8,31.9,178.5,51.1,327.0,92.3,"[[5.5,1.85,148.7],[7.63,4.0,133.8],[8.76,5.27,125.2],[9.04,5.22,130.9]]",342.9
aMal206_TSdh_nn_012_1,1160,-1459.9133,4H5,5S1,2,1,"[3_50,11_50]","[2,3]",-1,1,2,1,2,2.55,"[2.227, 0.935]",160.2,150.0,255.7,43.3,87.4,86.8,0,0,"[[7.98,5.75,106.2],[7.91,3.94,142.3]]","[[[1, 1],'C_O',2.55,'CO'],[[2, 2],'H_O',2.227,'OH']]",[],4H5,5S1,2,1,"[3_9,3_50,10_13,11_50]","[2,3]",4,2,2.614,"[2.19, 0.937]",122.4,103.3,256.2,41.5,82.6,84.1,"[[8.09,3.49,173.5],[8.24,6.15,103.4],[8.05,4.06,141.5],[7.91,3.97,141.9]]",296.4
aMal474_TSdh_nn_184_0,3874,-1459.8902,3S1,OS2,1,2,"[1_2,3_0,6_0,9_50,10_7,11_9]","[1,2,9,50]",-1,2,6,1,4,2.164,"[1.388, 1.126]",87.0,60.0,16.2,77.1,340.9,95.6,0,0,"[[5.53,1.13,147.3],[6.62,3.6,123.9],[7.9,6.11,100.4],[6.53,4.04,113.6],[7.91,5.25,112.9],[7.65,3.99,134.9]]","[[[1, 1],'H_O',1.388,'OH'],[[2, 2],'C_O',2.164,'CO']]",[],3S1,OS2,1,2,"[1_2,3_0,9_11,10_13,10_7]","[1,2,9,50]",5,4,2.157,"[1.355, 1.159]",147.3,51.2,18.4,75.3,334.9,103.4,"[[5.5,1.16,148.9],[6.62,3.58,124.2],[7.07,3.29,143.3],[9.76,4.96,153.5],[8.09,6.02,103.8]]",357.1
aMal384_TSdh_nn_067_1,3453,-1459.8933,4C1,OS2,3,2,"[9_50,11_9,13_11]","[3,9,50]",3,2,3,1,3,2.116,"[2.406, 0.94]",278.6,45.0,151.5,10.5,329.1,91.4,0,0,"[[6.74,4.34,111.4],[8.68,5.1,127.3],[8.87,4.73,139.9]]","[[[3, 4],'C_C',1.762,'bb'],[[2, 2],'C_O',2.116,'CO'],[[3, 3],'H_O',2.406,'OH']]",[],4C1,OS2,3,2,"[9_11,11_13]","[3,9,50]",2,3,2.1069999999999998,"[2.31, 0.944]",264.3,48.6,146.5,10.7,327.4,96.1,"[[7.73,3.81,141.5],[8.55,5.19,123.4]]",348.9
aMal398_TSdh_nn_177_2,4647,-1459.8837,5S1,1S3,1,2,"[6_3,10_11]","[1,0,50]",-1,2,2,0,3,2.239,"[1.808, 0.958]",92.6,165.0,104.5,99.7,211.9,87.3,0,0,"[[8.95,5.09,132.3],[7.65,5.41,107.0]]","[[[1, 1],'H_O',1.808,'OH'],[[2, 2],'C_O',2.239,'CO']]",[],5S1,B3O,1,2,"[3_9,6_3,9_10]","[1,0,50]",3,3,2.323,"[1.781, 0.958]",116.8,167.2,104.2,98.9,165.5,81.9,"[[8.91,5.37,125.6],[8.74,4.74,137.0],[7.08,4.51,113.6]]",374.1
aMal244_TSdh_nn_072_2,2632,-1459.9001,5S1,3S1,1,2,"[1_2,9_1,9_50,11_50]","[1,11,0,50]",-1,2,4,3,4,2.104,"[1.477, 1.059]",77.0,90.0,101.5,97.8,43.5,88.4,0,0,"[[5.8,1.06,147.4],[10.82,5.77,152.8],[7.12,4.72,110.7],[7.69,3.72,144.7]]","[[[1, 1],'H_O',1.477,'OH'],[[2, 2],'C_O',2.104,'CO']]",[],5S1,5S1,1,2,"[6_3,9_1,10_13]","[1,11,0,50]",3,4,2.089,"[1.696, 0.986]",77.4,103.7,98.8,93.4,84.7,95.8,"[[7.07,4.67,110.6],[8.41,3.78,166.4],[8.38,4.03,151.5]]",331.1
aMal282_TSdh_nn_025_0,558,-1459.9248,3E,1S3,2,1,"[2_1,9_50,11_10]","[1,2,9,50]",-1,1,3,1,4,2.296,"[1.327, 1.192]",151.5,30.0,11.7,115.1,217.9,86.8,0,0,"[[5.5,1.19,151.4],[6.84,4.32,113.4],[7.51,5.17,108.9]]","[[[1, 1],'C_O',2.296,'CO'],[[2, 2],'H_O',1.327,'OH']]",[],3H4,1S3,2,1,"[2_1,13_6]","[1,2,9,50]",2,4,2.295,"[1.329, 1.192]",147.5,75.4,20.9,121.7,223.8,94.1,"[[5.51,1.19,151.4],[7.84,3.49,162.0]]",266.2
aMal80_TSdh_nn_179_0,4497,-1459.8852,4C1,5S1,1,2,"[9_50,11_50]","[1,6,0]",-1,2,2,1,3,2.391,"[1.936, 0.947]",64.2,60.0,278.7,18.4,87.4,90.1,0,0,"[[7.63,5.32,108.0],[7.99,3.9,146.0]]","[[[1, 1],'H_O',1.936,'OH'],[[2, 2],'C_O',2.391,'CO']]",[],E5,5S1,1,2,"[3_9,11_50]","[1,6,0]",2,3,2.421,"[1.913, 0.941]",118.4,101.2,298.3,31.0,89.0,89.7,"[[8.35,3.75,166.7],[7.78,3.74,146.4]]",370.2
aMal259_TSdh_nn_329_0,5583,-1459.8723,4C1,5S1,2,3,[9_50],"[1,2]",1,3,1,0,2,2.24,"[3.049, 0.931]",92.2,60.0,169.3,8.0,83.3,89.3,0,0,"[[7.67,5.02,113.5]]","[[[1, 2],'C_C',1.724,'bb'],[[2, 2],'H_O',3.049,'OH'],[[3, 3],'C_O',2.24,'CO']]",[],4C1,5S1,2,3,"[9_50,11_6]","[1,2]",2,2,2.386,"[2.266, 0.935]",72.2,43.3,129.2,14.8,86.0,89.0,"[[7.56,5.69,101.7],[8.5,5.52,117.0]]",404.1
aMal406_TSdh_nn_184_2,5199,-1459.8775,3S1,3OB,1,2,"[1_2,3_0,6_0,9_2,9_11,10_7]","[1,2,11,50]",-1,2,6,1,4,2.164,"[1.388, 1.126]",87.0,135.0,16.2,77.1,14.7,90.7,0,0,"[[5.53,1.13,147.3],[6.62,3.6,123.9],[7.9,6.11,100.4],[6.17,2.93,134.4],[8.25,5.02,122.1],[7.79,4.69,121.3]]","[[[1, 1],'H_O',1.388,'OH'],[[2, 2],'C_O',2.164,'CO']]",[],3OB,3S1,-1,-1,"[1_2,3_0,9_2,9_11,10_7]","[1,2,11,50]",5,4,2.247,"[0, 0]",90.3,130.3,12.5,76.6,16.3,92.8,"[[5.63,1.89,153.2],[6.56,3.73,119.7],[7.82,3.55,154.5],[9.29,6.32,114.3],[8.19,5.16,118.7]]",390.4
aMal228_TSdh_nn_047_1,6226,-1459.8624,1C4,5S1,-1,-1,"[1_2,2_50,3_6]","[3,6]",-1,6,3,2,2,2.2969999999999997,"[0, 0]",163.1,195.0,56.6,173.5,86.0,84.4,0,0,"[[7.16,4.51,114.5],[7.56,3.85,137.2],[5.8,1.97,155.7]]","[[[6, 6],'C_O',2.297,'CO']]",[],1C4,5S1,-1,-1,"[1_2,2_50,3_6]","[3,6]",3,2,2.3169999999999997,"[0, 0]",185.9,183.1,61.8,175.1,85.2,80.6,"[[7.18,4.53,114.5],[7.58,3.82,138.2],[5.9,2.07,154.8]]",430.1
aMal378_TSdh_nn_094_0,808,-1459.9179,E1,4C1,1,2,"[9_50,10_9,11_10,13_7]","[1,50]",-1,2,4,0,2,1.9380000000000002,"[2.459, 0.941]",103.5,60.0,51.0,61.3,232.7,4.9,0,0,"[[7.37,4.96,110.1],[8.33,6.12,105.6],[7.92,5.61,107.5],[7.65,5.53,105.3]]","[[[1, 1],'H_O',2.459,'OH'],[[2, 2],'C_O',1.938,'CO']]",[],E1,4C1,1,2,"[3_6,9_10,10_11]","[1,9,50]",3,3,1.989,"[2.179, 0.947]",88.0,55.5,49.4,69.1,276.4,8.7,"[[8.19,3.91,150.2],[7.69,5.84,101.3],[8.08,6.1,102.7]]",284.3
aMal19_TSdh_nn_161_0,271,-1459.932,3E,4C1,2,1,"[2_1,3_6,9_10,10_11,11_13]","[1,2,9,50]",-1,1,5,2,4,2.383,"[1.275, 1.264]",96.8,60.0,352.5,109.1,260.5,7.4,0,0,"[[5.46,1.26,153.5],[7.98,3.87,146.5],[8.1,5.88,106.0],[8.02,5.81,105.9],[9.33,6.42,114.0]]","[[[1, 1],'C_O',2.383,'CO'],[[2, 2],'H_O',1.275,'OH']]",[],3E,4C1,2,1,"[2_1,3_6,9_10,10_11]","[1,2,9,50]",4,4,2.346,"[1.322, 1.202]",76.6,48.0,352.6,112.8,215.9,7.3,"[[5.51,1.2,151.9],[7.81,3.68,149.4],[7.51,5.29,106.8],[8.12,6.1,103.2]]",247.3
aMal406_TSdh_nn_020_2,2591,-1459.9006,5S1,3OB,1,2,"[1_2,1_9,6_3,9_1,9_11,10_7]","[1,11,0,50]",-1,2,6,2,4,2.099,"[1.424, 1.091]",78.3,135.0,104.2,102.2,14.7,90.7,0,0,"[[5.69,1.09,149.8],[10.18,5.53,113.0],[6.58,4.38,108.2],[10.18,5.56,144.2],[8.25,5.02,122.1],[7.79,4.69,121.3]]","[[[1, 1],'H_O',1.424,'OH'],[[2, 2],'C_O',2.099,'CO']]",[],25B,3S1,1,2,"[1_2,6_3,9_11,10_7]","[1,11,0,50]",4,4,2.116,"[1.384, 1.12]",96.4,124.2,107.7,103.2,18.2,92.0,"[[5.6,1.12,151.2],[6.56,4.19,111.1],[9.16,5.74,122.5],[8.15,5.15,118.2]]",329.8
aMal80_TSdh_nn_340_0,5314,-1459.8759,B3O,5S1,3,2,"[2_1,9_50,11_50]","[3,11,50]",3,2,3,1,3,2.023,"[2.855, 0.933]",273.9,120.0,167.4,80.7,87.4,90.1,0,0,"[[6.71,4.24,112.5],[7.63,5.32,108.0],[7.99,3.9,146.0]]","[[[3, 4],'C_C',1.846,'bb'],[[2, 2],'C_O',2.023,'CO'],[[3, 3],'H_O',2.855,'OH']]",[],B3O,25B,3,2,"[2_1,6_0,9_50]","[3,11,7,50]",3,4,2.004,"[2.629, 0.938]",289.5,105.3,164.7,77.5,116.0,95.5,"[[6.95,4.45,112.5],[8.39,6.28,104.1],[7.38,5.37,104.0]]",394.6
aMal439_TSdh_nn_116_1,5444,-1459.8745,5S1,3S1,3,6,"[1_50,2_1,3_6,9_50,10_13,11_50]","[2,3]",-1,6,6,4,2,2.221,"[1.518, 1.069]",79.2,45.0,83.4,88.7,34.6,86.1,0,0,"[[7.67,3.64,146.4],[8.67,6.29,107.3],[6.4,1.07,164.7],[7.09,4.77,109.4],[7.98,3.54,164.2],[7.91,3.93,143.0]]","[[[3, 3],'H_O',1.518,'OH'],[[6, 6],'C_O',2.221,'CO']]",[],5S1,5S1,3,6,"[1_9,1_50,2_1,3_6,10_13]","[2,3]",5,2,2.2119999999999997,"[1.495, 1.081]",94.2,61.5,84.3,91.0,87.3,82.5,"[[9.52,4.95,146.6],[7.58,3.86,136.2],[8.36,5.87,109.4],[6.35,1.08,167.3],[8.23,4.27,139.2]]",398.3
aMal231_TSdh_nn_329_0,4197,-1459.8876,4C1,1C4,2,3,[9_11],"[1,2]",1,3,1,1,2,2.24,"[3.049, 0.931]",92.2,60.0,169.3,8.0,249.2,168.1,0,0,"[[8.06,4.19,137.9]]","[[[1, 2],'C_C',1.724,'bb'],[[2, 2],'H_O',3.049,'OH'],[[3, 3],'C_O',2.24,'CO']]",[],4C1,1C4,2,3,"[9_11,13_10]","[1,2]",2,2,2.26,"[3.943, 0.947]",88.8,50.2,137.9,16.3,263.2,171.0,"[[7.8,4.06,135.9],[7.61,3.57,147.7]]",363.9
aMal129_TSdh_nn_047_0,5815,-1459.8691,1C4,3S1,-1,-1,"[1_2,2_11,2_50,3_6,9_50]","[3,6]",-1,6,5,2,2,2.2969999999999997,"[0, 0]",163.1,60.0,56.6,173.5,30.8,89.7,0,0,"[[7.16,4.51,114.5],[9.79,5.84,130.2],[7.56,3.85,137.2],[5.8,1.97,155.7],[7.14,4.34,117.7]]","[[[6, 6],'C_O',2.297,'CO']]",[],1C4,3S1,-1,-1,"[1_2,2_11,2_50,3_6,9_11]","[3,6]",5,2,2.3209999999999997,"[0, 0]",173.3,77.3,20.9,174.9,24.6,93.8,"[[7.25,4.59,114.4],[8.16,4.04,144.5],[7.82,4.3,129.5],[5.92,2.07,155.2],[8.83,5.35,124.7]]",412.5
aMal112_TSdh_nn_181_0,6323,-1459.8598,1HO,1C4,1,2,"[2_50,9_50,11_9,13_7]","[1,2,0]",-1,2,4,2,3,2.274,"[3.547, 0.93]",163.0,60.0,191.8,153.0,260.9,174.8,0,0,"[[7.54,3.53,146.4],[7.28,4.78,111.8],[7.88,4.05,138.1],[7.87,5.26,112.4]]","[[[1, 1],'H_O',3.547,'OH'],[[2, 2],'C_O',2.274,'CO']]",[],EO,1C4,1,2,"[2_50,11_9]","[1,2,0]",2,3,2.359,"[3.611, 0.927]",167.7,89.7,188.8,152.1,227.8,172.0,"[[7.63,3.53,149.1],[8.04,4.24,136.0]]",436.9
aMal433_TSdh_nn_153_2,4770,-1459.8825,5S1,5S1,1,2,"[3_6,11_1,13_7]","[1,11,0,50]",-1,2,3,1,4,2.238,"[1.856, 0.949]",84.3,165.0,103.8,102.0,85.9,81.3,0,0,"[[8.2,3.94,149.4],[8.15,6.11,103.5],[7.34,4.75,113.3]]","[[[1, 1],'H_O',1.856,'OH'],[[2, 2],'C_O',2.238,'CO']]",[],5S1,5S1,1,2,"[3_6,13_7]","[1,11,0,50]",2,4,2.2640000000000002,"[1.757, 0.959]",123.1,143.7,102.8,103.6,103.2,85.3,"[[7.86,3.72,149.3],[7.72,5.56,105.8]]",377.3
aMal220_TSdh_nn_332_2,5790,-1459.8696,1S3,1S3,1,2,[],"[1,0]",-1,2,0,0,2,2.1069999999999998,"[2.198, 0.942]",67.6,135.0,196.4,87.7,207.2,87.7,0,0,[],"[[[1, 1],'H_O',2.198,'OH'],[[2, 2],'C_O',2.107,'CO']]",[],1S3,2SO,1,2,"[3_9,3_50,9_10,13_6,13_7]","[1,0]",5,2,2.16,"[2.017, 0.947]",140.0,118.6,195.0,88.5,163.4,83.8,"[[8.18,3.61,167.4],[8.05,5.94,104.2],[7.28,4.79,111.7],[9.16,4.79,144.5],[7.41,4.75,114.3]]",411.2
aMal11_TSdh_nn_108_1,5844,-1459.8687,5H4,1S3,1,2,"[3_6,10_11,13_3,13_7]","[1,0]",-1,2,4,1,2,2.08,"[2.053, 0.953]",63.1,30.0,94.7,143.9,209.0,88.7,0,0,"[[7.5,3.44,150.2],[7.53,5.33,106.6],[7.7,4.14,132.1],[7.72,5.26,110.3]]","[[[1, 1],'H_O',2.053,'OH'],[[2, 2],'C_O',2.08,'CO']]",[],5E,1S3,1,2,"[3_6,10_11,13_3]","[1,0]",3,2,2.1919999999999997,"[1.886, 0.956]",64.8,33.7,118.2,128.3,206.3,87.7,"[[7.88,4.01,139.1],[7.56,5.55,103.8],[9.69,4.67,168.6]]",413.5
aMal220_TSdh_nn_001_1,674,-1459.9213,3H4,1S3,2,1,[2_1],"[1,2,50]",-1,1,1,1,3,2.267,"[1.282, 1.257]",167.5,345.0,33.3,120.5,207.2,87.7,0,0,"[[5.43,1.26,151.8]]","[[[1, 1],'C_O',2.267,'CO'],[[2, 2],'H_O',1.282,'OH']]",[],3E,1S3,2,1,"[2_1,9_10,10_11]","[1,2,9,50]",3,4,2.3080000000000003,"[1.348, 1.169]",141.7,54.8,357.3,113.8,195.7,87.8,"[[5.53,1.17,151.0],[7.9,5.51,108.6],[7.73,5.79,102.5]]",275.4
aMal454_TSdh_nn_073_1,4375,-1459.8862,1S3,3S1,3,2,"[1_2,9_11,10_7,11_50]","[3,9,11,50]",3,2,4,0,4,2.136,"[2.377, 0.941]",166.4,105.0,197.5,75.2,20.2,92.0,0,0,"[[7.75,5.56,106.0],[8.29,4.66,130.2],[8.01,4.95,119.7],[8.07,4.35,133.9]]","[[[3, 4],'C_C',1.726,'bb'],[[2, 2],'C_O',2.136,'CO'],[[3, 3],'H_O',2.377,'OH']]",[],B3O,3S1,3,2,"[1_2,10_7]","[3,9,11,50]",2,4,2.17,"[2.115, 0.951]",180.3,89.6,189.6,76.9,19.2,88.2,"[[7.84,4.99,116.4],[8.25,5.24,118.1]]",367.6
aMal88_TSdh_nn_072_2,681,-1459.9211,5S1,5S1,1,2,"[1_2,13_10]","[1,11,0,50]",-1,2,2,2,4,2.104,"[1.477, 1.059]",77.0,120.0,101.5,97.8,86.2,88.4,0,0,"[[5.8,1.06,147.4],[8.96,4.75,141.2]]","[[[1, 1],'H_O',1.477,'OH'],[[2, 2],'C_O',2.104,'CO']]",[],5E,3S1,-1,-1,"[1_2,6_3,9_2]","[1,9,11,0,50]",3,5,2.17,"[0, 0]",75.6,94.1,109.1,108.3,21.0,89.4,"[[5.51,1.76,153.3],[6.1,3.63,114.4],[7.4,3.23,155.2]]",275.9
aMal100_TSdh_nn_161_1,529,-1459.9254,3E,3S1,2,1,"[2_1,3_6,9_11,11_50,13_7]","[1,2,9,50]",-1,1,5,2,4,2.383,"[1.275, 1.264]",96.8,45.0,352.5,109.1,24.7,92.6,0,0,"[[5.46,1.26,153.5],[7.98,3.87,146.5],[8.63,4.92,130.3],[7.83,4.12,135.0],[7.5,5.31,106.5]]","[[[1, 1],'C_O',2.383,'CO'],[[2, 2],'H_O',1.275,'OH']]",[],3E,OS2,2,1,"[2_1,3_6,9_11]","[1,2,9,50]",3,4,2.356,"[1.321, 1.201]",108.6,58.5,352.4,113.7,337.0,93.5,"[[5.51,1.2,152.4],[7.83,3.65,151.5],[7.7,3.65,146.6]]",264.7
aMal29_TSdh_nn_273_1,3744,-1459.8911,4C1,OS2,1,2,"[9_11,13_3,13_7]","[1,6]",-1,2,3,2,2,2.056,"[2.33, 0.946]",69.4,15.0,28.6,16.3,332.9,91.5,0,0,"[[8.41,4.22,145.1],[9.99,4.97,162.1],[7.73,5.43,107.9]]","[[[1, 1],'H_O',2.33,'OH'],[[2, 2],'C_O',2.056,'CO']]",[],4C1,OS2,1,2,"[3_2,9_11,13_3,13_7]","[1,6]",4,2,2.069,"[2.194, 0.95]",110.5,320.8,24.1,15.6,322.1,97.9,"[[8.6,6.31,106.3],[8.32,4.23,142.5],[8.81,4.34,151.5],[7.79,5.67,105.1]]",354.7
aMal130_TSdh_nn_184_2,3585,-1459.8925,3S1,OS2,1,2,"[1_2,3_0,6_0,9_2,9_50,11_9,13_7]","[1,2,50]",-1,2,7,1,3,2.164,"[1.388, 1.126]",87.0,165.0,16.2,77.1,330.8,92.7,0,0,"[[5.53,1.13,147.3],[6.62,3.6,123.9],[7.9,6.11,100.4],[6.24,3.2,127.6],[6.69,4.27,112.1],[8.35,4.75,129.4],[7.81,5.63,105.9]]","[[[1, 1],'H_O',1.388,'OH'],[[2, 2],'C_O',2.164,'CO']]",[],3S1,OS2,-1,-1,"[1_2,3_0,6_0,9_2,9_50,11_9]","[1,2,13,7,50]",6,5,2.233,"[0, 0]",96.8,171.3,24.0,83.1,321.7,95.4,"[[5.67,1.84,158.1],[6.46,3.63,120.3],[7.79,5.92,101.6],[7.27,2.92,171.5],[8.03,5.8,105.0],[8.99,5.4,126.3]]",351.0
aMal211_TSdh_nn_184_0,3800,-1459.8907,3S1,B14,1,2,"[1_2,3_0,6_0,10_13,11_50]","[1,2,50]",-1,2,5,3,3,2.164,"[1.388, 1.126]",87.0,60.0,16.2,77.1,70.5,81.5,0,0,"[[5.53,1.13,147.3],[6.62,3.6,123.9],[7.9,6.11,100.4],[8.28,4.06,147.5],[7.62,3.72,143.0]]","[[[1, 1],'H_O',1.388,'OH'],[[2, 2],'C_O',2.164,'CO']]",[],3S1,5S1,1,2,"[1_2,3_0,6_0,10_13]","[1,9,50]",4,3,2.176,"[1.475, 1.056]",60.7,32.1,24.8,79.0,86.3,84.5,"[[5.89,1.06,151.4],[6.64,3.57,124.8],[7.85,5.87,103.1],[8.14,4.18,139.8]]",355.8
aMal17_TSdh_nn_047_0,6025,-1459.8663,1C4,3S1,-1,-1,"[1_2,2_11,2_50,3_6,10_7,11_2,11_50]","[3,6]",-1,6,7,4,2,2.2969999999999997,"[0, 0]",163.1,105.0,56.6,173.5,23.0,89.6,0,0,"[[7.16,4.51,114.5],[9.43,5.27,136.8],[7.56,3.85,137.2],[5.8,1.97,155.7],[8.31,5.21,119.6],[9.43,5.95,122.7],[8.29,4.31,139.7]]","[[[6, 6],'C_O',2.297,'CO']]",[],1C4,3S1,-1,-1,"[1_2,2_11,2_50,3_6,9_11,10_7]","[3,6]",6,2,2.325,"[0, 0]",174.0,79.0,26.4,174.9,20.0,93.2,"[[7.22,4.57,114.4],[8.38,4.22,143.9],[7.85,4.32,129.8],[5.91,2.05,155.3],[8.42,4.89,127.7],[8.35,5.3,118.6]]",419.8
aMal218_TSdh_nn_340_1,5642,-1459.8714,B3O,OS2,3,2,"[2_1,9_11,10_7]","[3,50]",3,2,3,1,2,2.023,"[2.855, 0.933]",273.9,135.0,167.4,80.7,341.4,91.3,0,0,"[[6.71,4.24,112.5],[7.84,3.78,146.1],[7.76,4.59,122.9]]","[[[3, 4],'C_C',1.846,'bb'],[[2, 2],'C_O',2.023,'CO'],[[3, 3],'H_O',2.855,'OH']]",[],B3O,OS2,3,2,"[2_1,9_11,10_7,11_13]","[3,7,50]",4,3,2.0780000000000003,"[2.799, 0.932]",300.0,155.0,191.5,73.6,335.7,91.9,"[[6.71,4.1,115.2],[8.13,4.09,142.4],[8.08,5.11,118.1],[8.51,5.26,121.5]]",406.4
aMal39_TSdh_nn_260_2,3646,-1459.8919,4E,1S3,2,1,"[2_1,9_50,11_10,13_7]","[1,2]",-1,1,4,1,2,2.378,"[1.216, 1.376]",55.8,135.0,229.3,41.4,211.6,88.1,0,0,"[[5.41,1.38,153.5],[6.82,4.32,113.0],[7.49,5.11,109.3],[7.99,5.54,109.7]]","[[[1, 1],'C_O',2.378,'CO'],[[2, 2],'H_O',1.216,'OH']]",[],E3,1S3,-1,-1,"[2_1,9_50,11_10]","[1,2,3]",3,3,2.528,"[0, 0]",113.7,51.6,179.2,49.8,206.8,91.0,"[[5.51,1.86,148.3],[7.15,5.37,101.1],[7.54,5.25,107.9]]",352.6
aMal465_TSdh_nn_047_2,6260,-1459.8618,1C4,5S1,-1,-1,"[1_2,2_50,3_6]","[3,6]",-1,6,3,2,2,2.2969999999999997,"[0, 0]",163.1,180.0,56.6,173.5,83.1,83.7,0,0,"[[7.16,4.51,114.5],[7.56,3.85,137.2],[5.8,1.97,155.7]]","[[[6, 6],'C_O',2.297,'CO']]",[],1C4,5S1,-1,-1,"[1_2,2_50,3_6,10_13]","[3,6]",4,2,2.316,"[0, 0]",178.9,190.9,48.5,175.6,83.2,87.9,"[[7.18,4.53,114.4],[7.56,3.8,138.7],[5.94,2.12,154.0],[8.58,4.2,150.1]]",431.6
aMal231_TSdh_nn_047_0,5399,-1459.8752,1C4,1C4,-1,-1,"[1_2,2_50,3_6,9_11]","[3,6]",-1,6,4,3,2,2.2969999999999997,"[0, 0]",163.1,60.0,56.6,173.5,249.2,168.1,0,0,"[[7.16,4.51,114.5],[7.56,3.85,137.2],[5.8,1.97,155.7],[8.06,4.19,137.9]]","[[[6, 6],'C_O',2.297,'CO']]",[],1C4,1C4,-1,-1,"[1_2,2_50,3_6,9_11,13_10]","[3,6]",5,2,2.334,"[0, 0]",177.1,59.0,8.2,174.5,275.8,172.1,"[[7.34,4.71,113.8],[7.48,3.9,133.6],[5.97,2.1,155.0],[7.94,4.17,135.8],[7.64,3.73,142.8]]",396.5
aMal52_TSdh_nn_280_0,2906,-1459.8978,4C1,1C4,1,2,"[2_3,9_50,11_9]","[1,13]",-1,2,3,1,2,2.009,"[2.985, 0.93]",291.1,75.0,53.7,20.2,221.6,175.0,0,0,"[[7.15,4.52,114.2],[7.3,4.76,112.4],[7.97,4.14,137.6]]","[[[1, 1],'H_O',2.985,'OH'],[[2, 2],'C_O',2.009,'CO']]",[],4C1,1C4,1,2,"[2_3,9_50,11_9]","[1,13]",3,2,1.975,"[3.044, 0.928]",289.2,73.4,59.3,18.0,304.2,176.3,"[[7.04,4.18,119.0],[7.17,5.11,105.1],[7.7,3.92,138.2]]",337.1
aMal13_TSdh_nn_123_0,5929,-1459.8677,2SO,OS2,2,3,"[9_11,13_7]","[1,2]",1,3,2,1,2,2.13,"[2.158, 0.95]",86.8,60.0,157.0,79.2,334.9,92.5,0,0,"[[8.0,3.97,143.7],[7.48,5.23,107.3]]","[[[1, 2],'C_C',1.768,'bb'],[[2, 2],'H_O',2.158,'OH'],[[3, 3],'C_O',2.13,'CO']]",[],2SO,OS2,2,3,"[9_11,13_7]","[1,2]",2,2,2.1830000000000003,"[2.156, 0.946]",105.3,61.0,154.7,79.4,327.1,93.9,"[[8.24,4.38,136.5],[7.81,5.77,103.9]]",416.1
aMal277_TSdh_nn_127_2,925,-1459.9157,E1,1C4,1,2,"[3_6,9_50,11_9]","[1,50]",-1,2,3,2,2,1.9769999999999999,"[2.292, 0.943]",91.9,165.0,50.1,69.5,274.7,177.5,0,0,"[[8.11,3.87,149.7],[7.2,4.7,112.0],[7.8,3.95,139.2]]","[[[1, 1],'H_O',2.292,'OH'],[[2, 2],'C_O',1.977,'CO']]",[],3S1,1C4,1,2,"[3_6,10_13]","[1,9,11,7]",2,4,2.019,"[1.998, 0.957]",163.2,73.0,42.2,72.8,96.6,172.7,"[[7.86,3.62,153.4],[8.39,5.06,123.5]]",290.1
aMal270_TSdh_nn_116_0,6196,-1459.8629,5S1,3S1,3,6,"[1_50,2_1,3_6,9_11,10_7,11_50]","[2,3]",-1,6,6,2,2,2.221,"[1.518, 1.069]",79.2,60.0,83.4,88.7,19.2,92.4,0,0,"[[7.67,3.64,146.4],[8.67,6.29,107.3],[6.4,1.07,164.7],[7.96,4.34,131.9],[8.07,5.01,119.6],[8.35,4.95,125.1]]","[[[3, 3],'H_O',1.518,'OH'],[[6, 6],'C_O',2.221,'CO']]",[],5S1,3S1,3,6,"[1_9,1_50,2_1,3_6,10_7,11_9,11_50]","[2,3]",7,2,2.214,"[1.519, 1.067]",94.6,58.7,85.2,90.1,23.7,90.7,"[[9.12,4.6,148.7],[7.75,3.94,137.7],[8.45,5.98,108.9],[6.43,1.07,166.5],[8.57,5.54,117.7],[9.71,5.49,136.8],[8.15,5.17,118.0]]",428.7
aMal17_TSdh_nn_184_1,3935,-1459.8896,3S1,3S1,1,2,"[1_2,3_0,6_0,10_7,11_50]","[1,2,9,50]",-1,2,5,2,4,2.164,"[1.388, 1.126]",87.0,45.0,16.2,77.1,23.0,89.6,0,0,"[[5.53,1.13,147.3],[6.62,3.6,123.9],[7.9,6.11,100.4],[8.31,5.21,119.6],[8.29,4.31,139.7]]","[[[1, 1],'H_O',1.388,'OH'],[[2, 2],'C_O',2.164,'CO']]",[],3S1,3S1,1,2,"[1_2,3_0,6_0,10_7]","[1,2,9,11,50]",4,5,2.18,"[1.435, 1.083]",112.4,65.0,20.0,77.0,18.7,89.6,"[[5.68,1.08,148.0],[6.64,3.56,125.0],[7.95,5.98,102.7],[8.39,5.34,118.4]]",358.6
aMal181_TSdh_nn_171_1,5473,-1459.8739,2SO,5S1,2,3,[13_10],"[1,2]",-1,3,1,1,2,2.4330000000000003,"[2.077, 0.944]",282.9,120.0,142.8,96.1,84.9,83.9,0,0,"[[8.22,4.05,146.5]]","[[[2, 2],'H_O',2.077,'OH'],[[3, 3],'C_O',2.433,'CO']]",[],5S1,5S1,2,3,"[1_9,1_50,3_6,13_10]","[1,2]",4,2,2.198,"[3.489, 0.93]",84.4,59.6,94.8,78.9,92.7,85.7,"[[9.28,4.91,142.2],[7.87,4.12,134.9],[8.05,3.94,145.3],[8.59,4.78,133.2]]",399.9
aMal434_TSdh_nn_018_2,216,-1459.9342,OS2,1C4,2,1,[9_11],"[2,50]",-1,1,1,1,2,2.835,"[1.756, 0.956]",122.4,180.0,321.6,104.1,256.4,173.9,0,0,"[[7.95,4.18,135.7]]","[[[1, 1],'C_O',2.835,'CO'],[[2, 2],'H_O',1.756,'OH']]",[],3H2,1C4,2,1,"[3_6,9_11,10_13]","[2,9,50]",3,3,2.5980000000000003,"[1.762, 0.959]",149.5,66.2,332.1,116.3,346.3,175.7,"[[8.44,4.03,153.5],[7.17,3.4,142.2],[8.55,5.22,122.8]]",241.5
aMal252_TSdh_nn_273_2,2942,-1459.8974,4C1,5S1,1,2,[10_13],"[1,6]",-1,2,1,1,2,2.056,"[2.33, 0.946]",69.4,135.0,28.6,16.3,78.8,79.8,0,0,"[[8.04,4.0,143.2]]","[[[1, 1],'H_O',2.33,'OH'],[[2, 2],'C_O',2.056,'CO']]",[],4C1,5S1,1,2,"[3_9,10_13]","[1,6]",2,2,2.1180000000000003,"[2.337, 0.937]",95.3,107.6,22.2,17.7,87.9,79.6,"[[8.0,3.58,160.7],[8.46,4.48,138.2]]",338.2
aMal432_TSdh_nn_025_0,231,-1459.9335,3E,5S1,2,1,[2_1],"[1,2,11,50]",-1,1,1,1,4,2.296,"[1.327, 1.192]",151.5,60.0,11.7,115.1,84.2,84.0,0,0,"[[5.5,1.19,151.4]]","[[[1, 1],'C_O',2.296,'CO'],[[2, 2],'H_O',1.327,'OH']]",[],3H4,5S1,-1,-1,"[2_1,10_13,11_1]","[1,2,9,50]",3,4,2.556,"[0, 0]",145.6,53.0,38.7,120.8,86.2,87.4,"[[5.56,1.56,160.6],[7.92,3.95,142.1],[7.69,3.32,163.8]]",243.4
aMal66_TSdh_nn_080_0,3962,-1459.8894,5S1,2SO,1,2,"[2_3,9_50,10_11]","[1,9,0,50]",-1,0,3,0,4,2.0469999999999997,"[3.685, 0.936]",77.5,60.0,91.0,78.8,160.9,85.8,0,0,"[[6.38,3.63,118.5],[6.61,4.22,111.7],[8.59,6.36,105.5]]","[[[0, 1],'C_O',2.047,'bb'],[[1, 1],'H_O',3.685,'OH'],[[2, 2],'C_O',1.779,'CO']]",[],5S1,B3O,1,2,"[2_3,3_13,9_10,10_11]","[1,9,0,50]",4,4,1.9980000000000002,"[3.789, 0.938]",70.5,67.2,95.3,76.9,179.8,89.4,"[[6.36,3.41,123.2],[9.36,4.41,169.6],[7.71,5.28,109.7],[8.44,6.42,102.9]]",359.2
aMal195_TSdh_nn_344_1,1379,-1459.9116,E1,5S1,1,2,"[3_6,11_50,13_10]","[1,11,50]",-1,2,3,3,3,1.9069999999999998,"[2.864, 0.935]",99.5,90.0,63.3,67.1,89.8,87.5,0,0,"[[8.44,4.41,139.4],[7.73,3.73,145.2],[8.7,4.34,148.4]]","[[[1, 1],'H_O',2.864,'OH'],[[2, 2],'C_O',1.907,'CO']]",[],E1,3S1,1,2,[3_6],"[1,9,11,50]",1,4,1.943,"[2.309, 0.943]",96.0,70.5,50.9,69.3,23.7,88.7,"[[8.2,3.95,149.4]]",300.9
aMal247_TSdh_nn_012_1,2668,-1459.8999,4H5,3S1,2,1,"[3_50,9_3,9_50]","[2,3]",-1,1,3,1,2,2.55,"[2.227, 0.935]",160.2,135.0,255.7,43.3,37.3,85.5,0,0,"[[7.98,5.75,106.2],[11.09,5.69,166.7],[7.48,4.7,116.2]]","[[[1, 1],'C_O',2.55,'CO'],[[2, 2],'H_O',2.227,'OH']]",[],4E,3S1,2,1,"[3_11,3_50,9_3]","[2,3]",3,2,2.615,"[2.087, 0.94]",142.8,162.2,251.3,43.3,25.0,88.9,"[[7.86,3.39,165.7],[7.73,5.73,102.8],[8.86,4.71,140.4]]",331.6
aMal204_TSdh_nn_356_1,1875,-1459.9069,E3,1C4,-1,-1,"[2_1,11_9,11_7]","[1,2,3]",-1,1,3,1,3,2.511,"[0, 0]",57.3,15.0,179.2,49.3,196.8,176.1,0,0,"[[5.42,1.66,150.2],[8.09,4.78,124.3],[8.51,6.36,104.5]]","[[[1, 1],'C_O',2.511,'CO']]",[],E3,1C4,-1,-1,"[2_1,3_13,9_50,11_9]","[1,2,3]",4,3,2.615,"[0, 0]",73.0,46.7,178.2,51.8,245.6,173.7,"[[5.47,1.75,150.3],[7.45,3.2,159.3],[7.72,5.75,103.1],[7.95,4.13,137.1]]",313.2
aMal422_TSdh_nn_273_0,4289,-1459.8869,4C1,1S3,1,2,"[10_11,13_3]","[1,6]",-1,2,2,0,2,2.056,"[2.33, 0.946]",69.4,75.0,28.6,16.3,218.6,86.5,0,0,"[[7.65,5.4,107.2],[6.81,4.14,116.5]]","[[[1, 1],'H_O',2.33,'OH'],[[2, 2],'C_O',2.056,'CO']]",[],4C1,1S3,1,2,"[3_2,10_11,13_3]","[1,6]",3,2,2.0669999999999997,"[2.228, 0.95]",87.0,48.8,25.6,17.1,217.4,88.3,"[[8.8,6.45,106.9],[7.66,5.51,105.7],[8.78,4.22,156.6]]",365.7
aMal350_TSdh_nn_083_0,2908,-1459.8978,4C1,3S1,1,2,"[2_3,9_50,10_7,11_9,13_10]","[1,6,0]",-1,0,5,1,3,1.75,"[2.888, 0.935]",144.6,90.0,38.1,17.9,22.4,90.5,0,0,"[[7.03,4.47,113.1],[7.21,5.31,102.7],[7.72,4.84,117.3],[8.09,6.07,103.3],[8.09,3.89,149.1]]","[[[0, 1],'C_O',1.75,'bb'],[[1, 1],'H_O',2.888,'OH'],[[2, 2],'C_O',1.952,'CO']]",[],4C1,3OB,1,2,"[2_3,3_9,9_11,10_7]","[1,6,0]",4,3,1.755,"[3.026, 0.934]",111.5,128.9,38.5,18.9,11.6,92.0,"[[6.94,4.09,119.0],[7.35,3.07,164.6],[7.51,3.77,138.0],[7.86,4.76,121.1]]",337.1
aMal39_TSdh_nn_001_0,603,-1459.9237,3H4,1S3,2,1,"[2_1,9_1,9_50,11_10,13_7]","[1,2,9,50]",-1,1,5,1,4,2.267,"[1.282, 1.257]",167.5,30.0,33.3,120.5,211.6,88.1,0,0,"[[5.43,1.26,151.8],[7.51,3.98,132.5],[6.82,4.32,113.0],[7.49,5.11,109.3],[7.99,5.54,109.7]]","[[[1, 1],'C_O',2.267,'CO'],[[2, 2],'H_O',1.282,'OH']]",[],3H4,1S3,2,1,"[2_1,9_1,11_10,13_6]","[2,9,50]",4,3,2.292,"[1.462, 1.074]",165.8,70.3,19.8,115.0,217.8,91.7,"[[5.98,1.07,155.9],[9.55,5.38,135.6],[7.74,5.86,101.7],[8.08,3.59,166.7]]",269.1
aMal352_TSdh_nn_177_2,4828,-1459.8818,5S1,5S1,1,2,"[6_3,13_7]","[1,11,0,50]",-1,2,2,0,4,2.239,"[1.808, 0.958]",92.6,165.0,104.5,99.7,86.1,83.1,0,0,"[[8.95,5.09,132.3],[7.38,4.79,113.0]]","[[[1, 1],'H_O',1.808,'OH'],[[2, 2],'C_O',2.239,'CO']]",[],5S1,5S1,1,2,"[3_9,6_3,13_7]","[1,11,0,50]",3,4,2.305,"[1.768, 0.961]",104.1,151.9,105.1,98.5,98.5,81.2,"[[9.17,5.39,129.3],[8.81,4.87,134.9],[7.57,5.37,106.5]]",379.1
aMal239_TSdh_nn_184_2,6135,-1459.8642,3S1,4C1,1,2,"[1_2,3_0,6_0,9_2,9_50,10_11]","[1,2,50]",-1,2,6,2,3,2.164,"[1.388, 1.126]",87.0,120.0,16.2,77.1,277.2,1.8,0,0,"[[5.53,1.13,147.3],[6.62,3.6,123.9],[7.9,6.11,100.4],[7.85,3.78,147.1],[7.4,5.21,106.8],[8.11,5.67,109.2]]","[[[1, 1],'H_O',1.388,'OH'],[[2, 2],'C_O',2.164,'CO']]",[],3OB,4C1,-1,-1,"[1_2,3_0,9_2,10_11]","[1,2,50]",4,3,2.235,"[0, 0]",84.5,116.7,11.0,77.6,245.2,10.5,"[[5.7,2.0,151.2],[6.56,3.73,119.7],[7.78,3.39,163.4],[7.99,5.45,110.8]]",425.3
aMal465_TSdh_nn_187_1,3350,-1459.8941,3S1,5S1,-1,-1,"[1_2,3_6,3_0]","[1,2,50]",-1,2,3,2,3,2.253,"[0, 0]",93.2,15.0,25.9,79.2,83.1,83.7,0,0,"[[5.52,1.83,150.5],[7.37,3.27,150.3],[6.94,4.85,104.7]]","[[[2, 2],'C_O',2.253,'CO']]",[],3S1,5S1,-1,-1,"[1_2,3_6,3_0]","[1,2,9,50]",3,4,2.256,"[0, 0]",83.8,35.1,29.6,80.0,88.1,84.4,"[[5.59,1.89,151.3],[6.99,2.92,154.5],[7.13,5.13,102.8]]",346.8
aMal225_TSdh_nn_116_0,5775,-1459.8698,5S1,5S1,3,6,"[1_50,2_1,3_6]","[2,3]",-1,6,3,2,2,2.221,"[1.518, 1.069]",79.2,60.0,83.4,88.7,85.7,84.0,0,0,"[[7.67,3.64,146.4],[8.67,6.29,107.3],[6.4,1.07,164.7]]","[[[3, 3],'H_O',1.518,'OH'],[[6, 6],'C_O',2.221,'CO']]",[],5S1,5S1,3,6,"[1_50,2_1,3_6]","[2,3]",3,2,2.228,"[1.507, 1.073]",128.1,43.8,82.3,88.9,99.0,85.2,"[[7.42,3.5,144.9],[8.6,6.19,108.0],[6.39,1.07,167.5]]",410.6
aMal124_TSdh_nn_130_1,2587,-1459.9007,E3,OS2,-1,-1,"[2_1,3_9,3_50,9_3,9_50,10_7,13_7]","[1,2,3]",-1,1,7,2,3,2.506,"[0, 0]",153.9,180.0,179.2,50.3,329.2,89.1,0,0,"[[5.41,1.69,149.6],[8.21,5.84,107.9],[7.72,5.32,109.3],[8.21,3.8,157.8],[6.7,4.27,112.1],[8.76,5.79,116.0],[7.57,5.57,103.6]]","[[[1, 1],'C_O',2.506,'CO']]",[],E3,OS2,-1,-1,"[2_1,3_9,3_50,9_11,10_7]","[1,2,3]",5,3,2.6639999999999997,"[0, 0]",125.1,145.2,182.7,50.4,340.3,92.7,"[[5.45,1.71,151.2],[7.0,2.77,171.3],[8.4,6.11,105.6],[7.58,3.6,145.7],[7.84,5.04,115.7]]",329.5
aMal454_TSdh_nn_015_1,978,-1459.9154,3OB,3S1,3,2,"[2_1,9_11,10_7,11_50]","[3,6,0]",-1,2,4,0,3,1.87,"[3.851, 0.954]",85.4,120.0,348.1,87.3,20.2,92.0,0,0,"[[6.28,3.81,113.8],[8.29,4.66,130.2],[8.01,4.95,119.7],[8.07,4.35,133.9]]","[[[2, 2],'C_O',1.87,'CO'],[[3, 3],'H_O',3.851,'OH']]",[],3OB,OS2,3,2,"[2_1,10_7,11_9]","[3,6,0]",3,3,1.8869999999999998,"[3.957, 0.961]",153.8,62.5,351.8,88.3,334.4,92.0,"[[6.31,3.67,117.2],[8.24,5.31,116.8],[8.61,5.0,128.6]]",290.9
aMal454_TSdh_nn_187_1,2210,-1459.9041,3S1,3S1,-1,-1,"[1_2,3_6,3_0,9_11,10_7,11_50]","[1,2,9,50]",-1,2,6,2,4,2.253,"[0, 0]",93.2,45.0,25.9,79.2,20.2,92.0,0,0,"[[5.52,1.83,150.5],[7.37,3.27,150.3],[6.94,4.85,104.7],[8.29,4.66,130.2],[8.01,4.95,119.7],[8.07,4.35,133.9]]","[[[2, 2],'C_O',2.253,'CO']]",[],3S1,OS2,-1,-1,"[1_2,3_6,3_0,9_11,10_7]","[1,2,9,50]",5,4,2.271,"[0, 0]",138.4,57.4,29.8,77.2,333.6,93.5,"[[5.68,1.96,151.8],[7.25,3.11,153.4],[7.02,5.06,102.5],[7.64,3.68,144.0],[8.13,5.17,117.6]]",320.6
aMal350_TSdh_nn_340_0,4296,-1459.8868,B3O,3S1,3,2,"[2_1,9_50,10_7,11_9,13_10]","[3,11,50]",3,2,5,1,3,2.023,"[2.855, 0.933]",273.9,105.0,167.4,80.7,22.4,90.5,0,0,"[[6.71,4.24,112.5],[7.21,5.31,102.7],[7.72,4.84,117.3],[8.09,6.07,103.3],[8.09,3.89,149.1]]","[[[3, 4],'C_C',1.846,'bb'],[[2, 2],'C_O',2.023,'CO'],[[3, 3],'H_O',2.855,'OH']]",[],B3O,3S1,3,2,"[2_1,10_13]","[3,9,11,50]",2,4,2.004,"[2.592, 0.937]",192.1,89.3,177.3,75.9,20.1,86.4,"[[6.71,4.18,113.9],[7.78,3.52,155.9]]",366.0
aMal45_TSdh_nn_073_1,5511,-1459.8732,1S3,5S1,3,2,"[1_2,9_50,11_50,13_10]","[3,11,50]",3,2,4,2,3,2.136,"[2.377, 0.941]",166.4,120.0,197.5,75.2,84.2,92.8,0,0,"[[7.75,5.56,106.0],[7.4,5.05,109.2],[7.82,3.74,147.5],[8.58,4.53,139.4]]","[[[3, 4],'C_C',1.726,'bb'],[[2, 2],'C_O',2.136,'CO'],[[3, 3],'H_O',2.377,'OH']]",[],1S3,5S1,3,2,"[1_2,9_3,11_7,11_50,13_10]","[3,11]",5,2,2.201,"[2.468, 0.935]",127.7,149.8,195.5,76.1,81.2,98.2,"[[7.66,5.16,111.0],[7.57,3.18,168.4],[8.25,5.61,111.7],[7.35,3.64,138.1],[8.3,4.54,133.5]]",401.7
aMal8_TSdh_nn_179_0,4895,-1459.8809,4C1,3S1,1,2,"[9_11,9_50]","[1,6,0]",-1,2,2,0,3,2.391,"[1.936, 0.947]",64.2,60.0,278.7,18.4,20.8,91.4,0,0,"[[8.73,5.63,118.3],[6.77,4.99,101.4]]","[[[1, 1],'H_O',1.936,'OH'],[[2, 2],'C_O',2.391,'CO']]",[],E5,3S1,1,2,"[9_11,9_50]","[1,6,0]",2,3,2.4019999999999997,"[1.898, 0.948]",89.8,61.7,290.0,23.7,20.9,92.8,"[[9.01,5.67,121.6],[6.62,4.77,102.6]]",381.5
aMal400_TSdh_nn_093_1,3708,-1459.8913,B3O,3S1,3,2,"[2_1,9_11,10_7,13_7]","[3,50]",3,2,4,0,2,2.039,"[2.819, 0.933]",276.4,135.0,168.2,75.7,15.1,90.7,0,0,"[[6.8,4.34,112.3],[8.27,5.03,122.2],[7.93,4.83,120.7],[7.48,5.23,107.5]]","[[[3, 4],'C_C',1.832,'bb'],[[2, 2],'C_O',2.039,'CO'],[[3, 3],'H_O',2.819,'OH']]",[],B3O,OS2,3,2,"[2_1,9_11,10_7]","[3,13,7]",3,3,2.063,"[2.706, 0.933]",292.7,146.5,186.4,73.8,343.9,91.1,"[[6.7,4.12,114.9],[8.31,4.29,140.4],[7.8,4.71,121.1]]",354.2
aMal155_TSdh_nn_187_1,2113,-1459.9049,3S1,4C1,-1,-1,"[1_2,3_6,3_0,10_9,11_10,13_11]","[1,2,50]",-1,2,6,3,3,2.253,"[0, 0]",93.2,30.0,25.9,79.2,223.3,2.0,0,0,"[[5.52,1.83,150.5],[7.37,3.27,150.3],[6.94,4.85,104.7],[7.88,5.91,102.9],[7.83,5.52,107.8],[7.87,4.11,136.4]]","[[[2, 2],'C_O',2.253,'CO']]",[],3S1,4C1,-1,-1,"[1_2,3_6,3_0,9_10,13_11]","[1,2,9,50]",5,4,2.2640000000000002,"[0, 0]",99.4,47.1,30.5,77.1,264.0,6.9,"[[5.69,1.98,151.5],[7.15,3.05,153.2],[7.03,4.99,103.6],[7.63,5.62,103.6],[8.96,5.44,125.1]]",318.5
aMal94_TSdh_nn_025_0,111,-1459.9378,3E,3S1,2,1,"[2_1,9_50,11_1,13_7]","[1,2,11,50]",-1,1,4,1,4,2.296,"[1.327, 1.192]",151.5,75.0,11.7,115.1,36.5,86.0,0,0,"[[5.5,1.19,151.4],[7.46,4.66,116.7],[7.45,5.07,109.6],[7.43,5.19,107.3]]","[[[1, 1],'C_O',2.296,'CO'],[[2, 2],'H_O',1.327,'OH']]",[],3E,3S1,2,1,"[2_1,11_1]","[2,9,11,50]",2,4,2.331,"[1.348, 1.172]",159.9,77.0,11.8,118.7,25.0,89.2,"[[5.72,1.17,159.5],[7.44,3.28,155.0]]",232.1
aMal192_TSdh_nn_123_0,5782,-1459.8697,2SO,OS2,2,3,"[9_50,11_13]","[1,2]",1,3,2,0,2,2.13,"[2.158, 0.95]",86.8,60.0,157.0,79.2,319.8,89.0,0,0,"[[6.77,4.29,112.7],[7.93,4.24,134.0]]","[[[1, 2],'C_C',1.768,'bb'],[[2, 2],'H_O',2.158,'OH'],[[3, 3],'C_O',2.13,'CO']]",[],2SO,OS2,2,3,"[9_50,11_13]","[1,2]",2,2,2.186,"[2.147, 0.946]",102.4,57.8,155.1,79.5,317.3,91.0,"[[7.04,5.22,101.7],[7.88,4.28,132.0]]",410.9
aMal439_TSdh_nn_273_0,4287,-1459.8869,4C1,3S1,1,2,"[9_50,10_13,11_50]","[1,6]",-1,2,3,2,2,2.056,"[2.33, 0.946]",69.4,60.0,28.6,16.3,34.6,86.1,0,0,"[[7.09,4.77,109.4],[7.98,3.54,164.2],[7.91,3.93,143.0]]","[[[1, 1],'H_O',2.33,'OH'],[[2, 2],'C_O',2.056,'CO']]",[],4C1,5S1,1,2,"[9_50,10_13,11_50]","[1,6]",3,2,2.051,"[2.325, 0.946]",126.7,76.6,26.8,16.5,85.8,89.3,"[[7.6,5.6,103.7],[7.89,3.94,142.1],[7.86,3.96,140.7]]",365.7
aMal97_TSdh_nn_260_2,3494,-1459.8931,4E,1C4,2,1,"[2_1,11_9,11_7,13_10]","[1,2]",-1,1,4,1,2,2.378,"[1.216, 1.376]",55.8,135.0,229.3,41.4,144.5,178.8,0,0,"[[5.41,1.38,153.5],[7.92,4.7,123.2],[8.53,6.37,104.6],[8.44,4.64,133.8]]","[[[1, 1],'C_O',2.378,'CO'],[[2, 2],'H_O',1.216,'OH']]",[],E3,1C4,-1,-1,"[2_1,9_50,11_9,13_10]","[1,2,3]",4,3,2.568,"[0, 0]",122.9,50.5,181.4,49.5,46.8,178.0,"[[5.51,1.83,149.0],[7.15,5.11,104.9],[7.71,3.9,139.1],[8.63,4.94,130.2]]",349.5
aMal464_TSdh_nn_184_0,3175,-1459.8955,3S1,OS2,1,2,"[1_2,3_0,6_0,9_50,11_13]","[1,2,50]",-1,2,5,1,3,2.164,"[1.388, 1.126]",87.0,60.0,16.2,77.1,319.0,88.7,0,0,"[[5.53,1.13,147.3],[6.62,3.6,123.9],[7.9,6.11,100.4],[6.78,4.36,111.8],[7.87,4.16,134.7]]","[[[1, 1],'H_O',1.388,'OH'],[[2, 2],'C_O',2.164,'CO']]",[],3S1,OS2,1,2,"[1_2,3_0,6_0,9_11,11_13]","[1,2,9,50]",5,4,2.164,"[1.351, 1.168]",143.5,50.1,18.4,76.0,327.0,95.4,"[[5.5,1.17,149.0],[6.65,3.64,123.5],[8.14,6.25,101.5],[7.75,3.85,140.8],[8.25,4.86,125.2]]",343.2
aMal227_TSdh_nn_344_0,1764,-1459.908,E1,1S3,1,2,"[3_6,10_11,13_11]","[1,9,50]",-1,2,3,1,3,1.9069999999999998,"[2.864, 0.935]",99.5,60.0,63.3,67.1,211.3,88.6,0,0,"[[8.44,4.41,139.4],[7.9,5.44,109.9],[8.72,5.09,128.5]]","[[[1, 1],'H_O',2.864,'OH'],[[2, 2],'C_O',1.907,'CO']]",[],E1,1S3,1,2,"[3_6,10_11,11_13]","[1,9,50]",3,3,1.91,"[2.457, 0.94]",137.4,63.2,55.0,67.6,209.2,86.9,"[[8.42,4.2,145.9],[7.55,5.31,107.0],[8.04,4.73,124.5]]",310.3
aMal238_TSdh_nn_001_1,877,-1459.9167,3H4,3S1,2,1,"[2_1,9_50,10_13]","[1,2,11,50]",-1,1,3,2,4,2.267,"[1.282, 1.257]",167.5,135.0,33.3,120.5,35.9,85.1,0,0,"[[5.43,1.26,151.8],[7.5,4.74,115.9],[7.99,3.54,164.5]]","[[[1, 1],'C_O',2.267,'CO'],[[2, 2],'H_O',1.282,'OH']]",[],3E,3S1,2,1,"[2_1,9_2,9_50,10_13]","[1,2,11,50]",4,4,2.225,"[1.362, 1.161]",93.1,127.6,356.0,121.5,17.3,90.5,"[[5.47,1.16,146.7],[7.77,3.45,158.8],[7.42,5.53,101.8],[7.72,3.47,156.9]]",287.5
aMal179_TSdh_nn_025_1,22,-1459.9412,3E,5S1,2,1,"[2_1,10_13]","[1,2,50]",-1,1,2,2,3,2.296,"[1.327, 1.192]",151.5,45.0,11.7,115.1,80.2,81.0,0,0,"[[5.5,1.19,151.4],[8.01,3.98,143.3]]","[[[1, 1],'C_O',2.296,'CO'],[[2, 2],'H_O',1.327,'OH']]",[],3E,3S1,2,1,"[2_1,10_13,11_1]","[2,9,11,50]",3,4,2.331,"[1.347, 1.174]",158.8,83.0,14.4,119.9,25.3,87.9,"[[5.73,1.17,159.9],[7.59,3.34,158.7],[7.54,3.4,152.6]]",223.2
aMal447_TSdh_nn_090_0,1855,-1459.9072,1C4,4C1,1,2,"[2_50,9_50,10_11]","[1,6,13,0]",-1,2,3,1,4,1.9380000000000002,"[3.03, 0.935]",172.6,60.0,109.1,161.2,284.5,2.6,0,0,"[[7.41,3.71,137.0],[7.38,5.17,107.0],[8.1,5.68,109.0]]","[[[1, 1],'H_O',3.03,'OH'],[[2, 2],'C_O',1.938,'CO']]",[],5H4,4C1,1,2,"[2_50,9_10,10_11]","[1,13,0]",3,3,1.964,"[2.646, 0.938]",173.5,84.1,88.6,148.6,271.8,4.4,"[[7.33,3.5,141.9],[7.96,5.98,102.9],[8.48,6.34,104.4]]",312.4
aMal464_TSdh_nn_344_0,1343,-1459.9117,E1,OS2,1,2,"[3_6,9_50,11_13]","[1,9,50]",-1,2,3,1,3,1.9069999999999998,"[2.864, 0.935]",99.5,60.0,63.3,67.1,319.0,88.7,0,0,"[[8.44,4.41,139.4],[6.78,4.36,111.8],[7.87,4.16,134.7]]","[[[1, 1],'H_O',2.864,'OH'],[[2, 2],'C_O',1.907,'CO']]",[],E1,OS2,1,2,"[2_3,3_6,9_11,11_13]","[1,9,50]",4,3,1.8940000000000001,"[2.857, 0.937]",138.8,54.0,68.7,67.6,328.8,94.0,"[[8.62,6.36,105.7],[8.41,4.46,137.4],[7.81,3.87,141.8],[8.37,4.95,125.3]]",300.6
aMal404_TSdh_nn_329_2,4440,-1459.8858,4C1,4C1,2,3,"[3_9,9_10,10_11]","[1,2]",1,3,3,0,2,2.24,"[3.049, 0.931]",92.2,105.0,169.3,8.0,203.4,1.4,0,0,"[[5.62,3.22,115.3],[8.05,5.86,105.7],[8.31,5.95,107.7]]","[[[1, 2],'C_C',1.724,'bb'],[[2, 2],'H_O',3.049,'OH'],[[3, 3],'C_O',2.24,'CO']]",[],4C1,4C1,2,3,"[3_9,9_10,10_11]","[1,2]",3,2,2.173,"[2.848, 0.928]",104.6,98.8,125.2,18.8,139.6,5.4,"[[7.26,3.21,152.5],[7.7,5.37,108.2],[8.39,6.1,106.6]]",368.6
aMal325_TSdh_nn_015_1,2500,-1459.9014,3OB,1S3,3,2,"[2_1,10_11,13_7]","[3,6,0]",-1,2,3,0,3,1.87,"[3.851, 0.954]",85.4,315.0,348.1,87.3,208.9,88.9,0,0,"[[6.28,3.81,113.8],[7.9,5.42,110.2],[7.83,5.43,109.1]]","[[[2, 2],'C_O',1.87,'CO'],[[3, 3],'H_O',3.851,'OH']]",[],3OB,1S3,3,2,"[2_1,9_10,10_11]","[3,6,0]",3,3,1.855,"[3.826, 0.957]",94.1,308.5,350.8,88.1,204.6,85.6,"[[6.23,3.67,115.9],[8.31,6.05,106.3],[7.98,5.58,108.8]]",327.7
aMal107_TSdh_nn_073_1,4627,-1459.884,1S3,3S1,3,2,"[1_2,9_50,10_13,11_50]","[3,11,50]",3,2,4,2,3,2.136,"[2.377, 0.941]",166.4,105.0,197.5,75.2,29.9,85.8,0,0,"[[7.75,5.56,106.0],[7.01,4.61,110.9],[7.75,3.48,157.8],[8.1,4.09,142.2]]","[[[3, 4],'C_C',1.726,'bb'],[[2, 2],'C_O',2.136,'CO'],[[3, 3],'H_O',2.377,'OH']]",[],1S3,3S1,3,2,"[1_2,9_3,9_50,10_13,11_50]","[3,9,11]",5,3,2.148,"[2.653, 0.933]",132.8,135.9,196.1,76.4,23.6,89.8,"[[7.34,5.25,105.1],[6.66,2.84,149.3],[7.58,5.11,109.8],[7.41,3.22,158.7],[7.62,3.72,142.4]]",373.3
aMal219_TSdh_nn_273_1,4519,-1459.885,4C1,3S1,1,2,[11_50],"[1,6]",-1,2,1,1,2,2.056,"[2.33, 0.946]",69.4,45.0,28.6,16.3,31.3,88.5,0,0,"[[7.75,3.8,143.0]]","[[[1, 1],'H_O',2.33,'OH'],[[2, 2],'C_O',2.056,'CO']]",[],4C1,3S1,1,2,"[3_2,9_50,11_9]","[1,6]",3,2,2.061,"[2.298, 0.947]",93.0,51.2,27.3,15.6,19.8,95.0,"[[8.75,6.29,108.5],[6.51,4.66,102.9],[8.01,3.97,143.5]]",370.7
aMal204_TSdh_nn_260_1,1907,-1459.9067,4E,1C4,2,1,"[2_1,11_9,11_7]","[1,2]",-1,1,3,1,2,2.378,"[1.216, 1.376]",55.8,135.0,229.3,41.4,196.8,176.1,0,0,"[[5.41,1.38,153.5],[8.09,4.78,124.3],[8.51,6.36,104.5]]","[[[1, 1],'C_O',2.378,'CO'],[[2, 2],'H_O',1.216,'OH']]",[],E3,1C4,-1,-1,"[2_1,3_13,9_50,11_9]","[1,2,3]",4,3,2.6069999999999998,"[0, 0]",73.0,46.7,178.2,51.7,245.5,173.6,"[[5.48,1.76,150.0],[7.45,3.2,159.3],[7.72,5.75,103.1],[7.95,4.13,137.1]]",313.7
aMal43_TSdh_nn_003_1,86,-1459.9385,E4,3S1,2,1,"[2_1,3_6,9_50]","[1,2,11,50]",-1,1,3,2,4,2.352,"[1.246, 1.323]",173.8,120.0,64.2,124.7,31.8,88.7,0,0,"[[5.45,1.32,153.7],[7.33,3.44,145.5],[7.22,4.32,119.3]]","[[[1, 1],'C_O',2.352,'CO'],[[2, 2],'H_O',1.246,'OH']]",[],3E,3S1,2,1,"[2_1,3_6,11_1]","[2,9,11,50]",3,4,2.431,"[1.356, 1.165]",156.8,78.3,359.6,113.2,31.0,91.2,"[[5.79,1.17,162.1],[7.55,3.48,150.4],[7.38,3.21,156.0]]",230.3
aMal376_TSdh_nn_184_1,3283,-1459.8945,3S1,3S1,1,2,"[1_2,3_0,6_0,10_7,11_9,11_50,13_10]","[1,2,9,50]",-1,2,7,3,4,2.164,"[1.388, 1.126]",87.0,45.0,16.2,77.1,21.1,90.1,0,0,"[[5.53,1.13,147.3],[6.62,3.6,123.9],[7.9,6.11,100.4],[7.75,4.83,117.8],[9.16,6.06,117.1],[8.45,4.46,138.6],[8.17,3.86,153.4]]","[[[1, 1],'H_O',1.388,'OH'],[[2, 2],'C_O',2.164,'CO']]",[],3S1,3S1,1,2,"[1_2,3_0,6_0,10_13]","[1,2,9,11,50]",4,5,2.177,"[1.437, 1.082]",113.8,63.8,19.6,77.0,18.7,89.6,"[[5.67,1.08,147.6],[6.65,3.58,124.8],[8.07,6.15,102.0],[7.65,3.41,157.2]]",345.8
aMal40_TSdh_nn_188_1,5818,-1459.8691,25B,OS2,1,2,"[6_0,9_11,13_7]","[1,0,50]",-1,2,3,1,3,2.265,"[1.838, 0.955]",89.1,300.0,108.5,97.3,333.8,91.9,0,0,"[[7.99,5.67,107.7],[8.22,4.06,145.7],[7.65,5.39,107.3]]","[[[1, 1],'H_O',1.838,'OH'],[[2, 2],'C_O',2.265,'CO']]",[],25B,OS2,1,2,"[6_0,9_11,13_7]","[1,0,50]",3,3,2.299,"[1.8, 0.958]",101.9,311.6,108.2,97.3,332.9,106.6,"[[8.39,6.34,103.3],[7.44,3.55,143.8],[7.98,6.12,101.3]]",412.5
aMal247_TSdh_nn_252_0,4912,-1459.8808,OH5,3S1,1,2,[9_50],"[1,6,0]",-1,2,1,0,3,2.8310000000000004,"[2.068, 0.933]",76.9,60.0,321.0,57.1,37.3,85.5,0,0,"[[7.48,4.7,116.2]]","[[[1, 1],'H_O',2.068,'OH'],[[2, 2],'C_O',2.831,'CO']]",[],E5,3S1,1,2,"[9_11,9_50]","[1,6,0]",2,3,2.786,"[1.96, 0.937]",80.3,56.8,314.2,56.2,21.6,92.3,"[[9.36,6.12,119.0],[6.65,4.69,104.2]]",381.7
aMal13_TSdh_nn_045_1,5631,-1459.8715,4C1,OS2,1,2,"[3_2,9_11,13_7]",[1],-1,2,3,1,1,2.055,"[2.277, 0.943]",80.1,15.0,51.6,19.4,334.9,92.5,0,0,"[[8.75,6.49,105.7],[8.0,3.97,143.7],[7.48,5.23,107.3]]","[[[1, 1],'H_O',2.277,'OH'],[[2, 2],'C_O',2.055,'CO']]",[],4C1,OS2,1,2,"[3_2,9_11,13_7]",[1],3,1,2.056,"[2.337, 0.942]",94.7,49.4,47.6,17.3,328.1,92.7,"[[8.62,6.36,106.0],[8.33,4.36,138.8],[7.8,5.81,103.3]]",406.2
aMal301_TSdh_nn_187_1,4594,-1459.8843,3S1,1C4,-1,-1,"[1_2,3_6,3_0,9_50,10_13,11_9]","[1,2,50]",-1,2,6,4,3,2.253,"[0, 0]",93.2,330.0,25.9,79.2,282.4,170.2,0,0,"[[5.52,1.83,150.5],[7.37,3.27,150.3],[6.94,4.85,104.7],[7.28,4.77,112.0],[7.61,3.34,161.1],[7.83,3.95,139.8]]","[[[2, 2],'C_O',2.253,'CO']]",[],3S1,1C4,-1,-1,"[1_2,3_6,3_0,10_13,11_9]","[1,2,50]",5,3,2.237,"[0, 0]",105.4,318.6,28.7,79.8,293.0,171.2,"[[5.55,1.92,148.5],[6.95,2.84,157.4],[7.21,5.3,101.4],[7.5,3.27,160.6],[8.29,4.65,130.7]]",372.6
aMal270_TSdh_nn_351_1,5954,-1459.8675,2SO,3S1,2,3,"[3_11,3_50,9_11,10_7,11_50]","[1,2]",1,3,5,1,2,1.96,"[3.148, 0.931]",179.6,150.0,154.3,83.9,19.2,92.4,0,0,"[[10.66,5.52,158.1],[7.65,5.83,100.9],[7.96,4.34,131.9],[8.07,5.01,119.6],[8.35,4.95,125.1]]","[[[1, 2],'C_C',1.819,'bb'],[[2, 2],'H_O',3.148,'OH'],[[3, 3],'C_O',1.96,'CO']]",[],2SO,3S1,2,3,"[3_11,10_7]","[1,2]",2,2,1.954,"[3.628, 0.937]",156.1,153.1,155.2,83.2,21.8,86.9,"[[7.66,3.27,165.5],[8.57,5.51,118.2]]",416.7
aMal118_TSdh_nn_003_0,609,-1459.9235,E4,1S5,2,1,"[2_1,3_6,9_50,13_7]","[1,2,9,50]",-1,1,4,2,4,2.352,"[1.246, 1.323]",173.8,75.0,64.2,124.7,276.6,86.0,0,0,"[[5.45,1.32,153.7],[7.33,3.44,145.5],[7.34,4.88,111.1],[8.28,6.33,102.2]]","[[[1, 1],'C_O',2.352,'CO'],[[2, 2],'H_O',1.246,'OH']]",[],E4,1S3,-1,-1,"[2_1,3_6,9_1,11_10]","[1,2,9,50]",4,4,2.48,"[0, 0]",178.1,77.2,71.1,118.9,221.4,90.9,"[[5.6,1.7,158.0],[7.18,3.38,143.7],[7.35,3.59,138.7],[7.74,5.73,103.6]]",269.6
aMal291_TSdh_nn_064_0,6236,-1459.8623,5S1,5S1,3,6,"[1_11,1_50,2_1,3_6,11_1,11_50]","[2,3]",-1,6,6,5,2,2.206,"[1.495, 1.082]",163.5,135.0,83.9,89.5,87.2,89.1,0,0,"[[10.76,6.26,137.1],[7.55,3.58,145.7],[8.61,6.22,107.6],[6.32,1.08,164.9],[10.76,6.2,138.8],[7.74,3.76,144.2]]","[[[3, 3],'H_O',1.495,'OH'],[[6, 6],'C_O',2.206,'CO']]",[],5S1,5S1,3,6,"[1_50,2_1,3_6,11_50]","[2,3]",4,2,2.214,"[1.494, 1.078]",188.9,179.2,86.9,90.1,90.7,87.2,"[[7.75,3.74,144.7],[8.35,5.85,109.5],[6.33,1.08,166.4],[7.95,3.97,142.5]]",430.3
aMal465_TSdh_nn_097_0,2404,-1459.9024,5S1,5S1,1,2,[3_2],"[1,0,50]",-1,0,1,0,3,1.824,"[2.514, 0.943]",77.7,60.0,90.1,79.4,83.1,83.7,0,0,"[[8.5,6.19,106.8]]","[[[0, 1],'C_O',1.824,'bb'],[[1, 1],'H_O',2.514,'OH'],[[2, 2],'C_O',1.935,'CO']]",[],E1,5S1,1,2,[3_6],"[1,9,50]",1,3,2.031,"[2.057, 0.953]",65.2,32.4,45.5,71.3,91.0,84.7,"[[8.07,3.74,154.6]]",325.0
aMal100_TSdh_nn_127_0,1734,-1459.9083,E1,3S1,1,2,"[3_6,9_11,11_50,13_7]","[1,9,50]",-1,2,4,1,3,1.9769999999999999,"[2.292, 0.943]",91.9,60.0,50.1,69.5,24.7,92.6,0,0,"[[8.11,3.87,149.7],[8.63,4.92,130.3],[7.83,4.12,135.0],[7.5,5.31,106.5]]","[[[1, 1],'H_O',2.292,'OH'],[[2, 2],'C_O',1.977,'CO']]",[],E1,OS2,1,2,"[3_6,9_11]","[1,9,50]",2,3,2.015,"[2.106, 0.95]",95.6,56.6,46.4,70.0,336.1,92.8,"[[8.26,3.93,151.7],[7.54,3.61,144.2]]",309.5
aMal325_TSdh_nn_047_1,5010,-1459.8797,1C4,1S3,-1,-1,"[1_2,2_50,3_6,10_11,13_7]","[3,6]",-1,6,5,2,2,2.2969999999999997,"[0, 0]",163.1,330.0,56.6,173.5,208.9,88.9,0,0,"[[7.16,4.51,114.5],[7.56,3.85,137.2],[5.8,1.97,155.7],[7.9,5.42,110.2],[7.83,5.43,109.1]]","[[[6, 6],'C_O',2.297,'CO']]",[],1C4,OS2,-1,-1,"[1_2,2_9,2_50,3_6,11_9]","[3,6]",5,2,2.338,"[0, 0]",165.0,53.4,50.5,176.1,328.1,92.1,"[[7.32,4.66,114.2],[11.41,6.15,153.7],[7.33,3.7,136.1],[5.77,1.88,156.5],[8.91,5.34,126.1]]",384.6
aMal252_TSdh_nn_273_1,2951,-1459.8974,4C1,5S1,1,2,[10_13],"[1,6]",-1,2,1,1,2,2.056,"[2.33, 0.946]",69.4,15.0,28.6,16.3,78.8,79.8,0,0,"[[8.04,4.0,143.2]]","[[[1, 1],'H_O',2.33,'OH'],[[2, 2],'C_O',2.056,'CO']]",[],4C1,5S1,1,2,"[3_9,10_13]","[1,6]",2,2,2.117,"[2.345, 0.937]",95.4,107.8,22.2,17.6,87.7,79.5,"[[7.98,3.56,160.9],[8.46,4.48,138.2]]",338.2
aMal433_TSdh_nn_181_1,6191,-1459.8631,1HO,5S1,1,2,"[2_50,13_7]","[1,2,0]",-1,2,2,1,3,2.274,"[3.547, 0.93]",163.0,195.0,191.8,153.0,85.9,81.3,0,0,"[[7.54,3.53,146.4],[7.34,4.75,113.3]]","[[[1, 1],'H_O',3.547,'OH'],[[2, 2],'C_O',2.274,'CO']]",[],EO,4C1,1,2,"[2_7,2_50,9_10,11_10]","[1,2,0]",4,3,2.3409999999999997,"[3.713, 0.938]",181.3,152.7,188.4,156.9,284.4,6.6,"[[10.77,5.78,149.6],[7.28,3.31,148.2],[8.44,6.19,105.9],[8.49,6.26,105.7]]",428.2
aMal281_TSdh_nn_273_2,3203,-1459.8952,4C1,OS2,1,2,"[9_50,11_9]","[1,6]",-1,2,2,0,2,2.056,"[2.33, 0.946]",69.4,135.0,28.6,16.3,331.1,92.3,0,0,"[[6.7,4.26,112.3],[8.37,4.74,130.0]]","[[[1, 1],'H_O',2.33,'OH'],[[2, 2],'C_O',2.056,'CO']]",[],4C1,OS2,1,2,"[9_50,11_9]","[1,6]",2,2,2.06,"[2.32, 0.946]",106.7,65.6,27.8,17.2,330.1,92.2,"[[6.79,4.83,104.1],[8.34,4.77,128.6]]",343.9
aMal229_TSdh_nn_161_0,490,-1459.9266,3E,3S1,2,1,"[2_1,3_6,10_7,11_9,13_7]","[1,2,9,50]",-1,1,5,2,4,2.383,"[1.275, 1.264]",96.8,60.0,352.5,109.1,22.2,90.0,0,0,"[[5.46,1.26,153.5],[7.98,3.87,146.5],[8.16,5.11,119.2],[8.25,6.14,104.3],[7.5,5.16,108.8]]","[[[1, 1],'C_O',2.383,'CO'],[[2, 2],'H_O',1.275,'OH']]",[],3E,3OB,2,1,"[2_1,3_6,9_2,10_7]","[1,2,9,11,50]",4,5,2.3569999999999998,"[1.356, 1.166]",87.7,95.3,353.5,115.5,12.2,90.0,"[[5.6,1.17,152.3],[7.56,3.58,146.2],[7.43,3.66,138.9],[8.11,5.08,119.0]]",261.5
aMal39_TSdh_nn_015_2,1032,-1459.9143,3OB,1S3,3,2,"[2_1,9_50,11_10,13_7]","[3,6,0]",-1,2,4,0,3,1.87,"[3.851, 0.954]",85.4,90.0,348.1,87.3,211.6,88.1,0,0,"[[6.28,3.81,113.8],[6.82,4.32,113.0],[7.49,5.11,109.3],[7.99,5.54,109.7]]","[[[2, 2],'C_O',1.87,'CO'],[[3, 3],'H_O',3.851,'OH']]",[],3OB,1S3,3,2,[2_1],"[3,6,0]",1,3,1.891,"[3.971, 0.964]",160.7,56.5,352.1,88.3,207.0,86.4,"[[6.3,3.69,116.6]]",293.8
aMal157_TSdh_nn_254_2,5101,-1459.8786,4H5,1C4,1,2,"[6_50,9_11]","[1,0]",-1,2,2,0,2,2.016,"[2.168, 0.949]",53.7,150.0,264.1,65.6,246.6,169.7,0,0,"[[7.95,4.62,125.5],[8.13,4.37,134.2]]","[[[1, 1],'H_O',2.168,'OH'],[[2, 2],'C_O',2.016,'CO'],[[10, 10],'H_O',1.918,'OH'],[[13, 13],'H_O',3.409,'OH']]",[],4H5,1C4,1,2,"[6_9,6_50,9_11]","[1,0]",3,2,2.057,"[2.061, 0.956]",113.1,46.6,259.7,64.9,257.2,168.5,"[[8.7,4.05,162.0],[8.66,5.71,115.6],[7.84,3.91,141.4]]",387.5
aMal97_TSdh_nn_273_2,3703,-1459.8914,4C1,1C4,1,2,"[11_9,11_7,13_10]","[1,6]",-1,2,3,0,2,2.056,"[2.33, 0.946]",69.4,135.0,28.6,16.3,144.5,178.8,0,0,"[[7.92,4.7,123.2],[8.53,6.37,104.6],[8.44,4.64,133.8]]","[[[1, 1],'H_O',2.33,'OH'],[[2, 2],'C_O',2.056,'CO']]",[],4C1,1C4,1,2,"[9_50,11_9,13_10]","[1,6]",3,2,2.056,"[2.293, 0.947]",129.3,55.3,27.6,16.6,76.4,177.3,"[[7.1,5.0,105.8],[7.74,3.89,139.9],[8.46,4.73,131.7]]",353.9
aMal174_TSdh_nn_064_2,5394,-1459.8752,5S1,1C4,3,6,"[1_50,2_1,3_6,11_9,13_10]","[2,3]",-1,6,5,3,2,2.206,"[1.495, 1.082]",163.5,180.0,83.9,89.5,225.9,173.7,0,0,"[[7.55,3.58,145.7],[8.61,6.22,107.6],[6.32,1.08,164.9],[8.21,4.71,127.8],[7.66,3.63,147.5]]","[[[3, 3],'H_O',1.495,'OH'],[[6, 6],'C_O',2.206,'CO']]",[],5S1,1C4,3,6,"[1_9,1_50,2_1,3_6,9_11,13_10]","[2,3]",6,2,2.199,"[1.464, 1.098]",165.0,50.2,86.2,91.8,260.5,172.5,"[[8.5,4.14,149.3],[7.75,4.27,128.9],[8.36,5.86,109.5],[6.23,1.1,167.4],[7.86,4.06,137.2],[7.64,3.75,142.3]]",396.5
aMal368_TSdh_nn_091_0,5682,-1459.8708,25B,2SO,1,2,"[6_0,9_50,10_11]","[1,9,0,50]",-1,2,3,0,4,2.237,"[1.888, 0.947]",83.0,60.0,106.1,99.2,159.4,81.8,0,0,"[[8.03,5.74,107.1],[6.71,4.44,109.2],[8.45,6.15,106.7]]","[[[1, 1],'H_O',1.888,'OH'],[[2, 2],'C_O',2.237,'CO']]",[],25B,2SO,1,2,"[6_0,9_10]","[1,9,0,50]",2,4,2.265,"[1.783, 0.957]",77.2,61.1,109.5,97.1,160.3,84.1,"[[8.14,5.96,105.5],[7.11,4.68,110.9]]",408.0
aMal241_TSdh_nn_094_1,1869,-1459.9071,E1,5S1,1,2,[11_50],"[1,11,50]",-1,2,1,1,3,1.9380000000000002,"[2.459, 0.941]",103.5,90.0,51.0,61.3,85.9,84.4,0,0,"[[7.8,3.83,143.6]]","[[[1, 1],'H_O',2.459,'OH'],[[2, 2],'C_O',1.938,'CO']]",[],E1,5S1,1,2,"[2_3,3_9,10_13]","[1,11,50]",3,3,1.8630000000000002,"[3.852, 0.934]",120.4,142.4,56.8,50.3,90.0,82.4,"[[7.41,4.7,114.6],[8.14,3.78,155.0],[8.3,4.36,138.2]]",312.7
aMal118_TSdh_nn_253_1,5093,-1459.8786,E4,1S5,1,2,"[2_50,3_6,9_0,9_50,13_7]","[1,0]",-1,2,5,2,2,1.9709999999999999,"[2.885, 0.933]",146.7,-0.0,69.9,150.1,276.6,86.0,0,0,"[[7.08,3.51,136.1],[8.63,5.82,113.8],[10.19,5.1,162.5],[7.34,4.88,111.1],[8.28,6.33,102.2]]","[[[1, 1],'H_O',2.885,'OH'],[[2, 2],'C_O',1.971,'CO']]",[],5H4,1S5,1,2,"[2_50,3_6,9_0,9_50]","[1,9]",4,2,2.0069999999999997,"[2.552, 0.935]",171.9,9.9,78.3,137.6,261.4,85.5,"[[7.04,3.34,140.6],[7.92,4.18,135.3],[7.37,3.2,157.5],[7.66,5.44,106.2]]",387.5
aMal208_TSdh_nn_271_0,3950,-1459.8895,E1,1C4,1,2,"[2_3,10_13,11_9]",[1],-1,2,3,0,1,1.976,"[2.84, 0.932]",82.7,60.0,52.5,25.0,80.2,179.3,0,0,"[[7.45,4.74,114.7],[9.34,5.67,126.6],[7.9,4.36,130.3]]","[[[1, 1],'H_O',2.84,'OH'],[[2, 2],'C_O',1.976,'CO']]",[],4C1,1C4,1,2,"[2_3,3_7,9_6,10_13,11_9]",[1],5,1,1.9980000000000002,"[3.019, 0.929]",101.9,306.6,49.4,19.9,322.3,176.0,"[[6.98,4.0,121.5],[7.6,3.38,156.7],[7.79,3.51,156.8],[8.84,5.4,124.1],[7.54,3.75,139.7]]",358.9
aMal124_TSdh_nn_025_0,33,-1459.9407,3E,OS2,2,1,"[2_1,9_50,10_7,13_7]","[1,2,9,50]",-1,1,4,1,4,2.296,"[1.327, 1.192]",151.5,90.0,11.7,115.1,329.2,89.1,0,0,"[[5.5,1.19,151.4],[6.7,4.27,112.1],[8.76,5.79,116.0],[7.57,5.57,103.6]]","[[[1, 1],'C_O',2.296,'CO'],[[2, 2],'H_O',1.327,'OH']]",[],3E,3S1,2,1,"[2_1,10_13,11_1]","[2,9,11,50]",3,4,2.339,"[1.352, 1.169]",158.5,82.2,13.2,119.7,27.2,88.6,"[[5.74,1.17,159.9],[7.77,3.38,164.8],[7.46,3.32,153.6]]",224.5
aMal229_TSdh_nn_127_0,1103,-1459.9138,E1,3S1,1,2,"[3_6,10_7,11_9,13_7]","[1,9,50]",-1,2,4,1,3,1.9769999999999999,"[2.292, 0.943]",91.9,60.0,50.1,69.5,22.2,90.0,0,0,"[[8.11,3.87,149.7],[8.16,5.11,119.2],[8.25,6.14,104.3],[7.5,5.16,108.8]]","[[[1, 1],'H_O',2.292,'OH'],[[2, 2],'C_O',1.977,'CO']]",[],E1,3OB,1,2,"[3_6,10_7]","[1,9,11,50]",2,4,2.004,"[2.086, 0.952]",105.0,65.5,45.5,70.4,14.0,88.5,"[[8.16,3.86,152.0],[8.03,5.0,119.1]]",295.1
aMal173_TSdh_nn_123_0,5896,-1459.8681,2SO,5S1,2,3,"[11_50,13_10]","[1,2]",1,3,2,2,2,2.13,"[2.158, 0.95]",86.8,60.0,157.0,79.2,84.9,84.1,0,0,"[[7.83,3.84,144.0],[8.14,4.04,144.5]]","[[[1, 2],'C_C',1.768,'bb'],[[2, 2],'H_O',2.158,'OH'],[[3, 3],'C_O',2.13,'CO']]",[],2SO,5S1,2,3,"[11_50,13_10]","[1,2]",2,2,2.23,"[2.036, 0.952]",97.2,58.6,158.1,79.4,86.7,87.6,"[[7.94,4.1,138.4],[8.03,4.1,140.0]]",415.1
aMal103_TSdh_nn_093_1,4348,-1459.8864,B3O,3S1,3,2,[2_1],"[3,50]",3,2,1,0,2,2.039,"[2.819, 0.933]",276.4,135.0,168.2,75.7,27.9,87.7,0,0,"[[6.8,4.34,112.3]]","[[[3, 4],'C_C',1.832,'bb'],[[2, 2],'C_O',2.039,'CO'],[[3, 3],'H_O',2.819,'OH']]",[],B3O,5S1,3,2,[2_1],"[3,11,7,50]",1,4,2.048,"[2.621, 0.936]",286.7,114.2,167.4,76.6,104.6,89.4,"[[7.02,4.49,112.9]]",367.0
aMal316_TSdh_nn_301_2,2268,-1459.9039,5S1,5S1,1,2,"[1_2,10_13,11_50]","[1,11,0,50]",-1,2,3,3,4,2.077,"[1.512, 1.039]",82.6,90.0,101.1,98.0,81.7,81.3,0,0,"[[5.8,1.04,143.4],[8.15,4.09,143.3],[7.8,3.85,142.7]]","[[[1, 1],'H_O',1.512,'OH'],[[2, 2],'C_O',2.077,'CO']]",[],5S1,5S1,1,2,"[1_2,2_9,10_13]","[1,11,0,50]",3,4,2.169,"[1.54, 1.021]",83.4,100.0,99.0,101.5,84.5,82.9,"[[5.99,1.02,146.7],[8.48,3.88,164.5],[8.11,4.16,140.0]]",321.1
aMal411_TSdh_nn_184_2,4016,-1459.889,3S1,OS2,1,2,"[1_2,3_0,6_0,9_11,13_7]","[1,2,50]",-1,2,5,2,3,2.164,"[1.388, 1.126]",87.0,165.0,16.2,77.1,332.9,91.7,0,0,"[[5.53,1.13,147.3],[6.62,3.6,123.9],[7.9,6.11,100.4],[8.41,4.23,144.9],[7.73,5.41,108.2]]","[[[1, 1],'H_O',1.388,'OH'],[[2, 2],'C_O',2.164,'CO']]",[],3S1,OS2,1,2,"[1_2,3_0,6_0,9_11]","[1,13,7,50]",4,4,2.195,"[1.464, 1.06]",116.5,170.6,24.9,81.2,332.3,92.1,"[[5.87,1.06,152.2],[6.6,3.53,125.1],[7.78,5.78,103.3],[8.34,4.19,144.1]]",360.2
aMal225_TSdh_nn_153_2,4046,-1459.8887,5S1,5S1,1,2,[3_6],"[1,11,0,50]",-1,2,1,1,4,2.238,"[1.856, 0.949]",84.3,120.0,103.8,102.0,85.7,84.0,0,0,"[[8.2,3.94,149.4]]","[[[1, 1],'H_O',1.856,'OH'],[[2, 2],'C_O',2.238,'CO']]",[],5S1,5S1,1,2,[3_6],"[1,11,0,50]",1,4,2.269,"[1.713, 0.967]",123.5,145.6,102.1,105.2,99.6,88.6,"[[7.84,3.69,149.9]]",361.0
aMal203_TSdh_nn_116_0,6116,-1459.8647,5S1,3S1,3,6,"[1_9,1_50,2_1,3_6,9_50,11_50,13_7]","[2,3]",-1,6,7,4,2,2.221,"[1.518, 1.069]",79.2,60.0,83.4,88.7,34.0,88.0,0,0,"[[11.26,6.45,141.8],[7.67,3.64,146.4],[8.67,6.29,107.3],[6.4,1.07,164.7],[7.07,4.68,110.5],[7.84,3.88,143.2],[7.39,5.25,106.0]]","[[[3, 3],'H_O',1.518,'OH'],[[6, 6],'C_O',2.221,'CO']]",[],5S1,3S1,3,6,"[1_9,1_50,2_1,3_6,9_11]","[2,3]",5,2,2.213,"[1.517, 1.069]",94.9,57.6,83.3,89.3,17.0,93.4,"[[10.32,5.68,142.8],[7.52,3.68,141.0],[8.56,6.12,108.2],[6.42,1.07,166.5],[8.54,4.73,133.1]]",424.0
aMal190_TSdh_nn_113_0,3631,-1459.892,1S3,1C4,1,2,"[9_50,11_9,13_3,13_7]","[1,6,0]",-1,2,4,1,3,2.073,"[2.179, 0.95]",66.5,60.0,208.3,83.4,262.6,175.3,0,0,"[[7.25,4.77,111.6],[7.83,4.0,138.6],[9.26,6.45,112.7],[7.87,5.27,112.2]]","[[[1, 1],'H_O',2.179,'OH'],[[2, 2],'C_O',2.073,'CO']]",[],B3O,1C4,1,2,"[9_50,11_9]","[1,6,0]",2,3,2.05,"[2.092, 0.953]",152.1,62.5,194.3,91.0,246.0,173.9,"[[7.71,5.57,105.4],[7.9,4.09,137.4]]",352.3
aMal91_TSdh_nn_015_2,702,-1459.9204,3OB,4C1,3,2,"[2_1,9_2,9_50,10_9,11_10]","[3,6,0]",-1,2,5,1,3,1.87,"[3.851, 0.954]",85.4,120.0,348.1,87.3,231.9,4.7,0,0,"[[6.28,3.81,113.8],[7.94,3.72,151.9],[7.37,4.93,110.6],[8.32,6.09,105.9],[7.88,5.55,108.0]]","[[[2, 2],'C_O',1.87,'CO'],[[3, 3],'H_O',3.851,'OH']]",[],3OB,4C1,3,2,"[2_1,9_50,10_9,11_10]","[3,6,0]",4,3,1.859,"[3.863, 0.954]",157.5,75.0,349.5,87.1,256.1,4.6,"[[6.21,3.63,116.3],[7.76,5.61,105.5],[8.46,6.36,103.9],[7.99,5.93,103.9]]",277.8
aMal420_TSdh_nn_187_2,2974,-1459.8970000000006,3S1,4C1,-1,-1,"[1_2,3_6,3_0,9_10,10_11,11_13]","[1,2,50]",-1,2,6,2,3,2.253,"[0, 0]",93.2,135.0,25.9,79.2,130.5,2.5,0,0,"[[5.52,1.83,150.5],[7.37,3.27,150.3],[6.94,4.85,104.7],[7.84,5.46,108.8],[7.97,5.87,104.5],[7.86,4.18,134.1]]","[[[2, 2],'C_O',2.253,'CO']]",[],3S1,2H1,-1,-1,"[1_2,3_6,3_0,9_10,11_13]","[1,2,11,50]",5,4,2.238,"[0, 0]",102.6,131.8,24.7,79.7,73.2,27.1,"[[5.51,1.81,151.8],[7.36,3.23,152.1],[7.03,4.97,104.0],[8.21,6.34,101.2],[7.81,4.46,126.1]]",339.2
aMal129_TSdh_nn_127_0,1098,-1459.9139,E1,3S1,1,2,"[3_6,9_50]","[1,9,50]",-1,2,2,1,3,1.9769999999999999,"[2.292, 0.943]",91.9,60.0,50.1,69.5,30.8,89.7,0,0,"[[8.11,3.87,149.7],[7.14,4.34,117.7]]","[[[1, 1],'H_O',2.292,'OH'],[[2, 2],'C_O',1.977,'CO']]",[],E1,3S1,1,2,[3_6],"[1,9,11,50]",1,4,2.016,"[2.048, 0.954]",94.1,69.7,46.2,71.0,24.2,87.9,"[[8.06,3.78,152.5]]",294.8
aMal370_TSdh_nn_096_2,1029,-1459.9144,5S1,5S1,1,2,[3_6],"[1,11,0,50]",-1,2,1,0,4,2.202,"[1.62, 0.993]",77.1,120.0,105.1,97.5,82.9,84.2,0,0,"[[7.73,4.74,119.6]]","[[[1, 1],'H_O',1.62,'OH'],[[2, 2],'C_O',2.202,'CO']]",[],25B,3S1,1,2,"[1_2,3_6,9_2,10_13]","[1,9,11,0,50]",4,5,2.229,"[1.369, 1.14]",74.7,100.3,108.2,104.4,15.5,88.9,"[[5.64,1.14,154.1],[7.32,4.43,119.1],[8.34,4.15,145.3],[7.85,3.58,155.1]]",293.5
aMal186_TSdh_nn_161_0,698,-1459.9204,3E,OS2,2,1,"[2_1,3_6,9_50,10_7,11_9,13_11]","[1,2,9,50]",-1,1,6,3,4,2.383,"[1.275, 1.264]",96.8,60.0,352.5,109.1,334.2,91.0,0,0,"[[5.46,1.26,153.5],[7.98,3.87,146.5],[6.68,4.34,110.7],[8.18,5.11,119.5],[8.28,4.7,129.2],[9.13,4.97,138.7]]","[[[1, 1],'C_O',2.383,'CO'],[[2, 2],'H_O',1.275,'OH']]",[],3E,OS2,2,1,"[2_1,3_6,9_11,10_7]","[1,2,9,50]",4,4,2.3569999999999998,"[1.343, 1.171]",141.9,61.1,356.8,111.5,332.6,92.6,"[[5.57,1.17,153.2],[7.74,3.43,160.5],[7.9,3.93,142.1],[8.17,5.24,117.0]]",277.8
aMal368_TSdh_nn_184_1,2949,-1459.8974,3S1,2SO,1,2,"[1_2,3_0,6_0,9_50,10_11]","[1,2,50]",-1,2,5,1,3,2.164,"[1.388, 1.126]",87.0,345.0,16.2,77.1,159.4,81.8,0,0,"[[5.53,1.13,147.3],[6.62,3.6,123.9],[7.9,6.11,100.4],[6.71,4.44,109.2],[8.45,6.15,106.7]]","[[[1, 1],'H_O',1.388,'OH'],[[2, 2],'C_O',2.164,'CO']]",[],3S1,4C1,1,2,"[1_2,3_0,6_0,9_10,10_11,11_13]","[1,9,50]",6,3,2.181,"[1.524, 1.03]",51.0,45.4,25.3,78.1,192.8,6.9,"[[6.01,1.03,149.2],[6.55,3.48,125.4],[7.77,5.83,102.6],[7.54,5.36,106.1],[7.95,5.91,103.6],[7.49,4.0,131.4]]",338.2
aMal10_TSdh_nn_153_2,3133,-1459.8958,5S1,3S1,1,2,"[3_6,9_11,10_7,11_50]","[1,11,0,50]",-1,2,4,2,4,2.238,"[1.856, 0.949]",84.3,90.0,103.8,102.0,23.8,90.5,0,0,"[[8.2,3.94,149.4],[9.72,6.2,122.8],[8.4,5.39,117.7],[7.8,4.01,138.0]]","[[[1, 1],'H_O',1.856,'OH'],[[2, 2],'C_O',2.238,'CO']]",[],5S1,3S1,1,2,"[3_6,10_7]","[1,9,11,50]",2,4,2.242,"[1.756, 0.96]",93.3,79.3,103.2,101.8,19.3,88.4,"[[7.88,3.71,149.6],[8.32,5.29,118.4]]",342.4
aMal247_TSdh_nn_094_1,1040,-1459.9141,E1,3S1,1,2,[9_50],"[1,11,50]",-1,2,1,0,3,1.9380000000000002,"[2.459, 0.941]",103.5,105.0,51.0,61.3,37.3,85.5,0,0,"[[7.48,4.7,116.2]]","[[[1, 1],'H_O',2.459,'OH'],[[2, 2],'C_O',1.938,'CO']]",[],E1,3S1,1,2,[3_6],"[1,9,11,50]",1,4,2.008,"[2.088, 0.952]",94.2,70.5,46.5,70.6,24.3,88.0,"[[8.12,3.83,152.1]]",294.3
aMal219_TSdh_nn_165_0,2880,-1459.8981,E1,3S1,1,2,[11_50],"[1,11,50]",-1,2,1,1,3,1.9340000000000002,"[2.2, 0.948]",96.2,60.0,50.0,66.0,31.3,88.5,0,0,"[[7.75,3.8,143.0]]","[[[1, 1],'H_O',2.2,'OH'],[[2, 2],'C_O',1.934,'CO']]",[],E1,3S1,1,2,[6_0],"[1,9,11,50]",1,4,1.9380000000000002,"[2.201, 0.947]",108.1,59.1,48.3,66.4,21.4,88.5,"[[7.82,6.04,100.5]]",336.3
aMal66_TSdh_nn_123_1,5389,-1459.8752,2SO,2SO,2,3,"[3_13,9_50,10_11]","[1,2]",1,3,3,0,2,2.13,"[2.158, 0.95]",86.8,345.0,157.0,79.2,160.9,85.8,0,0,"[[8.53,5.1,125.1],[6.61,4.22,111.7],[8.59,6.36,105.5]]","[[[1, 2],'C_C',1.768,'bb'],[[2, 2],'H_O',2.158,'OH'],[[3, 3],'C_O',2.13,'CO']]",[],4C1,2SO,2,3,"[3_13,3_7,9_10]","[1,2]",3,2,2.256,"[2.379, 0.931]",64.3,42.3,135.9,16.3,155.3,80.8,"[[7.98,3.51,164.4],[8.09,5.86,105.7],[7.37,4.92,110.7]]",396.5
aMal103_TSdh_nn_187_2,1826,-1459.9075,3S1,3S1,-1,-1,"[1_2,3_6,3_0]","[1,2,11,50]",-1,2,3,2,4,2.253,"[0, 0]",93.2,135.0,25.9,79.2,27.9,87.7,0,0,"[[5.52,1.83,150.5],[7.37,3.27,150.3],[6.94,4.85,104.7]]","[[[2, 2],'C_O',2.253,'CO']]",[],3S1,5S1,1,2,"[1_2,3_6,10_13,11_2]","[1,11,7,50]",4,4,2.145,"[1.272, 1.283]",114.6,152.7,32.2,82.5,99.1,89.0,"[[5.57,1.28,157.9],[6.94,2.86,157.5],[8.2,4.22,140.2],[7.26,3.27,149.4]]",311.6
aMal273_TSdh_nn_177_2,5259,-1459.8768,5S1,1S3,1,2,"[6_3,11_10]","[1,0,50]",-1,2,2,0,3,2.239,"[1.808, 0.958]",92.6,180.0,104.5,99.7,217.5,91.4,0,0,"[[8.95,5.09,132.3],[7.64,5.46,106.1]]","[[[1, 1],'H_O',1.808,'OH'],[[2, 2],'C_O',2.239,'CO']]",[],5H4,1S3,1,2,"[6_3,9_2,11_10]","[1,0,7,50]",3,4,2.2159999999999997,"[1.582, 1.005]",130.1,149.4,89.0,121.3,207.1,86.7,"[[8.15,4.72,126.7],[9.95,5.47,141.7],[7.54,5.42,105.4]]",392.2
aMal174_TSdh_nn_260_2,1967,-1459.9062,4E,1C4,2,1,"[2_1,11_9,13_10]","[1,2]",-1,1,3,2,2,2.378,"[1.216, 1.376]",55.8,135.0,229.3,41.4,225.9,173.7,0,0,"[[5.41,1.38,153.5],[8.21,4.71,127.8],[7.66,3.63,147.5]]","[[[1, 1],'C_O',2.378,'CO'],[[2, 2],'H_O',1.216,'OH']]",[],E3,1C4,-1,-1,"[2_1,3_13,9_50,11_9,13_10]","[1,2,3]",5,3,2.608,"[0, 0]",78.8,58.0,179.7,51.1,272.2,169.8,"[[5.48,1.78,149.8],[8.29,4.03,147.6],[8.18,6.16,103.3],[7.79,4.0,137.5],[7.96,3.95,143.1]]",315.1
aMal273_TSdh_nn_280_1,5646,-1459.8714,4C1,1S3,1,2,"[2_3,11_10]",[1],-1,2,2,0,1,2.009,"[2.985, 0.93]",291.1,15.0,53.7,20.2,217.5,91.4,0,0,"[[7.15,4.52,114.2],[7.64,5.46,106.1]]","[[[1, 1],'H_O',2.985,'OH'],[[2, 2],'C_O',2.009,'CO']]",[],4C1,1S3,1,2,"[2_3,3_9,3_50,11_10]",[1],4,1,2.019,"[3.04, 0.928]",283.7,1.7,55.8,13.0,222.1,93.1,"[[6.92,3.89,123.1],[8.27,4.15,143.2],[8.35,6.22,104.2],[7.73,5.72,103.6]]",406.4
aMal228_TSdh_nn_178_0,680,-1459.9212,OS2,5S1,2,1,[],"[2,11,50]",-1,1,0,0,3,2.92,"[1.775, 0.953]",164.7,90.0,319.9,102.7,86.0,84.4,0,0,[],"[[[1, 1],'C_O',2.92,'CO'],[[2, 2],'H_O',1.775,'OH']]",[],3H2,5S1,2,1,[9_6],"[2,11,7,50]",1,4,2.708,"[1.707, 0.966]",177.3,146.6,333.2,109.1,101.4,88.6,"[[9.59,5.42,136.1]]",275.7
aMal129_TSdh_nn_025_1,463,-1459.9274,3E,3S1,2,1,"[2_1,9_50]","[1,2,11,50]",-1,1,2,1,4,2.296,"[1.327, 1.192]",151.5,135.0,11.7,115.1,30.8,89.7,0,0,"[[5.5,1.19,151.4],[7.14,4.34,117.7]]","[[[1, 1],'C_O',2.296,'CO'],[[2, 2],'H_O',1.327,'OH']]",[],3E,3S1,2,1,[2_1],"[1,2,9,11,50]",1,5,2.34,"[1.354, 1.162]",113.3,67.4,357.0,116.1,29.0,89.3,"[[5.59,1.16,152.5]]",259.4
aMal128_TSdh_nn_080_0,2415,-1459.9023,5S1,OS2,1,2,"[2_3,9_11,10_7]","[1,0,50]",-1,0,3,1,3,2.0469999999999997,"[3.685, 0.936]",77.5,60.0,91.0,78.8,339.0,90.9,0,0,"[[6.38,3.63,118.5],[8.05,3.93,146.3],[7.78,4.61,122.8]]","[[[0, 1],'C_O',2.047,'bb'],[[1, 1],'H_O',3.685,'OH'],[[2, 2],'C_O',1.779,'CO']]",[],5S1,OS2,1,2,"[2_3,3_6,9_11,10_7]","[1,9,0,50]",4,4,2.008,"[3.705, 0.937]",124.8,53.0,91.3,79.5,334.4,92.5,"[[6.65,3.78,120.2],[7.91,4.07,138.0],[7.68,3.79,141.4],[8.12,5.14,118.0]]",325.3
aMal136_TSdh_nn_153_1,3537,-1459.8928,5S1,OS2,1,2,"[3_6,9_50,10_7,13_3,13_7]","[1,0,50]",-1,2,5,2,3,2.238,"[1.856, 0.949]",84.3,15.0,103.8,102.0,329.5,89.3,0,0,"[[8.2,3.94,149.4],[6.68,4.3,111.4],[8.63,5.59,117.7],[10.19,5.38,150.3],[7.82,5.62,106.3]]","[[[1, 1],'H_O',1.856,'OH'],[[2, 2],'C_O',2.238,'CO']]",[],5S1,OS2,1,2,"[3_6,9_11,10_7]","[1,9,0,50]",3,4,2.247,"[1.779, 0.956]",119.2,54.4,105.1,102.4,333.9,92.5,"[[8.04,3.82,149.7],[7.71,3.78,142.2],[8.11,5.17,117.3]]",350.2
aMal130_TSdh_nn_327_1,4003,-1459.889,E1,OS2,1,2,"[2_3,3_7,9_50,11_9,13_7]",[1],-1,2,5,0,1,1.98,"[2.875, 0.931]",84.1,15.0,52.1,25.6,330.8,92.7,0,0,"[[7.42,4.72,114.6],[7.78,5.58,106.2],[6.69,4.27,112.1],[8.35,4.75,129.4],[7.81,5.63,105.9]]","[[[1, 1],'H_O',2.875,'OH'],[[2, 2],'C_O',1.98,'CO']]",[],E1,OS2,1,2,"[2_3,3_13,3_7,9_50,11_9]",[1],5,1,1.982,"[3.051, 0.93]",60.6,23.6,50.6,23.9,331.2,92.4,"[[6.62,3.43,128.3],[8.99,4.66,143.6],[7.34,3.86,131.4],[6.84,4.55,109.4],[8.26,4.72,128.5]]",360.2
aMal339_TSdh_nn_025_1,1191,-1459.9128,3E,OS2,2,1,"[2_1,9_11,11_13]","[1,2,50]",-1,1,3,2,3,2.296,"[1.327, 1.192]",151.5,195.0,11.7,115.1,331.6,90.9,0,0,"[[5.5,1.19,151.4],[8.46,4.31,143.2],[8.27,4.72,128.6]]","[[[1, 1],'C_O',2.296,'CO'],[[2, 2],'H_O',1.327,'OH']]",[],3E,OS2,2,1,"[2_1,9_11,11_13]","[1,2,7,50]",3,4,2.352,"[1.309, 1.216]",167.0,184.5,11.4,116.5,323.7,96.3,"[[5.53,1.22,154.3],[8.41,4.46,137.6],[8.25,4.91,124.2]]",297.7
aMal356_TSdh_nn_337_1,6300,-1459.8605,1S3,3S1,1,2,"[9_50,11_6,13_10]","[1,0]",-1,2,3,1,2,2.097,"[2.214, 0.941]",66.9,45.0,196.6,87.4,29.7,84.2,0,0,"[[7.46,4.7,116.1],[6.42,4.67,101.4],[7.72,3.94,138.3]]","[[[1, 1],'H_O',2.214,'OH'],[[2, 2],'C_O',2.097,'CO']]",[],1S3,3S1,1,2,"[3_7,9_11,11_6,11_50,13_10,13_7]","[1,0]",6,2,2.0909999999999997,"[2.083, 0.947]",49.3,51.5,202.0,94.9,20.8,92.0,"[[8.31,3.98,151.7],[8.74,5.06,129.2],[8.72,4.05,163.8],[8.47,5.84,111.3],[7.58,4.77,116.5],[8.62,6.43,104.9]]",435.0
aMal273_TSdh_nn_116_0,6169,-1459.8636,5S1,1S3,3,6,"[1_50,2_1,3_6,11_10]","[2,3]",-1,6,4,2,2,2.221,"[1.518, 1.069]",79.2,60.0,83.4,88.7,217.5,91.4,0,0,"[[7.67,3.64,146.4],[8.67,6.29,107.3],[6.4,1.07,164.7],[7.64,5.46,106.1]]","[[[3, 3],'H_O',1.518,'OH'],[[6, 6],'C_O',2.221,'CO']]",[],5S1,1S3,3,6,"[1_9,1_50,2_1,3_6,11_10]","[2,3]",5,2,2.21,"[1.498, 1.082]",96.9,76.1,83.7,90.2,205.3,86.5,"[[9.92,5.32,144.5],[7.44,3.67,139.2],[8.51,6.07,108.4],[6.36,1.08,166.9],[7.51,5.33,106.3]]",426.9
aMal420_TSdh_nn_116_2,4737,-1459.8828,5S1,4C1,3,6,"[1_50,2_1,3_6,9_10,10_11,11_13]","[2,3]",-1,6,6,2,2,2.221,"[1.518, 1.069]",79.2,120.0,83.4,88.7,130.5,2.5,0,0,"[[7.67,3.64,146.4],[8.67,6.29,107.3],[6.4,1.07,164.7],[7.84,5.46,108.8],[7.97,5.87,104.5],[7.86,4.18,134.1]]","[[[3, 3],'H_O',1.518,'OH'],[[6, 6],'C_O',2.221,'CO']]",[],5S1,4C1,3,6,"[1_9,1_50,2_1,3_6,9_10,10_11,11_13]","[2,3]",7,2,2.213,"[1.501, 1.08]",82.8,85.0,85.4,89.9,188.0,3.7,"[[8.41,4.12,147.5],[8.01,4.33,132.3],[8.44,6.0,108.5],[6.36,1.08,166.4],[7.93,5.75,105.7],[7.98,6.01,102.7],[7.54,3.95,133.9]]",376.5
aMal244_TSdh_nn_058_1,2465,-1459.9018,E1,3S1,1,2,"[9_50,11_50]","[1,11,50]",-1,2,2,1,3,1.925,"[2.322, 0.95]",91.7,90.0,53.7,56.0,43.5,88.4,0,0,"[[7.12,4.72,110.7],[7.69,3.72,144.7]]","[[[1, 1],'H_O',2.322,'OH'],[[2, 2],'C_O',1.925,'CO']]",[],E1,3S1,1,2,[],"[1,9,11,50]",0,4,1.9709999999999999,"[2.016, 0.963]",108.8,61.2,47.5,65.8,24.2,88.2,[],326.6
aMal194_TSdh_nn_293_0,4209,-1459.8875,1C4,B3O,1,2,[9_10],"[1,6,0]",-1,2,1,0,3,1.9040000000000001,"[3.827, 0.952]",177.8,75.0,117.8,166.4,165.4,87.3,0,0,"[[7.41,4.94,111.0]]","[[[1, 1],'H_O',3.827,'OH'],[[2, 2],'C_O',1.904,'CO']]",[],1C4,1S3,1,2,[10_11],"[1,6,0]",1,3,1.946,"[3.782, 0.967]",169.8,70.4,104.3,160.5,205.3,88.8,"[[8.02,5.68,107.8]]",364.2
aMal64_TSdh_nn_047_2,5508,-1459.8734,1C4,4C1,-1,-1,"[1_2,2_50,3_6,9_50,10_9,11_10]","[3,6]",-1,6,6,2,2,2.2969999999999997,"[0, 0]",163.1,135.0,56.6,173.5,211.9,5.4,0,0,"[[7.16,4.51,114.5],[7.56,3.85,137.2],[5.8,1.97,155.7],[7.36,4.93,110.5],[8.31,6.06,106.2],[7.96,5.7,106.8]]","[[[6, 6],'C_O',2.297,'CO']]",[],1C4,4C1,-1,-1,"[1_2,2_50,3_6,9_50,10_9,13_7]","[3,6]",6,2,2.322,"[0, 0]",174.2,73.4,33.1,175.8,180.0,4.6,"[[7.33,4.75,112.8],[7.62,3.85,138.5],[5.81,1.94,156.8],[7.61,5.67,102.7],[8.45,6.42,103.1],[7.78,5.98,100.7]]",401.2
aMal264_TSdh_nn_271_0,5160,-1459.878,E1,3S1,1,2,"[2_3,9_50,11_50]",[1],-1,2,3,1,1,1.976,"[2.84, 0.932]",82.7,60.0,52.5,25.0,37.1,88.6,0,0,"[[7.45,4.74,114.7],[7.07,4.66,110.8],[7.79,3.82,143.9]]","[[[1, 1],'H_O',2.84,'OH'],[[2, 2],'C_O',1.976,'CO']]",[],E1,3S1,1,2,"[2_3,3_7,9_11]",[1],3,1,1.9680000000000002,"[3.007, 0.931]",48.7,48.5,53.2,26.2,19.3,93.6,"[[7.02,4.15,119.1],[7.99,3.78,150.5],[8.2,4.65,128.9]]",389.1
aMal356_TSdh_nn_340_0,4213,-1459.8875,B3O,3S1,3,2,"[2_1,9_50,13_10]","[3,11,50]",3,2,3,1,3,2.023,"[2.855, 0.933]",273.9,105.0,167.4,80.7,29.7,84.2,0,0,"[[6.71,4.24,112.5],[7.46,4.7,116.1],[7.72,3.94,138.3]]","[[[3, 4],'C_C',1.846,'bb'],[[2, 2],'C_O',2.023,'CO'],[[3, 3],'H_O',2.855,'OH']]",[],E3,3S1,3,2,"[2_1,6_0,10_13]","[3,9,11,50]",3,4,1.983,"[2.545, 0.938]",181.9,86.6,191.7,71.6,19.6,87.5,"[[6.64,4.24,111.5],[7.83,5.8,103.8],[7.73,3.47,156.8]]",364.2
aMal314_TSdh_nn_100_0,2759,-1459.8992,5H4,1C4,1,2,"[2_50,6_3,9_11]","[1,0]",-1,2,3,1,2,1.962,"[2.767, 0.936]",167.6,75.0,77.1,153.8,253.1,164.6,0,0,"[[7.23,3.63,135.4],[7.61,3.99,134.4],[8.38,4.59,133.5]]","[[[1, 1],'H_O',2.767,'OH'],[[2, 2],'C_O',1.962,'CO']]",[],5H4,1C4,1,2,"[2_9,2_50,6_3,13_10]","[1,9,11,0,7]",4,5,2.039,"[2.07, 0.953]",179.1,65.3,87.5,132.3,171.0,171.7,"[[8.24,3.83,155.5],[8.15,4.96,121.2],[7.26,3.83,131.6],[7.48,3.73,139.1]]",333.4
aMal319_TSdh_nn_181_1,5811,-1459.8691,1HO,3S1,1,2,"[2_50,9_11,10_13,10_7,11_50]","[1,2,0]",-1,2,5,3,3,2.274,"[3.547, 0.93]",163.0,165.0,191.8,153.0,20.7,91.4,0,0,"[[7.54,3.53,146.4],[8.63,5.05,127.8],[7.69,3.95,136.8],[8.79,5.93,114.1],[8.15,4.27,137.7]]","[[[1, 1],'H_O',3.547,'OH'],[[2, 2],'C_O',2.274,'CO']]",[],EO,5S1,1,2,"[2_11,2_50,10_13]","[1,2,0]",3,3,2.294,"[3.45, 0.928]",117.7,144.5,173.7,154.7,90.0,83.9,"[[7.38,3.74,134.9],[7.76,4.22,129.9],[8.19,4.23,139.7]]",412.5
aMal287_TSdh_nn_184_1,4235,-1459.8873,3S1,OS2,1,2,"[1_2,3_0,6_0,9_50,10_7,11_9]","[1,2,50]",-1,2,6,1,3,2.164,"[1.388, 1.126]",87.0,15.0,16.2,77.1,335.9,91.4,0,0,"[[5.53,1.13,147.3],[6.62,3.6,123.9],[7.9,6.11,100.4],[6.65,4.2,112.5],[8.04,4.95,120.4],[8.07,4.43,131.7]]","[[[1, 1],'H_O',1.388,'OH'],[[2, 2],'C_O',2.164,'CO']]",[],3S1,OS2,1,2,"[1_2,3_0,6_0,9_11,10_7]","[1,9,50]",5,3,2.171,"[1.514, 1.034]",83.2,46.8,25.6,79.4,338.8,90.7,"[[6.02,1.03,150.8],[6.54,3.47,125.4],[7.83,5.88,102.7],[7.8,3.75,145.7],[7.83,4.83,119.2]]",364.7
aMal45_TSdh_nn_340_0,5398,-1459.8752,B3O,5S1,3,2,"[2_1,9_50,11_50,13_10]","[3,11,50]",3,2,4,2,3,2.023,"[2.855, 0.933]",273.9,120.0,167.4,80.7,84.2,92.8,0,0,"[[6.71,4.24,112.5],[7.4,5.05,109.2],[7.82,3.74,147.5],[8.58,4.53,139.4]]","[[[3, 4],'C_C',1.846,'bb'],[[2, 2],'C_O',2.023,'CO'],[[3, 3],'H_O',2.855,'OH']]",[],B3O,5S1,3,2,"[2_1,9_50,13_10]","[3,11,7,50]",3,4,2.035,"[2.677, 0.936]",287.9,108.2,165.1,79.9,98.6,100.7,"[[6.98,4.46,112.7],[7.2,5.27,103.0],[8.57,4.59,137.5]]",396.5
aMal97_TSdh_nn_047_1,5768,-1459.8699,1C4,1C4,-1,-1,"[1_2,2_50,3_6,11_9,11_7,13_10]","[3,6]",-1,6,6,2,2,2.2969999999999997,"[0, 0]",163.1,345.0,56.6,173.5,144.5,178.8,0,0,"[[7.16,4.51,114.5],[7.56,3.85,137.2],[5.8,1.97,155.7],[7.92,4.7,123.2],[8.53,6.37,104.6],[8.44,4.64,133.8]]","[[[6, 6],'C_O',2.297,'CO']]",[],1C4,1C4,-1,-1,"[1_2,2_50,3_6,9_0,13_10]","[3,6]",5,2,2.363,"[0, 0]",167.1,342.2,15.9,176.0,76.4,168.5,"[[7.25,4.63,113.9],[7.62,3.73,142.4],[5.83,1.95,156.4],[7.1,4.65,111.5],[8.33,4.77,128.8]]",410.4
aMal228_TSdh_nn_094_2,2837,-1459.8986,E1,5S1,1,2,[3_9],"[1,11,50]",-1,2,1,0,3,1.9380000000000002,"[2.459, 0.941]",103.5,165.0,51.0,61.3,86.0,84.4,0,0,"[[5.79,2.71,132.9]]","[[[1, 1],'H_O',2.459,'OH'],[[2, 2],'C_O',1.938,'CO']]",[],E1,5S1,1,2,[3_9],"[1,11,50]",1,3,1.9869999999999999,"[2.243, 0.947]",116.6,156.3,50.2,55.5,95.5,82.9,"[[8.29,4.03,148.9]]",335.0
aMal10_TSdh_nn_273_2,3590,-1459.8924,4C1,3S1,1,2,"[9_11,10_7,11_50]","[1,6]",-1,2,3,1,2,2.056,"[2.33, 0.946]",69.4,135.0,28.6,16.3,23.8,90.5,0,0,"[[9.72,6.2,122.8],[8.4,5.39,117.7],[7.8,4.01,138.0]]","[[[1, 1],'H_O',2.33,'OH'],[[2, 2],'C_O',2.056,'CO']]",[],4C1,3OB,1,2,"[3_9,9_11,10_7]","[1,6]",3,2,2.103,"[2.335, 0.938]",104.7,131.5,23.3,20.4,11.9,92.1,"[[7.3,3.13,158.2],[7.55,3.82,137.3],[7.86,4.76,121.1]]",351.3
aMal8_TSdh_nn_116_0,6066,-1459.8654,5S1,3S1,3,6,"[1_50,2_1,3_6,9_11,9_50]","[2,3]",-1,6,5,2,2,2.221,"[1.518, 1.069]",79.2,60.0,83.4,88.7,20.8,91.4,0,0,"[[7.67,3.64,146.4],[8.67,6.29,107.3],[6.4,1.07,164.7],[8.73,5.63,118.3],[6.77,4.99,101.4]]","[[[3, 3],'H_O',1.518,'OH'],[[6, 6],'C_O',2.221,'CO']]",[],5S1,3S1,3,6,"[1_9,1_50,2_1,3_6,9_11]","[2,3]",5,2,2.205,"[1.497, 1.081]",86.8,71.0,84.9,90.3,15.4,94.3,"[[8.77,4.45,145.1],[7.78,3.99,136.7],[8.38,5.9,109.2],[6.35,1.08,166.6],[7.82,4.08,135.7]]",422.2
aMal22_TSdh_nn_047_0,5756,-1459.8701,1C4,1C4,-1,-1,"[1_2,2_50,3_6,9_11,10_13]","[3,6]",-1,6,5,3,2,2.2969999999999997,"[0, 0]",163.1,60.0,56.6,173.5,291.2,176.4,0,0,"[[7.16,4.51,114.5],[7.56,3.85,137.2],[5.8,1.97,155.7],[7.71,3.94,137.4],[8.78,4.87,134.4]]","[[[6, 6],'C_O',2.297,'CO']]",[],1C4,1C4,-1,-1,"[1_2,2_9,2_50,3_6,9_11,10_13]","[3,6]",6,2,2.31,"[0, 0]",174.0,39.9,39.8,176.1,1.1,175.1,"[[7.27,4.64,113.9],[9.73,4.88,155.3],[7.33,3.97,128.5],[5.93,2.09,154.8],[7.73,3.96,137.4],[8.68,5.32,123.2]]",409.8
aMal272_TSdh_nn_081_2,916,-1459.9160000000006,5S1,1S3,1,2,"[2_3,3_6,11_10,13_11]","[1,0,50]",-1,0,4,2,3,2.0469999999999997,"[2.845, 0.94]",79.1,150.0,87.0,80.0,209.6,87.3,0,0,"[[6.96,4.11,118.6],[7.5,3.67,140.8],[8.0,6.23,100.1],[8.55,4.46,141.0]]","[[[0, 1],'C_O',2.047,'bb'],[[1, 1],'H_O',2.845,'OH'],[[2, 2],'C_O',1.782,'CO']]",[],5S1,4C1,1,2,"[2_3,3_6,9_10,10_11,11_13]","[1,9,0,50]",5,4,2.004,"[2.647, 0.943]",75.0,56.5,94.4,80.3,195.1,5.3,"[[6.89,4.04,118.9],[8.02,4.22,136.0],[7.7,5.72,103.0],[7.9,5.78,104.9],[7.5,3.97,132.5]]",289.3
aMal194_TSdh_nn_187_2,2933,-1459.8975,3S1,B3O,-1,-1,"[1_2,3_6,3_0,9_10]","[1,2,50]",-1,2,4,2,3,2.253,"[0, 0]",93.2,135.0,25.9,79.2,165.4,87.3,0,0,"[[5.52,1.83,150.5],[7.37,3.27,150.3],[6.94,4.85,104.7],[7.41,4.94,111.0]]","[[[2, 2],'C_O',2.253,'CO']]",[],3S1,1S3,-1,-1,"[1_2,3_6,3_0,9_10,10_11]","[1,2,9,50]",5,4,2.266,"[0, 0]",142.9,56.1,28.3,76.8,203.3,86.9,"[[5.6,1.89,151.4],[7.29,3.14,153.6],[7.02,5.01,103.2],[8.34,6.1,105.9],[8.05,5.77,107.0]]",337.9
aMal434_TSdh_nn_329_0,5192,-1459.8776,4C1,1C4,2,3,[9_11],"[1,2]",1,3,1,1,2,2.24,"[3.049, 0.931]",92.2,60.0,169.3,8.0,256.4,173.9,0,0,"[[7.95,4.18,135.7]]","[[[1, 2],'C_C',1.724,'bb'],[[2, 2],'H_O',3.049,'OH'],[[3, 3],'C_O',2.24,'CO']]",[],4C1,1C4,2,3,"[6_7,9_11,10_13]","[1,2]",3,2,2.609,"[1.983, 0.94]",109.6,57.8,150.0,7.7,319.6,175.4,"[[8.27,4.18,143.2],[7.66,3.89,138.0],[8.5,4.96,127.4]]",390.1
aMal77_TSdh_nn_211_0,2545,-1459.901,5S1,1C4,2,1,"[1_50,3_6,9_11,13_7]","[2,3]",-1,1,4,2,2,2.302,"[3.52, 0.923]",77.3,60.0,104.7,92.6,235.8,174.2,0,0,"[[7.91,4.84,120.4],[8.42,4.46,137.6],[7.9,4.06,138.3],[7.77,5.26,111.0]]","[[[1, 1],'C_O',2.302,'CO'],[[2, 2],'H_O',3.52,'OH']]",[],5S1,1C4,2,1,"[1_50,3_6,9_11]","[2,3]",3,2,2.355,"[3.869, 0.925]",88.7,59.9,103.2,91.3,259.2,175.6,"[[7.56,3.94,134.2],[8.78,4.76,136.7],[7.74,3.97,137.4]]",328.7
aMal241_TSdh_nn_128_0,6209,-1459.8627,3S1,5S1,-1,-1,"[1_9,1_50,3_6,11_50]","[3,6]",-1,6,4,3,2,2.231,"[0, 0]",42.0,75.0,36.0,99.6,85.9,84.4,0,0,"[[6.99,3.96,123.0],[7.85,4.05,137.3],[6.03,2.19,153.0],[7.8,3.83,143.6]]","[[[6, 6],'C_O',2.231,'CO']]",[],3S1,5S1,-1,-1,"[1_9,1_50,3_6,10_13,11_50]","[3,6]",5,2,2.245,"[0, 0]",66.5,54.1,43.8,100.7,82.0,94.7,"[[8.38,3.91,156.2],[7.8,4.47,125.2],[6.11,2.31,151.6],[8.31,4.06,148.4],[7.65,3.9,138.1]]",429.3
aMal454_TSdh_nn_127_2,1189,-1459.9129,E1,3S1,1,2,"[3_6,9_11,10_7,11_50]","[1,9,11,50]",-1,2,4,1,4,1.9769999999999999,"[2.292, 0.943]",91.9,75.0,50.1,69.5,20.2,92.0,0,0,"[[8.11,3.87,149.7],[8.29,4.66,130.2],[8.01,4.95,119.7],[8.07,4.35,133.9]]","[[[1, 1],'H_O',2.292,'OH'],[[2, 2],'C_O',1.977,'CO']]",[],E1,3OB,1,2,"[3_6,10_7]","[1,9,11,50]",2,4,2.005,"[2.077, 0.952]",105.9,66.3,45.8,70.4,13.5,88.9,"[[8.12,3.82,152.4],[7.96,4.92,119.6]]",297.5
aMal406_TSdh_nn_277_1,4215,-1459.8875,OS2,3OB,1,2,"[2_50,9_11,10_7]","[1,6,0]",-1,2,3,1,3,1.98,"[2.929, 0.933]",87.3,45.0,340.6,84.4,14.7,90.7,0,0,"[[7.34,3.66,137.2],[8.25,5.02,122.1],[7.79,4.69,121.3]]","[[[1, 1],'H_O',2.929,'OH'],[[2, 2],'C_O',1.98,'CO']]",[],OS2,OS2,1,2,"[2_9,2_50,9_11,10_7]","[1,6,0]",4,3,2.012,"[2.853, 0.928]",97.5,85.2,341.1,84.0,340.4,90.4,"[[8.86,4.07,165.5],[7.22,4.37,117.6],[8.13,4.02,144.9],[7.91,4.84,120.4]]",364.2
aMal200_TSdh_nn_116_2,6147,-1459.864,5S1,3S1,3,6,"[1_9,1_11,1_50,2_1,3_6,10_7,11_1,11_50,13_7]","[2,3]",-1,6,9,4,2,2.221,"[1.518, 1.069]",79.2,120.0,83.4,88.7,22.0,88.4,0,0,"[[7.48,4.55,118.8],[9.81,6.17,124.0],[7.67,3.64,146.4],[8.67,6.29,107.3],[6.4,1.07,164.7],[8.44,5.34,119.2],[9.81,5.57,136.7],[8.77,4.61,141.1],[7.48,5.14,108.9]]","[[[3, 3],'H_O',1.518,'OH'],[[6, 6],'C_O',2.221,'CO']]",[],5S1,3S1,3,6,"[1_9,1_50,2_1,3_6,10_7,11_9,11_50]","[2,3]",7,2,2.214,"[1.524, 1.064]",93.4,62.3,85.5,90.2,21.6,90.2,"[[9.11,4.59,149.1],[7.78,3.97,137.5],[8.45,5.98,108.9],[6.44,1.06,166.2],[8.46,5.43,118.0],[9.6,5.45,135.8],[8.39,5.28,119.5]]",425.9
aMal155_TSdh_nn_073_1,4682,-1459.8835,1S3,4C1,3,2,"[1_2,10_9,11_10,13_11]","[3,50]",3,2,4,1,2,2.136,"[2.377, 0.941]",166.4,150.0,197.5,75.2,223.3,2.0,0,0,"[[7.75,5.56,106.0],[7.88,5.91,102.9],[7.83,5.52,107.8],[7.87,4.11,136.4]]","[[[3, 4],'C_C',1.726,'bb'],[[2, 2],'C_O',2.136,'CO'],[[3, 3],'H_O',2.377,'OH']]",[],1S3,4C1,3,2,"[9_6,10_9,11_10]","[3,11,13]",3,3,2.084,"[2.573, 0.937]",137.1,204.1,204.2,73.4,19.1,6.5,"[[8.45,4.42,139.4],[7.83,5.68,105.4],[8.04,6.05,102.9]]",374.7
aMal247_TSdh_nn_116_0,6070,-1459.8654,5S1,3S1,3,6,"[1_50,2_1,3_6,9_50]","[2,3]",-1,6,4,2,2,2.221,"[1.518, 1.069]",79.2,60.0,83.4,88.7,37.3,85.5,0,0,"[[7.67,3.64,146.4],[8.67,6.29,107.3],[6.4,1.07,164.7],[7.48,4.7,116.2]]","[[[3, 3],'H_O',1.518,'OH'],[[6, 6],'C_O',2.221,'CO']]",[],5S1,3S1,3,6,"[1_9,1_50,2_1,3_6,9_11]","[2,3]",5,2,2.204,"[1.496, 1.082]",86.9,70.9,84.9,90.3,15.4,94.4,"[[8.78,4.45,145.0],[7.77,3.98,136.8],[8.38,5.9,109.2],[6.35,1.08,166.7],[7.82,4.08,135.7]]",422.2
aMal22_TSdh_nn_111_2,4662,-1459.8836,1S3,1C4,1,2,"[9_11,10_13]","[1,6,0]",-1,2,2,1,3,2.085,"[2.165, 0.949]",67.3,120.0,198.3,87.7,291.2,176.4,0,0,"[[7.71,3.94,137.4],[8.78,4.87,134.4]]","[[[1, 1],'H_O',2.165,'OH'],[[2, 2],'C_O',2.085,'CO']]",[],1S3,1C4,1,2,[9_11],"[1,6,0]",1,3,2.04,"[2.191, 0.95]",130.1,45.9,204.2,85.9,269.1,171.9,"[[7.82,4.04,136.9]]",374.4
aMal30_TSdh_nn_025_0,467,-1459.9274,3E,1S5,2,1,"[2_1,9_50,11_13]","[1,2,9,50]",-1,1,3,2,4,2.296,"[1.327, 1.192]",151.5,60.0,11.7,115.1,272.0,86.8,0,0,"[[5.5,1.19,151.4],[7.32,4.89,110.5],[7.67,3.95,136.8]]","[[[1, 1],'C_O',2.296,'CO'],[[2, 2],'H_O',1.327,'OH']]",[],3E,1S3,2,1,"[2_1,10_11,11_13]","[1,2,9,50]",3,4,2.3080000000000003,"[1.342, 1.175]",153.4,79.3,8.6,119.1,210.9,87.7,"[[5.53,1.18,151.2],[7.53,5.28,107.3],[7.98,4.65,125.3]]",259.4
aMal155_TSdh_nn_273_2,2033,-1459.9056,4C1,4C1,1,2,"[9_3,10_9,11_10,13_11]","[1,6]",-1,2,4,1,2,2.056,"[2.33, 0.946]",69.4,120.0,28.6,16.3,223.3,2.0,0,0,"[[7.39,4.15,126.3],[7.88,5.91,102.9],[7.83,5.52,107.8],[7.87,4.11,136.4]]","[[[1, 1],'H_O',2.33,'OH'],[[2, 2],'C_O',2.056,'CO']]",[],4C1,4C1,1,2,"[3_9,9_10,13_11]","[1,6]",3,2,2.094,"[2.365, 0.937]",112.5,109.2,23.5,19.2,242.2,3.1,"[[8.16,3.62,166.3],[8.05,5.97,104.1],[8.23,4.61,130.6]]",316.6
aMal359_TSdh_nn_273_0,2948,-1459.8974,4C1,B3O,1,2,"[9_10,11_10]","[1,6]",-1,2,2,0,2,2.056,"[2.33, 0.946]",69.4,60.0,28.6,16.3,167.9,87.3,0,0,"[[7.73,5.04,114.0],[8.73,6.49,105.6]]","[[[1, 1],'H_O',2.33,'OH'],[[2, 2],'C_O',2.056,'CO']]",[],4C1,5S1,1,2,"[3_9,10_13]","[1,6]",2,2,2.117,"[2.34, 0.937]",95.4,107.6,22.1,17.7,87.8,79.6,"[[8.0,3.58,160.6],[8.45,4.47,138.3]]",338.2
aMal85_TSdh_nn_187_1,2745,-1459.8994,3S1,OS2,-1,-1,"[1_2,3_6,3_0,9_11,10_7,13_7]","[1,2,50]",-1,2,6,3,3,2.253,"[0, 0]",93.2,15.0,25.9,79.2,339.1,91.0,0,0,"[[5.52,1.83,150.5],[7.37,3.27,150.3],[6.94,4.85,104.7],[8.03,3.92,146.1],[7.81,4.66,122.3],[7.83,5.51,107.9]]","[[[2, 2],'C_O',2.253,'CO']]",[],3S1,OS2,-1,-1,"[1_2,3_6,3_0,9_11,10_7]","[1,2,9,50]",5,4,2.254,"[0, 0]",98.6,55.7,27.5,80.1,340.9,91.8,"[[5.52,1.8,152.0],[7.2,3.11,152.1],[7.03,5.02,103.3],[7.6,3.59,146.7],[7.86,4.84,119.6]]",332.9
aMal464_TSdh_nn_278_0,6156,-1459.8638,2SO,OS2,1,2,"[3_2,9_50,11_13]","[1,0]",-1,2,3,0,2,2.349,"[1.82, 0.959]",67.9,60.0,164.3,89.1,319.0,88.7,0,0,"[[8.64,5.55,118.3],[6.78,4.36,111.8],[7.87,4.16,134.7]]","[[[1, 1],'H_O',1.82,'OH'],[[2, 2],'C_O',2.349,'CO']]",[],B3O,OS2,1,2,"[3_2,9_50,11_13]","[1,0]",3,2,2.358,"[1.816, 0.957]",102.0,61.2,167.7,88.0,318.1,90.7,"[[8.69,5.52,119.6],[6.99,4.96,105.0],[7.86,4.29,131.4]]",426.4
aMal195_TSdh_nn_119_2,2077,-1459.9052,E1,5S1,1,2,"[2_3,6_0,11_50,13_10]","[1,11,50]",-1,2,4,2,3,1.844,"[3.695, 0.935]",91.3,120.0,55.4,53.3,89.8,87.5,0,0,"[[7.8,5.6,105.9],[7.91,6.08,100.9],[7.73,3.73,145.2],[8.7,4.34,148.4]]","[[[1, 1],'H_O',3.695,'OH'],[[2, 2],'C_O',1.844,'CO']]",[],E1,3S1,1,2,"[2_3,6_0,10_13]","[1,9,11,50]",3,4,1.8130000000000002,"[3.704, 0.935]",109.2,72.5,55.0,56.3,20.6,87.9,"[[8.1,5.84,106.3],[8.12,6.22,101.6],[7.7,3.46,156.4]]",317.7
aMal289_TSdh_nn_093_0,2560,-1459.9008,B3O,4C1,3,2,"[2_1,10_9,11_10]","[3,50]",3,2,3,0,2,2.039,"[2.819, 0.933]",276.4,120.0,168.2,75.7,173.5,1.6,0,0,"[[6.8,4.34,112.3],[7.83,5.8,103.8],[7.9,5.57,108.0]]","[[[3, 4],'C_C',1.832,'bb'],[[2, 2],'C_O',2.039,'CO'],[[3, 3],'H_O',2.819,'OH']]",[],B3O,4C1,3,2,"[2_1,9_10]","[3,13,7]",2,3,2.092,"[2.624, 0.933]",314.9,126.8,174.1,74.5,178.2,3.4,"[[6.96,4.32,115.0],[7.86,5.87,103.1]]",329.2
aMal346_TSdh_nn_351_0,5649,-1459.8713,2SO,OS2,2,3,"[3_50,9_11,10_7,13_7]","[1,2]",1,3,4,1,2,1.96,"[3.148, 0.931]",179.6,60.0,154.3,83.9,339.1,91.1,0,0,"[[7.65,5.83,100.9],[7.99,3.88,146.3],[7.9,4.78,121.4],[7.64,5.87,100.4]]","[[[1, 2],'C_C',1.819,'bb'],[[2, 2],'H_O',3.148,'OH'],[[3, 3],'C_O',1.96,'CO']]",[],B3O,3OB,2,3,"[3_9,3_50,9_11,10_13]","[1,2]",4,2,1.9409999999999998,"[3.056, 0.927]",136.3,96.0,187.5,79.2,7.1,93.3,"[[7.31,2.94,174.3],[6.96,5.12,100.9],[7.7,3.81,140.7],[8.05,3.67,157.9]]",406.7
aMal273_TSdh_nn_025_2,1089,-1459.9139,3E,1S3,2,1,"[2_1,11_10]","[1,2,50]",-1,1,2,1,3,2.296,"[1.327, 1.192]",151.5,165.0,11.7,115.1,217.5,91.4,0,0,"[[5.5,1.19,151.4],[7.64,5.46,106.1]]","[[[1, 1],'C_O',2.296,'CO'],[[2, 2],'H_O',1.327,'OH']]",[],3E,1S3,2,1,"[2_1,11_10]","[1,2,7,50]",2,4,2.37,"[1.314, 1.212]",160.8,171.2,2.1,115.5,212.0,87.3,"[[5.53,1.21,153.7],[7.52,5.35,106.1]]",294.8
aMal101_TSdh_nn_329_2,3428,-1459.8935,4C1,4C1,2,3,"[3_9,9_10,10_11,13_7]","[1,2]",1,3,4,0,2,2.24,"[3.049, 0.931]",92.2,105.0,169.3,8.0,246.2,2.0,0,0,"[[5.71,3.29,115.2],[8.04,5.87,105.4],[8.3,6.02,106.7],[7.75,5.52,106.8]]","[[[1, 2],'C_C',1.724,'bb'],[[2, 2],'H_O',3.049,'OH'],[[3, 3],'C_O',2.24,'CO']]",[],4C1,4C1,2,3,"[3_9,9_10,10_11,13_7]","[1,2]",4,2,2.145,"[2.903, 0.928]",107.4,89.3,139.6,14.6,256.5,4.0,"[[7.55,3.38,153.6],[7.84,5.56,107.2],[8.36,6.13,105.9],[7.37,5.34,104.4]]",348.4
aMal319_TSdh_nn_116_1,5561,-1459.8726,5S1,3S1,3,6,"[1_50,2_1,3_6,9_11,10_13,10_7,11_50]","[2,3]",-1,6,7,4,2,2.221,"[1.518, 1.069]",79.2,45.0,83.4,88.7,20.7,91.4,0,0,"[[7.67,3.64,146.4],[8.67,6.29,107.3],[6.4,1.07,164.7],[8.63,5.05,127.8],[7.69,3.95,136.8],[8.79,5.93,114.1],[8.15,4.27,137.7]]","[[[3, 3],'H_O',1.518,'OH'],[[6, 6],'C_O',2.221,'CO']]",[],5S1,5S1,3,6,"[1_9,1_50,2_1,3_6,10_13,11_50]","[2,3]",6,2,2.215,"[1.504, 1.076]",89.5,73.7,86.0,90.4,81.7,85.6,"[[9.13,4.6,148.8],[7.72,4.09,133.0],[8.41,5.94,109.0],[6.37,1.08,166.6],[7.92,3.95,142.1],[7.83,4.43,127.7]]",403.3
aMal382_TSdh_nn_091_0,4382,-1459.8861,25B,OS2,1,2,"[6_0,9_50,11_9]","[1,0,50]",-1,2,3,0,3,2.237,"[1.888, 0.947]",83.0,60.0,106.1,99.2,329.7,92.5,0,0,"[[8.03,5.74,107.1],[6.7,4.22,113.0],[8.5,4.87,129.4]]","[[[1, 1],'H_O',1.888,'OH'],[[2, 2],'C_O',2.237,'CO']]",[],25B,3OB,1,2,"[9_11,10_13,10_7]","[1,9,0,50]",3,4,2.261,"[1.75, 0.966]",82.4,69.3,105.8,98.8,346.4,101.2,"[[7.23,3.32,146.8],[8.66,4.12,155.9],[8.11,6.23,101.2]]",367.8
aMal242_TSdh_nn_018_0,113,-1459.9378,OS2,1C4,2,1,"[9_50,11_9]","[2,50]",-1,1,2,1,2,2.835,"[1.756, 0.956]",122.4,60.0,321.6,104.1,218.1,175.8,0,0,"[[7.26,4.73,112.4],[7.91,4.07,138.1]]","[[[1, 1],'C_O',2.835,'CO'],[[2, 2],'H_O',1.756,'OH']]",[],3H2,1C4,2,1,"[3_6,9_11]","[2,9,50]",2,3,2.589,"[1.743, 0.962]",151.8,66.6,332.4,116.8,264.3,175.2,"[[8.28,3.84,157.0],[7.46,3.57,143.4]]",232.1
aMal398_TSdh_nn_093_1,4272,-1459.8870000000006,B3O,1S3,3,2,"[2_1,10_11]","[3,9,50]",3,2,2,0,3,2.039,"[2.819, 0.933]",276.4,0.0,168.2,75.7,211.9,87.3,0,0,"[[6.8,4.34,112.3],[7.65,5.41,107.0]]","[[[3, 4],'C_C',1.832,'bb'],[[2, 2],'C_O',2.039,'CO'],[[3, 3],'H_O',2.819,'OH']]",[],B3O,1S3,3,2,"[2_1,10_11]","[3,9,50]",2,3,2.065,"[2.526, 0.937]",265.0,57.5,169.5,76.0,210.1,87.7,"[[7.14,4.71,110.9],[7.68,5.61,104.4]]",365.5
aMal192_TSdh_nn_277_0,5269,-1459.8767,OS2,OS2,1,2,"[2_50,9_50,11_13]","[1,6,0]",-1,2,3,1,3,1.98,"[2.929, 0.933]",87.3,60.0,340.6,84.4,319.8,89.0,0,0,"[[7.34,3.66,137.2],[6.77,4.29,112.7],[7.93,4.24,134.0]]","[[[1, 1],'H_O',2.929,'OH'],[[2, 2],'C_O',1.98,'CO']]",[],OS2,OS2,1,2,"[2_50,9_50,11_13]","[1,6,0]",3,3,1.9969999999999999,"[2.789, 0.936]",79.0,47.9,338.7,82.6,315.2,91.7,"[[7.82,4.03,136.8],[7.12,5.27,102.1],[7.84,4.26,131.6]]",392.5
aMal462_TSdh_nn_018_1,1012,-1459.9147,OS2,5S1,2,1,[13_7],"[2,11,50]",-1,1,1,0,3,2.835,"[1.756, 0.956]",122.4,150.0,321.6,104.1,85.4,85.5,0,0,"[[7.42,4.86,112.5]]","[[[1, 1],'C_O',2.835,'CO'],[[2, 2],'H_O',1.756,'OH']]",[],OS2,5S1,2,1,[13_7],"[2,11,50]",1,3,2.7710000000000004,"[1.705, 0.966]",125.6,152.3,320.0,101.8,98.5,85.0,"[[7.56,5.32,107.1]]",292.7
aMal66_TSdh_nn_047_2,6440,-1459.8537,1C4,2SO,-1,-1,"[1_2,2_50,3_6,9_50,10_11]","[3,6]",-1,6,5,2,2,2.2969999999999997,"[0, 0]",163.1,150.0,56.6,173.5,160.9,85.8,0,0,"[[7.16,4.51,114.5],[7.56,3.85,137.2],[5.8,1.97,155.7],[6.61,4.22,111.7],[8.59,6.36,105.5]]","[[[6, 6],'C_O',2.297,'CO']]",[],1C4,2SO,-1,-1,"[1_2,2_50,3_6,9_10]","[3,6]",4,2,2.286,"[0, 0]",134.9,158.1,26.7,173.2,155.5,83.3,"[[7.17,4.52,114.5],[7.35,3.61,139.7],[6.09,2.27,153.2],[7.26,4.71,112.6]]",452.9
aMal350_TSdh_nn_073_0,3515,-1459.8929999999998,1S3,3S1,3,2,"[1_2,9_50,10_7,11_9,13_10]","[3,9,50]",3,2,5,1,3,2.136,"[2.377, 0.941]",166.4,75.0,197.5,75.2,22.4,90.5,0,0,"[[7.75,5.56,106.0],[7.21,5.31,102.7],[7.72,4.84,117.3],[8.09,6.07,103.3],[8.09,3.89,149.1]]","[[[3, 4],'C_C',1.726,'bb'],[[2, 2],'C_O',2.136,'CO'],[[3, 3],'H_O',2.377,'OH']]",[],B3O,3S1,3,2,"[1_2,10_13]","[3,9,11,50]",2,4,2.5140000000000002,"[1.849, 0.968]",180.9,105.1,165.6,81.6,21.7,87.1,"[[7.67,3.49,152.8],[7.64,3.4,157.3]]",349.7
aMal8_TSdh_nn_278_0,6176,-1459.8635,2SO,3S1,1,2,"[3_2,9_11,9_50]","[1,0]",-1,2,3,0,2,2.349,"[1.82, 0.959]",67.9,60.0,164.3,89.1,20.8,91.4,0,0,"[[8.64,5.55,118.3],[8.73,5.63,118.3],[6.77,4.99,101.4]]","[[[1, 1],'H_O',1.82,'OH'],[[2, 2],'C_O',2.349,'CO']]",[],2SO,3S1,1,2,"[3_2,9_11]","[1,0]",2,2,2.352,"[1.804, 0.959]",91.0,61.3,154.6,91.2,20.6,92.5,"[[8.56,5.38,120.1],[8.67,5.12,126.9]]",427.2
aMal272_TSdh_nn_018_2,2004,-1459.906,OS2,1S3,2,1,"[11_10,13_11]","[2,50]",-1,1,2,1,2,2.835,"[1.756, 0.956]",122.4,180.0,321.6,104.1,209.6,87.3,0,0,"[[8.0,6.23,100.1],[8.55,4.46,141.0]]","[[[1, 1],'C_O',2.835,'CO'],[[2, 2],'H_O',1.756,'OH']]",[],3H2,1S3,2,1,"[3_6,13_11]","[2,7,50]",2,3,2.6069999999999998,"[1.732, 0.964]",130.0,186.9,342.6,118.1,214.0,86.2,"[[7.96,3.73,151.8],[8.55,4.73,133.5]]",315.6
aMal107_TSdh_nn_324_1,5851,-1459.8686,1S3,3S1,1,2,"[9_50,10_13,11_50]","[1,0]",-1,2,3,2,2,2.137,"[2.088, 0.948]",79.7,120.0,198.1,86.5,29.9,85.8,0,0,"[[7.01,4.61,110.9],[7.75,3.48,157.8],[8.1,4.09,142.2]]","[[[1, 1],'H_O',2.088,'OH'],[[2, 2],'C_O',2.137,'CO']]",[],4E,3S1,1,2,"[3_9,9_11,10_13,11_6,11_50]","[1,0]",5,2,2.092,"[2.105, 0.949]",87.5,115.4,255.4,65.0,24.2,89.6,"[[7.65,3.42,154.7],[9.4,5.53,130.1],[7.54,3.32,159.0],[10.27,5.19,160.9],[7.58,4.71,117.6]]",413.8
aMal378_TSdh_nn_344_0,906,-1459.9163,E1,4C1,1,2,"[3_6,9_50,10_9,11_10,13_7]","[1,50]",-1,2,5,1,2,1.9069999999999998,"[2.864, 0.935]",99.5,60.0,63.3,67.1,232.7,4.9,0,0,"[[8.44,4.41,139.4],[7.37,4.96,110.1],[8.33,6.12,105.6],[7.92,5.61,107.5],[7.65,5.53,105.3]]","[[[1, 1],'H_O',2.864,'OH'],[[2, 2],'C_O',1.907,'CO']]",[],E1,4C1,1,2,"[3_6,9_10,10_11]","[1,9,50]",3,3,1.906,"[2.886, 0.936]",91.2,53.8,67.8,67.3,274.0,7.8,"[[8.36,4.39,138.2],[7.65,5.7,102.6],[8.09,6.16,102.1]]",288.5
aMal448_TSdh_nn_177_2,3454,-1459.8933,5S1,4C1,1,2,"[6_3,9_50,10_11,13_11]","[1,0,50]",-1,2,4,0,3,2.239,"[1.808, 0.958]",92.6,105.0,104.5,99.7,270.6,2.4,0,0,"[[8.95,5.09,132.3],[7.39,5.23,106.3],[8.09,5.67,109.0],[8.06,4.66,126.3]]","[[[1, 1],'H_O',1.808,'OH'],[[2, 2],'C_O',2.239,'CO']]",[],5S1,2H1,1,2,"[6_3,9_10,11_13]","[1,11,0,50]",3,4,2.385,"[1.815, 0.953]",80.5,131.3,98.6,99.0,73.0,27.4,"[[8.51,4.69,133.9],[8.06,6.05,103.1],[7.76,4.39,126.9]]",348.9
aMal314_TSdh_nn_064_1,5364,-1459.8754,5S1,1C4,3,6,"[1_50,2_1,3_6,9_11]","[2,3]",-1,6,4,2,2,2.206,"[1.495, 1.082]",163.5,0.0,83.9,89.5,253.1,164.6,0,0,"[[7.55,3.58,145.7],[8.61,6.22,107.6],[6.32,1.08,164.9],[8.38,4.59,133.5]]","[[[3, 3],'H_O',1.495,'OH'],[[6, 6],'C_O',2.206,'CO']]",[],5S1,1C4,3,6,"[1_50,2_1,3_6,9_11,10_13]","[2,3]",5,2,2.215,"[1.493, 1.081]",134.2,309.0,84.4,88.3,279.1,164.9,"[[7.46,3.42,149.2],[8.55,6.13,108.2],[6.33,1.08,166.6],[7.49,3.51,146.3],[7.48,3.25,160.0]]",395.9
aMal17_TSdh_nn_094_0,1083,-1459.9139,E1,3S1,1,2,"[10_7,11_50]","[1,9,50]",-1,2,2,1,3,1.9380000000000002,"[2.459, 0.941]",103.5,60.0,51.0,61.3,23.0,89.6,0,0,"[[8.31,5.21,119.6],[8.29,4.31,139.7]]","[[[1, 1],'H_O',2.459,'OH'],[[2, 2],'C_O',1.938,'CO']]",[],E1,3S1,1,2,"[3_6,10_7]","[1,9,11,50]",2,4,2.0069999999999997,"[2.091, 0.952]",94.4,71.4,46.2,70.5,19.3,88.0,"[[8.13,3.84,151.9],[8.29,5.28,118.2]]",294.8
aMal245_TSdh_nn_094_1,3055,-1459.8964,E1,3S1,1,2,"[9_11,13_10]","[1,11,50]",-1,2,2,1,3,1.9380000000000002,"[2.459, 0.941]",103.5,135.0,51.0,61.3,15.3,89.9,0,0,"[[8.62,5.54,118.2],[7.92,4.05,138.9]]","[[[1, 1],'H_O',2.459,'OH'],[[2, 2],'C_O',1.938,'CO']]",[],E1,3S1,1,2,"[2_3,3_9,9_11,10_13]","[1,11,50]",4,3,1.875,"[3.873, 0.934]",106.2,134.9,57.8,46.8,19.9,89.0,"[[7.15,4.33,117.7],[8.1,4.12,140.5],[9.75,5.82,130.2],[7.65,3.45,154.9]]",340.8
aMal443_TSdh_nn_123_1,5577,-1459.8724,2SO,3S1,2,3,"[9_50,13_7]","[1,2]",1,3,2,0,2,2.13,"[2.158, 0.95]",86.8,45.0,157.0,79.2,28.7,89.8,0,0,"[[7.13,4.49,114.8],[7.46,5.22,107.4]]","[[[1, 2],'C_C',1.768,'bb'],[[2, 2],'H_O',2.158,'OH'],[[3, 3],'C_O',2.13,'CO']]",[],2SO,3S1,2,3,[9_11],"[1,2]",1,2,2.117,"[2.224, 0.945]",116.1,60.8,156.9,79.6,15.8,92.4,"[[8.62,5.18,124.7]]",403.8
aMal77_TSdh_nn_273_2,3521,-1459.8929999999998,4C1,1C4,1,2,"[9_11,13_7]","[1,6]",-1,2,2,1,2,2.056,"[2.33, 0.946]",69.4,135.0,28.6,16.3,235.8,174.2,0,0,"[[7.9,4.06,138.3],[7.77,5.26,111.0]]","[[[1, 1],'H_O',2.33,'OH'],[[2, 2],'C_O',2.056,'CO']]",[],4C1,1C4,1,2,[9_11],"[1,6]",1,2,2.08,"[2.215, 0.949]",127.4,57.8,27.8,16.4,243.9,169.8,"[[8.06,4.32,134.4]]",349.7
aMal413_TSdh_nn_332_1,5402,-1459.8751,1S3,5S1,1,2,[11_50],"[1,0]",-1,2,1,1,2,2.1069999999999998,"[2.198, 0.942]",67.6,120.0,196.4,87.7,88.6,87.1,0,0,"[[7.85,3.87,143.3]]","[[[1, 1],'H_O',2.198,'OH'],[[2, 2],'C_O',2.107,'CO']]",[],4H5,5S1,1,2,"[3_9,11_6,11_50,13_7]","[1,0]",4,2,2.113,"[2.056, 0.953]",94.6,109.4,270.3,64.5,91.6,84.4,"[[7.64,3.31,162.8],[8.22,4.23,140.3],[8.64,4.85,131.9],[7.55,5.25,108.1]]",396.7
aMal420_TSdh_nn_340_1,5857,-1459.8685,B3O,4C1,3,2,"[2_1,9_10,10_11,11_13]","[3,50]",3,2,4,0,2,2.023,"[2.855, 0.933]",273.9,120.0,167.4,80.7,130.5,2.5,0,0,"[[6.71,4.24,112.5],[7.84,5.46,108.8],[7.97,5.87,104.5],[7.86,4.18,134.1]]","[[[3, 4],'C_C',1.846,'bb'],[[2, 2],'C_O',2.023,'CO'],[[3, 3],'H_O',2.855,'OH']]",[],B3O,4C1,3,2,"[2_1,9_10,10_11,11_13]","[3,7,50]",4,3,2.065,"[2.635, 0.935]",283.4,129.1,171.3,79.8,172.0,21.7,"[[6.94,4.42,113.1],[7.26,4.84,110.5],[7.9,6.01,101.8],[7.66,4.22,129.2]]",414.0
aMal79_TSdh_nn_187_0,2918,-1459.8977,3S1,5S1,-1,-1,"[1_2,3_6,3_0,9_50,13_10]","[1,2,50]",-1,2,5,3,3,2.253,"[0, 0]",93.2,60.0,25.9,79.2,85.6,85.9,0,0,"[[5.52,1.83,150.5],[7.37,3.27,150.3],[6.94,4.85,104.7],[7.87,5.26,112.3],[8.11,4.02,144.6]]","[[[2, 2],'C_O',2.253,'CO']]",[],3S1,5S1,-1,-1,"[1_2,3_6,3_0,9_2,13_10]","[1,2,11,50]",5,4,2.2230000000000003,"[0, 0]",90.5,114.0,23.7,84.5,93.8,93.1,"[[5.77,2.11,150.1],[7.15,3.08,152.3],[7.05,5.14,101.8],[7.44,3.04,175.5],[8.18,4.41,134.4]]",337.4
aMal181_TSdh_nn_081_2,2515,-1459.9013,5S1,5S1,1,2,"[2_3,3_6,13_10]","[1,11,0,50]",-1,0,3,2,4,2.0469999999999997,"[2.845, 0.94]",79.1,120.0,87.0,80.0,84.9,83.9,0,0,"[[6.96,4.11,118.6],[7.5,3.67,140.8],[8.22,4.05,146.5]]","[[[0, 1],'C_O',2.047,'bb'],[[1, 1],'H_O',2.845,'OH'],[[2, 2],'C_O',1.782,'CO']]",[],5S1,5S1,1,2,"[2_3,3_6,13_10]","[1,11,0,7,50]",3,5,2.031,"[2.746, 0.942]",163.8,114.1,91.6,79.2,99.3,91.7,"[[6.98,4.15,118.2],[8.02,4.21,136.1],[8.28,4.57,132.3]]",327.9
aMal45_TSdh_nn_273_2,4204,-1459.8876,4C1,5S1,1,2,"[9_50,11_50,13_10]","[1,6]",-1,2,3,2,2,2.056,"[2.33, 0.946]",69.4,105.0,28.6,16.3,84.2,92.8,0,0,"[[7.4,5.05,109.2],[7.82,3.74,147.5],[8.58,4.53,139.4]]","[[[1, 1],'H_O',2.33,'OH'],[[2, 2],'C_O',2.056,'CO']]",[],4C1,5S1,1,2,"[3_2,9_50,11_50,13_10]","[1,6]",4,2,2.043,"[2.322, 0.947]",131.6,73.5,27.1,15.8,86.1,94.9,"[[8.68,6.35,106.9],[7.44,5.09,109.1],[7.78,3.78,145.0],[8.66,4.72,135.8]]",363.9
aMal346_TSdh_nn_187_2,4409,-1459.8859,3S1,OS2,-1,-1,"[1_2,3_6,3_0,9_11,10_7,13_7]","[1,2,50]",-1,2,6,3,3,2.253,"[0, 0]",93.2,165.0,25.9,79.2,339.1,91.1,0,0,"[[5.52,1.83,150.5],[7.37,3.27,150.3],[6.94,4.85,104.7],[7.99,3.88,146.3],[7.9,4.78,121.4],[7.64,5.87,100.4]]","[[[2, 2],'C_O',2.253,'CO']]",[],3S1,OS2,-1,-1,"[1_2,3_6,3_0,9_11,13_7]","[2,7,50]",5,3,2.2680000000000002,"[0, 0]",129.6,192.5,27.4,79.2,324.9,99.6,"[[5.79,2.03,154.3],[7.35,3.26,150.1],[6.87,4.76,105.0],[8.01,4.05,140.9],[7.83,5.91,102.2]]",368.4
aMal474_TSdh_nn_187_2,1262,-1459.9122,3S1,OS2,-1,-1,"[1_2,3_6,3_0,9_2,9_50,10_7,11_9]","[1,2,50]",-1,2,7,2,3,2.253,"[0, 0]",93.2,150.0,25.9,79.2,340.9,95.6,0,0,"[[5.52,1.83,150.5],[7.37,3.27,150.3],[6.94,4.85,104.7],[6.69,3.44,130.3],[6.53,4.04,113.6],[7.91,5.25,112.9],[7.65,3.99,134.9]]","[[[2, 2],'C_O',2.253,'CO']]",[],3S1,3S1,1,2,"[1_2,3_6,3_0,9_2,10_13]","[1,9,11,50]",5,4,2.167,"[1.37, 1.149]",86.2,74.6,31.1,83.1,15.6,89.1,"[[5.73,1.15,157.0],[6.98,2.92,155.8],[7.27,5.45,100.4],[7.62,3.56,148.1],[7.85,3.59,154.8]]",299.3
aMal193_TSdh_nn_356_1,3069,-1459.8962,E3,4C1,-1,-1,"[2_1,9_10,10_11]","[1,2,3]",-1,1,3,1,3,2.511,"[0, 0]",57.3,45.0,179.2,49.3,264.0,4.3,0,0,"[[5.42,1.66,150.2],[8.12,5.99,104.8],[8.33,5.97,107.6]]","[[[1, 1],'C_O',2.511,'CO']]",[],E3,4C1,-1,-1,"[2_1,3_7,9_10,10_11]","[1,2,3]",4,3,2.572,"[0, 0]",42.9,52.1,179.7,50.5,187.7,5.6,"[[5.48,1.81,149.3],[7.43,3.63,140.4],[7.85,5.69,105.5],[8.4,6.24,104.9]]",341.3
aMal264_TSdh_nn_058_1,2248,-1459.904,E1,3S1,1,2,"[9_50,11_50]","[1,11,50]",-1,2,2,1,3,1.925,"[2.322, 0.95]",91.7,90.0,53.7,56.0,37.1,88.6,0,0,"[[7.07,4.66,110.8],[7.79,3.82,143.9]]","[[[1, 1],'H_O',2.322,'OH'],[[2, 2],'C_O',1.925,'CO']]",[],E1,3S1,1,2,[],"[1,9,11,50]",0,4,1.9680000000000002,"[2.051, 0.96]",108.8,62.8,47.6,66.4,22.7,88.3,[],320.8
aMal11_TSdh_nn_284_0,4092,-1459.8885,E5,1S3,1,2,"[3_13,10_11,13_7]","[1,6,0]",-1,2,3,1,3,2.108,"[1.944, 0.96]",63.2,60.0,298.0,59.5,209.0,88.7,0,0,"[[8.7,4.66,138.4],[7.53,5.33,106.6],[7.72,5.26,110.3]]","[[[1, 1],'H_O',1.944,'OH'],[[2, 2],'C_O',2.108,'CO']]",[],OS2,1S3,1,2,"[3_13,9_50,11_10]","[1,6,0]",3,3,2.182,"[1.989, 0.953]",59.8,36.8,320.2,71.2,206.8,87.3,"[[7.69,3.29,166.4],[6.68,4.52,107.5],[7.52,5.22,108.1]]",361.5
aMal398_TSdh_nn_001_0,532,-1459.9254,3H4,1S3,2,1,"[2_1,10_11]","[1,2,9,50]",-1,1,2,1,4,2.267,"[1.282, 1.257]",167.5,75.0,33.3,120.5,211.9,87.3,0,0,"[[5.43,1.26,151.8],[7.65,5.41,107.0]]","[[[1, 1],'C_O',2.267,'CO'],[[2, 2],'H_O',1.282,'OH']]",[],3E,1S3,2,1,"[2_1,10_11]","[1,2,9,50]",2,4,2.301,"[1.324, 1.198]",149.0,73.7,6.7,118.8,212.1,87.3,"[[5.49,1.2,151.3],[7.69,5.64,104.2]]",264.7
aMal41_TSdh_nn_161_2,928,-1459.9156,3E,3OB,2,1,"[2_1,3_6,9_2,9_11,10_7]","[1,2,11,50]",-1,1,5,2,4,2.383,"[1.275, 1.264]",96.8,135.0,352.5,109.1,13.9,90.8,0,0,"[[5.46,1.26,153.5],[7.98,3.87,146.5],[8.68,5.03,128.9],[8.2,4.9,123.6],[7.85,4.74,121.5]]","[[[1, 1],'C_O',2.383,'CO'],[[2, 2],'H_O',1.275,'OH']]",[],3E,3S1,2,1,"[2_1,3_6,9_2,9_50,10_7]","[1,2,11,50]",5,4,2.285,"[1.376, 1.146]",90.8,129.8,346.9,115.8,15.8,92.6,"[[5.53,1.15,148.0],[7.69,4.03,134.6],[7.76,3.43,159.5],[7.51,5.47,103.8],[8.19,5.18,118.3]]",290.4
aMal157_TSdh_nn_293_0,2875,-1459.8983,1C4,1C4,1,2,[9_11],"[1,6,0]",-1,2,1,0,3,1.9040000000000001,"[3.827, 0.952]",177.8,75.0,117.8,166.4,246.6,169.7,0,0,"[[8.13,4.37,134.2]]","[[[1, 1],'H_O',3.827,'OH'],[[2, 2],'C_O',1.904,'CO'],[[10, 10],'H_O',1.918,'OH'],[[13, 13],'H_O',3.409,'OH']]",[],1C4,1C4,1,2,[9_11],"[1,6,0]",1,3,1.945,"[3.72, 0.967]",172.3,73.4,101.5,160.8,250.1,172.3,"[[7.85,3.98,139.1]]",335.8
aMal376_TSdh_nn_116_1,6208,-1459.8627,5S1,3S1,3,6,"[1_50,2_1,3_6,10_7,11_9,11_50,13_10]","[2,3]",-1,6,7,4,2,2.221,"[1.518, 1.069]",79.2,45.0,83.4,88.7,21.1,90.1,0,0,"[[7.67,3.64,146.4],[8.67,6.29,107.3],[6.4,1.07,164.7],[7.75,4.83,117.8],[9.16,6.06,117.1],[8.45,4.46,138.6],[8.17,3.86,153.4]]","[[[3, 3],'H_O',1.518,'OH'],[[6, 6],'C_O',2.221,'CO']]",[],5S1,3S1,3,6,"[1_9,1_50,2_1,3_6,10_7,11_9,11_50]","[2,3]",7,2,2.215,"[1.52, 1.067]",94.5,59.0,85.3,90.1,23.6,90.8,"[[9.11,4.6,148.7],[7.76,3.95,137.7],[8.45,5.98,108.9],[6.43,1.07,166.4],[8.57,5.54,117.7],[9.7,5.49,136.6],[8.16,5.14,118.5]]",429.3
aMal244_TSdh_nn_047_1,5835,-1459.869,1C4,3S1,-1,-1,"[1_2,2_50,3_6,9_50,11_50]","[3,6]",-1,6,5,3,2,2.2969999999999997,"[0, 0]",163.1,150.0,56.6,173.5,43.5,88.4,0,0,"[[7.16,4.51,114.5],[7.56,3.85,137.2],[5.8,1.97,155.7],[7.12,4.72,110.7],[7.69,3.72,144.7]]","[[[6, 6],'C_O',2.297,'CO']]",[],1C4,3S1,-1,-1,"[1_2,2_11,2_50,3_6,9_11]","[3,6]",5,2,2.323,"[0, 0]",173.2,77.3,18.9,174.4,24.5,93.8,"[[7.23,4.56,114.7],[8.23,4.26,138.9],[7.64,4.0,133.8],[5.92,2.07,155.2],[8.67,5.13,126.5]]",412.7
aMal45_TSdh_nn_184_0,4808,-1459.8822,3S1,5S1,1,2,"[1_2,3_0,6_0,9_50,11_50,13_10]","[1,2,50]",-1,2,6,3,3,2.164,"[1.388, 1.126]",87.0,60.0,16.2,77.1,84.2,92.8,0,0,"[[5.53,1.13,147.3],[6.62,3.6,123.9],[7.9,6.11,100.4],[7.4,5.05,109.2],[7.82,3.74,147.5],[8.58,4.53,139.4]]","[[[1, 1],'H_O',1.388,'OH'],[[2, 2],'C_O',2.164,'CO']]",[],3OB,5S1,-1,-1,"[1_2,3_0,9_2,13_10]","[1,2,11,50]",4,4,2.235,"[0, 0]",88.1,112.9,13.3,78.2,90.9,96.3,"[[5.75,2.04,152.4],[6.56,3.74,119.4],[7.5,3.09,173.9],[8.76,4.82,135.1]]",378.1
aMal55_TSdh_nn_093_0,4548,-1459.8846,B3O,5S1,3,2,"[2_1,9_50]","[3,11,50]",3,2,2,0,3,2.039,"[2.819, 0.933]",276.4,120.0,168.2,75.7,87.2,89.1,0,0,"[[6.8,4.34,112.3],[7.76,5.13,112.8]]","[[[3, 4],'C_C',1.832,'bb'],[[2, 2],'C_O',2.039,'CO'],[[3, 3],'H_O',2.819,'OH']]",[],B3O,25B,3,2,"[2_1,9_50]","[3,11,7,50]",2,4,2.0380000000000003,"[2.633, 0.937]",289.9,105.4,166.0,76.7,115.9,95.7,"[[7.0,4.47,113.0],[7.32,5.32,103.8]]",371.8
aMal41_TSdh_nn_161_0,328,-1459.9309,3E,3OB,2,1,"[2_1,3_6,9_11,10_7]","[1,2,9,50]",-1,1,4,2,4,2.383,"[1.275, 1.264]",96.8,60.0,352.5,109.1,13.9,90.8,0,0,"[[5.46,1.26,153.5],[7.98,3.87,146.5],[8.2,4.9,123.6],[7.85,4.74,121.5]]","[[[1, 1],'C_O',2.383,'CO'],[[2, 2],'H_O',1.275,'OH']]",[],3H2,OS2,2,1,"[3_6,9_11,10_7,11_13]","[2,9,50]",4,3,2.575,"[1.659, 0.98]",150.3,64.2,337.9,111.2,333.0,93.0,"[[8.4,4.07,150.3],[7.65,3.73,142.4],[8.25,5.36,116.1],[8.44,5.11,123.2]]",250.2
aMal17_TSdh_nn_080_2,1081,-1459.9139,5S1,3S1,1,2,"[2_3,10_7,11_50]","[1,9,0,50]",-1,0,3,1,4,2.0469999999999997,"[3.685, 0.936]",77.5,90.0,91.0,78.8,23.0,89.6,0,0,"[[6.38,3.63,118.5],[8.31,5.21,119.6],[8.29,4.31,139.7]]","[[[0, 1],'C_O',2.047,'bb'],[[1, 1],'H_O',3.685,'OH'],[[2, 2],'C_O',1.779,'CO']]",[],E1,3S1,1,2,"[3_6,10_7]","[1,9,11,50]",2,4,2.0069999999999997,"[2.092, 0.952]",94.1,71.8,46.2,70.5,19.3,88.1,"[[8.13,3.84,151.9],[8.3,5.28,118.2]]",294.8
aMal94_TSdh_nn_184_0,3376,-1459.8939,3S1,3S1,1,2,"[1_2,3_0,6_0,9_50,13_7]","[1,2,50]",-1,2,5,1,3,2.164,"[1.388, 1.126]",87.0,60.0,16.2,77.1,36.5,86.0,0,0,"[[5.53,1.13,147.3],[6.62,3.6,123.9],[7.9,6.11,100.4],[7.46,4.66,116.7],[7.43,5.19,107.3]]","[[[1, 1],'H_O',1.388,'OH'],[[2, 2],'C_O',2.164,'CO']]",[],3S1,3S1,1,2,"[1_2,3_0,6_0,9_2]","[1,9,11,50]",4,4,2.18,"[1.41, 1.113]",85.3,67.5,26.2,81.8,23.0,89.2,"[[5.82,1.11,155.9],[6.62,3.57,124.4],[7.85,5.98,101.5],[7.8,3.66,149.1]]",347.4
aMal273_TSdh_nn_093_0,3789,-1459.8908,B3O,1S3,3,2,"[2_1,11_10]","[3,9,50]",3,2,2,0,3,2.039,"[2.819, 0.933]",276.4,45.0,168.2,75.7,217.5,91.4,0,0,"[[6.8,4.34,112.3],[7.64,5.46,106.1]]","[[[3, 4],'C_C',1.832,'bb'],[[2, 2],'C_O',2.039,'CO'],[[3, 3],'H_O',2.819,'OH']]",[],B3O,1S3,3,2,"[2_1,10_11,13_0]","[3,9,7,50]",3,4,2.0380000000000003,"[2.575, 0.939]",279.0,75.5,165.4,76.5,219.2,93.3,"[[7.42,5.1,108.5],[7.77,5.7,104.3],[8.12,3.94,148.4]]",355.5
aMal41_TSdh_nn_177_1,3678,-1459.8917,5S1,3OB,1,2,"[6_3,9_11,10_7]","[1,9,0,50]",-1,2,3,0,4,2.239,"[1.808, 0.958]",92.6,45.0,104.5,99.7,13.9,90.8,0,0,"[[8.95,5.09,132.3],[8.2,4.9,123.6],[7.85,4.74,121.5]]","[[[1, 1],'H_O',1.808,'OH'],[[2, 2],'C_O',2.239,'CO']]",[],5S1,OS2,1,2,"[6_3,9_11,10_7,11_13]","[1,9,0,50]",4,4,2.237,"[1.758, 0.965]",116.6,55.9,104.8,100.5,332.8,93.2,"[[8.63,4.74,134.9],[7.64,3.74,142.0],[8.31,5.44,115.7],[8.46,5.13,123.2]]",353.1
aMal434_TSdh_nn_273_0,3743,-1459.8911,4C1,1C4,1,2,[9_11],"[1,6]",-1,2,1,1,2,2.056,"[2.33, 0.946]",69.4,60.0,28.6,16.3,256.4,173.9,0,0,"[[7.95,4.18,135.7]]","[[[1, 1],'H_O',2.33,'OH'],[[2, 2],'C_O',2.056,'CO']]",[],4C1,1C4,1,2,[9_11],"[1,6]",1,2,2.069,"[2.249, 0.948]",126.0,54.3,26.8,17.0,273.7,171.3,"[[7.78,3.96,138.6]]",354.7
aMal129_TSdh_nn_344_0,1313,-1459.9119,E1,3S1,1,2,"[3_6,9_50]","[1,9,50]",-1,2,2,1,3,1.9069999999999998,"[2.864, 0.935]",99.5,60.0,63.3,67.1,30.8,89.7,0,0,"[[8.44,4.41,139.4],[7.14,4.34,117.7]]","[[[1, 1],'H_O',2.864,'OH'],[[2, 2],'C_O',1.907,'CO']]",[],E1,3S1,1,2,[3_6],"[1,9,11,50]",1,4,1.942,"[2.313, 0.943]",95.7,70.8,50.7,69.3,24.7,87.9,"[[8.22,3.95,149.4]]",300.1
aMal347_TSdh_nn_016_0,2243,-1459.904,E3,1C4,-1,-1,"[2_1,3_50,9_50,11_9]","[1,2,3]",-1,1,4,2,3,2.528,"[0, 0]",150.8,60.0,164.8,62.8,246.6,174.6,0,0,"[[5.51,1.86,148.4],[7.95,5.58,108.4],[7.33,4.82,111.8],[7.93,4.11,137.5]]","[[[1, 1],'C_O',2.528,'CO']]",[],2H3,1C4,-1,-1,"[2_1,3_50,9_50,10_13,11_9]","[1,2,3]",5,3,2.563,"[0, 0]",158.4,61.3,160.4,66.5,340.5,176.2,"[[5.57,1.93,148.2],[8.01,5.72,107.1],[7.22,5.09,106.1],[9.09,5.81,120.5],[7.68,3.87,139.2]]",320.8
aMal130_TSdh_nn_187_0,2181,-1459.9044,3S1,OS2,-1,-1,"[1_2,3_6,3_0,9_50,11_9,13_7]","[1,2,9,50]",-1,2,6,2,4,2.253,"[0, 0]",93.2,60.0,25.9,79.2,330.8,92.7,0,0,"[[5.52,1.83,150.5],[7.37,3.27,150.3],[6.94,4.85,104.7],[6.69,4.27,112.1],[8.35,4.75,129.4],[7.81,5.63,105.9]]","[[[2, 2],'C_O',2.253,'CO']]",[],3S1,OS2,-1,-1,"[1_2,3_6,3_0,9_11]","[1,2,9,50]",4,4,2.2680000000000002,"[0, 0]",142.0,55.1,29.2,77.3,330.0,95.2,"[[5.66,1.95,151.6],[7.29,3.14,153.6],[7.02,5.05,102.6],[7.61,3.75,140.9]]",319.8
aMal464_TSdh_nn_181_0,6449,-1459.8532,1HO,OS2,1,2,"[2_50,9_50,11_13]","[1,2,0]",-1,2,3,1,3,2.274,"[3.547, 0.93]",163.0,60.0,191.8,153.0,319.0,88.7,0,0,"[[7.54,3.53,146.4],[6.78,4.36,111.8],[7.87,4.16,134.7]]","[[[1, 1],'H_O',3.547,'OH'],[[2, 2],'C_O',2.274,'CO']]",[],EO,B25,1,2,"[2_50,9_50,11_13]","[1,2,0]",3,3,2.336,"[3.595, 0.928]",128.0,52.9,187.4,152.1,306.6,93.8,"[[7.67,3.46,153.7],[7.68,5.6,104.9],[7.74,4.18,131.8]]",454.2
aMal384_TSdh_nn_344_0,1349,-1459.9116,E1,OS2,1,2,"[3_6,9_50,11_9,13_11]","[1,9,50]",-1,2,4,2,3,1.9069999999999998,"[2.864, 0.935]",99.5,60.0,63.3,67.1,329.1,91.4,0,0,"[[8.44,4.41,139.4],[6.74,4.34,111.4],[8.68,5.1,127.3],[8.87,4.73,139.9]]","[[[1, 1],'H_O',2.864,'OH'],[[2, 2],'C_O',1.907,'CO']]",[],E1,OS2,1,2,"[2_3,3_6,9_11,11_13]","[1,9,50]",4,3,1.8940000000000001,"[2.853, 0.937]",138.7,54.1,68.6,67.6,328.8,94.0,"[[8.63,6.38,105.6],[8.41,4.46,137.5],[7.82,3.87,141.7],[8.37,4.94,125.4]]",300.9
aMal296_TSdh_nn_073_0,4833,-1459.8818,1S3,2SO,3,2,"[1_2,11_10]","[3,9,50]",3,2,2,0,3,2.136,"[2.377, 0.941]",166.4,90.0,197.5,75.2,160.4,81.5,0,0,"[[7.75,5.56,106.0],[8.47,6.38,103.8]]","[[[3, 4],'C_C',1.726,'bb'],[[2, 2],'C_O',2.136,'CO'],[[3, 3],'H_O',2.377,'OH']]",[],B3O,2SO,3,2,"[1_2,9_10]","[3,9,50]",2,3,2.4,"[1.93, 0.957]",165.9,72.3,174.3,80.1,164.4,84.9,"[[7.82,4.0,137.9],[7.04,4.5,113.1]]",379.1
aMal22_TSdh_nn_001_0,406,-1459.9293,3H4,1C4,2,1,"[2_1,9_11,10_13]","[1,2,9,50]",-1,1,3,2,4,2.267,"[1.282, 1.257]",167.5,75.0,33.3,120.5,291.2,176.4,0,0,"[[5.43,1.26,151.8],[7.71,3.94,137.4],[8.78,4.87,134.4]]","[[[1, 1],'C_O',2.267,'CO'],[[2, 2],'H_O',1.282,'OH']]",[],3E,1C4,2,1,"[2_1,9_11,10_13]","[1,2,9,50]",3,4,2.3040000000000003,"[1.315, 1.212]",144.1,68.9,9.8,122.1,332.9,175.5,"[[5.48,1.21,151.5],[7.14,3.36,142.8],[8.5,5.14,123.7]]",254.4
aMal19_TSdh_nn_015_0,475,-1459.9272,3OB,4C1,3,2,"[2_1,9_10,10_11,11_13]","[3,6,0]",-1,2,4,0,3,1.87,"[3.851, 0.954]",85.4,60.0,348.1,87.3,260.5,7.4,0,0,"[[6.28,3.81,113.8],[8.1,5.88,106.0],[8.02,5.81,105.9],[9.33,6.42,114.0]]","[[[2, 2],'C_O',1.87,'CO'],[[3, 3],'H_O',3.851,'OH']]",[],3OB,4C1,3,2,"[2_1,9_10,10_11]","[3,6,0]",3,3,1.875,"[3.983, 0.973]",79.6,88.8,351.8,84.6,230.3,6.3,"[[6.31,3.81,114.5],[7.87,5.85,103.4],[8.08,6.0,104.2]]",259.9
aMal291_TSdh_nn_340_0,5336,-1459.8758,B3O,5S1,3,2,"[2_1,11_50]","[3,11,50]",3,2,2,1,3,2.023,"[2.855, 0.933]",273.9,120.0,167.4,80.7,87.2,89.1,0,0,"[[6.71,4.24,112.5],[7.74,3.76,144.2]]","[[[3, 4],'C_C',1.846,'bb'],[[2, 2],'C_O',2.023,'CO'],[[3, 3],'H_O',2.855,'OH']]",[],B3O,25B,3,2,[2_1],"[3,11,7,50]",1,4,2.016,"[2.626, 0.937]",286.4,114.1,167.3,81.2,110.4,91.6,"[[6.83,4.28,113.8]]",394.9
aMal29_TSdh_nn_165_0,3622,-1459.8922,E1,OS2,1,2,"[9_11,13_7]","[1,9,50]",-1,2,2,1,3,1.9340000000000002,"[2.2, 0.948]",96.2,60.0,50.0,66.0,332.9,91.5,0,0,"[[8.41,4.22,145.1],[7.73,5.43,107.9]]","[[[1, 1],'H_O',2.2,'OH'],[[2, 2],'C_O',1.934,'CO']]",[],E1,OS2,1,2,"[6_0,9_11]","[1,9,50]",2,3,1.945,"[2.146, 0.952]",96.1,52.2,48.1,65.7,336.6,93.0,"[[7.64,5.88,100.3],[7.63,3.6,146.9]]",351.8
aMal173_TSdh_nn_335_0,1269,-1459.9122,B25,5S1,2,1,"[11_50,13_10]",[2],-1,1,2,2,1,2.5610000000000004,"[1.691, 0.967]",86.1,75.0,312.0,99.0,84.9,84.1,0,0,"[[7.83,3.84,144.0],[8.14,4.04,144.5]]","[[[1, 1],'C_O',2.561,'CO'],[[2, 2],'H_O',1.691,'OH']]",[],OS2,5S1,2,1,"[11_2,11_50,13_10]","[2,11]",3,2,2.396,"[2.762, 0.926]",162.6,78.6,316.4,102.8,86.1,83.5,"[[7.09,3.8,127.6],[7.72,3.93,136.7],[8.34,4.48,135.7]]",299.3
aMal330_TSdh_nn_064_1,6328,-1459.8597,5S1,5S1,3,6,"[1_50,2_1,3_6,13_7]","[2,3]",-1,6,4,2,2,2.206,"[1.495, 1.082]",163.5,210.0,83.9,89.5,86.7,84.2,0,0,"[[7.55,3.58,145.7],[8.61,6.22,107.6],[6.32,1.08,164.9],[7.36,4.8,112.8]]","[[[3, 3],'H_O',1.495,'OH'],[[6, 6],'C_O',2.206,'CO']]",[],5S1,5S1,3,6,"[1_50,2_1,3_6,13_7]","[2,3]",4,2,2.2030000000000003,"[1.476, 1.089]",186.1,181.7,86.0,90.7,89.7,81.1,"[[7.54,3.59,144.5],[8.32,5.83,109.6],[6.27,1.09,167.2],[7.4,5.07,108.8]]",437.1
aMal91_TSdh_nn_273_1,2395,-1459.9024,4C1,4C1,1,2,"[9_50,10_9,11_10]","[1,6]",-1,2,3,0,2,2.056,"[2.33, 0.946]",69.4,30.0,28.6,16.3,231.9,4.7,0,0,"[[7.37,4.93,110.6],[8.32,6.09,105.9],[7.88,5.55,108.0]]","[[[1, 1],'H_O',2.33,'OH'],[[2, 2],'C_O',2.056,'CO']]",[],4C1,4C1,1,2,"[3_2,9_3,9_50,10_9,11_10]","[1,6]",5,2,2.056,"[2.328, 0.947]",130.8,95.0,25.1,14.2,242.7,3.8,"[[8.74,6.16,110.1],[10.38,5.58,148.0],[7.59,5.16,109.9],[8.53,6.47,103.4],[7.98,5.85,104.9]]",325.0
aMal458_TSdh_nn_042_0,4194,-1459.8878,1S3,OS2,1,2,"[9_50,11_9]","[1,6,0]",-1,2,2,0,3,2.031,"[2.331, 0.944]",54.3,60.0,198.4,89.1,331.0,91.8,0,0,"[[6.7,4.18,113.6],[8.47,4.86,129.2]]","[[[1, 1],'H_O',2.331,'OH'],[[2, 2],'C_O',2.031,'CO']]",[],1S3,OS2,1,2,"[3_7,9_50,11_9]","[1,6,0]",3,3,2.004,"[2.356, 0.945]",70.0,32.7,206.1,90.3,331.0,90.2,"[[8.12,4.23,138.0],[6.92,5.14,101.2],[8.52,4.94,128.1]]",363.4
aMal454_TSdh_nn_332_1,6193,-1459.8629999999994,1S3,3S1,1,2,"[3_7,9_11,10_7,11_6,11_50]","[1,0]",-1,2,5,0,2,2.1069999999999998,"[2.198, 0.942]",67.6,45.0,196.4,87.7,20.2,92.0,0,0,"[[7.9,6.04,101.4],[8.29,4.66,130.2],[8.01,4.95,119.7],[7.57,4.52,121.0],[8.07,4.35,133.9]]","[[[1, 1],'H_O',2.198,'OH'],[[2, 2],'C_O',2.107,'CO']]",[],1S3,3S1,1,2,"[3_7,9_11,10_7,11_6,11_50]","[1,0]",5,2,2.108,"[2.051, 0.949]",48.1,47.2,199.1,95.9,19.0,93.2,"[[7.87,3.77,146.9],[8.13,4.45,132.4],[8.04,5.12,117.2],[8.69,3.99,166.5],[8.6,6.14,108.5]]",428.5
aMal8_TSdh_nn_155_2,2778,-1459.8991,5S1,3S1,1,2,"[2_3,9_1,9_11,9_50]","[1,11,0,50]",-1,0,4,0,4,2.017,"[2.857, 0.939]",80.8,120.0,91.7,79.1,20.8,91.4,0,0,"[[6.66,4.03,115.5],[6.88,4.01,120.1],[8.73,5.63,118.3],[6.77,4.99,101.4]]","[[[0, 1],'C_O',2.017,'bb'],[[1, 1],'H_O',2.857,'OH'],[[2, 2],'C_O',1.811,'CO']]",[],5S1,3S1,1,2,"[2_3,3_6,9_1,9_11]","[1,11,0,50]",4,4,2.022,"[2.858, 0.943]",95.2,115.7,86.0,79.4,21.1,91.9,"[[7.16,4.34,117.3],[7.69,3.88,138.6],[9.39,4.92,145.4],[9.2,5.9,120.3]]",333.7
aMal384_TSdh_nn_093_0,3912,-1459.8898,B3O,OS2,3,2,"[2_1,9_50,11_9,13_11]","[3,9,50]",3,2,4,1,3,2.039,"[2.819, 0.933]",276.4,45.0,168.2,75.7,329.1,91.4,0,0,"[[6.8,4.34,112.3],[6.74,4.34,111.4],[8.68,5.1,127.3],[8.87,4.73,139.9]]","[[[3, 4],'C_C',1.832,'bb'],[[2, 2],'C_O',2.039,'CO'],[[3, 3],'H_O',2.819,'OH']]",[],B3O,OS2,3,2,"[2_1,9_11,11_13]","[3,9,50]",3,3,2.048,"[2.541, 0.937]",253.9,48.6,168.6,75.6,327.8,95.4,"[[7.09,4.59,112.2],[7.81,3.85,142.2],[8.58,5.21,123.4]]",358.1
aMal245_TSdh_nn_184_0,3907,-1459.8898,3S1,3S1,1,2,"[1_2,3_0,6_0,9_11,13_10]","[1,2,9,50]",-1,2,5,2,4,2.164,"[1.388, 1.126]",87.0,60.0,16.2,77.1,15.3,89.9,0,0,"[[5.53,1.13,147.3],[6.62,3.6,123.9],[7.9,6.11,100.4],[8.62,5.54,118.2],[7.92,4.05,138.9]]","[[[1, 1],'H_O',1.388,'OH'],[[2, 2],'C_O',2.164,'CO']]",[],3S1,OS2,1,2,"[1_2,3_0,9_11]","[1,2,9,50]",3,4,2.155,"[1.339, 1.175]",144.6,50.2,18.2,75.5,328.9,97.8,"[[5.47,1.17,149.5],[6.61,3.59,123.7],[7.39,3.6,140.5]]",358.1
aMal419_TSdh_nn_165_0,2289,-1459.9038,E1,OS2,1,2,"[9_50,10_7,11_13]","[1,9,50]",-1,2,3,0,3,1.9340000000000002,"[2.2, 0.948]",96.2,60.0,50.0,66.0,328.1,88.9,0,0,"[[6.71,4.32,111.4],[8.85,5.84,116.6],[8.17,4.52,131.7]]","[[[1, 1],'H_O',2.2,'OH'],[[2, 2],'C_O',1.934,'CO']]",[],E1,OS2,1,2,"[2_3,9_11,10_7,11_13]","[1,9,50]",4,3,1.867,"[2.917, 0.936]",145.0,51.5,59.3,55.0,331.2,93.6,"[[8.09,5.88,105.7],[7.62,3.77,140.2],[8.32,5.54,114.1],[8.27,4.91,124.4]]",321.4
aMal227_TSdh_nn_018_2,715,-1459.9199,OS2,1S3,2,1,"[10_11,13_11]","[2,50]",-1,1,2,0,2,2.835,"[1.756, 0.956]",122.4,180.0,321.6,104.1,211.3,88.6,0,0,"[[7.9,5.44,109.9],[8.72,5.09,128.5]]","[[[1, 1],'C_O',2.835,'CO'],[[2, 2],'H_O',1.756,'OH']]",[],3H2,1S3,2,1,"[3_6,10_11,11_13]","[2,9,50]",3,3,2.537,"[1.728, 0.964]",104.4,153.3,335.7,115.7,217.3,89.3,"[[8.24,3.86,155.1],[7.6,5.36,107.0],[7.82,4.47,126.4]]",279.1
aMal296_TSdh_nn_001_1,649,-1459.9221,3H4,2SO,2,1,"[2_1,11_10]","[1,2,9,50]",-1,1,2,1,4,2.267,"[1.282, 1.257]",167.5,15.0,33.3,120.5,160.4,81.5,0,0,"[[5.43,1.26,151.8],[8.47,6.38,103.8]]","[[[1, 1],'C_O',2.267,'CO'],[[2, 2],'H_O',1.282,'OH']]",[],3E,1S3,2,1,"[2_1,9_10,10_11]","[1,2,9,50]",3,4,2.303,"[1.336, 1.183]",141.6,54.9,358.2,114.6,198.4,87.5,"[[5.51,1.18,151.1],[8.03,5.67,108.0],[7.7,5.76,102.7]]",273.3
aMal433_TSdh_nn_273_1,2030,-1459.9056,4C1,5S1,1,2,[13_7],"[1,6]",-1,2,1,0,2,2.056,"[2.33, 0.946]",69.4,15.0,28.6,16.3,85.9,81.3,0,0,"[[7.34,4.75,113.3]]","[[[1, 1],'H_O',2.33,'OH'],[[2, 2],'C_O',2.056,'CO']]",[],4C1,4C1,1,2,"[3_9,9_10,11_10]","[1,6]",3,2,2.1,"[2.371, 0.937]",116.5,104.9,24.1,18.4,311.1,3.3,"[[8.63,3.94,166.3],[8.49,6.18,106.6],[8.51,6.29,105.5]]",316.6
aMal17_TSdh_nn_116_1,6200,-1459.8629,5S1,3S1,3,6,"[1_50,2_1,3_6,10_7,11_50]","[2,3]",-1,6,5,3,2,2.221,"[1.518, 1.069]",79.2,45.0,83.4,88.7,23.0,89.6,0,0,"[[7.67,3.64,146.4],[8.67,6.29,107.3],[6.4,1.07,164.7],[8.31,5.21,119.6],[8.29,4.31,139.7]]","[[[3, 3],'H_O',1.518,'OH'],[[6, 6],'C_O',2.221,'CO']]",[],5S1,3S1,3,6,"[1_9,1_50,2_1,3_6,10_7,11_9,11_50]","[2,3]",7,2,2.215,"[1.519, 1.067]",94.8,58.3,85.1,90.1,23.5,90.9,"[[9.15,4.63,148.7],[7.74,3.94,137.8],[8.44,5.98,108.9],[6.42,1.07,166.4],[8.54,5.51,117.8],[9.66,5.43,137.2],[8.16,5.19,117.6]]",428.7
aMal86_TSdh_nn_094_0,867,-1459.9169,E1,4C1,1,2,"[9_50,10_9,11_10,13_7]","[1,50]",-1,2,4,0,2,1.9380000000000002,"[2.459, 0.941]",103.5,60.0,51.0,61.3,208.6,4.6,0,0,"[[7.39,4.99,109.9],[8.31,6.09,105.8],[8.0,5.8,105.8],[7.56,5.44,105.5]]","[[[1, 1],'H_O',2.459,'OH'],[[2, 2],'C_O',1.938,'CO']]",[],E1,4C1,1,2,"[3_6,9_10,10_11]","[1,9,50]",3,3,2.0140000000000002,"[2.108, 0.95]",68.0,48.5,45.8,70.4,228.3,5.6,"[[8.13,3.82,153.0],[7.55,5.48,104.5],[8.13,6.1,103.3]]",287.0
aMal173_TSdh_nn_093_0,4479,-1459.8853,B3O,5S1,3,2,"[2_1,11_50,13_10]","[3,11,50]",3,2,3,2,3,2.039,"[2.819, 0.933]",276.4,120.0,168.2,75.7,84.9,84.1,0,0,"[[6.8,4.34,112.3],[7.83,3.84,144.0],[8.14,4.04,144.5]]","[[[3, 4],'C_C',1.832,'bb'],[[2, 2],'C_O',2.039,'CO'],[[3, 3],'H_O',2.819,'OH']]",[],B3O,5S1,3,2,"[2_1,13_10]","[3,11,7,50]",2,4,2.05,"[2.613, 0.936]",287.8,111.4,166.4,76.7,100.6,93.5,"[[7.02,4.46,113.4],[8.27,4.63,130.7]]",369.9
aMal466_TSdh_nn_279_0,1709,-1459.9085,2SO,3S1,1,2,"[3_2,9_11,11_50]","[1,0]",-1,2,3,1,2,2.358,"[1.835, 0.956]",76.9,60.0,157.2,89.3,26.1,93.0,0,0,"[[8.61,5.47,119.2],[8.68,4.99,129.7],[7.76,4.05,135.6]]","[[[1, 1],'H_O',1.835,'OH'],[[2, 2],'C_O',2.358,'CO']]",[],25B,OS2,1,2,"[3_6,9_11,11_13]","[1,9,0,50]",3,4,2.226,"[1.606, 0.996]",128.3,56.4,108.0,97.3,327.1,95.3,"[[7.88,4.94,118.0],[7.88,3.97,140.0],[8.39,5.02,124.3]]",309.0
aMal217_TSdh_nn_047_0,5921,-1459.8679,1C4,5S1,-1,-1,"[1_2,2_11,2_50,3_6,11_2,11_0,11_50]","[3,6]",-1,6,7,3,2,2.2969999999999997,"[0, 0]",163.1,60.0,56.6,173.5,89.5,80.8,0,0,"[[7.16,4.51,114.5],[9.37,6.28,116.6],[7.56,3.85,137.2],[5.8,1.97,155.7],[9.37,5.63,127.6],[6.52,3.8,118.3],[8.3,4.28,140.4]]","[[[6, 6],'C_O',2.297,'CO']]",[],1C4,5S1,-1,-1,"[1_2,2_11,2_50,3_6]","[3,6]",4,2,2.316,"[0, 0]",168.5,70.3,64.2,176.9,93.1,76.4,"[[7.21,4.47,116.0],[8.01,3.91,144.9],[7.95,4.76,121.8],[5.88,2.03,155.3]]",415.6
aMal273_TSdh_nn_130_2,3038,-1459.8966,E3,1S3,-1,-1,"[2_1,3_50,11_10]","[1,2,3]",-1,1,3,1,3,2.506,"[0, 0]",153.9,195.0,179.2,50.3,217.5,91.4,0,0,"[[5.41,1.69,149.6],[7.72,5.32,109.3],[7.64,5.46,106.1]]","[[[1, 1],'C_O',2.506,'CO']]",[],E3,1S3,-1,-1,"[2_1,3_9,3_50,11_10]","[1,2,3]",4,3,2.542,"[0, 0]",128.9,151.9,182.9,49.0,213.1,89.9,"[[5.55,1.97,146.6],[7.66,3.22,171.5],[8.25,5.97,105.9],[7.67,5.67,103.5]]",340.3
aMal223_TSdh_nn_184_0,4504,-1459.8851,3S1,3S1,1,2,"[1_2,3_0,6_0,10_13,11_50]","[1,2,9,50]",-1,2,5,3,4,2.164,"[1.388, 1.126]",87.0,60.0,16.2,77.1,31.6,86.2,0,0,"[[5.53,1.13,147.3],[6.62,3.6,123.9],[7.9,6.11,100.4],[7.98,3.54,164.2],[8.17,4.12,143.0]]","[[[1, 1],'H_O',1.388,'OH'],[[2, 2],'C_O',2.164,'CO']]",[],3S1,5S1,1,2,"[1_2,3_0,6_0,10_13,11_50]","[1,9,50]",5,3,2.177,"[1.495, 1.045]",50.2,43.2,24.8,78.2,83.9,88.0,"[[5.93,1.05,150.1],[6.57,3.52,124.9],[7.78,5.85,102.5],[7.92,3.96,141.8],[8.32,4.45,136.6]]",370.5
aMal39_TSdh_nn_184_1,6152,-1459.8638,3S1,1S3,1,2,"[1_2,3_0,6_0,9_50,11_10,13_7]","[1,2,50]",-1,2,6,1,3,2.164,"[1.388, 1.126]",87.0,315.0,16.2,77.1,211.6,88.1,0,0,"[[5.53,1.13,147.3],[6.62,3.6,123.9],[7.9,6.11,100.4],[6.82,4.32,113.0],[7.49,5.11,109.3],[7.99,5.54,109.7]]","[[[1, 1],'H_O',1.388,'OH'],[[2, 2],'C_O',2.164,'CO']]",[],3OB,1S3,1,2,"[1_2,3_0,6_0]","[1,2,50]",3,3,2.154,"[1.324, 1.194]",95.4,319.6,15.0,77.4,205.4,85.9,"[[5.44,1.19,149.5],[6.64,3.69,122.1],[7.66,5.71,102.9]]",426.4
aMal411_TSdh_nn_116_2,6115,-1459.8647,5S1,OS2,3,6,"[1_9,1_50,2_1,3_6,9_11,13_7]","[2,3]",-1,6,6,3,2,2.221,"[1.518, 1.069]",79.2,150.0,83.4,88.7,332.9,91.7,0,0,"[[7.57,4.76,116.3],[7.67,3.64,146.4],[8.67,6.29,107.3],[6.4,1.07,164.7],[8.41,4.23,144.9],[7.73,5.41,108.2]]","[[[3, 3],'H_O',1.518,'OH'],[[6, 6],'C_O',2.221,'CO']]",[],5S1,3S1,3,6,"[1_9,1_50,2_1,3_6,9_11]","[2,3]",5,2,2.213,"[1.516, 1.069]",94.9,57.5,83.3,89.4,17.0,93.4,"[[10.33,5.69,142.8],[7.52,3.68,141.0],[8.56,6.12,108.2],[6.42,1.07,166.5],[8.53,4.73,133.1]]",424.0
aMal155_TSdh_nn_127_1,1185,-1459.9129,E1,4C1,1,2,"[3_6,10_9,11_10,13_11]","[1,50]",-1,2,4,2,2,1.9769999999999999,"[2.292, 0.943]",91.9,30.0,50.1,69.5,223.3,2.0,0,0,"[[8.11,3.87,149.7],[7.88,5.91,102.9],[7.83,5.52,107.8],[7.87,4.11,136.4]]","[[[1, 1],'H_O',2.292,'OH'],[[2, 2],'C_O',1.977,'CO']]",[],E1,4C1,1,2,"[3_6,9_10,13_11]","[1,9,50]",3,3,1.985,"[2.186, 0.947]",87.3,51.8,48.8,69.1,275.4,8.5,"[[8.26,3.96,150.6],[7.69,5.83,101.4],[8.91,5.25,128.2]]",297.5
aMal118_TSdh_nn_025_0,343,-1459.9307,3E,1S5,2,1,"[2_1,9_50,13_6,13_7]","[1,2,9,50]",-1,1,4,2,4,2.296,"[1.327, 1.192]",151.5,60.0,11.7,115.1,276.6,86.0,0,0,"[[5.5,1.19,151.4],[7.34,4.88,111.1],[9.96,5.27,148.4],[8.28,6.33,102.2]]","[[[1, 1],'C_O',2.296,'CO'],[[2, 2],'H_O',1.327,'OH']]",[],3E,1S3,2,1,"[2_1,10_11,13_6]","[1,2,9,50]",3,4,2.309,"[1.338, 1.182]",156.5,85.2,14.3,121.8,213.3,88.4,"[[5.52,1.18,151.2],[7.64,5.5,105.4],[7.89,3.43,170.7]]",250.7
aMal179_TSdh_nn_187_1,2440,-1459.9021,3S1,5S1,-1,-1,"[1_2,3_6,3_0,10_13]","[1,2,50]",-1,2,4,3,3,2.253,"[0, 0]",93.2,30.0,25.9,79.2,80.2,81.0,0,0,"[[5.52,1.83,150.5],[7.37,3.27,150.3],[6.94,4.85,104.7],[8.01,3.98,143.3]]","[[[2, 2],'C_O',2.253,'CO']]",[],3S1,5S1,-1,-1,"[1_2,3_6,3_0,10_13]","[1,2,9,50]",4,4,2.248,"[0, 0]",63.8,31.5,27.5,82.3,87.6,82.7,"[[5.56,1.83,152.5],[7.1,3.03,152.9],[7.09,5.05,103.6],[8.25,4.29,139.0]]",325.8
aMal384_TSdh_nn_187_0,1970,-1459.9062,3S1,OS2,-1,-1,"[1_2,3_6,3_0,9_50,11_9,13_11]","[1,2,9,50]",-1,2,6,3,4,2.253,"[0, 0]",93.2,60.0,25.9,79.2,329.1,91.4,0,0,"[[5.52,1.83,150.5],[7.37,3.27,150.3],[6.94,4.85,104.7],[6.74,4.34,111.4],[8.68,5.1,127.3],[8.87,4.73,139.9]]","[[[2, 2],'C_O',2.253,'CO']]",[],3S1,OS2,-1,-1,"[1_2,3_6,3_0,9_11,11_13]","[2,9,50]",5,3,2.289,"[0, 0]",147.0,58.2,27.8,75.2,329.5,93.9,"[[5.81,2.02,154.9],[7.55,3.38,150.5],[6.84,4.69,105.6],[7.76,3.78,143.5],[8.34,4.96,124.5]]",315.1
aMal195_TSdh_nn_125_1,5806,-1459.8692,1S3,5S1,1,2,"[11_50,13_10]","[1,6,0]",-1,2,2,2,3,2.024,"[2.332, 0.945]",53.7,30.0,210.4,83.9,89.8,87.5,0,0,"[[7.73,3.73,145.2],[8.7,4.34,148.4]]","[[[1, 1],'H_O',2.332,'OH'],[[2, 2],'C_O',2.024,'CO']]",[],1S3,5S1,1,2,"[3_7,11_50,13_10]","[1,6,0]",3,3,1.9809999999999999,"[2.532, 0.944]",37.4,56.9,224.9,87.3,87.8,91.8,"[[7.42,3.3,154.3],[7.83,3.64,152.3],[8.88,4.74,139.9]]",412.2
aMal264_TSdh_nn_356_0,3827,-1459.8906,E3,3S1,-1,-1,"[2_1,9_50,11_50]","[1,2,3]",-1,1,3,2,3,2.511,"[0, 0]",57.3,60.0,179.2,49.3,37.1,88.6,0,0,"[[5.42,1.66,150.2],[7.07,4.66,110.8],[7.79,3.82,143.9]]","[[[1, 1],'C_O',2.511,'CO']]",[],E3,3S1,-1,-1,"[2_1,3_7,9_11,9_50]","[1,2,3]",4,3,2.542,"[0, 0]",60.2,41.2,177.3,51.0,24.0,95.5,"[[5.51,1.87,148.1],[8.37,4.77,129.0],[8.94,5.6,121.9],[6.56,4.85,100.5]]",356.0
aMal384_TSdh_nn_339_1,1996,-1459.906,5S1,OS2,1,2,"[3_6,9_50,11_9,13_11]","[1,0,50]",-1,2,4,1,3,2.191,"[1.747, 0.966]",80.1,15.0,104.8,94.2,329.1,91.4,0,0,"[[8.01,4.93,120.2],[6.74,4.34,111.4],[8.68,5.1,127.3],[8.87,4.73,139.9]]","[[[1, 1],'H_O',1.747,'OH'],[[2, 2],'C_O',2.191,'CO']]",[],25B,OS2,1,2,"[3_6,9_11,11_13]","[1,9,0,50]",3,4,2.214,"[1.672, 0.98]",127.9,55.9,106.5,94.3,326.6,95.3,"[[8.14,5.19,117.4],[7.93,4.01,140.0],[8.38,5.0,124.5]]",315.6
aMal206_TSdh_nn_081_2,2624,-1459.9002,5S1,5S1,1,2,"[2_3,3_6,11_50]","[1,11,0,50]",-1,0,3,2,4,2.0469999999999997,"[2.845, 0.94]",79.1,120.0,87.0,80.0,87.4,86.8,0,0,"[[6.96,4.11,118.6],[7.5,3.67,140.8],[7.91,3.94,142.3]]","[[[0, 1],'C_O',2.047,'bb'],[[1, 1],'H_O',2.845,'OH'],[[2, 2],'C_O',1.782,'CO']]",[],5S1,5S1,1,2,"[2_3,3_6]","[1,11,0,50]",2,4,2.021,"[2.703, 0.942]",129.0,67.3,92.2,78.2,88.9,87.0,"[[6.96,4.1,118.7],[8.17,4.34,135.7]]",330.8
aMal434_TSdh_nn_015_1,1169,-1459.9132,3OB,1C4,3,2,"[2_1,9_11]","[3,6,0]",-1,2,2,1,3,1.87,"[3.851, 0.954]",85.4,315.0,348.1,87.3,256.4,173.9,0,0,"[[6.28,3.81,113.8],[7.95,4.18,135.7]]","[[[2, 2],'C_O',1.87,'CO'],[[3, 3],'H_O',3.851,'OH']]",[],3OB,1C4,3,2,"[2_1,9_11,10_13]","[3,6,0]",3,3,1.864,"[3.818, 0.959]",100.4,315.0,349.7,87.6,327.5,174.2,"[[6.27,3.69,116.1],[7.32,3.47,143.6],[8.3,4.72,129.1]]",296.7
aMal241_TSdh_nn_100_1,4650,-1459.8837,5H4,5S1,1,2,"[2_50,6_3,11_50]","[1,0]",-1,2,3,2,2,1.962,"[2.767, 0.936]",167.6,195.0,77.1,153.8,85.9,84.4,0,0,"[[7.23,3.63,135.4],[7.61,3.99,134.4],[7.8,3.83,143.6]]","[[[1, 1],'H_O',2.767,'OH'],[[2, 2],'C_O',1.962,'CO']]",[],5H4,5S1,1,2,"[2_11,2_50,6_3]","[1,0]",3,2,1.96,"[2.76, 0.935]",161.3,96.2,80.3,155.3,91.7,83.4,"[[7.48,3.56,142.9],[7.71,4.47,123.1],[7.78,3.85,142.0]]",374.1
aMal301_TSdh_nn_351_2,5510,-1459.8732,2SO,1C4,2,3,"[3_50,9_50,10_13,11_9]","[1,2]",1,3,4,2,2,1.96,"[3.148, 0.931]",179.6,180.0,154.3,83.9,282.4,170.2,0,0,"[[7.65,5.83,100.9],[7.28,4.77,112.0],[7.61,3.34,161.1],[7.83,3.95,139.8]]","[[[1, 2],'C_C',1.819,'bb'],[[2, 2],'H_O',3.148,'OH'],[[3, 3],'C_O',1.96,'CO']]",[],2SO,1C4,2,3,"[3_9,9_11,10_13]","[1,2]",3,2,1.972,"[3.07, 0.925]",150.1,171.5,152.2,83.4,280.9,169.2,"[[7.07,2.81,172.3],[7.74,3.93,138.1],[7.56,3.29,160.9]]",401.7
aMal17_TSdh_nn_344_0,1390,-1459.9114,E1,3S1,1,2,"[3_6,10_7,11_50]","[1,9,50]",-1,2,3,2,3,1.9069999999999998,"[2.864, 0.935]",99.5,60.0,63.3,67.1,23.0,89.6,0,0,"[[8.44,4.41,139.4],[8.31,5.21,119.6],[8.29,4.31,139.7]]","[[[1, 1],'H_O',2.864,'OH'],[[2, 2],'C_O',1.907,'CO']]",[],E1,3S1,1,2,"[3_6,10_7]","[1,9,11,50]",2,4,1.9369999999999998,"[2.333, 0.943]",93.9,75.1,51.5,69.2,19.1,88.2,"[[8.19,3.95,148.8],[8.34,5.3,118.3]]",301.4
aMal100_TSdh_nn_119_1,2463,-1459.9019,E1,3S1,1,2,"[2_3,6_0,9_11,11_50,13_7]","[1,11,50]",-1,2,5,0,3,1.844,"[3.695, 0.935]",91.3,105.0,55.4,53.3,24.7,92.6,0,0,"[[7.8,5.6,105.9],[7.91,6.08,100.9],[8.63,4.92,130.3],[7.83,4.12,135.0],[7.5,5.31,106.5]]","[[[1, 1],'H_O',3.695,'OH'],[[2, 2],'C_O',1.844,'CO']]",[],E1,3S1,1,2,[6_0],"[1,9,11,50]",1,4,1.975,"[2.116, 0.952]",108.7,61.8,44.5,66.2,20.3,89.2,"[[7.85,6.03,100.9]]",326.3
aMal382_TSdh_nn_273_1,4083,-1459.8885,4C1,OS2,1,2,"[9_50,11_9]","[1,6]",-1,2,2,0,2,2.056,"[2.33, 0.946]",69.4,15.0,28.6,16.3,329.7,92.5,0,0,"[[6.7,4.22,113.0],[8.5,4.87,129.4]]","[[[1, 1],'H_O',2.33,'OH'],[[2, 2],'C_O',2.056,'CO']]",[],OH1,OS2,1,2,"[3_7,9_50,11_9]","[1,6]",3,2,2.066,"[2.288, 0.94]",40.6,43.6,21.3,26.7,323.8,94.1,"[[7.23,3.35,145.5],[7.25,5.38,102.1],[8.84,5.32,125.6]]",361.5
aMal52_TSdh_nn_015_1,1953,-1459.9063,3OB,1C4,3,2,"[2_1,9_50,11_9]","[3,6,0]",-1,2,3,1,3,1.87,"[3.851, 0.954]",85.4,345.0,348.1,87.3,221.6,175.0,0,0,"[[6.28,3.81,113.8],[7.3,4.76,112.4],[7.97,4.14,137.6]]","[[[2, 2],'C_O',1.87,'CO'],[[3, 3],'H_O',3.851,'OH']]",[],3OB,1C4,3,2,"[2_1,9_50,11_9]","[3,6,0]",3,3,1.855,"[3.861, 0.953]",67.3,44.5,348.5,87.3,220.8,171.7,"[[6.24,3.65,116.4],[7.78,5.57,106.5],[8.22,4.37,136.3]]",314.8
aMal91_TSdh_nn_184_1,3152,-1459.8957,3S1,4C1,1,2,"[1_2,3_0,6_0,9_50,10_9,11_10]","[1,2,50]",-1,2,6,1,3,2.164,"[1.388, 1.126]",87.0,30.0,16.2,77.1,231.9,4.7,0,0,"[[5.53,1.13,147.3],[6.62,3.6,123.9],[7.9,6.11,100.4],[7.37,4.93,110.6],[8.32,6.09,105.9],[7.88,5.55,108.0]]","[[[1, 1],'H_O',1.388,'OH'],[[2, 2],'C_O',2.164,'CO']]",[],3S1,4C1,1,2,"[1_2,3_0,6_0,9_10,10_11]","[1,9,50]",5,3,2.162,"[1.486, 1.049]",52.2,44.5,25.2,78.6,265.2,10.1,"[[5.92,1.05,150.8],[6.52,3.49,124.8],[7.77,5.82,102.7],[7.68,5.53,105.5],[8.1,6.23,101.2]]",342.6
aMal462_TSdh_nn_290_1,4150,-1459.8881,E1,5S1,1,2,[13_7],"[1,50]",-1,2,1,0,2,1.9369999999999998,"[2.298, 0.945]",97.3,45.0,56.6,59.7,85.4,85.5,0,0,"[[7.42,4.86,112.5]]","[[[1, 1],'H_O',2.298,'OH'],[[2, 2],'C_O',1.937,'CO']]",[],E1,5S1,1,2,[13_7],"[1,9,50]",1,3,2.0269999999999997,"[2.278, 0.948]",75.8,38.0,73.5,67.9,90.3,85.6,"[[7.68,5.59,104.8]]",362.6
aMal208_TSdh_nn_165_0,2498,-1459.9014,E1,1C4,1,2,"[10_13,11_9]","[1,50]",-1,2,2,0,2,1.9340000000000002,"[2.2, 0.948]",96.2,60.0,50.0,66.0,80.2,179.3,0,0,"[[9.34,5.67,126.6],[7.9,4.36,130.3]]","[[[1, 1],'H_O',2.2,'OH'],[[2, 2],'C_O',1.934,'CO']]",[],E1,1C4,1,2,"[6_0,9_11,10_13]","[1,9,50]",3,3,1.9340000000000002,"[2.135, 0.952]",142.6,58.7,49.0,64.8,300.1,174.8,"[[7.78,5.99,100.6],[7.08,3.28,144.2],[8.37,4.81,128.4]]",327.7
aMal76_TSdh_nn_181_0,5705,-1459.8707,1HO,4C1,1,2,"[2_50,9_10,10_11,13_7]","[1,2,0]",-1,2,4,1,3,2.274,"[3.547, 0.93]",163.0,60.0,191.8,153.0,195.3,1.3,0,0,"[[7.54,3.53,146.4],[8.04,5.86,105.6],[8.33,5.99,107.4],[7.48,5.4,105.0]]","[[[1, 1],'H_O',3.547,'OH'],[[2, 2],'C_O',2.274,'CO']]",[],5HO,4C1,1,2,"[2_9,2_50,6_3,9_10,10_11]","[1,2,0]",5,3,2.333,"[3.062, 0.93]",83.4,75.8,154.5,147.4,164.9,4.6,"[[7.59,3.2,167.4],[8.15,5.44,112.4],[7.75,4.05,135.6],[7.79,5.71,104.3],[8.32,5.97,107.5]]",408.3
aMal155_TSdh_nn_090_1,3682,-1459.8916,1C4,4C1,1,2,"[2_50,10_9,11_10,13_11]","[1,6,0]",-1,2,4,2,3,1.9380000000000002,"[3.03, 0.935]",172.6,165.0,109.1,161.2,223.3,2.0,0,0,"[[7.41,3.71,137.0],[7.88,5.91,102.9],[7.83,5.52,107.8],[7.87,4.11,136.4]]","[[[1, 1],'H_O',3.03,'OH'],[[2, 2],'C_O',1.938,'CO']]",[],1C4,4C1,1,2,"[2_50,9_10,13_11]","[1,6,0]",3,3,1.9240000000000002,"[2.946, 0.937]",202.1,166.2,107.5,159.5,235.9,6.3,"[[7.17,3.47,138.8],[7.8,5.58,106.4],[8.37,4.72,130.6]]",353.4
aMal413_TSdh_nn_167_0,2836,-1459.8986,E4,5S1,2,1,"[1_9,3_6,11_50]",[2],-1,1,3,2,1,2.583,"[1.714, 0.964]",72.3,60.0,76.0,117.7,88.6,87.1,0,0,"[[7.26,4.32,120.3],[7.56,3.63,144.6],[7.85,3.87,143.3]]","[[[1, 1],'C_O',2.583,'CO'],[[2, 2],'H_O',1.714,'OH']]",[],5H4,5S1,2,1,"[1_9,3_6,11_50]",[2],3,1,2.654,"[1.64, 0.973]",95.9,63.3,85.3,111.7,82.8,89.4,"[[8.67,4.02,162.9],[7.7,3.78,142.6],[7.76,3.98,138.0]]",335.0
aMal77_TSdh_nn_165_0,2350,-1459.9029999999998,E1,1C4,1,2,"[9_11,13_7]","[1,50]",-1,2,2,1,2,1.9340000000000002,"[2.2, 0.948]",96.2,60.0,50.0,66.0,235.8,174.2,0,0,"[[7.9,4.06,138.3],[7.77,5.26,111.0]]","[[[1, 1],'H_O',2.2,'OH'],[[2, 2],'C_O',1.934,'CO']]",[],E1,1C4,1,2,"[6_0,9_11]","[1,9,50]",2,3,1.9380000000000002,"[2.111, 0.954]",143.6,58.3,48.9,65.0,238.8,171.6,"[[7.69,5.93,100.3],[7.4,3.5,144.2]]",323.5
aMal29_TSdh_nn_344_0,1935,-1459.9064,E1,OS2,1,2,"[3_6,9_11,13_7]","[1,9,50]",-1,2,3,2,3,1.9069999999999998,"[2.864, 0.935]",99.5,60.0,63.3,67.1,332.9,91.5,0,0,"[[8.44,4.41,139.4],[8.41,4.22,145.1],[7.73,5.43,107.9]]","[[[1, 1],'H_O',2.864,'OH'],[[2, 2],'C_O',1.907,'CO']]",[],E1,OS2,1,2,"[3_6,9_11]","[1,9,50]",2,3,1.9409999999999998,"[2.382, 0.941]",96.1,55.2,52.2,68.6,336.5,92.5,"[[8.35,4.07,148.5],[7.66,3.62,146.8]]",314.5
aMal118_TSdh_nn_067_1,3533,-1459.8928,4C1,1S5,3,2,"[9_50,13_7]","[3,9,50]",3,2,2,0,3,2.116,"[2.406, 0.94]",278.6,45.0,151.5,10.5,276.6,86.0,0,0,"[[7.34,4.88,111.1],[8.28,6.33,102.2]]","[[[3, 4],'C_C',1.762,'bb'],[[2, 2],'C_O',2.116,'CO'],[[3, 3],'H_O',2.406,'OH']]",[],4C1,1S3,3,2,[10_11],"[3,9,7,50]",1,4,2.094,"[2.283, 0.946]",279.2,74.6,168.1,9.6,220.8,92.1,"[[7.81,5.8,103.4]]",350.2
aMal229_TSdh_nn_324_1,4338,-1459.8864,1S3,3S1,1,2,"[9_3,10_7,11_9,13_7]","[1,0]",-1,2,4,0,2,2.137,"[2.088, 0.948]",79.7,120.0,198.1,86.5,22.2,90.0,0,0,"[[7.48,4.18,127.2],[8.16,5.11,119.2],[8.25,6.14,104.3],[7.5,5.16,108.8]]","[[[1, 1],'H_O',2.088,'OH'],[[2, 2],'C_O',2.137,'CO']]",[],1S3,OS2,1,2,"[6_13,9_11,10_7]","[1,6,0]",3,3,2.04,"[2.131, 0.951]",153.2,61.7,196.7,91.1,331.5,91.9,"[[8.14,4.05,144.1],[8.36,4.3,141.4],[8.26,5.28,117.6]]",367.0
aMal454_TSdh_nn_165_0,2808,-1459.8989,E1,3S1,1,2,"[9_11,10_7,11_50]","[1,11,50]",-1,2,3,0,3,1.9340000000000002,"[2.2, 0.948]",96.2,60.0,50.0,66.0,20.2,92.0,0,0,"[[8.29,4.66,130.2],[8.01,4.95,119.7],[8.07,4.35,133.9]]","[[[1, 1],'H_O',2.2,'OH'],[[2, 2],'C_O',1.934,'CO']]",[],E1,3S1,1,2,"[6_0,10_7]","[1,9,11,50]",2,4,1.893,"[2.44, 0.943]",110.8,64.7,52.6,60.6,17.2,89.3,"[[7.85,6.05,100.7],[8.1,5.05,119.3]]",334.2
aMal264_TSdh_nn_344_2,1310,-1459.9119,E1,3S1,1,2,"[3_6,9_50,11_50]","[1,11,50]",-1,2,3,2,3,1.9069999999999998,"[2.864, 0.935]",99.5,75.0,63.3,67.1,37.1,88.6,0,0,"[[8.44,4.41,139.4],[7.07,4.66,110.8],[7.79,3.82,143.9]]","[[[1, 1],'H_O',2.864,'OH'],[[2, 2],'C_O',1.907,'CO']]",[],E1,3S1,1,2,[3_6],"[1,9,11,50]",1,4,1.942,"[2.315, 0.943]",95.4,70.8,51.0,69.3,24.7,87.9,"[[8.22,3.96,149.3]]",300.1
aMal2_TSdh_nn_184_0,3253,-1459.8947,3S1,4C1,1,2,"[1_2,3_0,6_0,10_9,11_10,13_7]","[1,2,50]",-1,2,6,1,3,2.164,"[1.388, 1.126]",87.0,60.0,16.2,77.1,223.5,2.2,0,0,"[[5.53,1.13,147.3],[6.62,3.6,123.9],[7.9,6.11,100.4],[8.16,6.32,100.9],[8.0,5.85,105.2],[7.53,5.43,105.1]]","[[[1, 1],'H_O',1.388,'OH'],[[2, 2],'C_O',2.164,'CO']]",[],3S1,4C1,1,2,"[1_2,3_0,6_0,9_10,10_11]","[1,9,50]",5,3,2.188,"[1.531, 1.026]",50.9,46.3,25.2,78.0,221.4,8.0,"[[6.03,1.03,149.1],[6.56,3.49,125.3],[7.77,5.83,102.6],[7.55,5.39,105.9],[8.1,6.12,102.7]]",345.3
aMal319_TSdh_nn_104_0,4264,-1459.8870000000006,25B,3S1,1,2,"[9_11,10_13,10_7,11_50]","[1,9,0,50]",-1,2,4,2,4,2.218,"[1.839, 0.952]",83.2,60.0,110.4,101.0,20.7,91.4,0,0,"[[8.63,5.05,127.8],[7.69,3.95,136.8],[8.79,5.93,114.1],[8.15,4.27,137.7]]","[[[1, 1],'H_O',1.839,'OH'],[[2, 2],'C_O',2.218,'CO']]",[],25B,OS2,1,2,[9_11],"[1,9,0,50]",1,4,2.217,"[1.73, 0.97]",131.7,53.2,108.8,101.4,328.6,98.0,"[[7.57,3.69,142.2]]",365.5
aMal301_TSdh_nn_096_1,3954,-1459.8895,5S1,1C4,1,2,"[3_6,9_50,10_13,11_9]","[1,0,50]",-1,2,4,2,3,2.202,"[1.62, 0.993]",77.1,345.0,105.1,97.5,282.4,170.2,0,0,"[[7.73,4.74,119.6],[7.28,4.77,112.0],[7.61,3.34,161.1],[7.83,3.95,139.8]]","[[[1, 1],'H_O',1.62,'OH'],[[2, 2],'C_O',2.202,'CO']]",[],25B,1C4,1,2,"[3_6,10_13,11_9]","[1,0,50]",3,3,2.227,"[1.63, 0.989]",101.4,318.7,109.3,96.5,279.6,172.4,"[[7.93,5.1,116.0],[7.46,3.24,160.6],[8.39,4.79,129.3]]",358.9
aMal80_TSdh_nn_273_0,4531,-1459.8848,4C1,5S1,1,2,"[9_50,11_50]","[1,6]",-1,2,2,1,2,2.056,"[2.33, 0.946]",69.4,60.0,28.6,16.3,87.4,90.1,0,0,"[[7.63,5.32,108.0],[7.99,3.9,146.0]]","[[[1, 1],'H_O',2.33,'OH'],[[2, 2],'C_O',2.056,'CO']]",[],4C1,25B,1,2,[9_50],"[1,6]",1,2,2.056,"[2.309, 0.947]",119.1,63.4,26.7,15.4,111.2,85.3,"[[7.5,5.17,108.7]]",371.2
aMal80_TSdh_nn_093_0,4558,-1459.8846,B3O,5S1,3,2,"[2_1,9_50,11_50]","[3,11,50]",3,2,3,1,3,2.039,"[2.819, 0.933]",276.4,120.0,168.2,75.7,87.4,90.1,0,0,"[[6.8,4.34,112.3],[7.63,5.32,108.0],[7.99,3.9,146.0]]","[[[3, 4],'C_C',1.832,'bb'],[[2, 2],'C_O',2.039,'CO'],[[3, 3],'H_O',2.819,'OH']]",[],B3O,25B,3,2,"[2_1,9_50]","[3,11,7,50]",2,4,2.0380000000000003,"[2.632, 0.937]",289.9,105.3,166.1,76.6,115.9,95.7,"[[7.0,4.47,112.9],[7.31,5.32,103.8]]",371.8
aMal419_TSdh_nn_104_0,4080,-1459.8885,25B,OS2,1,2,"[9_50,10_7,11_13]","[1,0,50]",-1,2,3,0,3,2.218,"[1.839, 0.952]",83.2,60.0,110.4,101.0,328.1,88.9,0,0,"[[6.71,4.32,111.4],[8.85,5.84,116.6],[8.17,4.52,131.7]]","[[[1, 1],'H_O',1.839,'OH'],[[2, 2],'C_O',2.218,'CO']]",[],25B,OS2,1,2,"[9_11,10_7,11_13]","[1,9,0,50]",3,4,2.214,"[1.714, 0.972]",92.3,69.1,107.1,102.0,334.5,92.3,"[[7.68,3.73,143.3],[8.19,5.27,116.8],[8.48,5.17,122.8]]",361.5
aMal112_TSdh_nn_047_0,5226,-1459.8771,1C4,1C4,-1,-1,"[1_2,2_50,3_6,9_50,11_9,13_7]","[3,6]",-1,6,6,3,2,2.2969999999999997,"[0, 0]",163.1,60.0,56.6,173.5,260.9,174.8,0,0,"[[7.16,4.51,114.5],[7.56,3.85,137.2],[5.8,1.97,155.7],[7.28,4.78,111.8],[7.88,4.05,138.1],[7.87,5.26,112.4]]","[[[6, 6],'C_O',2.297,'CO']]",[],1C4,1C4,-1,-1,"[1_2,2_50,3_6,11_9]","[3,6]",4,2,2.334,"[0, 0]",170.3,71.6,46.7,178.1,248.6,173.2,"[[7.43,4.86,112.4],[7.61,3.83,138.6],[5.86,2.0,155.9],[7.9,4.15,135.5]]",391.5
aMal14_TSdh_nn_064_1,6238,-1459.8621,5S1,1S3,3,6,"[1_50,2_1,3_6,11_10]","[2,3]",-1,6,4,2,2,2.206,"[1.495, 1.082]",163.5,330.0,83.9,89.5,210.3,88.1,0,0,"[[7.55,3.58,145.7],[8.61,6.22,107.6],[6.32,1.08,164.9],[7.92,5.36,111.5]]","[[[3, 3],'H_O',1.495,'OH'],[[6, 6],'C_O',2.206,'CO']]",[],5S1,1S3,3,6,"[1_50,2_1,3_6,11_10]","[2,3]",4,2,2.219,"[1.505, 1.073]",164.8,345.8,80.6,87.8,216.5,91.5,"[[7.21,3.19,151.7],[8.78,6.43,106.8],[6.38,1.07,167.1],[8.02,5.7,107.5]]",430.8
aMal430_TSdh_nn_091_2,3919,-1459.8897,25B,5S1,1,2,"[6_0,10_13,11_50]","[1,11,0,50]",-1,2,3,2,4,2.237,"[1.888, 0.947]",83.0,105.0,106.1,99.2,84.4,91.9,0,0,"[[8.03,5.74,107.1],[8.74,4.23,153.8],[7.62,3.6,147.0]]","[[[1, 1],'H_O',1.888,'OH'],[[2, 2],'C_O',2.237,'CO']]",[],25B,3S1,1,2,[6_0],"[1,9,11,0,50]",1,5,2.241,"[1.736, 0.969]",92.4,78.6,105.7,98.7,25.2,88.5,"[[8.43,6.43,102.6]]",358.4
aMal347_TSdh_nn_093_0,3941,-1459.8896,B3O,1C4,3,2,"[2_1,9_3,9_50,11_9]","[3,9,50]",3,2,4,2,3,2.039,"[2.819, 0.933]",276.4,15.0,168.2,75.7,246.6,174.6,0,0,"[[6.8,4.34,112.3],[7.82,3.69,149.4],[7.33,4.82,111.8],[7.93,4.11,137.5]]","[[[3, 4],'C_C',1.832,'bb'],[[2, 2],'C_O',2.039,'CO'],[[3, 3],'H_O',2.819,'OH']]",[],B3O,1C4,3,2,"[2_1,9_11]","[3,9,50]",2,3,2.05,"[2.555, 0.937]",262.0,56.6,170.5,75.3,271.8,171.5,"[[7.02,4.53,112.3],[7.27,3.4,144.5]]",358.6
aMal251_TSdh_nn_187_2,1801,-1459.9077,3S1,5S1,-1,-1,"[1_2,3_6,3_0,10_13]","[1,2,11,50]",-1,2,4,3,4,2.253,"[0, 0]",93.2,135.0,25.9,79.2,87.2,78.2,0,0,"[[5.52,1.83,150.5],[7.37,3.27,150.3],[6.94,4.85,104.7],[8.53,4.47,140.0]]","[[[2, 2],'C_O',2.253,'CO']]",[],3S1,5S1,-1,-1,"[1_2,3_6,3_0,10_13,11_2]","[1,11,7,50]",5,4,2.2,"[0, 0]",111.8,156.8,33.9,83.3,100.0,89.0,"[[5.65,1.76,157.5],[6.77,2.75,156.6],[7.1,5.3,100.1],[8.24,4.24,140.3],[6.65,2.67,156.5]]",311.1
aMal66_TSdh_nn_153_0,4505,-1459.8851,5S1,2SO,1,2,"[3_6,9_50,10_11]","[1,9,0,50]",-1,2,3,1,4,2.238,"[1.856, 0.949]",84.3,60.0,103.8,102.0,160.9,85.8,0,0,"[[8.2,3.94,149.4],[6.61,4.22,111.7],[8.59,6.36,105.5]]","[[[1, 1],'H_O',1.856,'OH'],[[2, 2],'C_O',2.238,'CO']]",[],5S1,B3O,1,2,"[3_6,9_10]","[1,9,0,50]",2,4,2.254,"[1.759, 0.958]",81.5,62.7,104.8,102.3,167.9,88.4,"[[7.87,3.73,148.7],[7.19,4.73,111.3]]",370.5
aMal79_TSdh_nn_051_0,1874,-1459.9069,4H5,5S1,2,1,"[3_11,3_50,9_50,13_10]","[2,3]",-1,1,4,2,2,2.6210000000000004,"[2.245, 0.935]",289.5,60.0,255.1,43.4,85.6,85.9,0,0,"[[6.9,3.08,148.1],[8.34,5.96,108.0],[7.87,5.26,112.3],[8.11,4.02,144.6]]","[[[1, 1],'C_O',2.621,'CO'],[[2, 2],'H_O',2.245,'OH']]",[],4H5,5S1,2,1,"[3_11,3_50,9_50,13_10]","[2,3]",4,2,2.611,"[2.18, 0.937]",288.1,67.7,259.5,43.5,93.4,86.9,"[[7.73,3.27,171.0],[8.42,6.3,103.7],[7.39,5.31,105.1],[8.42,4.6,134.2]]",313.2
aMal97_TSdh_nn_091_1,5651,-1459.8713,25B,1C4,1,2,"[6_0,11_9,11_7,13_10]","[1,0,50]",-1,2,4,0,3,2.237,"[1.888, 0.947]",83.0,315.0,106.1,99.2,144.5,178.8,0,0,"[[8.03,5.74,107.1],[7.92,4.7,123.2],[8.53,6.37,104.6],[8.44,4.64,133.8]]","[[[1, 1],'H_O',1.888,'OH'],[[2, 2],'C_O',2.237,'CO']]",[],25B,1C4,1,2,"[6_0,9_11,13_10]","[1,0,50]",3,3,2.305,"[1.807, 0.954]",97.2,318.9,107.4,97.8,5.1,177.1,"[[8.36,6.42,102.0],[7.41,3.64,140.2],[8.62,5.06,127.5]]",406.7
aMal264_TSdh_nn_001_0,1254,-1459.9123,3H4,3S1,2,1,"[2_1,9_50,11_50]","[1,2,11,50]",-1,1,3,2,4,2.267,"[1.282, 1.257]",167.5,150.0,33.3,120.5,37.1,88.6,0,0,"[[5.43,1.26,151.8],[7.07,4.66,110.8],[7.79,3.82,143.9]]","[[[1, 1],'C_O',2.267,'CO'],[[2, 2],'H_O',1.282,'OH']]",[],3E,25B,2,1,[2_1],"[1,2,11,7,50]",1,5,2.301,"[1.348, 1.174]",168.5,121.1,1.1,120.9,109.5,92.1,"[[5.53,1.17,150.2]]",299.0
aMal458_TSdh_nn_004_1,645,-1459.9224,4E,OS2,2,1,"[3_50,9_50,11_9]","[2,3,13]",-1,1,3,0,3,2.5810000000000004,"[2.219, 0.935]",288.8,45.0,253.2,42.8,331.0,91.8,0,0,"[[8.36,5.97,108.0],[6.7,4.18,113.6],[8.47,4.86,129.2]]","[[[1, 1],'C_O',2.581,'CO'],[[2, 2],'H_O',2.219,'OH']]",[],4H5,OS2,2,1,"[3_50,11_9,13_1]","[2,3,13]",3,3,3.2060000000000004,"[1.862, 0.955]",283.4,54.4,257.4,44.3,329.6,93.4,"[[8.13,5.59,110.6],[8.39,4.85,127.7],[7.66,3.41,156.4]]",272.5
aMal219_TSdh_nn_020_0,750,-1459.9187,5S1,3S1,1,2,"[1_2,6_3,11_50]","[1,9,0,50]",-1,2,3,2,4,2.099,"[1.424, 1.091]",78.3,60.0,104.2,102.2,31.3,88.5,0,0,"[[5.69,1.09,149.8],[6.58,4.38,108.2],[7.75,3.8,143.0]]","[[[1, 1],'H_O',1.424,'OH'],[[2, 2],'C_O',2.099,'CO']]",[],5E,3S1,-1,-1,"[1_2,6_3,9_2]","[1,9,11,0,50]",3,5,2.171,"[0, 0]",75.9,92.4,108.7,108.6,21.9,89.7,"[[5.51,1.77,153.2],[6.08,3.62,114.1],[7.4,3.19,156.6]]",282.2
aMal278_TSdh_nn_161_2,287,-1459.9316,3E,3S1,2,1,"[2_1,3_6,9_2,10_13,10_7,11_9]","[1,2,11,50]",-1,1,6,2,4,2.383,"[1.275, 1.264]",96.8,120.0,352.5,109.1,22.4,89.9,0,0,"[[5.46,1.26,153.5],[7.98,3.87,146.5],[9.64,6.16,122.3],[7.7,4.22,129.6],[8.68,5.71,116.0],[8.3,5.93,108.0]]","[[[1, 1],'C_O',2.383,'CO'],[[2, 2],'H_O',1.275,'OH']]",[],3E,3OB,2,1,"[2_1,3_6,9_2,10_13]","[1,9,11,50]",4,4,2.549,"[1.356, 1.171]",79.3,93.0,358.0,118.0,10.6,90.7,"[[5.78,1.17,160.7],[7.41,3.63,140.4],[7.14,3.08,153.1],[7.97,3.69,154.3]]",248.4
aMal225_TSdh_nn_178_0,486,-1459.9267,OS2,5S1,2,1,[],"[2,11,50]",-1,1,0,0,3,2.92,"[1.775, 0.953]",164.7,90.0,319.9,102.7,85.7,84.0,0,0,[],"[[[1, 1],'C_O',2.92,'CO'],[[2, 2],'H_O',1.775,'OH']]",[],OS2,B14,2,1,"[10_13,11_6]","[2,9,11,50]",2,4,2.865,"[1.713, 0.966]",125.7,59.0,318.7,101.2,61.1,99.6,"[[8.19,4.6,130.0],[8.62,4.07,157.4]]",261.2
aMal241_TSdh_nn_093_0,4336,-1459.8864,B3O,5S1,3,2,"[2_1,11_50]","[3,11,50]",3,2,2,1,3,2.039,"[2.819, 0.933]",276.4,120.0,168.2,75.7,85.9,84.4,0,0,"[[6.8,4.34,112.3],[7.8,3.83,143.6]]","[[[3, 4],'C_C',1.832,'bb'],[[2, 2],'C_O',2.039,'CO'],[[3, 3],'H_O',2.819,'OH']]",[],B3O,5S1,3,2,[2_1],"[3,11,7,50]",1,4,2.048,"[2.62, 0.936]",286.7,114.2,167.4,76.6,104.6,89.4,"[[7.02,4.49,112.9]]",367.0
aMal466_TSdh_nn_184_1,3125,-1459.8958,3S1,3S1,1,2,"[1_2,3_0,6_0,9_11,11_50]","[1,2,50]",-1,2,5,2,3,2.164,"[1.388, 1.126]",87.0,45.0,16.2,77.1,26.1,93.0,0,0,"[[5.53,1.13,147.3],[6.62,3.6,123.9],[7.9,6.11,100.4],[8.68,4.99,129.7],[7.76,4.05,135.6]]","[[[1, 1],'H_O',1.388,'OH'],[[2, 2],'C_O',2.164,'CO']]",[],3S1,OS2,1,2,"[1_2,3_0,6_0,9_11,11_13]","[1,2,9,50]",5,4,2.158,"[1.343, 1.171]",144.6,49.9,18.5,75.6,327.4,95.1,"[[5.48,1.17,149.4],[6.61,3.59,123.8],[8.16,6.34,100.6],[7.77,3.85,141.3],[8.23,4.85,125.0]]",342.4
aMal128_TSdh_nn_016_2,2414,-1459.9023,E3,OS2,-1,-1,"[2_1,3_9,3_50,9_11,10_7]","[1,2,3]",-1,1,5,2,3,2.528,"[0, 0]",150.8,180.0,164.8,62.8,339.0,90.9,0,0,"[[5.51,1.86,148.4],[7.54,5.24,108.0],[7.95,5.58,108.4],[8.05,3.93,146.3],[7.78,4.61,122.8]]","[[[1, 1],'C_O',2.528,'CO']]",[],E3,OS2,-1,-1,"[2_1,3_9,3_50,9_11,10_7]","[1,2,3]",5,3,2.6430000000000002,"[0, 0]",123.8,143.1,164.7,63.7,340.3,91.0,"[[5.53,1.85,149.8],[7.13,2.85,173.3],[8.48,6.29,104.4],[7.82,3.8,144.7],[7.81,4.8,119.5]]",325.3
aMal20_TSdh_nn_073_0,4405,-1459.8859,1S3,3S1,3,2,"[1_2,11_50,13_7]","[3,9,50]",3,2,3,1,3,2.136,"[2.377, 0.941]",166.4,75.0,197.5,75.2,36.6,86.1,0,0,"[[7.75,5.56,106.0],[7.91,3.93,142.7],[7.41,5.15,107.7]]","[[[3, 4],'C_C',1.726,'bb'],[[2, 2],'C_O',2.136,'CO'],[[3, 3],'H_O',2.377,'OH']]",[],B3O,3S1,3,2,[1_2],"[3,9,11,50]",1,4,2.171,"[2.085, 0.953]",181.0,87.2,189.1,77.0,23.5,88.4,"[[7.87,5.02,116.4]]",368.4
aMal220_TSdh_nn_336_1,688,-1459.9208,5S1,1S3,2,1,[3_6],"[2,3,13]",-1,1,1,1,3,2.193,"[1.801, 0.973]",54.3,0.0,104.3,94.3,207.2,87.7,0,0,"[[8.45,4.54,136.2]]","[[[1, 1],'C_O',2.193,'CO'],[[2, 2],'H_O',1.801,'OH']]",[],5S1,1S3,2,1,"[2_1,3_6,9_50,11_10,13_3,13_7]","[2,3,13]",6,3,2.226,"[1.592, 1.041]",40.2,33.6,100.7,96.2,208.7,89.0,"[[6.27,1.04,146.1],[8.28,4.42,136.1],[6.9,4.92,104.4],[7.49,5.16,108.6],[7.87,4.67,122.8],[7.88,5.45,109.3]]",276.7
aMal119_TSdh_nn_073_0,4634,-1459.884,1S3,1S5,3,2,"[1_2,9_50,11_13]","[3,50]",3,2,3,0,2,2.136,"[2.377, 0.941]",166.4,90.0,197.5,75.2,269.6,84.7,0,0,"[[7.75,5.56,106.0],[7.29,4.82,111.2],[8.62,5.52,118.6]]","[[[3, 4],'C_C',1.726,'bb'],[[2, 2],'C_O',2.136,'CO'],[[3, 3],'H_O',2.377,'OH']]",[],B3O,1S3,3,2,"[1_2,9_10,10_11]","[3,9,50]",3,3,2.434,"[1.894, 0.962]",186.3,97.7,169.3,81.1,204.4,85.4,"[[7.77,3.79,143.6],[8.28,5.9,107.9],[7.72,5.71,103.5]]",373.3
aMal8_TSdh_nn_187_1,1961,-1459.9063,3S1,3S1,-1,-1,"[1_2,3_6,3_0,9_11,9_50]","[1,2,9,50]",-1,2,5,2,4,2.253,"[0, 0]",93.2,30.0,25.9,79.2,20.8,91.4,0,0,"[[5.52,1.83,150.5],[7.37,3.27,150.3],[6.94,4.85,104.7],[8.73,5.63,118.3],[6.77,4.99,101.4]]","[[[2, 2],'C_O',2.253,'CO']]",[],3S1,OS2,-1,-1,"[1_2,3_6,3_0,9_11,11_13]","[2,9,50]",5,3,2.291,"[0, 0]",147.0,58.1,27.8,75.2,329.5,94.0,"[[5.81,2.02,154.9],[7.55,3.38,150.6],[6.84,4.7,105.6],[7.76,3.78,143.4],[8.34,4.97,124.5]]",314.8
aMal186_TSdh_nn_329_1,4590,-1459.8843,4C1,OS2,2,3,"[9_50,10_7,11_9,13_11]","[1,2]",1,3,4,1,2,2.24,"[3.049, 0.931]",92.2,15.0,169.3,8.0,334.2,91.0,0,0,"[[6.68,4.34,110.7],[8.18,5.11,119.5],[8.28,4.7,129.2],[9.13,4.97,138.7]]","[[[1, 2],'C_C',1.724,'bb'],[[2, 2],'H_O',3.049,'OH'],[[3, 3],'C_O',2.24,'CO']]",[],4C1,OS2,2,3,"[6_13,10_7,11_9]","[1,2]",3,2,2.485,"[2.059, 0.942]",92.6,66.4,141.9,9.2,331.5,92.2,"[[7.37,3.03,176.2],[8.34,5.49,115.2],[8.28,4.74,128.3]]",372.6
aMal245_TSdh_nn_167_0,1910,-1459.9067,E4,3S1,2,1,"[1_9,3_6,9_11,13_10]",[2],-1,1,4,3,1,2.583,"[1.714, 0.964]",72.3,60.0,76.0,117.7,15.3,89.9,0,0,"[[7.42,3.48,147.4],[7.56,3.63,144.6],[8.62,5.54,118.2],[7.92,4.05,138.9]]","[[[1, 1],'C_O',2.583,'CO'],[[2, 2],'H_O',1.714,'OH']]",[],5H4,3OB,2,1,"[1_9,3_6,9_11,10_13,10_7]",[2],5,1,2.498,"[1.762, 0.955]",81.8,61.3,82.7,112.8,6.1,93.9,"[[8.06,3.48,178.9],[7.68,3.76,142.9],[7.92,4.14,136.2],[7.99,3.67,156.0],[8.31,6.36,102.1]]",313.7
aMal66_TSdh_nn_094_0,2016,-1459.9058,E1,2SO,1,2,"[9_50,10_11]","[1,9,50]",-1,2,2,0,3,1.9380000000000002,"[2.459, 0.941]",103.5,60.0,51.0,61.3,160.9,85.8,0,0,"[[6.61,4.22,111.7],[8.59,6.36,105.5]]","[[[1, 1],'H_O',2.459,'OH'],[[2, 2],'C_O',1.938,'CO']]",[],E1,1S3,1,2,"[3_6,10_11]","[1,9,50]",2,3,1.993,"[2.113, 0.95]",139.0,61.9,48.3,69.1,207.5,87.8,"[[8.22,3.92,151.1],[8.01,5.67,107.9]]",316.1
aMal404_TSdh_nn_181_2,6403,-1459.8568,1HO,4C1,1,2,"[2_50,9_10,10_11]","[1,2,0]",-1,2,3,1,3,2.274,"[3.547, 0.93]",163.0,165.0,191.8,153.0,203.4,1.4,0,0,"[[7.54,3.53,146.4],[8.05,5.86,105.7],[8.31,5.95,107.7]]","[[[1, 1],'H_O',3.547,'OH'],[[2, 2],'C_O',2.274,'CO']]",[],EO,4C1,1,2,"[2_50,9_10,10_11]","[1,2,0]",3,3,2.314,"[3.558, 0.928]",183.9,182.2,182.9,154.2,163.3,6.2,"[[7.27,3.27,149.1],[7.66,5.41,107.0],[8.42,6.15,106.2]]",444.8
aMal448_TSdh_nn_086_0,1008,-1459.9147,E3,4C1,2,1,"[3_50,9_50,10_11,13_11]","[2,3]",-1,1,4,0,2,3.1460000000000004,"[1.673, 0.978]",299.2,90.0,166.3,64.0,270.6,2.4,0,0,"[[8.39,5.98,108.3],[7.39,5.23,106.3],[8.09,5.67,109.0],[8.06,4.66,126.3]]","[[[1, 1],'C_O',3.146,'CO'],[[2, 2],'H_O',1.673,'OH']]",[],E3,4C1,2,1,"[3_7,9_10,10_11,13_11]","[2,3]",4,2,3.094,"[1.652, 0.984]",320.7,97.7,169.1,62.6,188.6,3.3,"[[8.5,4.14,149.9],[8.02,5.91,104.6],[8.38,6.32,103.5],[8.16,5.27,116.4]]",292.7
aMal20_TSdh_nn_161_1,76,-1459.9388,3E,3S1,2,1,"[2_1,3_6,11_50,13_7]","[1,2,9,11,50]",-1,1,4,3,5,2.383,"[1.275, 1.264]",96.8,90.0,352.5,109.1,36.6,86.1,0,0,"[[5.46,1.26,153.5],[7.98,3.87,146.5],[7.91,3.93,142.7],[7.41,5.15,107.7]]","[[[1, 1],'C_O',2.383,'CO'],[[2, 2],'H_O',1.275,'OH']]",[],3E,3S1,2,1,"[2_1,3_6,11_1]","[2,9,11,50]",3,4,2.414,"[1.331, 1.191]",158.2,77.5,1.8,114.4,27.2,90.1,"[[5.73,1.19,161.9],[7.45,3.39,151.1],[7.36,3.17,157.6]]",229.5
aMal281_TSdh_nn_025_0,712,-1459.9199,3E,OS2,2,1,"[2_1,9_50,11_9]","[1,2,9,50]",-1,1,3,1,4,2.296,"[1.327, 1.192]",151.5,90.0,11.7,115.1,331.1,92.3,0,0,"[[5.5,1.19,151.4],[6.7,4.26,112.3],[8.37,4.74,130.0]]","[[[1, 1],'C_O',2.296,'CO'],[[2, 2],'H_O',1.327,'OH']]",[],3H4,OS2,-1,-1,"[2_1,11_9,13_1]","[1,2,9,50]",3,4,2.5069999999999997,"[0, 0]",164.5,76.7,17.7,118.9,329.6,88.7,"[[5.54,1.52,160.3],[9.9,6.4,122.0],[8.53,3.89,164.8]]",279.1
aMal429_TSdh_nn_260_0,3162,-1459.8956,4E,OS2,2,1,"[2_1,9_50,11_9]","[1,2]",-1,1,3,1,2,2.378,"[1.216, 1.376]",55.8,45.0,229.3,41.4,333.0,94.5,0,0,"[[5.41,1.38,153.5],[6.65,4.17,113.1],[7.99,4.39,131.3]]","[[[1, 1],'C_O',2.378,'CO'],[[2, 2],'H_O',1.216,'OH']]",[],E3,OS2,-1,-1,"[2_1,3_7,11_9,13_11]","[1,2,3]",4,3,2.565,"[0, 0]",63.8,31.9,178.9,50.9,326.9,92.2,"[[5.5,1.85,148.7],[7.62,3.99,133.7],[8.77,5.29,125.1],[9.03,5.22,130.8]]",342.9
aMal413_TSdh_nn_340_0,5290,-1459.8763,B3O,5S1,3,2,"[2_1,11_50]","[3,11,50]",3,2,2,1,3,2.023,"[2.855, 0.933]",273.9,120.0,167.4,80.7,88.6,87.1,0,0,"[[6.71,4.24,112.5],[7.85,3.87,143.3]]","[[[3, 4],'C_C',1.846,'bb'],[[2, 2],'C_O',2.023,'CO'],[[3, 3],'H_O',2.855,'OH']]",[],B3O,25B,3,2,[2_1],"[3,11,7,50]",1,4,2.023,"[2.647, 0.936]",285.2,111.4,167.0,81.1,113.0,86.4,"[[6.89,4.34,113.5]]",393.6
aMal35_TSdh_nn_025_0,155,-1459.9365,3E,5S1,2,1,"[2_1,9_50,13_10]","[1,2,50]",-1,1,3,2,3,2.296,"[1.327, 1.192]",151.5,60.0,11.7,115.1,83.7,91.7,0,0,"[[5.5,1.19,151.4],[7.57,4.86,114.6],[8.55,4.53,139.0]]","[[[1, 1],'C_O',2.296,'CO'],[[2, 2],'H_O',1.327,'OH']]",[],3H4,3S1,2,1,"[2_1,3_6,11_1]","[2,9,11,50]",3,4,2.315,"[1.341, 1.182]",159.6,81.5,22.8,125.1,27.4,89.6,"[[5.71,1.18,159.3],[8.29,4.85,126.2],[7.27,3.2,153.2]]",235.5
aMal66_TSdh_nn_093_1,5526,-1459.8731,B3O,2SO,3,2,"[2_1,9_50,10_11]","[3,9,50]",3,2,3,0,3,2.039,"[2.819, 0.933]",276.4,30.0,168.2,75.7,160.9,85.8,0,0,"[[6.8,4.34,112.3],[6.61,4.22,111.7],[8.59,6.36,105.5]]","[[[3, 4],'C_C',1.832,'bb'],[[2, 2],'C_O',2.039,'CO'],[[3, 3],'H_O',2.819,'OH']]",[],B3O,B3O,3,2,"[2_1,9_3,9_50,10_11]","[3,9,10]",4,3,2.068,"[2.642, 0.932]",294.7,353.0,174.1,74.7,169.8,87.1,"[[6.9,4.24,115.7],[7.85,5.36,110.1],[6.53,3.63,122.0],[8.43,5.92,109.5]]",402.0
aMal382_TSdh_nn_187_0,1811,-1459.9077,3S1,OS2,-1,-1,"[1_2,3_6,3_0,9_50,11_9]","[1,2,9,50]",-1,2,5,2,4,2.253,"[0, 0]",93.2,60.0,25.9,79.2,329.7,92.5,0,0,"[[5.52,1.83,150.5],[7.37,3.27,150.3],[6.94,4.85,104.7],[6.7,4.22,113.0],[8.5,4.87,129.4]]","[[[2, 2],'C_O',2.253,'CO']]",[],3S1,1C4,-1,-1,"[1_2,3_6,3_0,9_11,10_13]","[1,2,9,50]",5,4,2.267,"[0, 0]",144.5,62.9,26.7,77.4,286.7,168.4,"[[5.57,1.85,152.2],[7.48,3.32,151.4],[6.93,4.85,104.6],[7.56,3.62,144.0],[7.57,3.32,160.2]]",311.1
aMal45_TSdh_nn_187_2,2997,-1459.8968,3S1,5S1,-1,-1,"[1_2,3_6,3_0,9_2,9_50,11_50,13_10]","[1,2,11,50]",-1,2,7,5,4,2.253,"[0, 0]",93.2,105.0,25.9,79.2,84.2,92.8,0,0,"[[5.52,1.83,150.5],[7.37,3.27,150.3],[6.94,4.85,104.7],[8.72,4.28,151.7],[7.4,5.05,109.2],[7.82,3.74,147.5],[8.58,4.53,139.4]]","[[[2, 2],'C_O',2.253,'CO']]",[],3S1,5S1,-1,-1,"[1_2,3_6,3_0,9_2,13_10]","[1,2,11,50]",5,4,2.226,"[0, 0]",90.5,113.1,23.7,84.1,91.5,96.7,"[[5.78,2.13,149.8],[7.17,3.09,152.2],[7.05,5.12,102.0],[7.34,2.98,174.6],[8.75,4.8,135.5]]",339.7
aMal231_TSdh_nn_262_0,2262,-1459.9039,4C1,1C4,1,2,"[2_3,9_11]",[1],-1,2,2,1,1,1.989,"[3.87, 0.93]",288.0,60.0,53.7,21.1,249.2,168.1,0,0,"[[6.84,4.08,117.5],[8.06,4.19,137.9]]","[[[1, 1],'H_O',3.87,'OH'],[[2, 2],'C_O',1.989,'CO']]",[],4C1,1C4,1,2,"[2_3,3_7,9_11,13_10]","[1,13]",4,2,1.9409999999999998,"[3.88, 0.931]",310.4,80.2,58.1,21.8,270.6,169.9,"[[6.81,3.79,123.2],[8.34,4.7,130.1],[7.91,4.58,125.3],[7.31,3.23,153.8]]",321.1
aMal52_TSdh_nn_127_1,807,-1459.9179,E1,1C4,1,2,"[3_6,9_50,11_9]","[1,50]",-1,2,3,2,2,1.9769999999999999,"[2.292, 0.943]",91.9,345.0,50.1,69.5,221.6,175.0,0,0,"[[8.11,3.87,149.7],[7.3,4.76,112.4],[7.97,4.14,137.6]]","[[[1, 1],'H_O',2.292,'OH'],[[2, 2],'C_O',1.977,'CO']]",[],E1,1C4,1,2,"[3_6,9_11]","[1,9,50]",2,3,1.993,"[2.1, 0.951]",144.2,64.3,48.1,69.4,253.7,172.6,"[[8.21,3.89,151.8],[7.29,3.43,144.2]]",284.3
aMal287_TSdh_nn_058_1,3064,-1459.8963,E1,OS2,1,2,"[9_50,10_7,11_9]","[1,50]",-1,2,3,0,2,1.925,"[2.322, 0.95]",91.7,15.0,53.7,56.0,335.9,91.4,0,0,"[[6.65,4.2,112.5],[8.04,4.95,120.4],[8.07,4.43,131.7]]","[[[1, 1],'H_O',2.322,'OH'],[[2, 2],'C_O',1.925,'CO']]",[],E1,OS2,1,2,"[9_11,10_7]","[1,9,50]",2,3,1.9880000000000002,"[2.045, 0.957]",92.2,57.5,46.8,66.3,338.3,91.7,"[[7.64,3.61,146.6],[7.91,4.9,119.3]]",341.1
aMal408_TSdh_nn_273_2,2557,-1459.901,4C1,4C1,1,2,"[9_50,10_11]","[1,6]",-1,2,2,0,2,2.056,"[2.33, 0.946]",69.4,105.0,28.6,16.3,261.7,4.6,0,0,"[[7.32,5.11,107.2],[7.82,5.72,104.7]]","[[[1, 1],'H_O',2.33,'OH'],[[2, 2],'C_O',2.056,'CO']]",[],4C1,4C1,1,2,"[9_50,10_9,11_10]","[1,6]",3,2,2.057,"[2.325, 0.946]",105.9,79.2,27.4,17.4,265.9,9.6,"[[7.6,5.28,108.3],[8.51,6.47,103.1],[7.94,5.76,105.6]]",328.7
aMal352_TSdh_nn_340_0,5678,-1459.8709,B3O,5S1,3,2,"[2_1,13_7]","[3,11,50]",3,2,2,0,3,2.023,"[2.855, 0.933]",273.9,105.0,167.4,80.7,86.1,83.1,0,0,"[[6.71,4.24,112.5],[7.38,4.79,113.0]]","[[[3, 4],'C_C',1.846,'bb'],[[2, 2],'C_O',2.023,'CO'],[[3, 3],'H_O',2.855,'OH']]",[],B3O,25B,3,2,"[2_1,9_10,13_7]","[3,11,7,50]",3,4,2.024,"[2.644, 0.937]",286.2,112.4,166.8,81.1,109.2,87.2,"[[6.88,4.34,113.4],[8.63,6.45,104.7],[7.95,6.04,102.0]]",407.7
aMal259_TSdh_nn_356_0,3380,-1459.8939,E3,5S1,-1,-1,"[2_1,9_50]","[1,2,3]",-1,1,2,1,3,2.511,"[0, 0]",57.3,60.0,179.2,49.3,83.3,89.3,0,0,"[[5.42,1.66,150.2],[7.67,5.02,113.5]]","[[[1, 1],'C_O',2.511,'CO']]",[],2H3,5S1,-1,-1,"[2_1,9_50,10_13]","[1,2,3]",3,3,2.5340000000000003,"[0, 0]",99.8,52.4,158.2,64.6,86.5,84.2,"[[5.51,1.81,149.6],[7.54,5.73,101.0],[8.2,4.27,138.6]]",347.4
aMal203_TSdh_nn_096_0,1683,-1459.9088,5S1,3S1,1,2,"[3_6,9_50,11_50,13_7]","[1,9,0,50]",-1,2,4,1,4,2.202,"[1.62, 0.993]",77.1,60.0,105.1,97.5,34.0,88.0,0,0,"[[7.73,4.74,119.6],[7.07,4.68,110.5],[7.84,3.88,143.2],[7.39,5.25,106.0]]","[[[1, 1],'H_O',1.62,'OH'],[[2, 2],'C_O',2.202,'CO']]",[],25B,3S1,1,2,"[1_2,3_6,9_2]","[1,9,11,0,50]",3,5,2.2319999999999998,"[1.348, 1.159]",75.0,93.8,107.3,105.4,22.6,89.3,"[[5.6,1.16,154.7],[7.23,4.34,119.4],[8.3,4.01,149.5]]",308.2
aMal44_TSdh_nn_153_2,4775,-1459.8825,5S1,OS2,1,2,"[3_6,9_1,9_50,11_9,13_7]","[1,0,50]",-1,2,5,2,3,2.238,"[1.856, 0.949]",84.3,150.0,103.8,102.0,331.9,94.1,0,0,"[[8.2,3.94,149.4],[9.72,4.94,153.9],[6.68,4.25,112.0],[8.12,4.52,130.7],[7.49,5.23,107.5]]","[[[1, 1],'H_O',1.856,'OH'],[[2, 2],'C_O',2.238,'CO']]",[],5S1,OS2,1,2,"[3_6,11_9,13_7]","[1,9,0,50]",3,4,2.259,"[1.78, 0.955]",129.7,61.1,104.6,102.8,324.6,94.8,"[[7.92,3.74,149.6],[9.71,6.36,120.0],[7.72,5.88,101.3]]",377.3
aMal79_TSdh_nn_025_1,513,-1459.9260000000006,3E,5S1,2,1,"[2_1,9_50,11_1,13_10]","[1,2,50]",-1,1,4,2,3,2.296,"[1.327, 1.192]",151.5,45.0,11.7,115.1,85.6,85.9,0,0,"[[5.5,1.19,151.4],[7.87,5.26,112.3],[6.48,4.8,100.3],[8.11,4.02,144.6]]","[[[1, 1],'C_O',2.296,'CO'],[[2, 2],'H_O',1.327,'OH']]",[],3H4,5S1,-1,-1,"[2_1,11_1,13_10]","[1,2,9,50]",3,4,2.592,"[0, 0]",147.9,52.6,40.0,120.9,88.8,89.7,"[[5.61,1.63,160.4],[7.59,3.23,164.5],[7.95,4.33,132.1]]",263.1
aMal119_TSdh_nn_161_1,2299,-1459.9035,3E,1S5,2,1,"[2_1,3_6,9_50,11_13]","[1,2,50]",-1,1,4,2,3,2.383,"[1.275, 1.264]",96.8,330.0,352.5,109.1,269.6,84.7,0,0,"[[5.46,1.26,153.5],[7.98,3.87,146.5],[7.29,4.82,111.2],[8.62,5.52,118.6]]","[[[1, 1],'C_O',2.383,'CO'],[[2, 2],'H_O',1.275,'OH']]",[],3E,1S5,2,1,"[2_1,3_6,11_13]","[1,2,50]",3,3,2.358,"[1.261, 1.291]",115.7,316.2,9.5,120.5,268.8,82.9,"[[5.43,1.29,152.6],[7.66,3.37,160.6],[8.81,5.87,115.5]]",322.1
aMal223_TSdh_nn_260_0,3894,-1459.89,4E,3S1,2,1,"[2_1,10_13,11_50]","[1,2]",-1,1,3,3,2,2.378,"[1.216, 1.376]",55.8,45.0,229.3,41.4,31.6,86.2,0,0,"[[5.41,1.38,153.5],[7.98,3.54,164.2],[8.17,4.12,143.0]]","[[[1, 1],'C_O',2.378,'CO'],[[2, 2],'H_O',1.216,'OH']]",[],E3,3S1,-1,-1,"[2_1,10_13,11_9,11_50]","[1,2,3]",4,3,2.563,"[0, 0]",77.2,58.0,180.2,49.8,24.7,91.9,"[[5.47,1.76,149.7],[7.64,3.33,162.4],[9.4,5.11,140.3],[8.46,5.4,118.2]]",357.6
aMal175_TSdh_nn_064_0,5912,-1459.868,5S1,OS2,3,6,"[1_50,2_1,3_6,9_1,9_50,11_9,13_11]","[2,3]",-1,6,7,4,2,2.206,"[1.495, 1.082]",163.5,60.0,83.9,89.5,328.8,91.2,0,0,"[[7.55,3.58,145.7],[8.61,6.22,107.6],[6.32,1.08,164.9],[11.09,6.4,140.2],[6.73,4.3,112.0],[8.81,5.25,126.5],[8.86,4.78,138.5]]","[[[3, 3],'H_O',1.495,'OH'],[[6, 6],'C_O',2.206,'CO']]",[],5S1,OS2,3,6,"[1_9,1_50,2_1,3_6,11_9,13_11]","[2,3]",6,2,2.211,"[1.467, 1.094]",169.4,58.3,86.6,91.6,327.2,91.1,"[[9.04,4.77,141.2],[7.5,3.65,141.3],[8.32,5.84,109.3],[6.23,1.09,166.7],[9.26,5.82,122.6],[9.01,5.24,130.2]]",415.4
aMal447_TSdh_nn_067_0,2929,-1459.8975,4C1,4C1,3,2,"[9_50,10_11]","[3,50]",3,2,2,0,2,2.116,"[2.406, 0.94]",278.6,60.0,151.5,10.5,284.5,2.6,0,0,"[[7.38,5.17,107.0],[8.1,5.68,109.0]]","[[[3, 4],'C_C',1.762,'bb'],[[2, 2],'C_O',2.116,'CO'],[[3, 3],'H_O',2.406,'OH']]",[],4C1,4C1,3,2,"[9_10,10_11]","[3,9,50]",2,3,2.08,"[3.561, 0.933]",182.9,78.1,174.0,15.5,278.9,3.5,"[[7.66,5.9,100.1],[8.41,6.16,106.0]]",337.9
aMal300_TSdh_nn_178_0,252,-1459.9333,OS2,4C1,2,1,"[9_10,11_10]","[2,50]",-1,1,2,0,2,2.92,"[1.775, 0.953]",164.7,90.0,319.9,102.7,75.9,1.1,0,0,"[[8.24,5.64,111.4],[8.29,5.74,110.5]]","[[[1, 1],'C_O',2.92,'CO'],[[2, 2],'H_O',1.775,'OH']]",[],3H2,4C1,2,1,"[6_13,9_10,11_10]","[2,9,50]",3,3,2.559,"[1.713, 0.965]",81.2,51.1,336.5,117.6,279.6,6.8,"[[7.65,3.36,160.1],[8.01,5.71,107.3],[8.58,6.37,105.4]]",243.9
aMal17_TSdh_nn_025_0,173,-1459.9359,3E,3S1,2,1,"[2_1,10_7,11_50]","[1,2,11,50]",-1,1,3,2,4,2.296,"[1.327, 1.192]",151.5,135.0,11.7,115.1,23.0,89.6,0,0,"[[5.5,1.19,151.4],[8.31,5.21,119.6],[8.29,4.31,139.7]]","[[[1, 1],'C_O',2.296,'CO'],[[2, 2],'H_O',1.327,'OH']]",[],3H4,3S1,2,1,"[2_1,10_7,11_1]","[2,9,11,50]",3,4,2.33,"[1.381, 1.135]",159.1,82.2,15.5,120.2,22.3,89.1,"[[5.78,1.14,158.6],[8.48,5.43,118.2],[7.6,3.49,150.3]]",237.1
aMal466_TSdh_nn_181_1,6494,-1459.8454,1HO,3S1,1,2,"[2_50,9_11,11_50]","[1,2,0]",-1,2,3,2,3,2.274,"[3.547, 0.93]",163.0,165.0,191.8,153.0,26.1,93.0,0,0,"[[7.54,3.53,146.4],[8.68,4.99,129.7],[7.76,4.05,135.6]]","[[[1, 1],'H_O',3.547,'OH'],[[2, 2],'C_O',2.274,'CO']]",[],1HO,3S1,1,2,"[2_50,9_11,11_50]","[1,2,0]",3,3,2.295,"[3.609, 0.929]",149.1,153.5,192.1,154.6,22.7,95.6,"[[7.52,3.41,150.9],[8.15,4.83,124.2],[8.43,4.28,144.2]]",474.7
aMal17_TSdh_nn_091_2,4674,-1459.8835,25B,3S1,1,2,"[6_0,10_7,11_50]","[1,9,11,0,50]",-1,2,3,1,5,2.237,"[1.888, 0.947]",83.0,90.0,106.1,99.2,23.0,89.6,0,0,"[[8.03,5.74,107.1],[8.31,5.21,119.6],[8.29,4.31,139.7]]","[[[1, 1],'H_O',1.888,'OH'],[[2, 2],'C_O',2.237,'CO']]",[],25B,3S1,1,2,"[6_0,10_7]","[1,9,11,50]",2,4,2.252,"[1.767, 0.96]",91.5,83.0,105.5,97.5,19.9,88.4,"[[8.18,6.03,105.0],[8.4,5.37,118.1]]",374.7
aMal219_TSdh_nn_000_1,1478,-1459.9104,E3,3S1,2,1,"[3_9,3_50,11_50]","[2,3]",-1,1,3,1,2,3.085,"[1.673, 0.977]",148.7,150.0,171.3,60.7,31.3,88.5,0,0,"[[7.16,5.23,103.0],[7.94,5.68,106.7],[7.75,3.8,143.0]]","[[[1, 1],'C_O',3.085,'CO'],[[2, 2],'H_O',1.673,'OH']]",[],E3,3S1,2,1,"[3_9,3_50,11_50]","[2,3]",3,2,3.0789999999999997,"[1.635, 0.986]",135.7,94.4,185.1,53.7,27.9,88.1,"[[9.6,4.54,171.9],[7.56,5.21,108.4],[7.83,4.03,137.8]]",304.0
aMal112_TSdh_nn_020_0,737,-1459.9193,5S1,1C4,1,2,"[1_2,6_3,9_50,11_9,13_7]","[1,0,50]",-1,2,5,2,3,2.099,"[1.424, 1.091]",78.3,60.0,104.2,102.2,260.9,174.8,0,0,"[[5.69,1.09,149.8],[6.58,4.38,108.2],[7.28,4.78,111.8],[7.88,4.05,138.1],[7.87,5.26,112.4]]","[[[1, 1],'H_O',1.424,'OH'],[[2, 2],'C_O',2.099,'CO']]",[],25B,1C4,1,2,"[1_2,6_3,9_11]","[1,9,0,7,50]",3,5,2.108,"[1.396, 1.114]",168.2,78.5,108.3,102.1,252.5,169.4,"[[5.65,1.11,151.3],[6.61,4.09,113.8],[7.4,3.69,138.0]]",280.7
aMal64_TSdh_nn_094_1,913,-1459.9162,E1,4C1,1,2,"[9_50,10_9,11_10]","[1,50]",-1,2,3,0,2,1.9380000000000002,"[2.459, 0.941]",103.5,45.0,51.0,61.3,211.9,5.4,0,0,"[[7.36,4.93,110.5],[8.31,6.06,106.2],[7.96,5.7,106.8]]","[[[1, 1],'H_O',2.459,'OH'],[[2, 2],'C_O',1.938,'CO']]",[],E1,4C1,1,2,"[3_6,9_10,10_11]","[1,9,50]",3,3,2.016,"[2.099, 0.95]",67.1,47.6,45.5,70.5,229.3,6.8,"[[8.13,3.81,153.3],[7.56,5.48,104.7],[8.11,6.03,104.1]]",288.8
aMal4_TSdh_nn_093_0,4831,-1459.8818,B3O,3S1,3,2,"[2_1,13_7]","[3,50]",3,2,2,0,2,2.039,"[2.819, 0.933]",276.4,120.0,168.2,75.7,27.0,87.5,0,0,"[[6.8,4.34,112.3],[7.42,5.1,108.8]]","[[[3, 4],'C_C',1.832,'bb'],[[2, 2],'C_O',2.039,'CO'],[[3, 3],'H_O',2.819,'OH']]",[],B3O,5S1,3,2,"[2_1,13_7]","[3,11,7,50]",2,4,2.052,"[2.607, 0.937]",288.0,112.7,166.9,76.6,103.7,88.7,"[[7.06,4.56,112.3],[7.85,5.91,102.5]]",379.1
aMal174_TSdh_nn_067_1,2869,-1459.8983,4C1,1C4,3,2,"[11_9,13_10]","[3,9,50]",3,2,2,1,3,2.116,"[2.406, 0.94]",278.6,30.0,151.5,10.5,225.9,173.7,0,0,"[[8.21,4.71,127.8],[7.66,3.63,147.5]]","[[[3, 4],'C_C',1.762,'bb'],[[2, 2],'C_O',2.116,'CO'],[[3, 3],'H_O',2.406,'OH']]",[],4C1,1C4,3,2,"[9_11,13_10]","[3,9,50]",2,3,2.089,"[2.299, 0.945]",274.4,74.2,170.4,10.7,257.7,167.4,"[[7.35,3.62,139.1],[7.68,3.87,139.2]]",335.8
aMal13_TSdh_nn_329_0,5407,-1459.8751,4C1,OS2,2,3,"[9_11,13_7]","[1,2]",1,3,2,1,2,2.24,"[3.049, 0.931]",92.2,60.0,169.3,8.0,334.9,92.5,0,0,"[[8.0,3.97,143.7],[7.48,5.23,107.3]]","[[[1, 2],'C_C',1.724,'bb'],[[2, 2],'H_O',3.049,'OH'],[[3, 3],'C_O',2.24,'CO']]",[],4C1,OS2,2,3,"[9_11,13_7]","[1,2]",2,2,2.6039999999999996,"[1.993, 0.939]",94.3,45.5,144.8,9.8,328.3,93.4,"[[8.35,4.22,143.7],[7.72,5.7,103.7]]",396.7
aMal306_TSdh_nn_250_0,2931,-1459.8975,OS2,4C1,1,2,"[2_50,6_0,9_10,11_10]",[1],-1,2,4,1,1,1.9609999999999999,"[2.937, 0.931]",93.0,60.0,340.3,90.0,275.7,4.7,0,0,"[[6.98,3.26,141.3],[7.83,6.04,100.5],[8.42,6.01,108.2],[8.24,5.65,111.3]]","[[[1, 1],'H_O',2.937,'OH'],[[2, 2],'C_O',1.961,'CO']]",[],5H4,4C1,1,2,"[2_9,2_50,3_6,9_10,11_10]","[1,0]",5,2,2.012,"[2.657, 0.932]",87.6,64.1,77.1,152.2,302.4,4.0,"[[7.89,3.43,165.2],[8.4,5.54,114.4],[7.57,3.43,153.2],[8.33,6.16,105.0],[8.53,6.39,104.4]]",337.9
aMal150_TSdh_nn_020_0,705,-1459.9201,5S1,1C4,1,2,"[1_2,6_3,9_11,10_13]","[1,0,50]",-1,2,4,2,3,2.099,"[1.424, 1.091]",78.3,60.0,104.2,102.2,262.0,168.3,0,0,"[[5.69,1.09,149.8],[6.58,4.38,108.2],[8.19,4.42,134.3],[7.54,3.3,159.4]]","[[[1, 1],'H_O',1.424,'OH'],[[2, 2],'C_O',2.099,'CO']]",[],25B,1C4,1,2,"[1_2,6_3,9_11,10_13]","[1,9,0,50]",4,4,2.109,"[1.405, 1.106]",137.4,61.4,107.9,102.0,277.7,166.8,"[[5.67,1.11,151.0],[6.64,4.2,112.2],[7.56,3.58,145.5],[7.56,3.31,159.9]]",278.6
aMal219_TSdh_nn_344_1,1665,-1459.9089,E1,3S1,1,2,"[3_6,11_50]","[1,9,50]",-1,2,2,2,3,1.9069999999999998,"[2.864, 0.935]",99.5,45.0,63.3,67.1,31.3,88.5,0,0,"[[8.44,4.41,139.4],[7.75,3.8,143.0]]","[[[1, 1],'H_O',2.864,'OH'],[[2, 2],'C_O',1.907,'CO']]",[],E1,3S1,1,2,[3_6],"[1,9,11,50]",1,4,1.943,"[2.263, 0.944]",108.7,62.8,49.3,69.2,19.4,89.5,"[[8.24,3.95,150.2]]",308.0
aMal20_TSdh_nn_161_0,77,-1459.9388,3E,3S1,2,1,"[2_1,3_6,11_50,13_7]","[1,2,9,50]",-1,1,4,3,4,2.383,"[1.275, 1.264]",96.8,60.0,352.5,109.1,36.6,86.1,0,0,"[[5.46,1.26,153.5],[7.98,3.87,146.5],[7.91,3.93,142.7],[7.41,5.15,107.7]]","[[[1, 1],'C_O',2.383,'CO'],[[2, 2],'H_O',1.275,'OH']]",[],3E,3S1,2,1,"[2_1,3_6,11_1]","[2,9,11,50]",3,4,2.4130000000000003,"[1.332, 1.188]",158.2,77.5,1.8,114.3,27.2,90.1,"[[5.72,1.19,161.9],[7.45,3.39,151.6],[7.36,3.17,157.7]]",229.5
aMal273_TSdh_nn_004_1,1471,-1459.9105,4E,1S3,2,1,"[3_9,3_50,11_10,13_6]","[2,3]",-1,1,4,0,2,2.5810000000000004,"[2.219, 0.935]",288.8,15.0,253.2,42.8,217.5,91.4,0,0,"[[9.57,5.69,129.7],[8.36,5.97,108.0],[7.64,5.46,106.1],[8.69,6.33,107.5]]","[[[1, 1],'C_O',2.581,'CO'],[[2, 2],'H_O',2.219,'OH']]",[],4E,1S3,2,1,"[3_9,3_50,10_11,13_6]","[2,3]",4,2,2.592,"[1.994, 0.944]",286.4,11.4,252.9,43.9,217.6,90.0,"[[8.08,3.55,166.0],[7.97,5.93,103.1],[7.65,5.5,105.6],[8.15,3.84,153.2]]",303.8
aMal223_TSdh_nn_025_0,16,-1459.9412,3E,3S1,2,1,"[2_1,10_13,11_50]","[1,2,11,50]",-1,1,3,3,4,2.296,"[1.327, 1.192]",151.5,150.0,11.7,115.1,31.6,86.2,0,0,"[[5.5,1.19,151.4],[7.98,3.54,164.2],[8.17,4.12,143.0]]","[[[1, 1],'C_O',2.296,'CO'],[[2, 2],'H_O',1.327,'OH']]",[],3E,3S1,2,1,"[2_1,10_13,11_1]","[2,9,11,50]",3,4,2.33,"[1.347, 1.174]",158.8,83.0,14.3,119.9,25.3,87.9,"[[5.73,1.17,159.9],[7.59,3.34,158.7],[7.54,3.4,152.6]]",223.2
aMal466_TSdh_nn_128_0,6170,-1459.8636,3S1,3S1,-1,-1,"[1_9,1_50,3_6,9_11,11_50]","[3,6]",-1,6,5,4,2,2.231,"[0, 0]",42.0,75.0,36.0,99.6,26.1,93.0,0,0,"[[7.19,3.62,135.5],[7.85,4.05,137.3],[6.03,2.19,153.0],[8.68,4.99,129.7],[7.76,4.05,135.6]]","[[[6, 6],'C_O',2.231,'CO']]",[],3S1,3S1,-1,-1,"[1_9,1_50,3_6,9_11]","[3,6]",4,2,2.267,"[0, 0]",67.6,63.2,43.1,102.3,17.5,94.9,"[[8.04,3.69,154.8],[8.02,4.68,124.2],[6.13,2.34,151.3],[7.89,4.14,135.5]]",426.9
aMal193_TSdh_nn_187_1,2703,-1459.8996,3S1,4C1,-1,-1,"[1_2,3_6,3_0,9_10,10_11]","[1,2,50]",-1,2,5,2,3,2.253,"[0, 0]",93.2,30.0,25.9,79.2,264.0,4.3,0,0,"[[5.52,1.83,150.5],[7.37,3.27,150.3],[6.94,4.85,104.7],[8.12,5.99,104.8],[8.33,5.97,107.6]]","[[[2, 2],'C_O',2.253,'CO']]",[],3S1,4C1,-1,-1,"[1_2,3_6,3_0,9_10,10_11]","[1,2,9,50]",5,4,2.245,"[0, 0]",53.2,42.6,25.5,80.2,186.6,9.1,"[[5.51,1.77,152.3],[7.41,3.33,148.9],[6.87,4.71,106.0],[7.56,5.29,107.4],[8.36,6.11,106.1]]",332.4
aMal30_TSdh_nn_015_0,2335,-1459.9033,3OB,1S5,3,2,"[2_1,9_50,11_13]","[3,6,0]",-1,2,3,1,3,1.87,"[3.851, 0.954]",85.4,60.0,348.1,87.3,272.0,86.8,0,0,"[[6.28,3.81,113.8],[7.32,4.89,110.5],[7.67,3.95,136.8]]","[[[2, 2],'C_O',1.87,'CO'],[[3, 3],'H_O',3.851,'OH']]",[],3OB,1S5,3,2,"[2_1,9_50,11_13]","[3,6,0]",3,3,1.8619999999999999,"[3.858, 0.953]",87.1,66.9,349.4,87.2,275.8,90.4,"[[6.26,3.71,115.4],[7.89,5.81,104.5],[7.57,3.96,134.1]]",322.7
aMal251_TSdh_nn_003_1,589,-1459.9239,E4,5S1,2,1,"[2_1,3_6,10_13]","[1,2,50]",-1,1,3,3,3,2.352,"[1.246, 1.323]",173.8,195.0,64.2,124.7,87.2,78.2,0,0,"[[5.45,1.32,153.7],[7.33,3.44,145.5],[8.53,4.47,140.0]]","[[[1, 1],'C_O',2.352,'CO'],[[2, 2],'H_O',1.246,'OH']]",[],3E,5S1,2,1,"[2_1,3_6,10_13]","[1,2,11,50]",3,4,2.398,"[1.311, 1.21]",151.8,145.3,355.1,113.3,104.3,88.5,"[[5.53,1.21,154.4],[7.73,3.78,143.4],[8.35,4.42,137.5]]",268.6
aMal465_TSdh_nn_025_2,734,-1459.9193,3E,5S1,2,1,[2_1],"[1,2,11,50]",-1,1,1,1,4,2.296,"[1.327, 1.192]",151.5,165.0,11.7,115.1,83.1,83.7,0,0,"[[5.5,1.19,151.4]]","[[[1, 1],'C_O',2.296,'CO'],[[2, 2],'H_O',1.327,'OH']]",[],3E,5S1,2,1,[2_1],"[1,2,11,7,50]",1,5,2.353,"[1.353, 1.161]",161.0,138.5,356.4,114.7,102.6,90.4,"[[5.58,1.16,152.4]]",280.7
aMal462_TSdh_nn_099_0,1202,-1459.9127,E1,5S1,1,2,[13_7],"[1,50]",-1,2,1,0,2,1.935,"[2.426, 0.946]",95.8,60.0,54.9,55.5,85.4,85.5,0,0,"[[7.42,4.86,112.5]]","[[[1, 1],'H_O',2.426,'OH'],[[2, 2],'C_O',1.935,'CO']]",[],E1,3S1,1,2,[3_6],"[1,9,11,50]",1,4,2.002,"[2.079, 0.952]",107.3,63.1,45.9,70.3,18.6,89.1,"[[8.18,3.87,152.0]]",298.0
aMal103_TSdh_nn_251_1,5140,-1459.8782,1S3,3S1,1,2,[],"[1,6,0]",-1,2,0,0,3,2.0669999999999997,"[2.201, 0.95]",63.9,135.0,208.9,84.0,27.9,87.7,0,0,[],"[[[1, 1],'H_O',2.201,'OH'],[[2, 2],'C_O',2.067,'CO']]",[],1S3,5S1,1,2,[3_9],"[1,6,0]",1,3,2.048,"[2.235, 0.948]",107.8,96.7,217.1,83.5,96.1,81.5,"[[8.43,3.82,164.7]]",388.6
aMal376_TSdh_nn_153_1,2743,-1459.8994,5S1,3S1,1,2,"[3_6,10_7,11_9,11_50,13_10]","[1,9,0,50]",-1,2,5,3,4,2.238,"[1.856, 0.949]",84.3,45.0,103.8,102.0,21.1,90.1,0,0,"[[8.2,3.94,149.4],[7.75,4.83,117.8],[9.16,6.06,117.1],[8.45,4.46,138.6],[8.17,3.86,153.4]]","[[[1, 1],'H_O',1.856,'OH'],[[2, 2],'C_O',2.238,'CO']]",[],5S1,3S1,1,2,"[3_6,10_13]","[1,9,11,0,50]",2,5,2.255,"[1.722, 0.966]",91.2,80.6,101.4,103.1,17.7,88.3,"[[7.81,3.64,150.7],[7.77,3.52,155.9]]",332.9
aMal368_TSdh_nn_067_0,2859,-1459.8984,4C1,2SO,3,2,"[9_50,10_11]","[3,50]",3,2,2,0,2,2.116,"[2.406, 0.94]",278.6,60.0,151.5,10.5,159.4,81.8,0,0,"[[6.71,4.44,109.2],[8.45,6.15,106.7]]","[[[3, 4],'C_C',1.762,'bb'],[[2, 2],'C_O',2.116,'CO'],[[3, 3],'H_O',2.406,'OH']]",[],4C1,4C1,3,2,[10_11],"[3,9,50]",1,3,2.086,"[3.554, 0.933]",178.6,86.9,175.8,15.0,242.5,6.6,"[[8.01,5.82,105.6]]",335.5
aMal477_TSdh_nn_184_1,3825,-1459.8906,3S1,5S1,1,2,"[1_2,3_0,6_0,10_13,11_50]","[1,2,50]",-1,2,5,3,3,2.164,"[1.388, 1.126]",87.0,30.0,16.2,77.1,83.2,92.2,0,0,"[[5.53,1.13,147.3],[6.62,3.6,123.9],[7.9,6.11,100.4],[8.69,4.28,150.6],[7.59,3.58,147.2]]","[[[1, 1],'H_O',1.388,'OH'],[[2, 2],'C_O',2.164,'CO']]",[],3S1,5S1,1,2,"[1_2,3_0,6_0,10_13]","[1,9,50]",4,3,2.175,"[1.475, 1.057]",60.4,32.2,24.8,78.9,86.4,84.5,"[[5.89,1.06,151.4],[6.64,3.57,124.8],[7.86,5.88,103.0],[8.14,4.18,139.9]]",356.0
aMal430_TSdh_nn_161_0,825,-1459.9176,3E,5S1,2,1,"[2_1,3_6,10_13,11_50]","[1,2,9,50]",-1,1,4,4,4,2.383,"[1.275, 1.264]",96.8,60.0,352.5,109.1,84.4,91.9,0,0,"[[5.46,1.26,153.5],[7.98,3.87,146.5],[8.74,4.23,153.8],[7.62,3.6,147.0]]","[[[1, 1],'C_O',2.383,'CO'],[[2, 2],'H_O',1.275,'OH']]",[],3E,5S1,2,1,"[2_1,3_6,10_13,11_50]","[1,2,9,50]",4,4,2.342,"[1.313, 1.214]",75.0,43.8,352.1,112.3,82.6,93.2,"[[5.5,1.21,152.1],[7.76,3.58,152.4],[8.21,3.96,149.1],[7.87,3.92,142.6]]",285.1
aMal382_TSdh_nn_094_0,863,-1459.9171,E1,OS2,1,2,"[9_50,11_9]","[1,9,50]",-1,2,2,0,3,1.9380000000000002,"[2.459, 0.941]",103.5,60.0,51.0,61.3,329.7,92.5,0,0,"[[6.7,4.22,113.0],[8.5,4.87,129.4]]","[[[1, 1],'H_O',2.459,'OH'],[[2, 2],'C_O',1.938,'CO']]",[],E1,1C4,1,2,"[3_6,9_11,10_13]","[1,9,50]",3,3,1.993,"[2.124, 0.95]",139.1,63.2,47.9,69.4,274.3,167.6,"[[8.26,3.94,151.4],[7.55,3.57,145.8],[7.57,3.33,159.4]]",286.4
aMal428_TSdh_nn_025_0,543,-1459.9252,3E,3S1,2,1,"[2_1,9_11,11_50]","[1,2,11,50]",-1,1,3,2,4,2.296,"[1.327, 1.192]",151.5,150.0,11.7,115.1,26.5,93.0,0,0,"[[5.5,1.19,151.4],[8.84,5.16,128.8],[7.77,3.96,138.2]]","[[[1, 1],'C_O',2.296,'CO'],[[2, 2],'H_O',1.327,'OH']]",[],3E,5S1,2,1,"[2_1,10_13]","[1,2,11,50]",2,4,2.355,"[1.345, 1.171]",156.9,140.4,357.7,114.8,104.2,88.8,"[[5.56,1.17,152.6],[8.32,4.39,137.6]]",265.2
aMal423_TSdh_nn_047_1,5123,-1459.8784,1C4,1C4,-1,-1,"[1_2,2_50,3_6,9_11,13_7]","[3,6]",-1,6,5,2,2,2.2969999999999997,"[0, 0]",163.1,-0.0,56.6,173.5,251.9,171.7,0,0,"[[7.16,4.51,114.5],[7.56,3.85,137.2],[5.8,1.97,155.7],[8.06,4.34,133.9],[7.73,5.18,111.7]]","[[[6, 6],'C_O',2.297,'CO']]",[],1C4,1C4,-1,-1,"[1_2,2_50,3_6,9_11]","[3,6]",4,2,2.302,"[0, 0]",177.2,63.7,35.9,175.5,244.5,171.4,"[[7.34,4.72,113.5],[7.44,3.83,134.7],[5.93,2.08,154.8],[8.09,4.32,134.7]]",388.0
aMal128_TSdh_nn_165_2,2265,-1459.9039,E1,OS2,1,2,"[9_11,10_7]","[1,50]",-1,2,2,1,2,1.9340000000000002,"[2.2, 0.948]",96.2,165.0,50.0,66.0,339.0,90.9,0,0,"[[8.05,3.93,146.3],[7.78,4.61,122.8]]","[[[1, 1],'H_O',2.2,'OH'],[[2, 2],'C_O',1.934,'CO']]",[],E1,OS2,1,2,"[2_1,3_9,6_0,9_11,10_7]","[1,13,50]",5,3,1.9609999999999999,"[3.548, 0.932]",118.5,181.7,52.5,61.1,335.4,90.8,"[[8.13,4.95,121.0],[8.44,4.58,135.0],[7.71,5.9,100.9],[8.16,4.07,144.0],[7.93,4.93,118.9]]",321.1
aMal77_TSdh_nn_356_1,2879,-1459.8981,E3,1C4,-1,-1,"[2_1,9_11,13_7]","[1,2,3]",-1,1,3,2,3,2.511,"[0, 0]",57.3,135.0,179.2,49.3,235.8,174.2,0,0,"[[5.42,1.66,150.2],[7.9,4.06,138.3],[7.77,5.26,111.0]]","[[[1, 1],'C_O',2.511,'CO']]",[],E3,1C4,-1,-1,"[2_1,9_11]","[1,2,3]",2,3,2.562,"[0, 0]",113.6,53.2,177.8,50.9,240.8,169.6,"[[5.53,1.87,148.5],[8.11,4.37,133.9]]",336.3
aMal448_TSdh_nn_161_2,177,-1459.9359,3E,4C1,2,1,"[2_1,3_6,9_2,9_50,10_11,13_11]","[1,2,50]",-1,1,6,3,3,2.383,"[1.275, 1.264]",96.8,120.0,352.5,109.1,270.6,2.4,0,0,"[[5.46,1.26,153.5],[7.98,3.87,146.5],[10.64,5.34,169.0],[7.39,5.23,106.3],[8.09,5.67,109.0],[8.06,4.66,126.3]]","[[[1, 1],'C_O',2.383,'CO'],[[2, 2],'H_O',1.275,'OH']]",[],3E,4C1,2,1,"[2_1,3_6,9_10,10_11,11_13]","[1,2,9,50]",5,4,2.345,"[1.323, 1.201]",77.5,48.1,353.0,112.9,177.4,5.9,"[[5.51,1.2,151.9],[7.77,3.59,152.2],[7.49,5.27,106.7],[7.98,5.96,103.4],[7.52,4.02,131.4]]",237.1
aMal248_TSdh_nn_302_0,1407,-1459.9112,E1,5S1,1,2,"[2_3,11_50,13_7]","[1,11,50]",-1,2,3,1,3,1.886,"[2.964, 0.935]",115.1,75.0,56.5,54.7,87.5,82.2,0,0,"[[8.38,6.41,102.1],[7.96,4.0,141.7],[7.39,4.83,112.7]]","[[[1, 1],'H_O',2.964,'OH'],[[2, 2],'C_O',1.886,'CO']]",[],E1,3OB,1,2,"[3_6,10_7]","[1,9,11,50]",2,4,1.9409999999999998,"[2.29, 0.944]",106.0,65.2,48.6,69.3,14.3,88.6,"[[8.26,3.97,150.1],[8.04,5.01,119.1]]",301.9
aMal45_TSdh_nn_116_1,5891,-1459.8682,5S1,5S1,3,6,"[1_50,2_1,3_6,9_50,11_50,13_10]","[2,3]",-1,6,6,4,2,2.221,"[1.518, 1.069]",79.2,15.0,83.4,88.7,84.2,92.8,0,0,"[[7.67,3.64,146.4],[8.67,6.29,107.3],[6.4,1.07,164.7],[7.4,5.05,109.2],[7.82,3.74,147.5],[8.58,4.53,139.4]]","[[[3, 3],'H_O',1.518,'OH'],[[6, 6],'C_O',2.221,'CO']]",[],5S1,5S1,3,6,"[1_50,2_1,3_6,13_10]","[2,3]",4,2,2.227,"[1.515, 1.07]",130.0,44.7,82.3,88.4,95.4,90.9,"[[7.55,3.58,145.6],[8.63,6.21,107.9],[6.42,1.07,167.2],[8.92,4.69,141.9]]",414.8
aMal129_TSdh_nn_356_1,3830,-1459.8906,E3,3S1,-1,-1,"[2_1,9_50]","[1,2,3]",-1,1,2,1,3,2.511,"[0, 0]",57.3,45.0,179.2,49.3,30.8,89.7,0,0,"[[5.42,1.66,150.2],[7.14,4.34,117.7]]","[[[1, 1],'C_O',2.511,'CO']]",[],E3,3S1,-1,-1,"[2_1,3_7,9_11,9_50]","[1,2,3]",4,3,2.541,"[0, 0]",60.3,41.5,177.3,51.0,23.8,95.5,"[[5.51,1.87,148.1],[8.43,4.83,128.7],[8.93,5.58,122.1],[6.56,4.87,100.3]]",356.0
aMal40_TSdh_nn_016_1,1786,-1459.9079,E3,OS2,-1,-1,"[2_1,3_50,9_11,13_7]","[1,2,3]",-1,1,4,2,3,2.528,"[0, 0]",150.8,195.0,164.8,62.8,333.8,91.9,0,0,"[[5.51,1.86,148.4],[7.95,5.58,108.4],[8.22,4.06,145.7],[7.65,5.39,107.3]]","[[[1, 1],'C_O',2.528,'CO']]",[],2H3,OS2,-1,-1,"[2_1,3_9,3_50,9_11,10_7]","[1,2,3]",5,3,2.64,"[0, 0]",126.2,148.7,163.1,64.5,339.7,92.7,"[[5.53,1.84,150.0],[6.92,2.72,173.4],[8.57,6.35,104.6],[7.56,3.57,145.9],[7.85,5.02,116.1]]",310.6
aMal370_TSdh_nn_127_1,1624,-1459.9093,E1,5S1,1,2,[3_6],"[1,11,50]",-1,2,1,1,3,1.9769999999999999,"[2.292, 0.943]",91.9,164.7,50.1,69.5,82.9,84.2,0,0,"[[8.11,3.87,149.7]]","[[[1, 1],'H_O',2.292,'OH'],[[2, 2],'C_O',1.977,'CO']]",[],E1,25B,1,2,"[3_6,10_13]","[1,11,7,50]",2,4,2.005,"[2.08, 0.953]",133.7,142.3,47.1,70.9,105.6,90.3,"[[8.07,3.79,152.5],[8.29,4.36,137.8]]",306.9
aMal86_TSdh_nn_104_1,1004,-1459.9149,25B,4C1,1,2,"[9_50,10_9,11_10,13_7]","[1,0,50]",-1,2,4,0,3,2.218,"[1.839, 0.952]",83.2,30.0,110.4,101.0,208.6,4.6,0,0,"[[7.39,4.99,109.9],[8.31,6.09,105.8],[8.0,5.8,105.8],[7.56,5.44,105.5]]","[[[1, 1],'H_O',1.839,'OH'],[[2, 2],'C_O',2.218,'CO']]",[],25B,4C1,1,2,"[1_2,9_10,10_11]","[1,9,0,50]",3,4,2.122,"[1.437, 1.086]",66.8,48.7,105.6,98.4,227.9,7.4,"[[5.74,1.09,149.9],[7.62,5.58,104.1],[8.08,6.05,103.4]]",292.2
aMal174_TSdh_nn_015_0,889,-1459.9165,3OB,1C4,3,2,"[2_1,11_9,13_10]","[3,6,0]",-1,2,3,1,3,1.87,"[3.851, 0.954]",85.4,60.0,348.1,87.3,225.9,173.7,0,0,"[[6.28,3.81,113.8],[8.21,4.71,127.8],[7.66,3.63,147.5]]","[[[2, 2],'C_O',1.87,'CO'],[[3, 3],'H_O',3.851,'OH']]",[],3OB,1C4,3,2,"[2_1,11_9,13_10]","[3,6,0]",3,3,1.886,"[3.892, 0.959]",168.2,79.0,350.0,87.0,287.3,173.2,"[[6.3,3.71,116.3],[7.93,4.33,131.7],[7.81,3.85,143.1]]",288.0
aMal79_TSdh_nn_116_1,6112,-1459.8647,5S1,5S1,3,6,"[1_50,2_1,3_6,9_50,13_10]","[2,3]",-1,6,5,3,2,2.221,"[1.518, 1.069]",79.2,0.0,83.4,88.7,85.6,85.9,0,0,"[[7.67,3.64,146.4],[8.67,6.29,107.3],[6.4,1.07,164.7],[7.87,5.26,112.3],[8.11,4.02,144.6]]","[[[3, 3],'H_O',1.518,'OH'],[[6, 6],'C_O',2.221,'CO']]",[],5S1,5S1,3,6,"[1_50,2_1,3_6,13_10]","[2,3]",4,2,2.21,"[1.509, 1.075]",86.2,33.6,82.3,88.0,91.9,85.1,"[[7.59,3.57,147.2],[8.65,6.28,107.3],[6.39,1.07,166.5],[8.64,4.78,133.9]]",424.0
aMal454_TSdh_nn_184_1,4245,-1459.8873,3S1,3S1,1,2,"[1_2,3_0,6_0,9_11,10_7,11_50]","[1,2,50]",-1,2,6,1,3,2.164,"[1.388, 1.126]",87.0,45.0,16.2,77.1,20.2,92.0,0,0,"[[5.53,1.13,147.3],[6.62,3.6,123.9],[7.9,6.11,100.4],[8.29,4.66,130.2],[8.01,4.95,119.7],[8.07,4.35,133.9]]","[[[1, 1],'H_O',1.388,'OH'],[[2, 2],'C_O',2.164,'CO']]",[],3S1,OS2,1,2,"[1_2,3_0,6_0,9_11,10_7]","[1,9,50]",5,3,2.17,"[1.512, 1.035]",83.2,46.8,25.5,79.4,338.8,90.7,"[[6.01,1.04,150.9],[6.54,3.47,125.4],[7.82,5.88,102.7],[7.8,3.75,145.7],[7.83,4.83,119.2]]",364.7
aMal464_TSdh_nn_104_2,3932,-1459.8896,25B,OS2,1,2,"[9_1,9_50,11_13]","[1,0,50]",-1,2,3,1,3,2.218,"[1.839, 0.952]",83.2,150.0,110.4,101.0,319.0,88.7,0,0,"[[10.29,5.36,153.6],[6.78,4.36,111.8],[7.87,4.16,134.7]]","[[[1, 1],'H_O',1.839,'OH'],[[2, 2],'C_O',2.218,'CO']]",[],5S1,3S1,1,2,[],"[1,9,11,0,50]",0,5,2.206,"[1.679, 0.98]",94.4,72.2,104.9,103.0,25.8,88.8,[],358.6
aMal330_TSdh_nn_340_0,5468,-1459.874,B3O,5S1,3,2,"[2_1,13_7]","[3,11,50]",3,2,2,0,3,2.023,"[2.855, 0.933]",273.9,105.0,167.4,80.7,86.7,84.2,0,0,"[[6.71,4.24,112.5],[7.36,4.8,112.8]]","[[[3, 4],'C_C',1.846,'bb'],[[2, 2],'C_O',2.023,'CO'],[[3, 3],'H_O',2.855,'OH']]",[],B3O,5S1,3,2,"[2_1,13_7]","[3,11,7,50]",2,4,2.029,"[2.634, 0.937]",286.1,113.9,166.9,81.2,102.6,89.9,"[[6.9,4.39,112.8],[7.88,6.08,100.7]]",399.6
aMal330_TSdh_nn_273_2,3942,-1459.8896,4C1,5S1,1,2,[13_7],"[1,6]",-1,2,1,0,2,2.056,"[2.33, 0.946]",69.4,135.0,28.6,16.3,86.7,84.2,0,0,"[[7.36,4.8,112.8]]","[[[1, 1],'H_O',2.33,'OH'],[[2, 2],'C_O',2.056,'CO']]",[],4C1,5S1,1,2,"[3_9,13_7]","[1,6]",2,2,2.109,"[2.339, 0.937]",97.3,108.9,22.1,18.4,95.1,80.9,"[[7.99,3.58,160.8],[7.48,5.13,109.1]]",358.6
aMal103_TSdh_nn_177_2,3429,-1459.8934,5S1,3S1,1,2,[6_3],"[1,11,0,50]",-1,2,1,0,4,2.239,"[1.808, 0.958]",92.6,135.0,104.5,99.7,27.9,87.7,0,0,"[[8.95,5.09,132.3]]","[[[1, 1],'H_O',1.808,'OH'],[[2, 2],'C_O',2.239,'CO']]",[],5S1,3S1,1,2,[6_3],"[1,9,11,0,50]",1,5,2.2319999999999998,"[1.733, 0.971]",93.7,76.5,104.4,99.9,25.1,88.4,"[[8.54,4.61,136.3]]",348.7
aMal301_TSdh_nn_025_0,215,-1459.9342,3E,1C4,2,1,"[2_1,9_50,10_13,11_9]","[1,2,9,50]",-1,1,4,3,4,2.296,"[1.327, 1.192]",151.5,60.0,11.7,115.1,282.4,170.2,0,0,"[[5.5,1.19,151.4],[7.28,4.77,112.0],[7.61,3.34,161.1],[7.83,3.95,139.8]]","[[[1, 1],'C_O',2.296,'CO'],[[2, 2],'H_O',1.327,'OH']]",[],3E,1C4,2,1,"[2_1,9_11,10_13]","[1,2,9,50]",3,4,2.318,"[1.342, 1.175]",152.8,78.2,6.1,118.5,268.9,167.0,"[[5.54,1.18,151.7],[7.67,3.68,144.9],[7.5,3.28,159.4]]",241.5
aMal157_TSdh_nn_067_1,2855,-1459.8984,4C1,1C4,3,2,[9_11],"[3,9,50]",3,2,1,0,3,2.116,"[2.406, 0.94]",278.6,30.0,151.5,10.5,246.6,169.7,0,0,"[[8.13,4.37,134.2]]","[[[3, 4],'C_C',1.762,'bb'],[[2, 2],'C_O',2.116,'CO'],[[3, 3],'H_O',2.406,'OH'],[[10, 10],'H_O',1.918,'OH'],[[13, 13],'H_O',3.409,'OH']]",[],4C1,1C4,3,2,[9_11],"[3,9,50]",1,3,2.089,"[2.296, 0.945]",274.5,74.2,170.7,10.7,257.8,167.4,"[[7.35,3.62,139.1]]",335.5
aMal10_TSdh_nn_117_0,3643,-1459.8919,E5,3S1,1,2,"[9_11,10_7,11_50]","[1,6,0]",-1,2,3,1,3,2.119,"[1.894, 0.966]",75.6,60.0,295.8,59.2,23.8,90.5,0,0,"[[9.72,6.2,122.8],[8.4,5.39,117.7],[7.8,4.01,138.0]]","[[[1, 1],'H_O',1.894,'OH'],[[2, 2],'C_O',2.119,'CO']]",[],E5,OS2,1,2,"[3_9,9_11,10_7,11_13]","[1,6,0]",4,3,2.193,"[1.938, 0.956]",116.9,159.9,303.3,62.2,335.7,91.5,"[[7.25,3.14,156.1],[7.82,3.81,144.0],[8.0,5.03,118.2],[8.48,5.13,123.5]]",352.6
aMal200_TSdh_nn_116_0,6140,-1459.864,5S1,3S1,3,6,"[1_9,1_50,2_1,3_6,10_7,11_50,13_7]","[2,3]",-1,6,7,4,2,2.221,"[1.518, 1.069]",79.2,60.0,83.4,88.7,22.0,88.4,0,0,"[[11.35,6.39,144.9],[7.67,3.64,146.4],[8.67,6.29,107.3],[6.4,1.07,164.7],[8.44,5.34,119.2],[8.77,4.61,141.1],[7.48,5.14,108.9]]","[[[3, 3],'H_O',1.518,'OH'],[[6, 6],'C_O',2.221,'CO']]",[],5S1,3S1,3,6,"[1_9,1_50,2_1,3_6,10_7,11_9,11_50]","[2,3]",7,2,2.214,"[1.524, 1.064]",93.2,62.2,85.5,90.1,21.5,90.2,"[[9.11,4.6,148.9],[7.77,3.97,137.6],[8.46,6.0,108.8],[6.44,1.06,166.2],[8.45,5.42,118.1],[9.59,5.44,135.8],[8.42,5.3,119.6]]",425.9
aMal8_TSdh_nn_161_0,97,-1459.9384,3E,3S1,2,1,"[2_1,3_6,9_11,9_50]","[1,2,9,50]",-1,1,4,2,4,2.383,"[1.275, 1.264]",96.8,60.0,352.5,109.1,20.8,91.4,0,0,"[[5.46,1.26,153.5],[7.98,3.87,146.5],[8.73,5.63,118.3],[6.77,4.99,101.4]]","[[[1, 1],'C_O',2.383,'CO'],[[2, 2],'H_O',1.275,'OH']]",[],3E,3S1,2,1,"[2_1,3_6,11_1]","[2,9,11,50]",3,4,2.434,"[1.357, 1.164]",156.8,78.3,359.5,113.3,31.1,91.2,"[[5.79,1.16,162.1],[7.54,3.48,150.2],[7.38,3.22,155.9]]",230.5
aMal8_TSdh_nn_003_0,106,-1459.9379,E4,3S1,2,1,"[2_1,3_6,9_11,9_50,11_1]","[1,2,11,50]",-1,1,5,2,4,2.352,"[1.246, 1.323]",173.8,90.0,64.2,124.7,20.8,91.4,0,0,"[[5.45,1.32,153.7],[7.33,3.44,145.5],[8.73,5.63,118.3],[6.77,4.99,101.4],[6.62,3.41,130.1]]","[[[1, 1],'C_O',2.352,'CO'],[[2, 2],'H_O',1.246,'OH']]",[],3E,3S1,2,1,"[2_1,3_6,10_13,11_1]","[2,9,11,50]",4,4,2.414,"[1.328, 1.207]",158.0,73.6,354.9,110.2,39.1,96.2,"[[5.75,1.21,162.4],[7.77,3.61,151.2],[8.9,5.32,126.4],[7.2,3.06,157.7]]",231.8
aMal384_TSdh_nn_025_0,259,-1459.9328,3E,OS2,2,1,"[2_1,9_50,11_9,13_11]","[1,2,9,50]",-1,1,4,2,4,2.296,"[1.327, 1.192]",151.5,90.0,11.7,115.1,329.1,91.4,0,0,"[[5.5,1.19,151.4],[6.74,4.34,111.4],[8.68,5.1,127.3],[8.87,4.73,139.9]]","[[[1, 1],'C_O',2.296,'CO'],[[2, 2],'H_O',1.327,'OH']]",[],3H2,OS2,2,1,"[6_7,9_11,11_13]","[2,9,50]",3,3,2.6069999999999998,"[1.802, 0.952]",139.0,62.7,332.6,117.8,328.4,94.5,"[[7.59,4.13,130.1],[7.89,3.9,142.7],[8.19,4.84,124.6]]",245.2
aMal314_TSdh_nn_280_1,4817,-1459.882,4C1,1C4,1,2,"[2_3,9_11]",[1],-1,2,2,0,1,2.009,"[2.985, 0.93]",291.1,15.0,53.7,20.2,253.1,164.6,0,0,"[[7.15,4.52,114.2],[8.38,4.59,133.5]]","[[[1, 1],'H_O',2.985,'OH'],[[2, 2],'C_O',2.009,'CO']]",[],4C1,1C4,1,2,"[2_3,3_9,9_11,13_10]",[1],4,1,2.0069999999999997,"[3.043, 0.929]",295.4,354.9,57.3,16.0,254.2,171.5,"[[6.82,3.64,127.0],[7.8,3.73,146.4],[7.71,3.82,141.2],[7.67,3.71,144.6]]",378.6
aMal79_TSdh_nn_181_2,6400,-1459.8569,1HO,5S1,1,2,"[2_50,9_50,13_10]","[1,2,0]",-1,2,3,2,3,2.274,"[3.547, 0.93]",163.0,135.0,191.8,153.0,85.6,85.9,0,0,"[[7.54,3.53,146.4],[7.87,5.26,112.3],[8.11,4.02,144.6]]","[[[1, 1],'H_O',3.547,'OH'],[[2, 2],'C_O',2.274,'CO']]",[],EO,5S1,1,2,"[2_11,2_50,9_50,13_10]","[1,2,0]",4,3,2.359,"[3.365, 0.927]",175.6,97.4,185.7,146.7,91.3,87.4,"[[7.62,3.52,148.4],[8.56,5.33,120.1],[7.68,5.52,105.7],[8.28,4.44,135.5]]",444.5
aMal352_TSdh_nn_181_1,6190,-1459.8631,1HO,5S1,1,2,"[2_50,13_7]","[1,2,0]",-1,2,2,1,3,2.274,"[3.547, 0.93]",163.0,195.0,191.8,153.0,86.1,83.1,0,0,"[[7.54,3.53,146.4],[7.38,4.79,113.0]]","[[[1, 1],'H_O',3.547,'OH'],[[2, 2],'C_O',2.274,'CO']]",[],EO,4C1,1,2,"[2_7,2_50,9_10,11_10]","[1,2,0]",4,3,2.338,"[3.709, 0.938]",181.8,152.4,188.6,156.8,283.9,6.6,"[[10.74,5.75,149.7],[7.29,3.32,148.0],[8.44,6.19,106.0],[8.49,6.25,105.7]]",428.2
aMal382_TSdh_nn_067_1,3438,-1459.8934,4C1,OS2,3,2,"[9_50,11_9]","[3,9,50]",3,2,2,0,3,2.116,"[2.406, 0.94]",278.6,45.0,151.5,10.5,329.7,92.5,0,0,"[[6.7,4.22,113.0],[8.5,4.87,129.4]]","[[[3, 4],'C_C',1.762,'bb'],[[2, 2],'C_O',2.116,'CO'],[[3, 3],'H_O',2.406,'OH']]",[],4C1,3OB,3,2,[10_13],"[3,9,11,50]",1,4,2.105,"[2.32, 0.943]",268.2,59.0,167.4,10.7,2.3,97.7,"[[7.84,3.49,159.8]]",348.7
aMal86_TSdh_nn_184_0,4463,-1459.8856,3S1,4C1,1,2,"[1_2,3_0,6_0,9_50,10_9,11_10,13_7]","[1,2,50]",-1,2,7,1,3,2.164,"[1.388, 1.126]",87.0,60.0,16.2,77.1,208.6,4.6,0,0,"[[5.53,1.13,147.3],[6.62,3.6,123.9],[7.9,6.11,100.4],[7.39,4.99,109.9],[8.31,6.09,105.8],[8.0,5.8,105.8],[7.56,5.44,105.5]]","[[[1, 1],'H_O',1.388,'OH'],[[2, 2],'C_O',2.164,'CO']]",[],3S1,4C1,1,2,"[1_2,3_0,6_0,9_2]","[1,9,50]",4,3,2.191,"[1.441, 1.089]",59.9,59.4,26.6,81.8,218.6,3.3,"[[5.9,1.09,155.4],[6.56,3.53,124.5],[7.79,6.0,100.6],[8.42,4.61,133.6]]",369.1
aMal439_TSdh_nn_188_2,3473,-1459.8933,25B,3S1,1,2,"[6_0,9_50,10_13,11_50]","[1,11,0,50]",-1,2,4,2,4,2.265,"[1.838, 0.955]",89.1,90.0,108.5,97.3,34.6,86.1,0,0,"[[7.99,5.67,107.7],[7.09,4.77,109.4],[7.98,3.54,164.2],[7.91,3.93,143.0]]","[[[1, 1],'H_O',1.838,'OH'],[[2, 2],'C_O',2.265,'CO']]",[],25B,3S1,1,2,"[6_0,10_13]","[1,9,11,0,50]",2,5,2.239,"[1.742, 0.969]",91.3,83.2,106.2,98.2,20.4,88.0,"[[8.42,6.45,102.2],[7.67,3.43,156.7]]",348.9
aMal229_TSdh_nn_323_1,4527,-1459.8848,1S3,3S1,1,2,"[10_7,11_9,13_7]","[1,6,0]",-1,2,3,0,3,2.0380000000000003,"[2.293, 0.945]",54.9,120.0,209.3,84.1,22.2,90.0,0,0,"[[8.16,5.11,119.2],[8.25,6.14,104.3],[7.5,5.16,108.8]]","[[[1, 1],'H_O',2.293,'OH'],[[2, 2],'C_O',2.038,'CO']]",[],1S3,OS2,1,2,"[9_50,10_7,11_9]","[1,6,0]",3,3,2.042,"[2.145, 0.952]",102.7,59.0,202.0,87.9,332.7,92.9,"[[6.9,4.93,104.1],[8.34,5.46,115.8],[8.08,4.53,129.5]]",371.2
aMal195_TSdh_nn_356_1,4195,-1459.8878,E3,5S1,-1,-1,"[2_1,11_50,13_10]","[1,2,3]",-1,1,3,3,3,2.511,"[0, 0]",57.3,30.0,179.2,49.3,89.8,87.5,0,0,"[[5.42,1.66,150.2],[7.73,3.73,145.2],[8.7,4.34,148.4]]","[[[1, 1],'C_O',2.511,'CO']]",[],2H3,5S1,-1,-1,"[2_1,3_7,11_50,13_10]","[1,2,3]",4,3,2.504,"[0, 0]",57.4,40.5,160.1,63.8,84.1,92.3,"[[5.53,1.89,148.4],[7.43,3.82,134.8],[7.6,4.0,133.8],[8.99,4.98,135.7]]",363.4
aMal408_TSdh_nn_165_1,4914,-1459.8807,E1,4C1,1,2,"[9_50,10_11]","[1,50]",-1,2,2,0,2,1.9340000000000002,"[2.2, 0.948]",96.2,105.0,50.0,66.0,261.7,4.6,0,0,"[[7.32,5.11,107.2],[7.82,5.72,104.7]]","[[[1, 1],'H_O',2.2,'OH'],[[2, 2],'C_O',1.934,'CO']]",[],B14,4C1,1,2,"[9_1,10_11]","[1,50]",2,2,1.9509999999999998,"[2.927, 0.958]",60.5,116.0,50.9,73.9,282.0,10.8,"[[7.17,2.91,166.7],[7.96,5.95,103.2]]",382.0
aMal132_TSdh_nn_012_1,667,-1459.9215,4H5,4C1,2,1,"[3_50,10_9,11_10]","[2,3]",-1,1,3,0,2,2.55,"[2.227, 0.935]",160.2,150.0,255.7,43.3,226.8,1.4,0,0,"[[7.98,5.75,106.2],[7.84,5.82,103.6],[7.87,5.5,108.6]]","[[[1, 1],'C_O',2.55,'CO'],[[2, 2],'H_O',2.227,'OH']]",[],4H5,4C1,2,1,"[3_9,3_50,9_10,10_11]","[2,3]",4,2,2.594,"[2.205, 0.936]",121.6,103.7,254.7,41.8,248.7,5.2,"[[8.04,3.47,173.2],[8.15,6.09,103.2],[7.83,5.56,107.1],[8.08,6.29,100.4]]",274.9
aMal124_TSdh_nn_045_0,5917,-1459.868,4C1,OS2,1,2,"[3_2,9_50,10_7,13_7]",[1],-1,2,4,0,1,2.055,"[2.277, 0.943]",80.1,60.0,51.6,19.4,329.2,89.1,0,0,"[[8.75,6.49,105.7],[6.7,4.27,112.1],[8.76,5.79,116.0],[7.57,5.57,103.6]]","[[[1, 1],'H_O',2.277,'OH'],[[2, 2],'C_O',2.055,'CO']]",[],4C1,OS2,1,2,"[3_2,9_50,10_7,13_7]",[1],4,1,2.044,"[2.338, 0.943]",91.5,57.1,52.2,18.7,326.6,89.5,"[[8.49,6.15,107.2],[6.83,4.62,108.1],[8.97,6.22,112.2],[7.64,5.89,100.2]]",415.4
aMal325_TSdh_nn_187_0,2924,-1459.8975,3S1,1S3,-1,-1,"[1_2,3_6,3_0,10_11,13_7]","[1,2,50]",-1,2,5,2,3,2.253,"[0, 0]",93.2,60.0,25.9,79.2,208.9,88.9,0,0,"[[5.52,1.83,150.5],[7.37,3.27,150.3],[6.94,4.85,104.7],[7.9,5.42,110.2],[7.83,5.43,109.1]]","[[[2, 2],'C_O',2.253,'CO']]",[],3S1,1S3,-1,-1,"[1_2,3_6,3_0,9_10,10_11]","[1,2,9,50]",5,4,2.266,"[0, 0]",142.9,56.1,28.3,76.8,203.2,86.8,"[[5.6,1.89,151.4],[7.3,3.15,153.6],[7.02,5.01,103.3],[8.33,6.09,105.9],[8.06,5.77,107.0]]",337.9
aMal239_TSdh_nn_260_0,2324,-1459.9033,4E,4C1,2,1,"[2_1,9_50,10_11]","[1,2]",-1,1,3,1,2,2.378,"[1.216, 1.376]",55.8,45.0,229.3,41.4,277.2,1.8,0,0,"[[5.41,1.38,153.5],[7.4,5.21,106.8],[8.11,5.67,109.2]]","[[[1, 1],'C_O',2.378,'CO'],[[2, 2],'H_O',1.216,'OH']]",[],E3,4C1,-1,-1,"[2_1,3_13,3_7,9_10,10_11]","[1,2,3]",5,3,2.592,"[0, 0]",42.5,47.7,178.4,51.2,275.1,5.2,"[[5.49,1.82,149.2],[11.28,6.04,153.6],[7.11,3.88,126.6],[7.9,5.78,104.8],[8.48,6.42,103.3]]",322.7
aMal210_TSdh_nn_018_1,2081,-1459.9052,OS2,OS2,2,1,"[3_9,9_11,10_7,13_7]","[2,50]",-1,1,4,1,2,2.835,"[1.756, 0.956]",122.4,195.0,321.6,104.1,339.1,90.9,0,0,"[[8.49,6.2,106.6],[7.84,3.84,143.9],[7.91,4.78,121.5],[7.7,5.92,100.5]]","[[[1, 1],'C_O',2.835,'CO'],[[2, 2],'H_O',1.756,'OH']]",[],OS2,OS2,2,1,"[9_11,10_7]","[2,50]",2,2,2.798,"[1.719, 0.964]",119.3,196.9,319.3,101.9,330.9,96.8,"[[7.86,3.87,143.4],[8.3,5.82,109.4]]",317.7
aMal128_TSdh_nn_321_2,4938,-1459.8803,OH5,OS2,1,2,"[3_0,9_11,10_7]","[1,6,0]",-1,2,3,1,3,2.189,"[1.661, 0.984]",82.4,150.0,336.1,66.7,339.0,90.9,0,0,"[[7.3,4.53,116.0],[8.05,3.93,146.3],[7.78,4.61,122.8]]","[[[1, 1],'H_O',1.661,'OH'],[[2, 2],'C_O',2.189,'CO']]",[],OH5,OS2,1,2,"[3_0,9_11,10_7]","[1,6,0]",3,3,2.197,"[1.585, 1.001]",93.6,154.9,326.7,66.5,336.5,92.1,"[[8.07,5.55,110.0],[7.92,3.86,145.3],[7.9,4.88,119.4]]",383.1
aMal454_TSdh_nn_018_0,89,-1459.9385,OS2,3S1,2,1,"[9_11,10_7,11_50]","[2,11,50]",-1,1,3,0,3,2.835,"[1.756, 0.956]",122.4,75.0,321.6,104.1,20.2,92.0,0,0,"[[8.29,4.66,130.2],[8.01,4.95,119.7],[8.07,4.35,133.9]]","[[[1, 1],'C_O',2.835,'CO'],[[2, 2],'H_O',1.756,'OH']]",[],3E,3S1,2,1,"[2_1,3_6,10_7,11_1]","[2,9,11,50]",4,4,2.39,"[1.319, 1.202]",158.5,78.3,3.8,114.6,21.8,89.6,"[[5.68,1.2,161.6],[7.37,3.38,149.2],[8.36,5.31,118.5],[7.55,3.34,155.4]]",230.3
aMal150_TSdh_nn_067_1,2970,-1459.8970000000006,4C1,1C4,3,2,"[9_11,10_13]","[3,9,50]",3,2,2,1,3,2.116,"[2.406, 0.94]",278.6,30.0,151.5,10.5,262.0,168.3,0,0,"[[8.19,4.42,134.3],[7.54,3.3,159.4]]","[[[3, 4],'C_C',1.762,'bb'],[[2, 2],'C_O',2.116,'CO'],[[3, 3],'H_O',2.406,'OH']]",[],4C1,1C4,3,2,"[9_11,10_13]","[3,9,7,50]",2,4,2.096,"[2.276, 0.946]",276.5,75.5,170.6,10.6,268.8,163.8,"[[7.59,3.75,140.7],[7.65,3.38,159.6]]",339.2
aMal435_TSdh_nn_290_1,985,-1459.9152,E1,5S1,1,2,"[11_50,13_10]","[1,11,50]",-1,2,2,2,3,1.9369999999999998,"[2.298, 0.945]",97.3,105.0,56.6,59.7,86.3,86.3,0,0,"[[7.82,3.85,143.0],[8.05,4.01,143.1]]","[[[1, 1],'H_O',2.298,'OH'],[[2, 2],'C_O',1.937,'CO']]",[],B14,1C4,1,2,"[3_6,9_50,13_10]","[1,9,11,7]",3,4,1.952,"[2.2, 0.946]",167.5,68.9,45.6,72.6,161.4,170.3,"[[7.78,3.57,152.9],[6.46,4.39,106.2],[7.53,3.68,141.7]]",291.4
aMal376_TSdh_nn_279_0,6420,-1459.8557,2SO,3S1,1,2,"[3_2,10_7,11_9,11_50,13_10]","[1,0]",-1,2,5,2,2,2.358,"[1.835, 0.956]",76.9,60.0,157.2,89.3,21.1,90.1,0,0,"[[8.61,5.47,119.2],[7.75,4.83,117.8],[9.16,6.06,117.1],[8.45,4.46,138.6],[8.17,3.86,153.4]]","[[[1, 1],'H_O',1.835,'OH'],[[2, 2],'C_O',2.358,'CO']]",[],2SO,3S1,1,2,"[3_2,10_7,11_9,11_50,13_10]","[1,0]",5,2,2.339,"[1.818, 0.957]",95.8,62.8,153.4,89.0,21.0,91.2,"[[8.62,5.42,120.4],[7.87,5.08,115.3],[8.78,4.88,134.3],[8.22,4.79,126.3],[8.46,4.28,144.6]]",447.6
aMal195_TSdh_nn_127_2,1070,-1459.914,E1,5S1,1,2,"[3_6,11_50,13_10]","[1,11,50]",-1,2,3,3,3,1.9769999999999999,"[2.292, 0.943]",91.9,90.0,50.1,69.5,89.8,87.5,0,0,"[[8.11,3.87,149.7],[7.73,3.73,145.2],[8.7,4.34,148.4]]","[[[1, 1],'H_O',2.292,'OH'],[[2, 2],'C_O',1.977,'CO']]",[],E1,3S1,1,2,[3_6],"[1,9,11,50]",1,4,2.016,"[2.048, 0.954]",94.2,69.6,46.2,71.0,24.2,87.9,"[[8.06,3.78,152.5]]",294.6
aMal251_TSdh_nn_084_2,2179,-1459.9044,5S1,5S1,1,2,"[2_3,3_6,10_13]","[1,11,0,50]",-1,0,3,2,4,2.085,"[3.692, 0.937]",74.9,120.0,86.4,79.5,87.2,78.2,0,0,"[[6.62,3.71,120.8],[7.48,3.64,141.5],[8.53,4.47,140.0]]","[[[0, 1],'C_O',2.085,'bb'],[[1, 1],'H_O',3.692,'OH'],[[2, 2],'C_O',1.743,'CO']]",[],5S1,5S1,1,2,"[2_3,3_6,10_13]","[1,11,0,7,50]",3,5,2.033,"[3.719, 0.937]",159.2,114.6,90.7,79.0,104.7,87.7,"[[6.62,3.72,120.8],[8.0,4.18,136.6],[8.31,4.38,137.8]]",319.8
aMal236_TSdh_nn_127_0,1035,-1459.9143,E1,3S1,1,2,"[3_6,11_50]","[1,9,50]",-1,2,2,2,3,1.9769999999999999,"[2.292, 0.943]",91.9,60.0,50.1,69.5,35.3,88.1,0,0,"[[8.11,3.87,149.7],[7.67,3.74,143.4]]","[[[1, 1],'H_O',2.292,'OH'],[[2, 2],'C_O',1.977,'CO']]",[],E1,3S1,1,2,[3_6],"[1,9,11,50]",1,4,2.009,"[2.086, 0.952]",94.1,70.5,46.5,70.6,24.2,88.0,"[[8.12,3.83,152.1]]",293.8
aMal206_TSdh_nn_127_2,1119,-1459.9136,E1,5S1,1,2,"[3_6,11_50]","[1,11,50]",-1,2,2,2,3,1.9769999999999999,"[2.292, 0.943]",91.9,90.0,50.1,69.5,87.4,86.8,0,0,"[[8.11,3.87,149.7],[7.91,3.94,142.3]]","[[[1, 1],'H_O',2.292,'OH'],[[2, 2],'C_O',1.977,'CO']]",[],E1,3S1,1,2,[3_6],"[1,9,11,50]",1,4,2.01,"[2.081, 0.952]",94.3,70.3,46.6,70.6,23.4,88.7,"[[8.11,3.82,152.0]]",295.6
aMal128_TSdh_nn_181_2,6318,-1459.8599,1HO,OS2,1,2,"[2_50,9_11,10_7]","[1,2,0]",-1,2,3,2,3,2.274,"[3.547, 0.93]",163.0,180.0,191.8,153.0,339.0,90.9,0,0,"[[7.54,3.53,146.4],[8.05,3.93,146.3],[7.78,4.61,122.8]]","[[[1, 1],'H_O',3.547,'OH'],[[2, 2],'C_O',2.274,'CO']]",[],1C4,OS2,1,2,"[2_50,9_11,10_7]","[1,2,0]",3,3,2.312,"[3.646, 0.932]",130.3,184.4,187.1,158.1,335.0,90.4,"[[7.13,3.25,146.1],[8.14,4.09,142.9],[7.8,4.79,119.4]]",436.6
aMal269_TSdh_nn_090_2,3929,-1459.8897,1C4,OS2,1,2,"[2_50,9_11,11_13]","[1,6,0]",-1,2,3,2,3,1.9380000000000002,"[3.03, 0.935]",172.6,180.0,109.1,161.2,332.1,91.0,0,0,"[[7.41,3.71,137.0],[8.34,4.2,144.0],[8.31,4.76,128.3]]","[[[1, 1],'H_O',3.03,'OH'],[[2, 2],'C_O',1.938,'CO']]",[],1C4,OS2,1,2,"[2_50,9_11,11_13]","[1,6,0]",3,3,1.936,"[2.907, 0.937]",124.0,188.0,112.1,164.8,328.3,93.5,"[[7.28,3.41,143.4],[8.34,4.25,142.2],[8.31,4.88,125.7]]",358.4
aMal276_TSdh_nn_072_0,2864,-1459.8984,5S1,5S1,1,2,"[1_2,9_50,13_10]","[1,0,50]",-1,2,3,2,3,2.104,"[1.477, 1.059]",77.0,60.0,101.5,97.8,84.9,92.0,0,0,"[[5.8,1.06,147.4],[7.59,4.9,114.3],[8.55,4.54,138.6]]","[[[1, 1],'H_O',1.477,'OH'],[[2, 2],'C_O',2.104,'CO']]",[],5S1,5S1,1,2,"[9_1,9_50,13_10]","[1,11,0,50]",3,4,2.0869999999999997,"[1.701, 0.985]",80.0,97.6,95.9,93.7,84.7,96.1,"[[8.52,3.82,169.2],[7.26,5.26,103.6],[8.63,4.8,133.3]]",335.5
aMal247_TSdh_nn_025_0,120,-1459.9375,3E,3S1,2,1,"[2_1,9_50,11_1]","[1,2,11,50]",-1,1,3,1,4,2.296,"[1.327, 1.192]",151.5,75.0,11.7,115.1,37.3,85.5,0,0,"[[5.5,1.19,151.4],[7.48,4.7,116.2],[7.25,5.05,107.1]]","[[[1, 1],'C_O',2.296,'CO'],[[2, 2],'H_O',1.327,'OH']]",[],3E,3S1,2,1,"[2_1,11_1]","[2,9,11,50]",2,4,2.34,"[1.376, 1.143]",159.3,80.1,13.7,120.0,28.0,89.7,"[[5.79,1.14,159.2],[7.46,3.34,152.6]]",232.9
aMal251_TSdh_nn_165_1,2772,-1459.8991,E1,5S1,1,2,[10_13],"[1,50]",-1,2,1,1,2,1.9340000000000002,"[2.2, 0.948]",96.2,45.0,50.0,66.0,87.2,78.2,0,0,"[[8.53,4.47,140.0]]","[[[1, 1],'H_O',2.2,'OH'],[[2, 2],'C_O',1.934,'CO']]",[],E1,5S1,1,2,"[2_3,3_7,6_0,10_13]","[1,9,50]",4,3,1.882,"[2.936, 0.936]",59.8,39.5,58.7,53.8,87.4,84.1,"[[8.11,5.67,109.0],[10.28,6.01,134.8],[7.82,5.92,102.0],[8.25,4.27,139.6]]",333.7
aMal30_TSdh_nn_184_2,4947,-1459.8803,3S1,1S5,1,2,"[1_2,3_0,6_0,9_2,9_50,11_13]","[1,2,50]",-1,2,6,2,3,2.164,"[1.388, 1.126]",87.0,135.0,16.2,77.1,272.0,86.8,0,0,"[[5.53,1.13,147.3],[6.62,3.6,123.9],[7.9,6.11,100.4],[9.16,5.54,126.4],[7.32,4.89,110.5],[7.67,3.95,136.8]]","[[[1, 1],'H_O',1.388,'OH'],[[2, 2],'C_O',2.164,'CO']]",[],3S1,1S5,-1,-1,"[1_2,3_0,6_0,9_2,11_13]","[2,9,7,50]",5,4,2.283,"[0, 0]",95.0,159.1,19.3,76.7,257.4,92.0,"[[6.03,2.16,159.0],[6.37,3.51,121.0],[7.84,5.93,102.0],[7.23,3.29,146.8],[7.41,3.85,134.0]]",383.1
aMal204_TSdh_nn_181_1,1053,-1459.9141,1HO,1C4,1,2,"[2_50,11_9,11_7]","[1,2,0]",-1,2,3,1,3,2.274,"[3.547, 0.93]",163.0,-0.0,191.8,153.0,196.8,176.1,0,0,"[[7.54,3.53,146.4],[8.09,4.78,124.3],[8.51,6.36,104.5]]","[[[1, 1],'H_O',3.547,'OH'],[[2, 2],'C_O',2.274,'CO']]",[],25B,1C4,1,2,"[1_2,6_3,9_11]","[1,9,0,7,50]",3,5,2.094,"[1.407, 1.103]",167.8,78.2,106.7,102.7,252.2,169.7,"[[5.64,1.1,149.8],[6.69,4.31,111.0],[7.37,3.72,136.6]]",294.3
aMal350_TSdh_nn_097_1,1878,-1459.9069,5S1,3S1,1,2,"[3_2,9_50,10_7,11_9,13_10]","[1,0,50]",-1,0,5,1,3,1.824,"[2.514, 0.943]",77.7,45.0,90.1,79.4,22.4,90.5,0,0,"[[8.5,6.19,106.8],[7.21,5.31,102.7],[7.72,4.84,117.3],[8.09,6.07,103.3],[8.09,3.89,149.1]]","[[[0, 1],'C_O',1.824,'bb'],[[1, 1],'H_O',2.514,'OH'],[[2, 2],'C_O',1.935,'CO']]",[],E1,3S1,1,2,[10_13],"[1,9,11,50]",1,4,1.979,"[2.078, 0.958]",94.7,76.7,52.0,62.9,21.1,87.3,"[[7.69,3.46,156.0]]",313.2
aMal242_TSdh_nn_081_0,1626,-1459.9093,5S1,1C4,1,2,"[2_3,3_6,9_50,11_9]","[1,0,50]",-1,0,4,2,3,2.0469999999999997,"[2.845, 0.94]",79.1,60.0,87.0,80.0,218.1,175.8,0,0,"[[6.96,4.11,118.6],[7.5,3.67,140.8],[7.26,4.73,112.4],[7.91,4.07,138.1]]","[[[0, 1],'C_O',2.047,'bb'],[[1, 1],'H_O',2.845,'OH'],[[2, 2],'C_O',1.782,'CO']]",[],5S1,1C4,1,2,"[2_3,3_6,9_11]","[1,9,0,50]",3,4,1.989,"[2.743, 0.941]",144.8,58.6,90.6,79.5,247.1,172.3,"[[7.03,4.21,117.7],[7.94,4.12,137.0],[7.51,3.55,145.2]]",306.9
aMal443_TSdh_nn_025_0,109,-1459.9378,3E,3S1,2,1,"[2_1,9_50,13_7]","[1,2,11,50]",-1,1,3,1,4,2.296,"[1.327, 1.192]",151.5,75.0,11.7,115.1,28.7,89.8,0,0,"[[5.5,1.19,151.4],[7.13,4.49,114.8],[7.46,5.22,107.4]]","[[[1, 1],'C_O',2.296,'CO'],[[2, 2],'H_O',1.327,'OH']]",[],3E,3S1,2,1,"[2_1,11_1]","[2,9,11,50]",2,4,2.33,"[1.35, 1.17]",159.8,77.2,11.8,118.7,25.1,89.2,"[[5.73,1.17,159.4],[7.44,3.28,154.9]]",232.1
aMal77_TSdh_nn_356_0,2034,-1459.9056,E3,1C4,-1,-1,"[2_1,9_11,13_7]","[1,2,3]",-1,1,3,2,3,2.511,"[0, 0]",57.3,120.0,179.2,49.3,235.8,174.2,0,0,"[[5.42,1.66,150.2],[7.9,4.06,138.3],[7.77,5.26,111.0]]","[[[1, 1],'C_O',2.511,'CO']]",[],E3,1C4,-1,-1,"[2_1,3_13,9_11]","[1,2,3]",3,3,2.6189999999999998,"[0, 0]",76.3,42.2,183.1,49.2,253.6,170.7,"[[5.49,1.78,149.8],[7.49,3.23,159.8],[8.01,4.29,134.1]]",316.6
aMal269_TSdh_nn_067_2,4875,-1459.8813,4C1,OS2,3,2,"[9_11,11_13]","[3,50]",3,2,2,1,2,2.116,"[2.406, 0.94]",278.6,135.0,151.5,10.5,332.1,91.0,0,0,"[[8.34,4.2,144.0],[8.31,4.76,128.3]]","[[[3, 4],'C_C',1.762,'bb'],[[2, 2],'C_O',2.116,'CO'],[[3, 3],'H_O',2.406,'OH']]",[],4C1,OS2,3,2,"[9_11,11_13]","[3,7,50]",2,3,2.097,"[3.682, 0.934]",308.2,156.8,179.3,16.1,328.7,94.1,"[[8.24,4.18,142.2],[8.32,5.0,123.6]]",380.4
aMal64_TSdh_nn_025_1,735,-1459.9193,3E,4C1,2,1,"[2_1,9_50,10_9,11_10]","[1,2,50]",-1,1,4,1,3,2.296,"[1.327, 1.192]",151.5,135.0,11.7,115.1,211.9,5.4,0,0,"[[5.5,1.19,151.4],[7.36,4.93,110.5],[8.31,6.06,106.2],[7.96,5.7,106.8]]","[[[1, 1],'C_O',2.296,'CO'],[[2, 2],'H_O',1.327,'OH']]",[],3H2,25B,2,1,"[9_50,10_9]","[2,11,7,50]",2,4,2.555,"[1.755, 0.96]",175.5,113.7,328.7,115.0,119.7,88.0,"[[7.58,5.6,103.3],[8.62,6.33,106.2]]",280.7
aMal241_TSdh_nn_123_1,5570,-1459.8725,2SO,5S1,2,3,[11_50],"[1,2]",1,3,1,1,2,2.13,"[2.158, 0.95]",86.8,30.0,157.0,79.2,85.9,84.4,0,0,"[[7.8,3.83,143.6]]","[[[1, 2],'C_C',1.768,'bb'],[[2, 2],'H_O',2.158,'OH'],[[3, 3],'C_O',2.13,'CO']]",[],4C1,5S1,2,3,[11_50],"[1,2]",1,2,2.4330000000000003,"[2.096, 0.944]",61.6,107.1,182.8,4.1,90.3,87.0,"[[7.87,4.01,139.5]]",403.5
aMal40_TSdh_nn_018_2,1615,-1459.9094,OS2,OS2,2,1,"[9_11,13_7]","[2,50]",-1,1,2,1,2,2.835,"[1.756, 0.956]",122.4,195.0,321.6,104.1,333.8,91.9,0,0,"[[8.22,4.06,145.7],[7.65,5.39,107.3]]","[[[1, 1],'C_O',2.835,'CO'],[[2, 2],'H_O',1.756,'OH']]",[],OS2,OS2,2,1,"[3_9,9_11,13_7]","[2,7,50]",3,3,2.822,"[1.717, 0.964]",75.8,253.1,318.0,100.9,319.5,103.6,"[[9.4,5.82,124.7],[7.94,3.95,142.6],[8.04,6.1,102.2]]",306.7
aMal281_TSdh_nn_125_1,4173,-1459.8879,1S3,OS2,1,2,"[9_50,11_9]","[1,6,0]",-1,2,2,0,3,2.024,"[2.332, 0.945]",53.7,30.0,210.4,83.9,331.1,92.3,0,0,"[[6.7,4.26,112.3],[8.37,4.74,130.0]]","[[[1, 1],'H_O',2.332,'OH'],[[2, 2],'C_O',2.024,'CO']]",[],1S3,OS2,1,2,"[3_7,9_50,11_9]","[1,6,0]",3,3,2.004,"[2.355, 0.945]",70.0,32.8,206.1,90.3,331.1,90.2,"[[8.13,4.23,138.1],[6.92,5.14,101.2],[8.5,4.92,128.2]]",363.1
aMal351_TSdh_nn_015_0,317,-1459.9311,3OB,4C1,3,2,"[2_1,11_13]","[3,6,0]",-1,2,2,1,3,1.87,"[3.851, 0.954]",85.4,60.0,348.1,87.3,24.6,2.7,0,0,"[[6.28,3.81,113.8],[7.52,3.83,137.2]]","[[[2, 2],'C_O',1.87,'CO'],[[3, 3],'H_O',3.851,'OH']]",[],3OB,4C1,3,2,"[2_1,9_10,10_11,11_13]","[3,6,0]",4,3,1.875,"[3.998, 0.973]",79.1,86.0,351.7,84.8,170.2,4.2,"[[6.31,3.79,114.9],[7.82,5.77,103.9],[7.96,5.92,103.8],[7.49,3.93,133.4]]",249.7
aMal66_TSdh_nn_187_2,1682,-1459.9088,3S1,2SO,-1,-1,"[1_2,3_6,3_0,9_2,9_50,10_11]","[1,2,50]",-1,2,6,3,3,2.253,"[0, 0]",93.2,135.0,25.9,79.2,160.9,85.8,0,0,"[[5.52,1.83,150.5],[7.37,3.27,150.3],[6.94,4.85,104.7],[7.4,3.66,139.5],[6.61,4.22,111.7],[8.59,6.36,105.5]]","[[[2, 2],'C_O',2.253,'CO']]",[],3S1,OS2,-1,-1,"[1_2,3_6,9_2,9_50,11_9]","[1,13,7,50]",5,4,2.2030000000000003,"[0, 0]",98.6,170.6,31.8,87.5,323.1,95.2,"[[5.67,1.85,157.2],[6.7,2.71,155.7],[7.05,2.77,171.3],[8.09,5.9,104.2],[8.75,5.17,127.2]]",308.2
aMal213_TSdh_nn_080_2,3048,-1459.8964,5S1,5S1,1,2,[2_3],"[1,11,0,50]",-1,0,1,0,4,2.0469999999999997,"[3.685, 0.936]",77.5,120.0,91.0,78.8,87.6,79.2,0,0,"[[6.38,3.63,118.5]]","[[[0, 1],'C_O',2.047,'bb'],[[1, 1],'H_O',3.685,'OH'],[[2, 2],'C_O',1.779,'CO']]",[],5S1,5S1,1,2,"[2_3,3_9]","[1,11,0,50]",2,4,2.039,"[3.836, 0.938]",107.2,141.9,96.0,76.1,95.4,76.9,"[[6.35,3.37,124.0],[8.68,4.68,136.9]]",340.8
aMal344_TSdh_nn_340_0,5270,-1459.8765,B3O,5S1,3,2,"[2_1,11_50,13_10]","[3,11,50]",3,2,3,2,3,2.023,"[2.855, 0.933]",273.9,120.0,167.4,80.7,84.7,83.8,0,0,"[[6.71,4.24,112.5],[7.71,3.75,143.7],[8.32,4.14,145.5]]","[[[3, 4],'C_C',1.846,'bb'],[[2, 2],'C_O',2.023,'CO'],[[3, 3],'H_O',2.855,'OH']]",[],B3O,5S1,3,2,"[2_1,13_10]","[3,11,7,50]",2,4,2.03,"[2.637, 0.936]",286.7,111.7,165.9,80.5,100.4,93.7,"[[6.92,4.34,113.9],[8.23,4.6,130.5]]",393.0
aMal458_TSdh_nn_127_0,1464,-1459.9105,E1,OS2,1,2,"[3_6,9_50,11_9]","[1,9,50]",-1,2,3,1,3,1.9769999999999999,"[2.292, 0.943]",91.9,60.0,50.1,69.5,331.0,91.8,0,0,"[[8.11,3.87,149.7],[6.7,4.18,113.6],[8.47,4.86,129.2]]","[[[1, 1],'H_O',2.292,'OH'],[[2, 2],'C_O',1.977,'CO']]",[],E1,OS2,1,2,"[3_6,9_11]","[1,9,50]",2,3,1.996,"[2.085, 0.952]",134.9,56.6,50.2,69.2,328.5,94.9,"[[8.18,3.9,150.8],[7.79,3.87,141.2]]",303.8
aMal269_TSdh_nn_120_1,4333,-1459.8865,OS2,OS2,1,2,"[2_50,6_0,9_11,11_13]","[1,0]",-1,2,4,2,2,1.953,"[2.982, 0.932]",93.0,-0.0,342.0,91.2,332.1,91.0,0,0,"[[6.99,3.35,138.7],[8.01,6.07,102.3],[8.34,4.2,144.0],[8.31,4.76,128.3]]","[[[1, 1],'H_O',2.982,'OH'],[[2, 2],'C_O',1.953,'CO']]",[],E4,OS2,1,2,"[2_50,3_6,9_11,11_13]","[1,0]",4,2,2.006,"[2.729, 0.934]",110.2,305.2,70.5,154.5,321.2,97.8,"[[7.44,3.56,142.7],[7.63,3.46,154.0],[8.52,4.46,139.6],[8.29,4.89,125.3]]",366.8
aMal211_TSdh_nn_187_0,2914,-1459.8977,3S1,B14,-1,-1,"[1_2,3_6,3_0,10_13,11_50]","[1,2,50]",-1,2,5,4,3,2.253,"[0, 0]",93.2,60.0,25.9,79.2,70.5,81.5,0,0,"[[5.52,1.83,150.5],[7.37,3.27,150.3],[6.94,4.85,104.7],[8.28,4.06,147.5],[7.62,3.72,143.0]]","[[[2, 2],'C_O',2.253,'CO']]",[],3S1,5S1,-1,-1,"[1_2,3_6,3_0,10_13,11_50]","[1,2,9,50]",5,4,2.244,"[0, 0]",57.0,38.4,26.6,80.8,82.8,86.5,"[[5.53,1.79,152.5],[7.2,3.13,151.2],[6.97,4.88,104.5],[7.92,3.96,142.0],[8.09,4.45,132.0]]",337.4
aMal41_TSdh_nn_072_1,1153,-1459.9134,5S1,3OB,1,2,"[1_2,9_11,10_7]","[1,9,0,50]",-1,2,3,1,4,2.104,"[1.477, 1.059]",77.0,45.0,101.5,97.8,13.9,90.8,0,0,"[[5.8,1.06,147.4],[8.2,4.9,123.6],[7.85,4.74,121.5]]","[[[1, 1],'H_O',1.477,'OH'],[[2, 2],'C_O',2.104,'CO']]",[],25B,OS2,1,2,"[1_2,6_3,9_11,10_7,11_13]","[1,9,0,50]",5,4,2.109,"[1.399, 1.114]",89.3,70.2,107.6,101.8,334.0,92.7,"[[5.65,1.11,150.8],[6.7,4.35,110.4],[7.67,3.74,142.7],[8.2,5.28,116.7],[8.47,5.17,122.6]]",296.2
aMal330_TSdh_nn_184_1,5013,-1459.8796,3S1,5S1,1,2,"[1_2,3_0,6_0,13_7]","[1,2,50]",-1,2,4,1,3,2.164,"[1.388, 1.126]",87.0,45.0,16.2,77.1,86.7,84.2,0,0,"[[5.53,1.13,147.3],[6.62,3.6,123.9],[7.9,6.11,100.4],[7.36,4.8,112.8]]","[[[1, 1],'H_O',1.388,'OH'],[[2, 2],'C_O',2.164,'CO']]",[],3S1,5S1,1,2,"[1_2,3_0,6_0,13_7]","[1,9,50]",4,3,2.1790000000000003,"[1.468, 1.062]",61.4,31.3,24.7,79.1,88.6,87.2,"[[5.87,1.06,151.4],[6.67,3.62,124.2],[7.86,5.9,102.7],[7.73,5.89,101.4]]",384.9
aMal128_TSdh_nn_001_0,460,-1459.9277,3H4,OS2,2,1,"[2_1,9_11,10_7]","[1,2,9,50]",-1,1,3,2,4,2.267,"[1.282, 1.257]",167.5,60.0,33.3,120.5,339.0,90.9,0,0,"[[5.43,1.26,151.8],[8.05,3.93,146.3],[7.78,4.61,122.8]]","[[[1, 1],'C_O',2.267,'CO'],[[2, 2],'H_O',1.282,'OH']]",[],3E,OS2,2,1,"[2_1,9_11,10_7,13_6]","[1,2,9,50]",4,4,2.295,"[1.338, 1.183]",144.8,62.5,11.0,118.9,332.5,93.0,"[[5.52,1.18,151.0],[7.72,3.76,143.1],[8.13,5.2,117.0],[7.97,3.92,144.6]]",258.6
aMal217_TSdh_nn_187_2,3081,-1459.8962,3S1,5S1,-1,-1,"[1_2,3_6,3_0,11_50]","[1,2,11,50]",-1,2,4,3,4,2.253,"[0, 0]",93.2,105.0,25.9,79.2,89.5,80.8,0,0,"[[5.52,1.83,150.5],[7.37,3.27,150.3],[6.94,4.85,104.7],[8.3,4.28,140.4]]","[[[2, 2],'C_O',2.253,'CO']]",[],3S1,25B,-1,-1,"[1_2,3_6,3_0]","[1,2,11,50]",3,4,2.254,"[0, 0]",120.1,154.0,28.2,81.2,120.4,83.2,"[[5.63,1.86,154.8],[7.17,3.12,151.1],[6.91,4.86,104.1]]",341.3
aMal11_TSdh_nn_184_0,4564,-1459.8846,3S1,1S3,1,2,"[1_2,3_0,6_0,10_11,13_7]","[1,2,50]",-1,2,5,1,3,2.164,"[1.388, 1.126]",87.0,60.0,16.2,77.1,209.0,88.7,0,0,"[[5.53,1.13,147.3],[6.62,3.6,123.9],[7.9,6.11,100.4],[7.53,5.33,106.6],[7.72,5.26,110.3]]","[[[1, 1],'H_O',1.388,'OH'],[[2, 2],'C_O',2.164,'CO']]",[],3S1,1S3,1,2,"[1_2,3_0,6_0,9_10,10_11]","[1,2,9,50]",5,4,2.161,"[1.367, 1.142]",140.2,52.3,18.1,76.6,200.9,89.1,"[[5.51,1.14,148.9],[6.63,3.62,123.4],[7.75,5.81,102.6],[8.31,6.09,105.7],[7.67,5.69,103.2]]",371.8
aMal66_TSdh_nn_273_2,4316,-1459.8865,4C1,2SO,1,2,"[9_50,10_11]","[1,6]",-1,2,2,0,2,2.056,"[2.33, 0.946]",69.4,120.0,28.6,16.3,160.9,85.8,0,0,"[[6.61,4.22,111.7],[8.59,6.36,105.5]]","[[[1, 1],'H_O',2.33,'OH'],[[2, 2],'C_O',2.056,'CO']]",[],4C1,2SO,1,2,"[3_9,9_10]","[1,6]",2,2,2.105,"[2.337, 0.937]",124.7,120.7,22.9,18.9,156.8,83.2,"[[7.83,3.39,167.3],[7.26,4.76,111.8]]",366.8
aMal163_TSdh_nn_181_2,6394,-1459.8571,1HO,1S3,1,2,"[2_50,10_11,11_13]","[1,2,0]",-1,2,3,1,3,2.274,"[3.547, 0.93]",163.0,180.0,191.8,153.0,211.4,88.1,0,0,"[[7.54,3.53,146.4],[7.54,5.2,108.6],[7.99,4.5,128.7]]","[[[1, 1],'H_O',3.547,'OH'],[[2, 2],'C_O',2.274,'CO']]",[],EO,1S3,1,2,"[2_50,9_10,10_11,11_13]","[1,2,0]",4,3,2.271,"[3.556, 0.928]",131.4,171.6,190.7,155.7,200.9,82.6,"[[7.25,3.27,148.4],[8.08,5.75,107.6],[7.65,5.44,106.5],[8.2,4.88,124.0]]",444.0
aMal344_TSdh_nn_181_1,6457,-1459.8524,1HO,5S1,1,2,"[2_50,11_50,13_10]","[1,2,0]",-1,2,3,3,3,2.274,"[3.547, 0.93]",163.0,165.0,191.8,153.0,84.7,83.8,0,0,"[[7.54,3.53,146.4],[7.71,3.75,143.7],[8.32,4.14,145.5]]","[[[1, 1],'H_O',3.547,'OH'],[[2, 2],'C_O',2.274,'CO']]",[],EO,5S1,1,2,"[2_50,11_50,13_10]","[1,2,0]",3,3,2.329,"[3.566, 0.929]",177.4,183.2,182.7,152.8,88.8,87.9,"[[7.42,3.38,148.8],[7.92,3.9,144.3],[8.19,4.41,134.6]]",456.3
aMal250_TSdh_nn_273_0,1608,-1459.9095,4C1,4C1,1,2,"[9_10,10_11,11_13]","[1,6]",-1,2,3,1,2,2.056,"[2.33, 0.946]",69.4,60.0,28.6,16.3,116.8,3.9,0,0,"[[7.82,5.42,109.1],[7.95,5.87,104.3],[7.54,3.88,136.0]]","[[[1, 1],'H_O',2.33,'OH'],[[2, 2],'C_O',2.056,'CO']]",[],4C1,4C1,1,2,"[3_9,9_10,10_11,11_13]","[1,6]",4,2,2.09,"[2.361, 0.938]",103.3,115.1,23.6,20.3,122.2,4.3,"[[7.68,3.32,164.0],[7.78,5.52,107.0],[8.07,6.15,102.0],[7.53,3.97,133.1]]",306.4
aMal10_TSdh_nn_016_0,1927,-1459.9066,E3,3S1,-1,-1,"[2_1,3_50,9_11,10_7,11_50]","[1,2,3]",-1,1,5,2,3,2.528,"[0, 0]",150.8,90.0,164.8,62.8,23.8,90.5,0,0,"[[5.51,1.86,148.4],[7.95,5.58,108.4],[9.72,6.2,122.8],[8.4,5.39,117.7],[7.8,4.01,138.0]]","[[[1, 1],'C_O',2.528,'CO']]",[],2H3,3OB,-1,-1,"[2_1,3_9,9_11,10_7]","[1,2,3]",4,3,2.571,"[0, 0]",109.0,124.4,163.4,64.2,12.4,92.3,"[[5.54,1.89,148.8],[7.01,2.76,174.1],[7.43,3.7,138.3],[7.96,4.86,120.8]]",314.0
aMal52_TSdh_nn_260_1,2758,-1459.8992,4E,1C4,2,1,"[2_1,9_50,11_9]","[1,2]",-1,1,3,2,2,2.378,"[1.216, 1.376]",55.8,45.0,229.3,41.4,221.6,175.0,0,0,"[[5.41,1.38,153.5],[7.3,4.76,112.4],[7.97,4.14,137.6]]","[[[1, 1],'C_O',2.378,'CO'],[[2, 2],'H_O',1.216,'OH']]",[],E3,1C4,-1,-1,"[2_1,3_50,9_50,11_9]","[1,2,3]",4,3,2.541,"[0, 0]",125.4,55.5,185.3,49.1,236.2,171.5,"[[5.57,1.99,146.2],[8.09,5.76,107.4],[8.03,6.07,102.6],[8.01,4.19,136.8]]",333.4
aMal413_TSdh_nn_047_0,6213,-1459.8626,1C4,5S1,-1,-1,"[1_2,2_11,2_50,3_6,11_2,11_0,11_50]","[3,6]",-1,6,7,3,2,2.2969999999999997,"[0, 0]",163.1,60.0,56.6,173.5,88.6,87.1,0,0,"[[7.16,4.51,114.5],[9.4,6.23,117.6],[7.56,3.85,137.2],[5.8,1.97,155.7],[9.4,5.93,122.5],[6.12,3.6,115.4],[7.85,3.87,143.3]]","[[[6, 6],'C_O',2.297,'CO']]",[],1C4,5S1,-1,-1,"[1_2,2_11,2_50,3_6]","[3,6]",4,2,2.33,"[0, 0]",167.1,68.0,27.7,177.2,92.7,82.5,"[[7.21,4.48,115.7],[8.17,4.0,145.8],[7.91,4.63,123.7],[5.86,2.0,155.6]]",429.5
aMal190_TSdh_nn_073_0,4495,-1459.8852,1S3,1C4,3,2,"[1_2,9_50,11_9,13_7]","[3,9,50]",3,2,4,1,3,2.136,"[2.377, 0.941]",166.4,135.0,197.5,75.2,262.6,175.3,0,0,"[[7.75,5.56,106.0],[7.25,4.77,111.6],[7.83,4.0,138.6],[7.87,5.27,112.2]]","[[[3, 4],'C_C',1.726,'bb'],[[2, 2],'C_O',2.136,'CO'],[[3, 3],'H_O',2.377,'OH']]",[],B3O,1C4,3,2,"[1_2,9_3,13_7]","[3,9,11,7]",3,4,2.155,"[2.464, 0.937]",121.9,197.1,192.4,77.2,159.6,179.3,"[[7.59,5.23,108.9],[6.21,2.38,154.3],[8.28,6.34,102.2]]",370.2
aMal384_TSdh_nn_067_2,5218,-1459.8773,4C1,OS2,3,2,"[9_50,11_9,13_11]","[3,50]",3,2,3,1,2,2.116,"[2.406, 0.94]",278.6,135.0,151.5,10.5,329.1,91.4,0,0,"[[6.74,4.34,111.4],[8.68,5.1,127.3],[8.87,4.73,139.9]]","[[[3, 4],'C_C',1.762,'bb'],[[2, 2],'C_O',2.116,'CO'],[[3, 3],'H_O',2.406,'OH']]",[],4C1,B25,3,2,[13_11],"[3,7,50]",1,3,2.088,"[3.59, 0.933]",291.4,118.5,182.7,14.3,311.2,95.1,"[[8.93,5.4,125.3]]",390.9
aMal119_TSdh_nn_015_0,2333,-1459.9033,3OB,1S5,3,2,"[2_1,9_50,11_13]","[3,6,0]",-1,2,3,0,3,1.87,"[3.851, 0.954]",85.4,60.0,348.1,87.3,269.6,84.7,0,0,"[[6.28,3.81,113.8],[7.29,4.82,111.2],[8.62,5.52,118.6]]","[[[2, 2],'C_O',1.87,'CO'],[[3, 3],'H_O',3.851,'OH']]",[],3OB,1S5,3,2,"[2_1,9_50,11_13]","[3,6,0]",3,3,1.8630000000000002,"[3.856, 0.953]",86.9,66.9,349.2,87.2,268.2,86.6,"[[6.27,3.72,115.5],[7.79,5.66,105.4],[9.22,6.35,113.6]]",322.7
aMal359_TSdh_nn_100_2,5657,-1459.8712,5H4,B3O,1,2,"[2_50,6_3,9_10,11_10]","[1,0]",-1,2,4,1,2,1.962,"[2.767, 0.936]",167.6,165.0,77.1,153.8,167.9,87.3,0,0,"[[7.23,3.63,135.4],[7.61,3.99,134.4],[7.73,5.04,114.0],[8.73,6.49,105.6]]","[[[1, 1],'H_O',2.767,'OH'],[[2, 2],'C_O',1.962,'CO']]",[],5H4,2SO,1,2,"[2_50,6_3,9_10]","[1,0]",3,2,1.98,"[2.711, 0.935]",125.0,157.4,75.5,154.9,150.0,82.3,"[[7.11,3.37,140.6],[7.77,3.83,142.8],[7.56,4.94,113.2]]",407.0
aMal272_TSdh_nn_339_1,5256,-1459.8769,5S1,1S3,1,2,"[3_6,11_10,13_11]","[1,0,50]",-1,2,3,1,3,2.191,"[1.747, 0.966]",80.1,315.0,104.8,94.2,209.6,87.3,0,0,"[[8.01,4.93,120.2],[8.0,6.23,100.1],[8.55,4.46,141.0]]","[[[1, 1],'H_O',1.747,'OH'],[[2, 2],'C_O',2.191,'CO']]",[],25B,1S3,1,2,"[3_6,13_11]","[1,0,50]",2,3,2.22,"[1.714, 0.97]",100.7,313.1,105.9,92.3,208.0,83.8,"[[8.2,5.32,116.0],[8.68,4.79,134.4]]",392.0
aMal13_TSdh_nn_047_1,6145,-1459.864,1C4,OS2,-1,-1,"[1_2,2_50,3_6,9_11,13_7]","[3,6]",-1,6,5,3,2,2.2969999999999997,"[0, 0]",163.1,195.0,56.6,173.5,334.9,92.5,0,0,"[[7.16,4.51,114.5],[7.56,3.85,137.2],[5.8,1.97,155.7],[8.0,3.97,143.7],[7.48,5.23,107.3]]","[[[6, 6],'C_O',2.297,'CO']]",[],1C4,3OB,-1,-1,"[1_2,2_50,3_6,9_11,10_13,10_7]","[3,6]",6,2,2.292,"[0, 0]",142.7,164.9,34.1,174.2,4.1,95.0,"[[7.16,4.53,114.3],[7.47,3.68,140.4],[5.99,2.18,153.5],[7.63,3.77,140.7],[8.09,3.72,156.7],[8.26,6.43,100.5]]",425.9
aMal270_TSdh_nn_003_0,1767,-1459.908,E4,3S1,2,1,"[2_1,3_6,9_11,10_7,11_50]","[1,2,50]",-1,1,5,2,3,2.352,"[1.246, 1.323]",173.8,165.0,64.2,124.7,19.2,92.4,0,0,"[[5.45,1.32,153.7],[7.33,3.44,145.5],[7.96,4.34,131.9],[8.07,5.01,119.6],[8.35,4.95,125.1]]","[[[1, 1],'C_O',2.352,'CO'],[[2, 2],'H_O',1.246,'OH']]",[],E4,OS2,2,1,"[2_1,3_6,9_11,10_7,11_13]","[1,2,7,50]",5,4,2.497,"[1.203, 1.419]",204.4,194.1,67.1,127.1,336.6,91.8,"[[5.53,1.42,158.6],[7.2,3.38,144.5],[8.01,3.99,142.7],[8.05,5.06,118.5],[8.53,5.26,121.9]]",310.3
aMal77_TSdh_nn_163_1,3999,-1459.8891,OH5,1C4,1,2,"[9_11,13_7]","[1,6,0]",-1,2,2,1,3,2.8160000000000003,"[1.988, 0.938]",87.6,315.0,315.1,53.4,235.8,174.2,0,0,"[[7.9,4.06,138.3],[7.77,5.26,111.0]]","[[[1, 1],'H_O',1.988,'OH'],[[2, 2],'C_O',2.816,'CO']]",[],OH5,1C4,1,2,[9_11],"[1,6,0]",1,3,2.759,"[1.941, 0.94]",95.4,318.8,319.3,56.6,294.2,174.5,"[[7.56,3.72,140.9]]",360.0
aMal155_TSdh_nn_182_0,1006,-1459.9149,5H4,4C1,2,1,"[1_50,6_3,10_9,11_10,13_11]",[2],-1,1,5,2,1,2.521,"[1.718, 0.963]",157.9,90.0,82.5,115.1,223.3,2.0,0,0,"[[8.93,6.07,114.1],[7.33,3.7,136.3],[7.88,5.91,102.9],[7.83,5.52,107.8],[7.87,4.11,136.4]]","[[[1, 1],'C_O',2.521,'CO'],[[2, 2],'H_O',1.718,'OH']]",[],5S1,4C1,2,1,"[1_9,1_50,6_3,9_10,13_11]",[2],5,1,2.2230000000000003,"[2.604, 0.931]",81.9,68.3,95.5,98.4,241.1,6.2,"[[8.06,4.01,142.9],[8.21,4.99,121.6],[8.26,4.38,136.7],[7.81,5.63,105.9],[8.46,4.68,133.2]]",292.2
aMal420_TSdh_nn_260_0,253,-1459.9333,4E,4C1,2,1,"[2_1,9_10,10_11,11_13]","[1,2]",-1,1,4,1,2,2.378,"[1.216, 1.376]",55.8,45.0,229.3,41.4,130.5,2.5,0,0,"[[5.41,1.38,153.5],[7.84,5.46,108.8],[7.97,5.87,104.5],[7.86,4.18,134.1]]","[[[1, 1],'C_O',2.378,'CO'],[[2, 2],'H_O',1.216,'OH']]",[],3E,4C1,2,1,"[2_1,9_10,10_11,11_13]","[1,2,9,50]",4,4,2.2840000000000003,"[1.322, 1.204]",83.1,49.0,7.2,121.4,182.6,6.2,"[[5.47,1.2,150.1],[7.47,5.26,106.8],[7.96,5.92,103.6],[7.53,4.01,131.7]]",243.9
aMal22_TSdh_nn_050_0,2909,-1459.8978,4C1,1C4,3,2,"[2_1,9_11,10_13]","[3,9,50]",3,2,3,1,3,2.077,"[3.074, 0.932]",277.2,60.0,189.2,13.7,291.2,176.4,0,0,"[[8.05,5.93,104.6],[7.71,3.94,137.4],[8.78,4.87,134.4]]","[[[3, 4],'C_C',1.808,'bb'],[[2, 2],'C_O',2.077,'CO'],[[3, 3],'H_O',3.074,'OH']]",[],4C1,1C4,3,2,"[2_1,9_11,10_13]","[3,9,50]",3,3,2.0340000000000003,"[2.656, 0.939]",268.9,75.2,207.2,17.2,280.4,173.0,"[[8.17,5.99,105.2],[7.07,3.49,136.9],[8.2,4.41,134.7]]",337.1
aMal281_TSdh_nn_332_1,5029,-1459.8795,1S3,OS2,1,2,"[9_50,11_9]","[1,0]",-1,2,2,0,2,2.1069999999999998,"[2.198, 0.942]",67.6,15.0,196.4,87.7,331.1,92.3,0,0,"[[6.7,4.26,112.3],[8.37,4.74,130.0]]","[[[1, 1],'H_O',2.198,'OH'],[[2, 2],'C_O',2.107,'CO']]",[],1S5,OS2,1,2,"[3_7,9_6,9_50,11_9]","[1,0]",4,2,2.077,"[2.092, 0.953]",73.3,18.4,259.1,70.4,330.9,92.2,"[[7.7,3.62,148.0],[8.36,3.84,159.6],[6.75,4.61,106.7],[8.26,4.65,129.9]]",385.2
aMal225_TSdh_nn_123_0,5761,-1459.8699,2SO,5S1,2,3,[],"[1,2]",1,3,0,0,2,2.13,"[2.158, 0.95]",86.8,60.0,157.0,79.2,85.7,84.0,0,0,[],"[[[1, 2],'C_C',1.768,'bb'],[[2, 2],'H_O',2.158,'OH'],[[3, 3],'C_O',2.13,'CO']]",[],2SO,5S1,2,3,[],"[1,2]",0,2,2.206,"[2.128, 0.946]",102.8,50.3,157.2,78.8,93.2,80.2,[],410.4
aMal203_TSdh_nn_072_0,762,-1459.9185,5S1,3S1,1,2,"[1_2,9_50,11_50,13_7]","[1,9,0,50]",-1,2,4,2,4,2.104,"[1.477, 1.059]",77.0,60.0,101.5,97.8,34.0,88.0,0,0,"[[5.8,1.06,147.4],[7.07,4.68,110.5],[7.84,3.88,143.2],[7.39,5.25,106.0]]","[[[1, 1],'H_O',1.477,'OH'],[[2, 2],'C_O',2.104,'CO']]",[],5E,3S1,-1,-1,"[1_2,6_3,9_2]","[1,9,11,0,50]",3,5,2.171,"[0, 0]",75.9,92.4,108.7,108.6,22.0,89.7,"[[5.51,1.77,153.1],[6.08,3.62,114.1],[7.39,3.19,156.6]]",282.8
aMal190_TSdh_nn_272_0,2109,-1459.905,4C1,1C4,1,2,"[9_50,11_9,13_1,13_7]","[1,13]",-1,2,4,1,2,1.98,"[3.943, 0.946]",288.7,75.0,54.5,20.9,262.6,175.3,0,0,"[[7.25,4.77,111.6],[7.83,4.0,138.6],[5.24,3.4,104.8],[7.87,5.27,112.2]]","[[[1, 1],'H_O',3.943,'OH'],[[2, 2],'C_O',1.98,'CO']]",[],4C1,1C4,1,2,"[9_50,11_9,13_1,13_7]","[1,13]",4,2,1.9680000000000002,"[3.898, 0.943]",279.6,66.7,55.1,21.7,273.9,173.6,"[[7.48,5.51,103.2],[7.84,4.05,137.3],[7.64,4.45,123.2],[7.5,5.01,110.7]]",318.2
aMal400_TSdh_nn_072_0,1333,-1459.9117,5S1,3S1,1,2,"[1_2,9_11,10_7,13_7]","[1,9,0,50]",-1,2,4,1,4,2.104,"[1.477, 1.059]",77.0,60.0,101.5,97.8,15.1,90.7,0,0,"[[5.8,1.06,147.4],[8.27,5.03,122.2],[7.93,4.83,120.7],[7.48,5.23,107.5]]","[[[1, 1],'H_O',1.477,'OH'],[[2, 2],'C_O',2.104,'CO']]",[],25B,OS2,1,2,"[1_2,6_3,9_11,10_7]","[1,9,0,50]",4,4,2.1069999999999998,"[1.403, 1.108]",123.8,52.5,110.6,101.7,333.9,92.7,"[[5.66,1.11,150.8],[6.8,4.38,111.5],[7.66,3.77,141.6],[8.13,5.2,117.2]]",300.6
aMal119_TSdh_nn_093_0,4274,-1459.8870000000006,B3O,1S5,3,2,"[2_1,9_3,9_50,11_13]","[3,9,50]",3,2,4,1,3,2.039,"[2.819, 0.933]",276.4,15.0,168.2,75.7,269.6,84.7,0,0,"[[6.8,4.34,112.3],[8.09,4.03,143.9],[7.29,4.82,111.2],[8.62,5.52,118.6]]","[[[3, 4],'C_C',1.832,'bb'],[[2, 2],'C_O',2.039,'CO'],[[3, 3],'H_O',2.819,'OH']]",[],B3O,1S3,3,2,"[2_1,10_11]","[3,9,50]",2,3,2.065,"[2.526, 0.937]",265.0,57.5,169.5,76.0,210.1,87.7,"[[7.14,4.71,110.9],[7.68,5.61,104.4]]",365.5
aMal209_TSdh_nn_184_0,5309,-1459.876,3S1,2SO,1,2,"[1_2,3_0,6_0,9_50,10_11]","[1,2,9,50]",-1,2,5,1,4,2.164,"[1.388, 1.126]",87.0,60.0,16.2,77.1,156.0,81.8,0,0,"[[5.53,1.13,147.3],[6.62,3.6,123.9],[7.9,6.11,100.4],[6.74,4.53,108.2],[8.62,6.34,106.2]]","[[[1, 1],'H_O',1.388,'OH'],[[2, 2],'C_O',2.164,'CO']]",[],3S1,2SO,1,2,"[1_2,3_0,6_0,9_10]","[1,9,50]",4,3,2.178,"[1.516, 1.034]",53.8,43.8,25.7,78.2,154.4,80.2,"[[6.0,1.03,150.1],[6.55,3.48,125.4],[7.77,5.83,102.7],[7.07,4.62,111.3]]",394.4
aMal289_TSdh_nn_128_0,5186,-1459.8778,3S1,4C1,-1,-1,"[1_9,1_50,3_6,9_2,10_9,11_10]","[3,6]",-1,6,6,2,2,2.231,"[0, 0]",42.0,75.0,36.0,99.6,173.5,1.6,0,0,"[[6.97,3.76,127.3],[7.85,4.05,137.3],[6.03,2.19,153.0],[7.11,4.14,121.6],[7.83,5.8,103.8],[7.9,5.57,108.0]]","[[[6, 6],'C_O',2.231,'CO']]",[],3S1,4C1,-1,-1,"[1_9,1_50,3_6,9_10]","[3,6]",4,2,2.263,"[0, 0]",64.1,56.0,42.3,99.4,260.1,6.2,"[[8.62,4.09,155.0],[7.89,4.49,126.3],[6.16,2.38,149.9],[8.08,6.03,103.6]]",389.6
aMal193_TSdh_nn_104_1,1816,-1459.9075,25B,4C1,1,2,"[9_10,10_11]","[1,0,50]",-1,2,2,0,3,2.218,"[1.839, 0.952]",83.2,30.0,110.4,101.0,264.0,4.3,0,0,"[[8.12,5.99,104.8],[8.33,5.97,107.6]]","[[[1, 1],'H_O',1.839,'OH'],[[2, 2],'C_O',2.218,'CO']]",[],25B,4C1,1,2,"[1_2,9_10,10_11]","[1,9,0,50]",3,4,2.124,"[1.442, 1.083]",65.8,48.6,105.6,98.3,199.3,7.8,"[[5.75,1.08,149.8],[7.67,5.69,103.1],[8.32,5.99,107.2]]",311.6
aMal186_TSdh_nn_015_1,1179,-1459.9129999999998,3OB,OS2,3,2,"[2_1,9_50,10_7,11_9,13_11]","[3,6,0]",-1,2,5,1,3,1.87,"[3.851, 0.954]",85.4,15.0,348.1,87.3,334.2,91.0,0,0,"[[6.28,3.81,113.8],[6.68,4.34,110.7],[8.18,5.11,119.5],[8.28,4.7,129.2],[9.13,4.97,138.7]]","[[[2, 2],'C_O',1.87,'CO'],[[3, 3],'H_O',3.851,'OH']]",[],3OB,OS2,3,2,"[2_1,6_13,9_50,10_7,11_9]","[3,6,0]",5,3,1.857,"[3.853, 0.95]",82.8,39.8,347.5,86.7,332.8,91.6,"[[6.25,3.67,116.2],[7.66,3.23,172.3],[6.94,5.2,100.7],[8.22,5.38,115.3],[8.24,4.68,129.0]]",297.2
aMal213_TSdh_nn_340_0,5341,-1459.8757,B3O,5S1,3,2,[2_1],"[3,11,50]",3,2,1,0,3,2.023,"[2.855, 0.933]",273.9,105.0,167.4,80.7,87.6,79.2,0,0,"[[6.71,4.24,112.5]]","[[[3, 4],'C_C',1.846,'bb'],[[2, 2],'C_O',2.023,'CO'],[[3, 3],'H_O',2.855,'OH']]",[],B3O,25B,3,2,[2_1],"[3,11,7,50]",1,4,2.025,"[2.651, 0.937]",286.6,109.4,166.4,81.2,113.9,84.8,"[[6.91,4.38,113.2]]",395.1
aMal225_TSdh_nn_329_0,3870,-1459.8902,4C1,5S1,2,3,[],"[1,2]",1,3,0,0,2,2.24,"[3.049, 0.931]",92.2,60.0,169.3,8.0,85.7,84.0,0,0,[],"[[[1, 2],'C_C',1.724,'bb'],[[2, 2],'H_O',3.049,'OH'],[[3, 3],'C_O',2.24,'CO']]",[],4C1,4C1,2,3,"[9_10,10_11,11_13]","[1,2]",3,2,2.512,"[2.032, 0.942]",76.9,66.2,144.6,8.2,137.8,5.3,"[[7.83,5.53,107.6],[8.06,6.1,102.5],[7.56,3.99,133.1]]",357.1
aMal174_TSdh_nn_290_0,1434,-1459.9107,E1,1C4,1,2,"[11_9,13_10]","[1,50]",-1,2,2,1,2,1.9369999999999998,"[2.298, 0.945]",97.3,60.0,56.6,59.7,225.9,173.7,0,0,"[[8.21,4.71,127.8],[7.66,3.63,147.5]]","[[[1, 1],'H_O',2.298,'OH'],[[2, 2],'C_O',1.937,'CO']]",[],E1,1C4,1,2,"[3_6,11_9,13_10]","[1,9,7,50]",3,4,1.9140000000000001,"[2.367, 0.942]",162.7,89.4,51.5,68.7,253.8,168.8,"[[8.24,3.99,148.7],[8.12,4.28,137.1],[7.78,3.94,139.3]]",303.2
aMal39_TSdh_nn_025_0,659,-1459.9216,3E,1S3,2,1,"[2_1,9_50,11_10,13_7]","[1,2,9,50]",-1,1,4,1,4,2.296,"[1.327, 1.192]",151.5,90.0,11.7,115.1,211.6,88.1,0,0,"[[5.5,1.19,151.4],[6.82,4.32,113.0],[7.49,5.11,109.3],[7.99,5.54,109.7]]","[[[1, 1],'C_O',2.296,'CO'],[[2, 2],'H_O',1.327,'OH']]",[],3E,1S3,2,1,"[2_1,11_10,13_6]","[1,2,9,7,50]",3,5,2.3369999999999997,"[1.327, 1.199]",169.8,86.4,0.7,120.8,212.6,92.4,"[[5.52,1.2,151.8],[7.65,5.61,104.1],[8.04,3.88,148.4]]",274.6
aMal251_TSdh_nn_184_1,3828,-1459.8906,3S1,5S1,1,2,"[1_2,3_0,6_0,10_13]","[1,2,50]",-1,2,4,2,3,2.164,"[1.388, 1.126]",87.0,45.0,16.2,77.1,87.2,78.2,0,0,"[[5.53,1.13,147.3],[6.62,3.6,123.9],[7.9,6.11,100.4],[8.53,4.47,140.0]]","[[[1, 1],'H_O',1.388,'OH'],[[2, 2],'C_O',2.164,'CO']]",[],3S1,5S1,1,2,"[1_2,3_0,6_0,10_13]","[1,9,50]",4,3,2.175,"[1.477, 1.056]",60.7,32.0,24.9,79.0,86.4,84.6,"[[5.9,1.06,151.4],[6.64,3.57,124.8],[7.85,5.86,103.1],[8.14,4.18,139.8]]",356.0
aMal414_TSdh_nn_047_1,5500,-1459.8734,1C4,4C1,-1,-1,"[1_2,2_50,3_6,9_10,10_11]","[3,6]",-1,6,5,2,2,2.2969999999999997,"[0, 0]",163.1,210.0,56.6,173.5,109.6,4.8,0,0,"[[7.16,4.51,114.5],[7.56,3.85,137.2],[5.8,1.97,155.7],[7.84,5.51,108.1],[8.4,6.11,106.7]]","[[[6, 6],'C_O',2.297,'CO']]",[],1C4,4C1,-1,-1,"[1_2,2_50,3_6,9_10,10_11]","[3,6]",5,2,2.333,"[0, 0]",195.5,178.7,70.9,175.3,148.2,4.0,"[[7.21,4.58,114.1],[7.68,3.91,138.0],[5.79,1.93,156.3],[7.69,5.36,108.2],[8.33,5.99,107.3]]",401.2
aMal97_TSdh_nn_302_0,1177,-1459.9129999999998,E1,1C4,1,2,"[2_3,11_9,11_7,13_10]","[1,50]",-1,2,4,0,2,1.886,"[2.964, 0.935]",115.1,60.0,56.5,54.7,144.5,178.8,0,0,"[[8.38,6.41,102.1],[7.92,4.7,123.2],[8.53,6.37,104.6],[8.44,4.64,133.8]]","[[[1, 1],'H_O',2.964,'OH'],[[2, 2],'C_O',1.886,'CO']]",[],E1,1C4,1,2,"[3_6,9_11]","[1,9,50]",2,3,1.9169999999999998,"[2.399, 0.941]",141.0,62.3,53.6,67.9,269.4,172.3,"[[8.42,4.15,147.3],[7.25,3.39,144.4]]",297.2
aMal320_TSdh_nn_254_1,3869,-1459.8902,4H5,4C1,1,2,"[6_50,9_50,10_11,13_7]","[1,0]",-1,2,4,0,2,2.016,"[2.168, 0.949]",53.7,45.0,264.1,65.6,199.9,1.2,0,0,"[[7.95,4.62,125.5],[7.45,5.37,104.9],[8.14,5.65,109.9],[7.52,5.39,105.5]]","[[[1, 1],'H_O',2.168,'OH'],[[2, 2],'C_O',2.016,'CO']]",[],E5,4C1,1,2,"[3_7,9_10,10_11]","[1,6,0]",3,3,2.2,"[1.877, 0.961]",314.8,91.4,290.7,55.3,154.6,4.8,"[[9.51,5.38,135.6],[7.79,5.49,107.6],[8.34,6.11,105.8]]",357.1
aMal100_TSdh_nn_327_0,1932,-1459.9064,E1,3S1,1,2,"[2_3,9_11,11_50,13_7]",[1],-1,2,4,0,1,1.98,"[2.875, 0.931]",84.1,60.0,52.1,25.6,24.7,92.6,0,0,"[[7.42,4.72,114.6],[8.63,4.92,130.3],[7.83,4.12,135.0],[7.5,5.31,106.5]]","[[[1, 1],'H_O',2.875,'OH'],[[2, 2],'C_O',1.98,'CO']]",[],E1,OS2,1,2,"[3_6,9_11]","[1,9,50]",2,3,1.942,"[2.38, 0.941]",96.1,55.2,52.1,68.6,336.5,92.5,"[[8.35,4.07,148.5],[7.66,3.62,146.8]]",314.5
aMal225_TSdh_nn_155_2,3035,-1459.8966,5S1,5S1,1,2,[2_3],"[1,11,0,50]",-1,0,1,0,4,2.017,"[2.857, 0.939]",80.8,120.0,91.7,79.1,85.7,84.0,0,0,"[[6.66,4.03,115.5]]","[[[0, 1],'C_O',2.017,'bb'],[[1, 1],'H_O',2.857,'OH'],[[2, 2],'C_O',1.811,'CO']]",[],5S1,5S1,1,2,"[2_3,3_9]","[1,11,0,50]",2,4,2.051,"[2.821, 0.939]",107.8,140.2,99.4,76.1,94.2,81.0,"[[6.5,3.59,121.8],[8.67,4.65,137.6]]",340.3
aMal103_TSdh_nn_064_1,6240,-1459.8621,5S1,3S1,3,6,"[1_50,2_1,3_6]","[2,3]",-1,6,3,2,2,2.206,"[1.495, 1.082]",163.5,165.0,83.9,89.5,27.9,87.7,0,0,"[[7.55,3.58,145.7],[8.61,6.22,107.6],[6.32,1.08,164.9]]","[[[3, 3],'H_O',1.495,'OH'],[[6, 6],'C_O',2.206,'CO']]",[],5S1,5S1,3,6,"[1_50,2_1,3_6]","[2,3]",3,2,2.207,"[1.471, 1.093]",186.0,180.7,85.6,90.4,89.9,80.1,"[[7.51,3.57,144.5],[8.34,5.84,109.6],[6.26,1.09,167.3]]",430.8
aMal55_TSdh_nn_231_2,3672,-1459.8917,5H4,5S1,2,1,"[1_11,1_50,9_50]",[2],-1,1,3,1,1,2.544,"[1.763, 0.956]",161.2,135.0,83.2,111.0,87.2,89.1,0,0,"[[7.19,3.27,149.3],[8.82,5.92,115.0],[7.76,5.13,112.8]]","[[[1, 1],'C_O',2.544,'CO'],[[2, 2],'H_O',1.763,'OH']]",[],5S1,25B,2,1,"[1_11,9_50,10_9]",[2],3,1,2.352,"[3.397, 0.934]",187.6,81.3,103.8,98.6,131.3,83.7,"[[8.32,3.95,152.6],[7.19,4.82,110.0],[8.18,5.93,106.4]]",353.1
aMal281_TSdh_nn_260_2,2064,-1459.9053,4E,OS2,2,1,"[2_1,9_50,11_9]","[1,2]",-1,1,3,1,2,2.378,"[1.216, 1.376]",55.8,135.0,229.3,41.4,331.1,92.3,0,0,"[[5.41,1.38,153.5],[6.7,4.26,112.3],[8.37,4.74,130.0]]","[[[1, 1],'C_O',2.378,'CO'],[[2, 2],'H_O',1.216,'OH']]",[],2H3,OS2,-1,-1,"[2_1,3_50,6_13,9_50,11_9]","[1,2,3]",5,3,2.55,"[0, 0]",161.6,61.6,159.7,65.6,326.5,93.4,"[[5.52,1.88,148.2],[8.0,5.72,107.1],[8.05,3.69,156.8],[6.91,4.74,107.2],[8.65,5.14,126.0]]",317.4
aMal2_TSdh_nn_073_1,5171,-1459.8779,1S3,4C1,3,2,"[1_2,10_9,11_10,13_7]","[3,50]",3,2,4,0,2,2.136,"[2.377, 0.941]",166.4,150.0,197.5,75.2,223.5,2.2,0,0,"[[7.75,5.56,106.0],[8.16,6.32,100.9],[8.0,5.85,105.2],[7.53,5.43,105.1]]","[[[3, 4],'C_C',1.726,'bb'],[[2, 2],'C_O',2.136,'CO'],[[3, 3],'H_O',2.377,'OH']]",[],B3O,4C1,3,2,"[1_2,9_10]","[3,11]",2,2,2.206,"[2.063, 0.947]",157.6,186.5,170.7,80.5,82.5,12.9,"[[7.96,5.28,113.4],[7.76,5.63,105.1]]",389.4
aMal422_TSdh_nn_273_2,1788,-1459.9078,4C1,1S3,1,2,[10_11],"[1,6]",-1,2,1,0,2,2.056,"[2.33, 0.946]",69.4,135.0,28.6,16.3,218.6,86.5,0,0,"[[7.65,5.4,107.2]]","[[[1, 1],'H_O',2.33,'OH'],[[2, 2],'C_O',2.056,'CO']]",[],4C1,4C1,1,2,"[3_9,9_10,10_11]","[1,6]",3,2,2.0909999999999997,"[2.364, 0.937]",104.8,114.5,23.5,20.0,197.6,2.2,"[[7.72,3.34,164.3],[7.8,5.55,106.8],[8.18,6.33,101.0]]",310.9
aMal13_TSdh_nn_018_2,1596,-1459.9095,OS2,OS2,2,1,"[9_11,13_7]","[2,50]",-1,1,2,1,2,2.835,"[1.756, 0.956]",122.4,195.0,321.6,104.1,334.9,92.5,0,0,"[[8.0,3.97,143.7],[7.48,5.23,107.3]]","[[[1, 1],'C_O',2.835,'CO'],[[2, 2],'H_O',1.756,'OH']]",[],OS2,OS2,2,1,"[3_9,9_11,13_7]","[2,7,50]",3,3,2.861,"[1.723, 0.963]",75.4,253.2,318.0,100.7,319.4,103.9,"[[9.27,5.68,125.3],[7.91,3.93,142.7],[8.04,6.11,102.2]]",306.4
aMal174_TSdh_nn_094_0,816,-1459.9177,E1,1C4,1,2,"[11_9,13_10]","[1,50]",-1,2,2,1,2,1.9380000000000002,"[2.459, 0.941]",103.5,60.0,51.0,61.3,225.9,173.7,0,0,"[[8.21,4.71,127.8],[7.66,3.63,147.5]]","[[[1, 1],'H_O',2.459,'OH'],[[2, 2],'C_O',1.938,'CO']]",[],E1,1C4,1,2,"[3_6,9_11,13_10]","[1,9,7,50]",3,4,1.989,"[2.084, 0.952]",159.7,87.2,46.2,70.3,266.9,166.9,"[[8.1,3.81,151.9],[7.34,3.59,140.0],[7.79,3.97,138.7]]",284.9
aMal40_TSdh_nn_165_0,2621,-1459.9002,E1,OS2,1,2,"[9_11,13_7]","[1,9,50]",-1,2,2,1,3,1.9340000000000002,"[2.2, 0.948]",96.2,60.0,50.0,66.0,333.8,91.9,0,0,"[[8.22,4.06,145.7],[7.65,5.39,107.3]]","[[[1, 1],'H_O',2.2,'OH'],[[2, 2],'C_O',1.934,'CO']]",[],E1,OS2,1,2,"[2_3,9_11]","[1,9,50]",2,3,1.8719999999999999,"[2.921, 0.936]",147.1,50.1,59.4,54.5,328.6,97.2,"[[8.03,5.78,106.3],[7.47,3.69,139.6]]",330.8
aMal79_TSdh_nn_003_1,854,-1459.9173,E4,5S1,2,1,"[2_1,3_6,9_50,13_10]","[1,2,11,50]",-1,1,4,3,4,2.352,"[1.246, 1.323]",173.8,135.0,64.2,124.7,85.6,85.9,0,0,"[[5.45,1.32,153.7],[7.33,3.44,145.5],[7.87,5.26,112.3],[8.11,4.02,144.6]]","[[[1, 1],'C_O',2.352,'CO'],[[2, 2],'H_O',1.246,'OH']]",[],3E,5S1,2,1,"[2_1,3_6,13_10]","[1,2,11,7,50]",3,5,2.353,"[1.358, 1.158]",170.0,118.5,348.9,112.8,103.2,97.2,"[[5.57,1.16,151.4],[7.92,3.75,149.7],[8.32,4.61,132.0]]",285.9
aMal384_TSdh_nn_131_2,5738,-1459.8703,25B,OS2,1,2,"[9_50,11_9,13_11]","[1,0,50]",-1,2,3,1,3,2.244,"[1.791, 0.962]",89.9,150.0,113.5,98.7,329.1,91.4,0,0,"[[6.74,4.34,111.4],[8.68,5.1,127.3],[8.87,4.73,139.9]]","[[[1, 1],'H_O',1.791,'OH'],[[2, 2],'C_O',2.244,'CO']]",[],5S1,OS2,1,2,"[9_1,11_9,13_11]","[1,9,0,50]",3,4,2.296,"[1.787, 0.959]",72.8,121.3,101.9,100.1,326.5,90.7,"[[7.7,3.77,142.3],[9.78,6.18,123.9],[9.23,5.9,120.8]]",409.3
aMal291_TSdh_nn_356_0,4002,-1459.889,E3,5S1,-1,-1,"[2_1,11_50]","[1,2,3]",-1,1,2,2,3,2.511,"[0, 0]",57.3,60.0,179.2,49.3,87.2,89.1,0,0,"[[5.42,1.66,150.2],[7.74,3.76,144.2]]","[[[1, 1],'C_O',2.511,'CO']]",[],2H3,5S1,-1,-1,"[2_1,3_7,11_50]","[1,2,3]",3,3,2.508,"[0, 0]",56.4,40.9,159.7,64.0,84.8,90.1,"[[5.53,1.89,148.5],[7.31,3.7,135.4],[7.79,4.09,135.2]]",360.2
aMal41_TSdh_nn_153_1,3277,-1459.8946,5S1,3OB,1,2,"[3_6,9_11,10_7]","[1,9,0,50]",-1,2,3,1,4,2.238,"[1.856, 0.949]",84.3,45.0,103.8,102.0,13.9,90.8,0,0,"[[8.2,3.94,149.4],[8.2,4.9,123.6],[7.85,4.74,121.5]]","[[[1, 1],'H_O',1.856,'OH'],[[2, 2],'C_O',2.238,'CO']]",[],5S1,OS2,1,2,"[3_6,9_11,10_7,11_13]","[1,9,0,50]",4,4,2.262,"[1.77, 0.957]",87.1,69.8,102.7,102.0,334.9,92.3,"[[7.86,3.7,149.6],[7.67,3.72,143.5],[8.17,5.22,117.3],[8.52,5.22,122.4]]",345.5
aMal477_TSdh_nn_018_1,104,-1459.9379,OS2,5S1,2,1,"[10_13,11_50]","[2,11,50]",-1,1,2,2,3,2.835,"[1.756, 0.956]",122.4,105.0,321.6,104.1,83.2,92.2,0,0,"[[8.69,4.28,150.6],[7.59,3.58,147.2]]","[[[1, 1],'C_O',2.835,'CO'],[[2, 2],'H_O',1.756,'OH']]",[],3E,3S1,2,1,"[2_1,3_6,10_13,11_1]","[2,9,11,50]",4,4,2.411,"[1.327, 1.207]",158.0,73.5,354.9,110.2,39.2,96.3,"[[5.75,1.21,162.4],[7.76,3.6,151.3],[8.9,5.32,126.4],[7.2,3.06,157.6]]",231.8
aMal195_TSdh_nn_116_2,6091,-1459.8651,5S1,5S1,3,6,"[1_50,2_1,3_6,11_50,13_10]","[2,3]",-1,6,5,4,2,2.221,"[1.518, 1.069]",79.2,120.0,83.4,88.7,89.8,87.5,0,0,"[[7.67,3.64,146.4],[8.67,6.29,107.3],[6.4,1.07,164.7],[7.73,3.73,145.2],[8.7,4.34,148.4]]","[[[3, 3],'H_O',1.518,'OH'],[[6, 6],'C_O',2.221,'CO']]",[],5S1,5S1,3,6,"[1_9,1_50,2_1,3_6,11_50,13_10]","[2,3]",6,2,2.215,"[1.508, 1.073]",92.3,71.8,85.7,90.2,84.4,92.2,"[[9.3,4.74,148.4],[7.64,3.96,134.7],[8.47,6.02,108.6],[6.38,1.07,166.4],[7.64,3.85,139.1],[9.45,5.42,133.7]]",423.0
aMal107_TSdh_nn_001_0,633,-1459.9227,3H4,3S1,2,1,"[2_1,9_50,10_13,11_50]","[1,2,11,50]",-1,1,4,3,4,2.267,"[1.282, 1.257]",167.5,150.0,33.3,120.5,29.9,85.8,0,0,"[[5.43,1.26,151.8],[7.01,4.61,110.9],[7.75,3.48,157.8],[8.1,4.09,142.2]]","[[[1, 1],'C_O',2.267,'CO'],[[2, 2],'H_O',1.282,'OH']]",[],3E,25B,2,1,"[2_1,10_13]","[1,2,11,7,50]",2,5,2.335,"[1.303, 1.225]",152.6,148.5,14.2,123.4,105.9,89.1,"[[5.49,1.23,152.9],[8.36,4.43,137.4]]",271.7
aMal217_TSdh_nn_003_0,743,-1459.9189999999999,E4,5S1,2,1,"[2_1,3_6,11_50]","[1,2,50]",-1,1,3,3,3,2.352,"[1.246, 1.323]",173.8,195.0,64.2,124.7,89.5,80.8,0,0,"[[5.45,1.32,153.7],[7.33,3.44,145.5],[8.3,4.28,140.4]]","[[[1, 1],'C_O',2.352,'CO'],[[2, 2],'H_O',1.246,'OH']]",[],3E,25B,2,1,"[2_1,3_6]","[1,2,11,50]",2,4,2.416,"[1.309, 1.219]",126.3,154.7,356.0,114.5,114.8,84.9,"[[5.54,1.22,154.7],[7.6,3.81,139.1]]",281.5
aMal213_TSdh_nn_040_0,4451,-1459.8857,5H4,5S1,1,2,[6_3],"[1,0]",-1,2,1,0,2,2.037,"[2.02, 0.96]",68.0,60.0,93.6,144.0,87.6,79.2,0,0,"[[7.61,4.03,133.2]]","[[[1, 1],'H_O',2.02,'OH'],[[2, 2],'C_O',2.037,'CO']]",[],5E,5S1,1,2,"[1_2,6_3]","[1,2,9,0,50]",2,5,2.877,"[1.583, 1.02]",67.9,35.6,112.5,107.7,94.3,81.1,"[[6.36,1.02,152.3],[7.84,4.93,117.5]]",368.9
aMal248_TSdh_nn_020_2,1112,-1459.9138,5S1,5S1,1,2,"[1_2,6_3,11_50,13_7]","[1,11,0,50]",-1,2,4,2,4,2.099,"[1.424, 1.091]",78.3,105.0,104.2,102.2,87.5,82.2,0,0,"[[5.69,1.09,149.8],[6.58,4.38,108.2],[7.96,4.0,141.7],[7.39,4.83,112.7]]","[[[1, 1],'H_O',1.424,'OH'],[[2, 2],'C_O',2.099,'CO']]",[],25B,3OB,1,2,"[1_2,6_3,10_7]","[1,9,11,0,50]",3,5,2.101,"[1.38, 1.127]",135.0,62.1,106.7,104.0,356.5,90.1,"[[5.62,1.13,151.8],[6.42,3.96,113.3],[7.99,4.88,120.9]]",295.1
aMal163_TSdh_nn_262_1,3436,-1459.8934,4C1,1S3,1,2,"[2_3,10_11,11_13]",[1],-1,2,3,0,1,1.989,"[3.87, 0.93]",288.0,15.0,53.7,21.1,211.4,88.1,0,0,"[[6.84,4.08,117.5],[7.54,5.2,108.6],[7.99,4.5,128.7]]","[[[1, 1],'H_O',3.87,'OH'],[[2, 2],'C_O',1.989,'CO']]",[],4C1,1S5,1,2,"[2_3,3_9]","[1,13]",2,2,1.9709999999999999,"[3.888, 0.929]",295.0,8.5,54.9,16.3,268.6,85.1,"[[6.72,3.55,127.2],[8.51,3.91,161.9]]",348.7
aMal94_TSdh_nn_187_0,1813,-1459.9077,3S1,3S1,-1,-1,"[1_2,3_6,3_0,9_50,13_7]","[1,2,9,50]",-1,2,5,2,4,2.253,"[0, 0]",93.2,60.0,25.9,79.2,36.5,86.0,0,0,"[[5.52,1.83,150.5],[7.37,3.27,150.3],[6.94,4.85,104.7],[7.46,4.66,116.7],[7.43,5.19,107.3]]","[[[2, 2],'C_O',2.253,'CO']]",[],3S1,3S1,1,2,"[1_2,3_6,9_2]","[1,9,11,50]",3,4,2.166,"[1.338, 1.183]",86.1,71.6,30.8,84.0,19.1,89.7,"[[5.67,1.18,158.0],[6.9,2.85,156.3],[7.64,3.49,151.2]]",311.1
aMal39_TSdh_nn_073_1,4180,-1459.8879,1S3,1S3,3,2,"[1_2,9_50,11_10,13_7]","[3,50]",3,2,4,0,2,2.136,"[2.377, 0.941]",166.4,180.0,197.5,75.2,211.6,88.1,0,0,"[[7.75,5.56,106.0],[6.82,4.32,113.0],[7.49,5.11,109.3],[7.99,5.54,109.7]]","[[[3, 4],'C_C',1.726,'bb'],[[2, 2],'C_O',2.136,'CO'],[[3, 3],'H_O',2.377,'OH']]",[],1S3,1S5,3,2,"[1_2,9_3]","[3,13,7]",2,3,2.164,"[2.443, 0.938]",99.9,236.5,195.9,76.2,270.3,89.4,"[[7.66,5.21,110.2],[6.98,2.74,170.9]]",363.1
aMal346_TSdh_nn_184_1,3848,-1459.8903,3S1,OS2,1,2,"[1_2,3_0,6_0,9_11,10_7,13_7]","[1,2,50]",-1,2,6,2,3,2.164,"[1.388, 1.126]",87.0,15.0,16.2,77.1,339.1,91.1,0,0,"[[5.53,1.13,147.3],[6.62,3.6,123.9],[7.9,6.11,100.4],[7.99,3.88,146.3],[7.9,4.78,121.4],[7.64,5.87,100.4]]","[[[1, 1],'H_O',1.388,'OH'],[[2, 2],'C_O',2.164,'CO']]",[],3S1,OS2,1,2,"[1_2,3_0,9_11,10_13,10_7]","[1,2,9,50]",5,4,2.16,"[1.329, 1.188]",147.2,51.0,18.4,75.2,335.0,103.3,"[[5.46,1.19,149.9],[6.6,3.58,123.9],[7.07,3.27,144.2],[9.78,4.98,153.4],[8.07,5.99,103.9]]",356.8
aMal190_TSdh_nn_187_1,5085,-1459.8787,3S1,1C4,-1,-1,"[1_2,3_6,3_0,9_50,11_9,13_7]","[1,2,50]",-1,2,6,3,3,2.253,"[0, 0]",93.2,330.0,25.9,79.2,262.6,175.3,0,0,"[[5.52,1.83,150.5],[7.37,3.27,150.3],[6.94,4.85,104.7],[7.25,4.77,111.6],[7.83,4.0,138.6],[7.87,5.27,112.2]]","[[[2, 2],'C_O',2.253,'CO']]",[],3S1,1C4,-1,-1,"[1_2,3_6,3_0,11_9,13_7]","[1,2,50]",5,3,2.2359999999999998,"[0, 0]",102.8,320.1,28.4,80.0,271.0,175.5,"[[5.55,1.92,148.6],[6.99,2.88,157.0],[7.2,5.28,101.6],[8.24,4.92,123.9],[7.93,6.02,102.2]]",387.3
aMal398_TSdh_nn_004_2,2381,-1459.9025,4E,1S3,2,1,"[3_50,10_11]","[2,3]",-1,1,2,0,2,2.5810000000000004,"[2.219, 0.935]",288.8,135.0,253.2,42.8,211.9,87.3,0,0,"[[8.36,5.97,108.0],[7.65,5.41,107.0]]","[[[1, 1],'C_O',2.581,'CO'],[[2, 2],'H_O',2.219,'OH']]",[],4H5,2SO,2,1,"[3_7,3_50]","[2,3]",2,2,2.701,"[2.147, 0.939]",311.7,86.8,255.4,43.3,159.9,77.5,"[[7.64,3.69,143.0],[8.48,6.47,102.4]]",324.8
aMal103_TSdh_nn_127_2,1051,-1459.9141,E1,3S1,1,2,[3_6],"[1,11,50]",-1,2,1,1,3,1.9769999999999999,"[2.292, 0.943]",91.9,135.0,50.1,69.5,27.9,87.7,0,0,"[[8.11,3.87,149.7]]","[[[1, 1],'H_O',2.292,'OH'],[[2, 2],'C_O',1.977,'CO']]",[],E1,3S1,1,2,[3_6],"[1,9,11,50]",1,4,2.009,"[2.086, 0.952]",94.1,70.5,46.6,70.6,24.3,88.0,"[[8.12,3.83,152.0]]",294.3
aMal404_TSdh_nn_047_1,5615,-1459.8719,1C4,4C1,-1,-1,"[1_2,2_50,3_6,9_10,10_11]","[3,6]",-1,6,5,2,2,2.2969999999999997,"[0, 0]",163.1,165.0,56.6,173.5,203.4,1.4,0,0,"[[7.16,4.51,114.5],[7.56,3.85,137.2],[5.8,1.97,155.7],[8.05,5.86,105.7],[8.31,5.95,107.7]]","[[[6, 6],'C_O',2.297,'CO']]",[],1C4,4C1,-1,-1,"[1_2,2_50,3_6,9_10,10_11]","[3,6]",5,2,2.331,"[0, 0]",194.9,179.0,71.0,175.6,154.1,4.9,"[[7.22,4.59,114.0],[7.68,3.9,138.0],[5.77,1.91,156.3],[7.67,5.33,108.4],[8.33,5.97,107.8]]",405.1
aMal223_TSdh_nn_187_0,1459,-1459.9106,3S1,3S1,-1,-1,"[1_2,3_6,3_0,10_13,11_50]","[1,2,9,50]",-1,2,5,4,4,2.253,"[0, 0]",93.2,60.0,25.9,79.2,31.6,86.2,0,0,"[[5.52,1.83,150.5],[7.37,3.27,150.3],[6.94,4.85,104.7],[7.98,3.54,164.2],[8.17,4.12,143.0]]","[[[2, 2],'C_O',2.253,'CO']]",[],3S1,3S1,-1,-1,"[1_2,3_6,3_0,10_13]","[2,9,11,50]",4,4,2.2769999999999997,"[0, 0]",161.3,78.7,33.2,79.5,23.9,87.3,"[[5.85,1.96,159.3],[6.9,2.89,152.5],[6.94,5.05,101.6],[7.64,3.38,158.7]]",303.5
aMal132_TSdh_nn_186_2,2832,-1459.8988,OH5,4C1,1,2,"[10_9,11_10]","[1,6,0]",-1,2,2,0,3,2.239,"[1.618, 1.0]",90.8,135.0,327.0,64.3,226.8,1.4,0,0,"[[7.84,5.82,103.6],[7.87,5.5,108.6]]","[[[1, 1],'H_O',1.618,'OH'],[[2, 2],'C_O',2.239,'CO']]",[],OH5,4C1,1,2,"[1_2,6_13]","[1,6,0]",2,3,2.251,"[1.582, 1.01]",149.5,87.8,332.3,66.2,189.1,2.5,"[[6.23,1.01,148.6],[7.65,3.34,161.5]]",334.5
aMal129_TSdh_nn_340_0,5911,-1459.868,B3O,3S1,3,2,"[2_1,9_50]","[3,11,50]",3,2,2,0,3,2.023,"[2.855, 0.933]",273.9,105.0,167.4,80.7,30.8,89.7,0,0,"[[6.71,4.24,112.5],[7.14,4.34,117.7]]","[[[3, 4],'C_C',1.846,'bb'],[[2, 2],'C_O',2.023,'CO'],[[3, 3],'H_O',2.855,'OH']]",[],2SO,3S1,3,2,"[2_1,9_50]","[3,11,50]",2,3,2.033,"[2.697, 0.936]",276.6,90.4,162.4,82.2,24.6,92.2,"[[6.97,4.43,113.1],[6.68,4.34,110.7]]",415.4
aMal22_TSdh_nn_064_2,6322,-1459.8598,5S1,1C4,3,6,"[1_50,2_1,3_6,9_11,10_13]","[2,3]",-1,6,5,3,2,2.206,"[1.495, 1.082]",163.5,180.0,83.9,89.5,291.2,176.4,0,0,"[[7.55,3.58,145.7],[8.61,6.22,107.6],[6.32,1.08,164.9],[7.71,3.94,137.4],[8.78,4.87,134.4]]","[[[3, 3],'H_O',1.495,'OH'],[[6, 6],'C_O',2.206,'CO']]",[],5S1,1C4,3,6,"[1_50,2_1,3_6,9_11,10_13]","[2,3]",5,2,2.193,"[1.472, 1.091]",184.6,189.7,85.7,91.1,335.8,173.9,"[[7.32,3.44,144.2],[8.38,5.92,108.9],[6.26,1.09,167.3],[7.59,3.97,133.9],[8.13,4.27,137.1]]",436.9
aMal130_TSdh_nn_099_2,3788,-1459.8908,E1,OS2,1,2,"[9_50,11_9,13_7]","[1,50]",-1,2,3,0,2,1.935,"[2.426, 0.946]",95.8,135.0,54.9,55.5,330.8,92.7,0,0,"[[6.69,4.27,112.1],[8.35,4.75,129.4],[7.81,5.63,105.9]]","[[[1, 1],'H_O',2.426,'OH'],[[2, 2],'C_O',1.935,'CO']]",[],B14,OS2,1,2,"[3_6,9_1,11_9]","[1,9,50]",3,3,1.983,"[2.419, 0.941]",68.7,126.3,53.0,72.9,326.3,92.5,"[[7.69,3.53,151.7],[7.85,3.8,144.6],[9.47,5.8,126.3]]",355.5
aMal432_TSdh_nn_184_1,4791,-1459.8823,3S1,5S1,1,2,"[1_2,3_0,6_0]","[1,2,50]",-1,2,3,1,3,2.164,"[1.388, 1.126]",87.0,30.0,16.2,77.1,84.2,84.0,0,0,"[[5.53,1.13,147.3],[6.62,3.6,123.9],[7.9,6.11,100.4]]","[[[1, 1],'H_O',1.388,'OH'],[[2, 2],'C_O',2.164,'CO']]",[],3S1,5S1,1,2,"[1_2,3_0,6_0]","[1,9,50]",3,3,2.176,"[1.476, 1.056]",60.0,32.0,24.9,79.1,87.3,86.9,"[[5.9,1.06,151.3],[6.67,3.63,124.1],[7.84,5.86,103.1]]",377.8
aMal250_TSdh_nn_015_2,341,-1459.9309,3OB,4C1,3,2,"[2_1,9_10,10_11,11_13]","[3,6,0]",-1,2,4,1,3,1.87,"[3.851, 0.954]",85.4,120.0,348.1,87.3,116.8,3.9,0,0,"[[6.28,3.81,113.8],[7.82,5.42,109.1],[7.95,5.87,104.3],[7.54,3.88,136.0]]","[[[2, 2],'C_O',1.87,'CO'],[[3, 3],'H_O',3.851,'OH']]",[],3OB,4C1,3,2,"[2_1,9_10,10_11,11_13]","[3,6,0]",4,3,1.875,"[4.0, 0.973]",79.3,85.3,351.9,84.9,170.8,4.3,"[[6.31,3.79,114.9],[7.83,5.76,104.1],[7.96,5.91,103.9],[7.49,3.93,133.3]]",250.2
aMal320_TSdh_nn_119_1,2573,-1459.9008,E1,4C1,1,2,"[2_3,6_0,9_50,10_11,13_7]","[1,50]",-1,2,5,0,2,1.844,"[3.695, 0.935]",91.3,45.0,55.4,53.3,199.9,1.2,0,0,"[[7.8,5.6,105.9],[7.91,6.08,100.9],[7.45,5.37,104.9],[8.14,5.65,109.9],[7.52,5.39,105.5]]","[[[1, 1],'H_O',3.695,'OH'],[[2, 2],'C_O',1.844,'CO']]",[],E1,4C1,1,2,"[2_3,6_0,9_10,10_11]","[1,9,50]",4,3,1.837,"[3.72, 0.935]",73.0,63.1,55.3,52.6,198.1,4.2,"[[7.79,5.51,107.0],[7.96,6.08,101.5],[7.69,5.7,103.2],[8.37,6.09,106.5]]",329.2
aMal325_TSdh_nn_181_1,6480,-1459.8489,1HO,1S3,1,2,"[2_50,10_11,13_7]","[1,2,0]",-1,2,3,1,3,2.274,"[3.547, 0.93]",163.0,195.0,191.8,153.0,208.9,88.9,0,0,"[[7.54,3.53,146.4],[7.9,5.42,110.2],[7.83,5.43,109.1]]","[[[1, 1],'H_O',3.547,'OH'],[[2, 2],'C_O',2.274,'CO']]",[],1HO,1S3,1,2,"[2_50,9_10,10_11,13_7]","[1,2,0]",4,3,2.27,"[3.565, 0.928]",131.1,172.6,193.0,155.3,201.2,83.7,"[[7.35,3.35,148.3],[8.18,5.92,106.5],[8.01,5.65,108.2],[8.24,6.23,103.1]]",465.5
aMal88_TSdh_nn_016_0,2516,-1459.9013,E3,5S1,-1,-1,"[2_1,3_50,13_10]","[1,2,3]",-1,1,3,2,3,2.528,"[0, 0]",150.8,60.0,164.8,62.8,86.2,88.4,0,0,"[[5.51,1.86,148.4],[7.95,5.58,108.4],[8.96,4.75,141.2]]","[[[1, 1],'C_O',2.528,'CO']]",[],2H3,5S1,-1,-1,"[2_1,3_50,13_10]","[1,2,3]",3,3,2.553,"[0, 0]",152.0,64.1,161.7,66.0,93.6,89.9,"[[5.57,1.93,148.3],[7.76,5.38,108.8],[9.02,4.86,139.3]]",327.9
aMal238_TSdh_nn_155_2,3570,-1459.8927,5S1,3S1,1,2,"[2_3,9_1,9_50,10_13]","[1,11,0,50]",-1,0,4,2,4,2.017,"[2.857, 0.939]",80.8,105.0,91.7,79.1,35.9,85.1,0,0,"[[6.66,4.03,115.5],[8.84,4.57,144.2],[7.5,4.74,115.9],[7.99,3.54,164.5]]","[[[0, 1],'C_O',2.017,'bb'],[[1, 1],'H_O',2.857,'OH'],[[2, 2],'C_O',1.811,'CO']]",[],5S1,3S1,1,2,"[2_3,9_1,9_11,10_13]","[1,11,0,50]",4,4,2.035,"[2.898, 0.941]",91.7,120.4,90.6,78.1,18.3,89.6,"[[6.73,4.05,116.2],[9.33,5.1,139.2],[9.63,6.09,123.1],[7.66,3.43,156.2]]",350.5
aMal17_TSdh_nn_153_2,3132,-1459.8958,5S1,3S1,1,2,"[3_6,10_7,11_50]","[1,9,0,50]",-1,2,3,2,4,2.238,"[1.856, 0.949]",84.3,75.0,103.8,102.0,23.0,89.6,0,0,"[[8.2,3.94,149.4],[8.31,5.21,119.6],[8.29,4.31,139.7]]","[[[1, 1],'H_O',1.856,'OH'],[[2, 2],'C_O',2.238,'CO']]",[],5S1,3S1,1,2,"[3_6,10_7]","[1,9,11,50]",2,4,2.244,"[1.758, 0.96]",93.5,78.9,102.8,101.5,19.1,88.5,"[[7.88,3.72,149.7],[8.31,5.27,118.4]]",342.4
aMal208_TSdh_nn_100_0,2744,-1459.8994,5H4,1C4,1,2,"[2_50,6_3,10_13,11_9]","[1,0]",-1,2,4,1,2,1.962,"[2.767, 0.936]",167.6,75.0,77.1,153.8,80.2,179.3,0,0,"[[7.23,3.63,135.4],[7.61,3.99,134.4],[9.34,5.67,126.6],[7.9,4.36,130.3]]","[[[1, 1],'H_O',2.767,'OH'],[[2, 2],'C_O',1.962,'CO']]",[],5H4,1C4,1,2,"[2_9,2_50,6_3,10_13]","[1,9,11,0,7]",4,5,2.033,"[2.095, 0.952]",177.6,63.4,87.7,132.4,120.3,175.4,"[[8.18,3.78,155.7],[8.16,5.01,120.3],[7.28,3.82,132.2],[8.33,4.9,125.7]]",332.9
aMal441_TSdh_nn_179_2,4219,-1459.8874,4C1,1C4,1,2,"[9_11,13_10]","[1,6,0]",-1,2,2,2,3,2.391,"[1.936, 0.947]",64.2,135.0,278.7,18.4,232.5,172.2,0,0,"[[7.93,4.09,137.8],[7.64,3.58,149.2]]","[[[1, 1],'H_O',1.936,'OH'],[[2, 2],'C_O',2.391,'CO']]",[],E5,1C4,1,2,"[9_11,13_10]","[1,6,0]",2,3,2.421,"[1.902, 0.943]",126.6,60.4,293.0,28.6,260.2,170.1,"[[7.95,4.21,135.0],[7.64,3.75,142.4]]",364.4
aMal208_TSdh_nn_231_1,3443,-1459.8934,5H4,1C4,2,1,"[1_50,10_13,11_9]",[2],-1,1,3,0,1,2.544,"[1.763, 0.956]",161.2,345.0,83.2,111.0,80.2,179.3,0,0,"[[8.82,5.92,115.0],[9.34,5.67,126.6],[7.9,4.36,130.3]]","[[[1, 1],'C_O',2.544,'CO'],[[2, 2],'H_O',1.763,'OH']]",[],5H4,1C4,2,1,"[1_50,10_13,11_9]",[2],3,1,2.562,"[1.657, 0.976]",156.9,3.3,83.7,111.6,3.9,178.4,"[[8.7,4.69,137.3],[8.58,5.1,125.7],[7.97,4.2,136.0]]",348.7
aMal30_TSdh_nn_108_0,5525,-1459.8731,5H4,1S5,1,2,"[3_6,9_50,11_13]","[1,0]",-1,2,3,2,2,2.08,"[2.053, 0.953]",63.1,60.0,94.7,143.9,272.0,86.8,0,0,"[[7.5,3.44,150.2],[7.32,4.89,110.5],[7.67,3.95,136.8]]","[[[1, 1],'H_O',2.053,'OH'],[[2, 2],'C_O',2.08,'CO']]",[],5H4,1S5,1,2,"[3_6,9_50,11_13]","[1,0]",3,2,2.093,"[2.05, 0.95]",88.5,66.3,95.3,143.9,281.4,89.0,"[[7.62,3.53,149.9],[7.48,5.25,107.3],[7.63,3.99,134.4]]",402.0
aMal228_TSdh_nn_025_2,683,-1459.9211,3E,5S1,2,1,[2_1],"[1,2,11,50]",-1,1,1,1,4,2.296,"[1.327, 1.192]",151.5,150.0,11.7,115.1,86.0,84.4,0,0,"[[5.5,1.19,151.4]]","[[[1, 1],'C_O',2.296,'CO'],[[2, 2],'H_O',1.327,'OH']]",[],3H2,5S1,2,1,"[9_6,13_10]","[2,11,7,50]",2,4,2.6919999999999997,"[1.726, 0.963]",179.2,145.4,334.2,109.5,96.9,93.5,"[[9.54,5.33,137.4],[8.82,4.67,140.5]]",275.9
aMal91_TSdh_nn_015_0,693,-1459.9206,3OB,4C1,3,2,"[2_1,9_50,10_9,11_10]","[3,6,0]",-1,2,4,0,3,1.87,"[3.851, 0.954]",85.4,60.0,348.1,87.3,231.9,4.7,0,0,"[[6.28,3.81,113.8],[7.37,4.93,110.6],[8.32,6.09,105.9],[7.88,5.55,108.0]]","[[[2, 2],'C_O',1.87,'CO'],[[3, 3],'H_O',3.851,'OH']]",[],3OB,4C1,3,2,"[2_1,9_50,10_9,11_10]","[3,6,0]",4,3,1.859,"[3.866, 0.954]",157.2,75.0,349.5,87.1,255.8,4.5,"[[6.21,3.63,116.3],[7.77,5.62,105.6],[8.45,6.36,103.9],[7.99,5.94,103.8]]",277.3
aMal434_TSdh_nn_104_0,3619,-1459.8922,25B,1C4,1,2,[9_11],"[1,0,50]",-1,2,1,1,3,2.218,"[1.839, 0.952]",83.2,60.0,110.4,101.0,256.4,173.9,0,0,"[[7.95,4.18,135.7]]","[[[1, 1],'H_O',1.839,'OH'],[[2, 2],'C_O',2.218,'CO']]",[],25B,1C4,1,2,"[9_11,10_13]","[1,9,0,50]",2,4,2.207,"[1.723, 0.97]",138.2,57.2,107.6,101.9,309.0,175.9,"[[7.14,3.33,143.7],[8.61,5.28,122.8]]",351.8
aMal173_TSdh_nn_120_1,2203,-1459.9041,OS2,5S1,1,2,"[2_50,6_0,11_50,13_10]","[1,0]",-1,2,4,3,2,1.953,"[2.982, 0.932]",93.0,45.0,342.0,91.2,84.9,84.1,0,0,"[[6.99,3.35,138.7],[8.01,6.07,102.3],[7.83,3.84,144.0],[8.14,4.04,144.5]]","[[[1, 1],'H_O',2.982,'OH'],[[2, 2],'C_O',1.953,'CO']]",[],5H4,5S1,1,2,"[2_9,2_50,3_6,11_0,11_50,13_10]","[1,11,0]",6,3,2.0269999999999997,"[2.542, 0.936]",134.2,72.3,75.8,141.2,84.8,90.3,"[[8.42,3.73,171.6],[7.93,5.34,111.2],[7.32,3.26,153.0],[7.51,4.07,129.4],[7.97,3.85,146.3],[7.81,4.14,134.2]]",320.6
aMal259_TSdh_nn_018_1,107,-1459.9379,OS2,5S1,2,1,[9_50],"[2,11,50]",-1,1,1,0,3,2.835,"[1.756, 0.956]",122.4,120.0,321.6,104.1,83.3,89.3,0,0,"[[7.67,5.02,113.5]]","[[[1, 1],'C_O',2.835,'CO'],[[2, 2],'H_O',1.756,'OH']]",[],3E,3S1,2,1,"[2_1,3_6,10_13,11_1]","[2,9,11,50]",4,4,2.419,"[1.33, 1.203]",158.0,73.5,354.8,110.3,39.2,96.3,"[[5.75,1.2,162.4],[7.76,3.6,151.3],[8.89,5.31,126.5],[7.21,3.07,157.7]]",231.8
aMal195_TSdh_nn_097_2,3094,-1459.8959,5S1,5S1,1,2,"[3_2,11_50,13_10]","[1,11,0,50]",-1,0,3,2,4,1.824,"[2.514, 0.943]",77.7,120.0,90.1,79.4,89.8,87.5,0,0,"[[8.5,6.19,106.8],[7.73,3.73,145.2],[8.7,4.34,148.4]]","[[[0, 1],'C_O',1.824,'bb'],[[1, 1],'H_O',2.514,'OH'],[[2, 2],'C_O',1.935,'CO']]",[],5S1,3S1,1,2,[2_3],"[1,9,11,0,50]",1,5,1.9869999999999999,"[3.742, 0.937]",100.2,69.5,93.5,77.3,26.4,88.5,"[[6.38,3.57,120.1]]",342.1
aMal350_TSdh_nn_339_2,1805,-1459.9077,5S1,3S1,1,2,"[3_6,9_50,10_7,11_9,13_10]","[1,11,0,50]",-1,2,5,1,4,2.191,"[1.747, 0.966]",80.1,105.0,104.8,94.2,22.4,90.5,0,0,"[[8.01,4.93,120.2],[7.21,5.31,102.7],[7.72,4.84,117.3],[8.09,6.07,103.3],[8.09,3.89,149.1]]","[[[1, 1],'H_O',1.747,'OH'],[[2, 2],'C_O',2.191,'CO']]",[],5S1,3S1,1,2,"[3_6,9_1,10_13]","[1,9,11,0,50]",3,5,2.215,"[1.736, 0.968]",76.6,88.7,100.0,91.7,15.4,89.5,"[[8.03,5.01,119.1],[7.92,4.48,127.6],[7.8,3.54,155.7]]",311.1
aMal368_TSdh_nn_184_0,5312,-1459.8759,3S1,2SO,1,2,"[1_2,3_0,6_0,9_50,10_11]","[1,2,9,50]",-1,2,5,1,4,2.164,"[1.388, 1.126]",87.0,60.0,16.2,77.1,159.4,81.8,0,0,"[[5.53,1.13,147.3],[6.62,3.6,123.9],[7.9,6.11,100.4],[6.71,4.44,109.2],[8.45,6.15,106.7]]","[[[1, 1],'H_O',1.388,'OH'],[[2, 2],'C_O',2.164,'CO']]",[],3S1,2SO,1,2,"[1_2,3_0,6_0,9_10]","[1,9,50]",4,3,2.1790000000000003,"[1.516, 1.034]",53.9,43.7,25.7,78.2,154.4,80.2,"[[6.0,1.03,150.1],[6.55,3.48,125.4],[7.77,5.83,102.7],[7.07,4.61,111.4]]",394.6
aMal155_TSdh_nn_273_0,2897,-1459.8979,4C1,4C1,1,2,"[10_9,11_10,13_11]","[1,6]",-1,2,3,1,2,2.056,"[2.33, 0.946]",69.4,60.0,28.6,16.3,223.3,2.0,0,0,"[[7.88,5.91,102.9],[7.83,5.52,107.8],[7.87,4.11,136.4]]","[[[1, 1],'H_O',2.33,'OH'],[[2, 2],'C_O',2.056,'CO']]",[],4C1,4C1,1,2,"[3_2,11_10,13_11]","[1,6]",3,2,2.052,"[2.289, 0.948]",88.4,68.8,24.9,16.4,223.5,3.1,"[[8.61,6.24,107.4],[7.96,5.9,104.0],[7.99,4.39,131.3]]",336.9
aMal175_TSdh_nn_127_2,4174,-1459.8879,E1,OS2,1,2,"[3_6,9_50,11_9,13_11]","[1,50]",-1,2,4,2,2,1.9769999999999999,"[2.292, 0.943]",91.9,150.0,50.1,69.5,328.8,91.2,0,0,"[[8.11,3.87,149.7],[6.73,4.3,112.0],[8.81,5.25,126.5],[8.86,4.78,138.5]]","[[[1, 1],'H_O',2.292,'OH'],[[2, 2],'C_O',1.977,'CO']]",[],B14,OS2,1,2,"[3_6,9_1,11_9,13_11]","[1,9,50]",4,3,1.979,"[2.456, 0.94]",68.3,123.6,54.2,72.5,325.7,90.6,"[[7.72,3.57,150.7],[7.84,3.86,142.4],[10.09,6.44,123.7],[9.19,5.86,121.0]]",363.1
aMal14_TSdh_nn_260_0,1770,-1459.908,4E,1S3,2,1,"[2_1,11_10]","[1,2]",-1,1,2,1,2,2.378,"[1.216, 1.376]",55.8,135.0,229.3,41.4,210.3,88.1,0,0,"[[5.41,1.38,153.5],[7.92,5.36,111.5]]","[[[1, 1],'C_O',2.378,'CO'],[[2, 2],'H_O',1.216,'OH']]",[],E3,4C1,-1,-1,"[2_1,3_9,3_50,9_10]","[1,2,3]",4,3,2.628,"[0, 0]",107.8,101.0,183.8,49.6,130.7,4.5,"[[5.48,1.81,149.2],[7.88,3.35,173.8],[8.31,6.28,102.7],[8.22,5.84,108.0]]",310.3
aMal330_TSdh_nn_072_2,904,-1459.9163,5S1,5S1,1,2,"[1_2,13_7]","[1,11,0,50]",-1,2,2,1,4,2.104,"[1.477, 1.059]",77.0,120.0,101.5,97.8,86.7,84.2,0,0,"[[5.8,1.06,147.4],[7.36,4.8,112.8]]","[[[1, 1],'H_O',1.477,'OH'],[[2, 2],'C_O',2.104,'CO']]",[],5E,5S1,-1,-1,"[1_2,3_9,6_3,11_2]","[1,11,0,50]",4,4,2.1719999999999997,"[0, 0]",98.2,170.2,111.7,107.9,91.7,89.5,"[[5.59,1.86,153.4],[8.8,5.22,127.0],[6.47,3.91,114.9],[7.25,3.09,156.8]]",288.5
aMal13_TSdh_nn_081_2,2322,-1459.9033,5S1,OS2,1,2,"[2_3,3_6,9_11,13_7]","[1,0,50]",-1,0,4,2,3,2.0469999999999997,"[2.845, 0.94]",79.1,150.0,87.0,80.0,334.9,92.5,0,0,"[[6.96,4.11,118.6],[7.5,3.67,140.8],[8.0,3.97,143.7],[7.48,5.23,107.3]]","[[[0, 1],'C_O',2.047,'bb'],[[1, 1],'H_O',2.845,'OH'],[[2, 2],'C_O',1.782,'CO']]",[],5S1,OS2,1,2,"[2_3,3_6,9_11,13_7]","[1,9,0,50]",4,4,2.008,"[2.746, 0.942]",96.5,71.2,91.4,80.5,333.5,94.8,"[[7.01,4.18,118.0],[7.89,4.07,137.4],[7.64,3.64,145.6],[7.84,6.03,100.7]]",322.7
aMal245_TSdh_nn_131_2,4601,-1459.8842,25B,3S1,1,2,"[9_11,13_10]","[1,11,0,50]",-1,2,2,1,4,2.244,"[1.791, 0.962]",89.9,135.0,113.5,98.7,15.3,89.9,0,0,"[[8.62,5.54,118.2],[7.92,4.05,138.9]]","[[[1, 1],'H_O',1.791,'OH'],[[2, 2],'C_O',2.244,'CO']]",[],5S1,3S1,1,2,"[9_1,10_13]","[1,11,0,50]",2,4,2.314,"[1.984, 0.942]",78.6,124.2,99.8,97.0,17.6,89.4,"[[8.25,4.01,148.1],[7.77,3.51,156.2]]",372.8
aMal433_TSdh_nn_091_2,5142,-1459.8782,25B,5S1,1,2,"[6_0,11_1,13_7]","[1,11,0,50]",-1,2,3,0,4,2.237,"[1.888, 0.947]",83.0,165.0,106.1,99.2,85.9,81.3,0,0,"[[8.03,5.74,107.1],[8.47,6.33,104.5],[7.34,4.75,113.3]]","[[[1, 1],'H_O',1.888,'OH'],[[2, 2],'C_O',2.237,'CO']]",[],25B,5S1,1,2,"[3_9,13_7]","[1,11,0,50]",2,4,2.307,"[1.778, 0.959]",103.5,151.8,106.3,97.6,98.6,81.4,"[[8.88,5.1,130.9],[7.55,5.35,106.6]]",388.6
aMal347_TSdh_nn_117_0,4452,-1459.8857,E5,1C4,1,2,"[9_50,11_9]","[1,6,0]",-1,2,2,1,3,2.119,"[1.894, 0.966]",75.6,60.0,295.8,59.2,246.6,174.6,0,0,"[[7.33,4.82,111.8],[7.93,4.11,137.5]]","[[[1, 1],'H_O',1.894,'OH'],[[2, 2],'C_O',2.119,'CO']]",[],E5,1C4,1,2,"[9_50,10_13,11_9]","[1,6,0]",3,3,2.162,"[1.913, 0.96]",126.8,57.2,300.4,60.5,9.0,177.0,"[[7.2,5.25,103.3],[8.57,5.14,124.7],[7.62,3.79,140.7]]",368.9
aMal273_TSdh_nn_099_1,4706,-1459.8833,E1,1S3,1,2,[11_10],"[1,50]",-1,2,1,0,2,1.935,"[2.426, 0.946]",95.8,330.0,54.9,55.5,217.5,91.4,0,0,"[[7.64,5.46,106.1]]","[[[1, 1],'H_O',2.426,'OH'],[[2, 2],'C_O',1.935,'CO']]",[],E1,1S3,1,2,"[3_7,9_6,11_10]","[1,50]",3,2,1.965,"[2.491, 0.94]",92.5,313.1,50.0,52.0,207.8,86.9,"[[8.12,4.27,137.2],[9.21,5.85,121.3],[7.46,5.28,106.4]]",375.2
aMal236_TSdh_nn_181_0,5681,-1459.8709,1HO,3S1,1,2,"[2_11,2_50,11_2,11_50]","[1,2,0]",-1,2,4,2,3,2.274,"[3.547, 0.93]",163.0,120.0,191.8,153.0,35.3,88.1,0,0,"[[9.46,5.64,128.1],[7.54,3.53,146.4],[9.46,6.41,115.6],[7.67,3.74,143.4]]","[[[1, 1],'H_O',3.547,'OH'],[[2, 2],'C_O',2.274,'CO']]",[],EO,3S1,1,2,"[2_11,11_9,11_50]","[1,2,13,0]",3,4,2.397,"[3.231, 0.929]",185.2,80.9,180.3,140.0,22.4,89.6,"[[6.92,2.68,177.6],[8.24,4.15,142.9],[7.77,5.59,105.7]]",407.7
aMal66_TSdh_nn_097_0,3104,-1459.8959,5S1,2SO,1,2,"[3_2,9_50,10_11]","[1,9,0,50]",-1,0,3,0,4,1.824,"[2.514, 0.943]",77.7,60.0,90.1,79.4,160.9,85.8,0,0,"[[8.5,6.19,106.8],[6.61,4.22,111.7],[8.59,6.36,105.5]]","[[[0, 1],'C_O',1.824,'bb'],[[1, 1],'H_O',2.514,'OH'],[[2, 2],'C_O',1.935,'CO']]",[],E1,1S3,1,2,[10_11],"[1,9,50]",1,3,1.956,"[2.127, 0.956]",142.6,61.2,55.5,61.1,208.1,88.0,"[[8.0,5.63,108.3]]",342.1
aMal80_TSdh_nn_290_1,2612,-1459.9003,E1,5S1,1,2,"[9_50,11_50]","[1,50]",-1,2,2,1,2,1.9369999999999998,"[2.298, 0.945]",97.3,45.0,56.6,59.7,87.4,90.1,0,0,"[[7.63,5.32,108.0],[7.99,3.9,146.0]]","[[[1, 1],'H_O',2.298,'OH'],[[2, 2],'C_O',1.937,'CO']]",[],E1,25B,1,2,"[2_3,3_6,9_50]","[1,11,7,50]",3,4,1.901,"[2.854, 0.936]",165.2,117.7,68.8,67.6,114.2,95.3,"[[8.67,6.43,105.3],[8.36,4.46,136.5],[7.57,5.62,102.9]]",330.6
aMal247_TSdh_nn_273_1,4129,-1459.8883,4C1,3S1,1,2,[9_50],"[1,6]",-1,2,1,0,2,2.056,"[2.33, 0.946]",69.4,45.0,28.6,16.3,37.3,85.5,0,0,"[[7.48,4.7,116.2]]","[[[1, 1],'H_O',2.33,'OH'],[[2, 2],'C_O',2.056,'CO']]",[],4C1,3S1,1,2,"[3_2,9_11,9_50]","[1,6]",3,2,2.06,"[2.308, 0.946]",88.1,58.6,26.1,16.4,21.5,92.6,"[[8.68,6.37,106.6],[9.23,5.94,120.0],[6.58,4.62,104.4]]",362.1
aMal400_TSdh_nn_091_0,4430,-1459.8858,25B,3S1,1,2,"[6_0,9_11,10_7,13_7]","[1,9,0,50]",-1,2,4,0,4,2.237,"[1.888, 0.947]",83.0,60.0,106.1,99.2,15.1,90.7,0,0,"[[8.03,5.74,107.1],[8.27,5.03,122.2],[7.93,4.83,120.7],[7.48,5.23,107.5]]","[[[1, 1],'H_O',1.888,'OH'],[[2, 2],'C_O',2.237,'CO']]",[],25B,OS2,1,2,"[9_11,10_7]","[1,9,0,50]",2,4,2.262,"[1.77, 0.963]",129.4,54.3,108.0,98.1,331.9,93.7,"[[7.69,3.82,140.5],[8.23,5.33,116.3]]",368.6
aMal448_TSdh_nn_187_0,2108,-1459.905,3S1,4C1,-1,-1,"[1_2,3_6,3_0,9_50,10_11,13_11]","[1,2,9,50]",-1,2,6,2,4,2.253,"[0, 0]",93.2,60.0,25.9,79.2,270.6,2.4,0,0,"[[5.52,1.83,150.5],[7.37,3.27,150.3],[6.94,4.85,104.7],[7.39,5.23,106.3],[8.09,5.67,109.0],[8.06,4.66,126.3]]","[[[2, 2],'C_O',2.253,'CO']]",[],3S1,4C1,1,2,"[1_2,3_6,3_0,9_2,10_11,11_13]","[1,9,50]",6,3,2.171,"[1.393, 1.127]",62.9,60.9,30.9,83.6,198.3,4.3,"[[5.8,1.13,157.4],[6.9,2.84,156.5],[7.21,5.4,100.3],[8.1,4.36,133.9],[7.67,5.38,107.6],[7.46,3.95,132.2]]",318.2
aMal211_TSdh_nn_126_0,1620,-1459.9094,5H4,B14,1,2,"[2_9,2_50,3_6,10_13,11_50]","[1,0]",-1,2,5,4,2,2.004,"[2.774, 0.933]",99.2,60.0,74.5,153.1,70.5,81.5,0,0,"[[10.2,6.27,127.8],[7.5,3.78,137.1],[7.48,3.36,153.5],[8.28,4.06,147.5],[7.62,3.72,143.0]]","[[[1, 1],'H_O',2.774,'OH'],[[2, 2],'C_O',2.004,'CO']]",[],5H4,5S1,1,2,"[2_9,2_50,3_6,10_13,11_0,11_50]","[1,11,0]",6,3,2.023,"[2.596, 0.934]",128.9,74.8,76.4,140.9,80.0,86.8,"[[8.1,3.51,173.4],[8.05,5.49,110.4],[7.33,3.27,152.7],[7.78,3.84,142.5],[7.49,4.07,129.2],[7.8,3.74,145.9]]",306.7
aMal319_TSdh_nn_096_2,1402,-1459.9112,5S1,3S1,1,2,"[3_6,9_11,10_13,10_7,11_50]","[1,11,0,50]",-1,2,5,2,4,2.202,"[1.62, 0.993]",77.1,90.0,105.1,97.5,20.7,91.4,0,0,"[[7.73,4.74,119.6],[8.63,5.05,127.8],[7.69,3.95,136.8],[8.79,5.93,114.1],[8.15,4.27,137.7]]","[[[1, 1],'H_O',1.62,'OH'],[[2, 2],'C_O',2.202,'CO']]",[],25B,3S1,1,2,"[1_2,3_6,10_13]","[1,9,11,0,50]",3,5,2.228,"[1.588, 1.006]",89.6,81.0,106.3,96.0,19.9,88.0,"[[6.12,1.01,144.5],[7.9,4.94,118.5],[7.69,3.45,156.3]]",301.9
aMal150_TSdh_nn_047_0,5653,-1459.8713,1C4,1C4,-1,-1,"[1_2,2_50,3_6,9_11,10_13]","[3,6]",-1,6,5,3,2,2.2969999999999997,"[0, 0]",163.1,60.0,56.6,173.5,262.0,168.3,0,0,"[[7.16,4.51,114.5],[7.56,3.85,137.2],[5.8,1.97,155.7],[8.19,4.42,134.3],[7.54,3.3,159.4]]","[[[6, 6],'C_O',2.297,'CO']]",[],1C4,1C4,-1,-1,"[1_2,2_9,2_50,3_6,9_11,10_13]","[3,6]",6,2,2.305,"[0, 0]",173.7,44.3,44.6,176.5,288.7,170.9,"[[7.29,4.66,113.7],[9.96,5.03,155.9],[7.31,3.96,128.5],[5.92,2.08,154.7],[8.11,4.31,135.7],[7.58,3.32,160.3]]",406.7
aMal171_TSdh_nn_301_1,3594,-1459.8924,5S1,1S5,1,2,"[1_2,9_50,13_3,13_7]","[1,0,50]",-1,2,4,1,3,2.077,"[1.512, 1.039]",82.6,330.0,101.1,98.0,272.0,85.1,0,0,"[[5.8,1.04,143.4],[7.26,4.83,110.7],[7.78,4.28,130.4],[7.52,5.19,108.7]]","[[[1, 1],'H_O',1.512,'OH'],[[2, 2],'C_O',2.077,'CO']]",[],25B,OS2,1,2,"[1_2,3_13,9_11]","[1,0,50]",3,3,2.13,"[1.557, 1.015]",91.8,311.4,107.0,94.6,324.0,98.3,"[[5.97,1.02,143.7],[7.82,3.36,171.0],[8.31,4.31,139.8]]",351.3
aMal325_TSdh_nn_025_0,615,-1459.9229999999998,3E,1S3,2,1,"[2_1,10_11,13_7]","[1,2,9,50]",-1,1,3,1,4,2.296,"[1.327, 1.192]",151.5,90.0,11.7,115.1,208.9,88.9,0,0,"[[5.5,1.19,151.4],[7.9,5.42,110.2],[7.83,5.43,109.1]]","[[[1, 1],'C_O',2.296,'CO'],[[2, 2],'H_O',1.327,'OH']]",[],3E,1S3,2,1,"[2_1,9_10,10_11,13_6]","[1,2,9,50]",4,4,2.3,"[1.345, 1.178]",146.3,75.3,12.9,122.8,206.6,86.3,"[[5.52,1.18,150.2],[8.51,6.37,104.3],[7.93,5.56,108.4],[8.01,3.55,166.1]]",271.0
aMal8_TSdh_nn_020_0,924,-1459.9157,5S1,3S1,1,2,"[1_2,6_3,9_11,9_50]","[1,9,0,50]",-1,2,4,1,4,2.099,"[1.424, 1.091]",78.3,60.0,104.2,102.2,20.8,91.4,0,0,"[[5.69,1.09,149.8],[6.58,4.38,108.2],[8.73,5.63,118.3],[6.77,4.99,101.4]]","[[[1, 1],'H_O',1.424,'OH'],[[2, 2],'C_O',2.099,'CO']]",[],25B,OS2,1,2,"[1_2,6_3,9_11,11_13]","[1,9,0,50]",4,4,2.109,"[1.399, 1.113]",96.3,68.1,106.8,101.8,329.0,94.0,"[[5.65,1.11,150.9],[6.66,4.31,110.5],[7.93,3.95,142.1],[8.34,4.98,124.1]]",290.1
aMal17_TSdh_nn_161_0,172,-1459.9359,3E,3S1,2,1,"[2_1,3_6,10_7,11_50]","[1,2,9,50]",-1,1,4,3,4,2.383,"[1.275, 1.264]",96.8,60.0,352.5,109.1,23.0,89.6,0,0,"[[5.46,1.26,153.5],[7.98,3.87,146.5],[8.31,5.21,119.6],[8.29,4.31,139.7]]","[[[1, 1],'C_O',2.383,'CO'],[[2, 2],'H_O',1.275,'OH']]",[],3E,3S1,2,1,"[2_1,3_6,10_7,11_1]","[2,9,11,50]",4,4,2.439,"[1.374, 1.141]",156.6,80.7,2.1,114.9,23.8,89.9,"[[5.81,1.14,161.6],[7.46,3.47,148.0],[8.7,5.64,117.8],[7.58,3.4,153.5]]",237.1
aMal173_TSdh_nn_327_1,2390,-1459.9025,E1,5S1,1,2,"[2_3,9_3,11_50,13_10]",[1],-1,2,4,2,1,1.98,"[2.875, 0.931]",84.1,120.0,52.1,25.6,84.9,84.1,0,0,"[[7.42,4.72,114.6],[6.42,4.21,109.1],[7.83,3.84,144.0],[8.14,4.04,144.5]]","[[[1, 1],'H_O',2.875,'OH'],[[2, 2],'C_O',1.98,'CO']]",[],5S1,5S1,1,2,"[2_3,3_6,13_10]","[1,11,0,7,50]",3,5,2.037,"[2.73, 0.942]",163.6,111.6,91.6,79.1,103.1,89.4,"[[7.02,4.2,117.8],[8.04,4.22,136.4],[8.74,5.1,128.4]]",324.8
aMal227_TSdh_nn_182_2,3659,-1459.8919,5H4,1S3,2,1,"[1_50,6_3,10_11,13_11]",[2],-1,1,4,1,1,2.521,"[1.718, 0.963]",157.9,180.0,82.5,115.1,211.3,88.6,0,0,"[[8.93,6.07,114.1],[7.33,3.7,136.3],[7.9,5.44,109.9],[8.72,5.09,128.5]]","[[[1, 1],'C_O',2.521,'CO'],[[2, 2],'H_O',1.718,'OH']]",[],5H4,1S3,2,1,"[1_7,1_50,6_3,10_11,13_11]",[2],5,1,2.539,"[1.804, 0.95]",129.8,183.5,81.5,115.2,209.8,84.7,"[[10.52,5.22,170.6],[7.78,4.67,121.4],[7.12,3.46,139.3],[7.92,5.62,107.4],[8.81,5.99,113.7]]",352.6
aMal200_TSdh_nn_128_0,6248,-1459.862,3S1,3S1,-1,-1,"[1_9,1_50,3_6,10_7,11_50,13_7]","[3,6]",-1,6,6,4,2,2.231,"[0, 0]",42.0,75.0,36.0,99.6,22.0,88.4,0,0,"[[6.96,3.37,138.2],[7.85,4.05,137.3],[6.03,2.19,153.0],[8.44,5.34,119.2],[8.77,4.61,141.1],[7.48,5.14,108.9]]","[[[6, 6],'C_O',2.231,'CO']]",[],3S1,3S1,-1,-1,"[1_9,1_50,3_6,10_7,11_9,11_50]","[3,6]",6,2,2.269,"[0, 0]",81.7,58.3,40.4,99.2,19.4,91.7,"[[8.93,4.3,155.9],[7.71,4.33,127.1],[6.16,2.37,150.9],[8.16,5.1,119.4],[8.84,4.68,140.5],[8.68,5.84,114.1]]",431.1
aMal244_TSdh_nn_130_1,3562,-1459.8927,E3,3S1,-1,-1,"[2_1,3_50,9_3,9_50,11_50]","[1,2,3]",-1,1,5,3,3,2.506,"[0, 0]",153.9,150.0,179.2,50.3,43.5,88.4,0,0,"[[5.41,1.69,149.6],[7.72,5.32,109.3],[9.56,4.61,166.8],[7.12,4.72,110.7],[7.69,3.72,144.7]]","[[[1, 1],'C_O',2.506,'CO']]",[],E3,5S1,-1,-1,"[2_1,3_11,3_50,10_13,11_7,11_50]","[1,2,3]",6,3,2.6460000000000004,"[0, 0]",138.9,173.4,180.4,52.3,83.9,91.6,"[[5.5,1.83,149.4],[7.72,3.25,172.9],[8.06,5.99,103.4],[8.3,3.99,150.6],[8.6,5.97,111.0],[7.08,4.05,122.4]]",350.5
aMal344_TSdh_nn_273_1,3061,-1459.8963,4C1,5S1,1,2,"[11_50,13_10]","[1,6]",-1,2,2,2,2,2.056,"[2.33, 0.946]",69.4,30.0,28.6,16.3,84.7,83.8,0,0,"[[7.71,3.75,143.7],[8.32,4.14,145.5]]","[[[1, 1],'H_O',2.33,'OH'],[[2, 2],'C_O',2.056,'CO']]",[],4C1,5S1,1,2,"[3_9,11_50,13_10]","[1,6]",3,2,2.09,"[2.355, 0.938]",103.9,110.5,23.4,20.3,87.2,87.2,"[[7.76,3.38,164.5],[7.74,3.73,145.8],[8.15,4.32,136.1]]",341.1
aMal430_TSdh_nn_093_0,3653,-1459.8919,B3O,5S1,3,2,"[2_1,10_13,11_50]","[3,11,50]",3,2,3,2,3,2.039,"[2.819, 0.933]",276.4,120.0,168.2,75.7,84.4,91.9,0,0,"[[6.8,4.34,112.3],[8.74,4.23,153.8],[7.62,3.6,147.0]]","[[[3, 4],'C_C',1.832,'bb'],[[2, 2],'C_O',2.039,'CO'],[[3, 3],'H_O',2.819,'OH']]",[],B3O,25B,3,2,"[2_1,10_13]","[3,11,7,50]",2,4,2.046,"[2.622, 0.937]",286.8,113.1,167.3,76.5,106.9,88.8,"[[7.0,4.44,113.5],[8.27,4.36,137.5]]",352.6
aMal244_TSdh_nn_188_2,4228,-1459.8874,25B,3S1,1,2,"[6_0,9_50,11_50]","[1,11,0,50]",-1,2,3,1,4,2.265,"[1.838, 0.955]",89.1,90.0,108.5,97.3,43.5,88.4,0,0,"[[7.99,5.67,107.7],[7.12,4.72,110.7],[7.69,3.72,144.7]]","[[[1, 1],'H_O',1.838,'OH'],[[2, 2],'C_O',2.265,'CO']]",[],5S1,3S1,1,2,[],"[1,9,11,0,50]",0,5,2.276,"[1.746, 0.969]",81.0,91.0,103.7,99.1,21.0,89.9,[],364.4
aMal94_TSdh_nn_025_1,435,-1459.9287,3E,3S1,2,1,"[2_1,9_50,13_7]","[1,2,11,50]",-1,1,3,1,4,2.296,"[1.327, 1.192]",151.5,150.0,11.7,115.1,36.5,86.0,0,0,"[[5.5,1.19,151.4],[7.46,4.66,116.7],[7.43,5.19,107.3]]","[[[1, 1],'C_O',2.296,'CO'],[[2, 2],'H_O',1.327,'OH']]",[],3E,3OB,2,1,"[2_1,13_6,13_7]","[1,2,9,11,50]",3,5,2.349,"[1.368, 1.144]",152.0,73.2,5.1,114.3,4.9,90.1,"[[5.65,1.14,154.3],[9.95,5.46,142.2],[7.35,5.56,100.7]]",256.0
aMal190_TSdh_nn_273_1,3542,-1459.8928,4C1,1C4,1,2,"[9_50,11_9,13_3,13_7]","[1,6]",-1,2,4,1,2,2.056,"[2.33, 0.946]",69.4,45.0,28.6,16.3,262.6,175.3,0,0,"[[7.25,4.77,111.6],[7.83,4.0,138.6],[6.6,3.56,125.6],[7.87,5.27,112.2]]","[[[1, 1],'H_O',2.33,'OH'],[[2, 2],'C_O',2.056,'CO']]",[],4C1,1C4,1,2,"[3_2,9_50,11_9,13_3]","[1,6]",4,2,2.0540000000000003,"[2.283, 0.949]",77.7,51.7,26.6,17.2,237.2,174.2,"[[8.63,6.21,108.0],[7.6,5.47,105.4],[7.97,4.17,136.6],[8.89,4.21,161.8]]",350.2
aMal462_TSdh_nn_003_0,72,-1459.9388,E4,5S1,2,1,"[2_1,3_6,11_1,13_7]","[1,2,11,50]",-1,1,4,2,4,2.352,"[1.246, 1.323]",173.8,105.0,64.2,124.7,85.4,85.5,0,0,"[[5.45,1.32,153.7],[7.33,3.44,145.5],[5.96,3.85,108.4],[7.42,4.86,112.5]]","[[[1, 1],'C_O',2.352,'CO'],[[2, 2],'H_O',1.246,'OH']]",[],3E,3S1,2,1,"[2_1,3_6,11_1]","[2,9,11,50]",3,4,2.412,"[1.33, 1.192]",158.3,77.5,1.9,114.4,27.2,90.1,"[[5.72,1.19,161.9],[7.44,3.38,151.5],[7.37,3.17,157.6]]",229.5
aMal339_TSdh_nn_018_1,1194,-1459.9128,OS2,OS2,2,1,"[3_9,9_11,11_13]","[2,50]",-1,1,3,1,2,2.835,"[1.756, 0.956]",122.4,210.0,321.6,104.1,331.6,90.9,0,0,"[[7.51,5.06,110.5],[8.46,4.31,143.2],[8.27,4.72,128.6]]","[[[1, 1],'C_O',2.835,'CO'],[[2, 2],'H_O',1.756,'OH']]",[],3H2,OS2,2,1,"[3_6,9_11,11_13]","[2,7,50]",3,3,2.605,"[1.765, 0.958]",80.2,254.4,330.1,116.2,318.1,100.2,"[[8.76,5.15,127.7],[8.34,4.38,138.4],[8.26,4.94,123.9]]",297.7
aMal163_TSdh_nn_250_2,2096,-1459.905,OS2,1S3,1,2,"[2_50,6_0,10_11,11_13]",[1],-1,2,4,1,1,1.9609999999999999,"[2.937, 0.931]",93.0,165.0,340.3,90.0,211.4,88.1,0,0,"[[6.98,3.26,141.3],[7.83,6.04,100.5],[7.54,5.2,108.6],[7.99,4.5,128.7]]","[[[1, 1],'H_O',2.937,'OH'],[[2, 2],'C_O',1.961,'CO']]",[],5H4,4C1,1,2,"[2_9,2_50,3_6,9_10,10_11,11_13]","[1,0]",6,2,2.008,"[2.698, 0.93]",86.5,66.3,82.6,150.0,146.4,4.5,"[[7.51,3.14,167.8],[8.67,5.89,112.3],[7.55,3.43,152.5],[7.75,5.64,105.0],[7.97,5.87,104.6],[7.52,3.98,132.6]]",318.2
aMal296_TSdh_nn_260_0,4341,-1459.8864,4E,2SO,2,1,"[2_1,11_10]","[1,2]",-1,1,2,1,2,2.378,"[1.216, 1.376]",55.8,60.0,229.3,41.4,160.4,81.5,0,0,"[[5.41,1.38,153.5],[8.47,6.38,103.8]]","[[[1, 1],'C_O',2.378,'CO'],[[2, 2],'H_O',1.216,'OH']]",[],E3,B3O,-1,-1,"[2_1,9_10]","[1,2,3]",2,3,2.565,"[0, 0]",112.2,58.0,177.7,50.9,168.0,86.0,"[[5.51,1.83,149.0],[7.82,5.76,104.1]]",367.0
aMal273_TSdh_nn_188_0,1755,-1459.9082,25B,1S3,1,2,"[6_0,11_10]","[1,0,50]",-1,2,2,0,3,2.265,"[1.838, 0.955]",89.1,60.0,108.5,97.3,217.5,91.4,0,0,"[[7.99,5.67,107.7],[7.64,5.46,106.1]]","[[[1, 1],'H_O',1.838,'OH'],[[2, 2],'C_O',2.265,'CO']]",[],5S1,1S3,1,2,"[1_2,10_11]","[1,9,0,50]",2,4,2.119,"[1.447, 1.078]",136.0,62.8,103.7,97.8,212.3,88.5,"[[5.76,1.08,149.4],[7.71,5.66,104.0]]",309.8
aMal132_TSdh_nn_167_2,692,-1459.9206,E4,4C1,2,1,"[2_9,3_6,10_9,11_10]",[2],-1,1,4,1,1,2.583,"[1.714, 0.964]",72.3,90.0,76.0,117.7,226.8,1.4,0,0,"[[9.63,3.99,113.2],[7.56,3.63,144.6],[7.84,5.82,103.6],[7.87,5.5,108.6]]","[[[1, 1],'C_O',2.583,'CO'],[[2, 2],'H_O',1.714,'OH']]",[],E4,4C1,2,1,"[3_6,9_2,9_50,11_10]","[2,9]",4,2,2.539,"[1.821, 0.946]",90.5,87.6,48.3,131.2,276.3,7.8,"[[7.33,3.3,152.0],[6.8,2.99,145.8],[7.24,4.65,112.2],[7.93,5.89,103.8]]",277.3
aMal225_TSdh_nn_003_0,12,-1459.9418,E4,5S1,2,1,"[2_1,3_6,11_1]","[1,2,11,50]",-1,1,3,2,4,2.352,"[1.246, 1.323]",173.8,105.0,64.2,124.7,85.7,84.0,0,0,"[[5.45,1.32,153.7],[7.33,3.44,145.5],[5.75,3.61,109.5]]","[[[1, 1],'C_O',2.352,'CO'],[[2, 2],'H_O',1.246,'OH']]",[],3E,3S1,2,1,"[2_1,3_6,10_13,11_1]","[2,9,11,50]",4,4,2.418,"[1.331, 1.192]",157.2,80.8,1.7,114.5,27.1,88.8,"[[5.73,1.19,162.4],[7.46,3.49,147.3],[7.55,3.3,159.5],[7.51,3.32,155.2]]",221.6
aMal433_TSdh_nn_153_1,4951,-1459.8802,5S1,5S1,1,2,"[3_6,13_7]","[1,0,50]",-1,2,2,1,3,2.238,"[1.856, 0.949]",84.3,0.0,103.8,102.0,85.9,81.3,0,0,"[[8.2,3.94,149.4],[7.34,4.75,113.3]]","[[[1, 1],'H_O',1.856,'OH'],[[2, 2],'C_O',2.238,'CO']]",[],5S1,5S1,1,2,"[3_6,13_7]","[1,9,0,50]",2,4,2.256,"[1.744, 0.961]",69.3,35.3,102.7,104.5,90.0,84.4,"[[7.71,3.56,151.1],[7.7,5.49,106.6]]",383.3
aMal29_TSdh_nn_116_2,5168,-1459.8779,5S1,OS2,3,6,"[1_9,1_50,2_1,3_6,9_11,13_7]","[2,3]",-1,6,6,3,2,2.221,"[1.518, 1.069]",79.2,150.0,83.4,88.7,332.9,91.5,0,0,"[[7.58,4.77,116.2],[7.67,3.64,146.4],[8.67,6.29,107.3],[6.4,1.07,164.7],[8.41,4.22,145.1],[7.73,5.43,107.9]]","[[[3, 3],'H_O',1.518,'OH'],[[6, 6],'C_O',2.221,'CO']]",[],5S1,OS2,3,6,"[1_9,1_50,2_1,3_6,9_11,10_7]","[2,3]",6,2,2.222,"[1.476, 1.086]",159.4,56.0,85.2,91.4,331.1,92.1,"[[8.9,4.61,142.9],[7.51,3.74,138.5],[8.39,5.9,109.3],[6.26,1.09,167.1],[8.28,4.35,137.9],[8.34,5.37,117.2]]",389.4
aMal430_TSdh_nn_177_2,3442,-1459.8934,5S1,5S1,1,2,"[6_3,10_13,11_50]","[1,11,0,50]",-1,2,3,2,4,2.239,"[1.808, 0.958]",92.6,105.0,104.5,99.7,84.4,91.9,0,0,"[[8.95,5.09,132.3],[8.74,4.23,153.8],[7.62,3.6,147.0]]","[[[1, 1],'H_O',1.808,'OH'],[[2, 2],'C_O',2.239,'CO']]",[],5S1,3S1,1,2,[6_3],"[1,9,11,0,50]",1,5,2.2319999999999998,"[1.733, 0.971]",93.7,76.4,104.3,99.9,25.1,88.4,"[[8.53,4.61,136.4]]",348.7
aMal325_TSdh_nn_025_1,617,-1459.9229999999998,3E,1S3,2,1,"[2_1,10_11,13_7]","[1,2,50]",-1,1,3,1,3,2.296,"[1.327, 1.192]",151.5,345.0,11.7,115.1,208.9,88.9,0,0,"[[5.5,1.19,151.4],[7.9,5.42,110.2],[7.83,5.43,109.1]]","[[[1, 1],'C_O',2.296,'CO'],[[2, 2],'H_O',1.327,'OH']]",[],3E,1S3,2,1,"[2_1,9_10,10_11,13_6]","[1,2,9,50]",4,4,2.3,"[1.345, 1.178]",146.2,75.3,13.0,122.7,206.6,86.3,"[[5.52,1.18,150.2],[8.51,6.36,104.4],[7.93,5.56,108.4],[8.01,3.55,166.1]]",271.0
aMal136_TSdh_nn_098_0,5431,-1459.8747,4C1,OS2,2,3,"[9_50,10_7,13_7]","[1,2]",-1,3,3,0,2,2.197,"[3.333, 0.932]",71.8,30.0,232.6,6.5,329.5,89.3,0,0,"[[6.68,4.3,111.4],[8.63,5.59,117.7],[7.82,5.62,106.3]]","[[[2, 2],'H_O',3.333,'OH'],[[3, 3],'C_O',2.197,'CO']]",[],4C1,OS2,2,3,[10_7],"[1,2]",1,2,2.506,"[1.993, 0.945]",86.0,46.2,189.3,4.2,329.1,88.0,"[[8.53,5.65,115.4]]",397.8
aMal94_TSdh_nn_184_2,4970,-1459.8801,3S1,3S1,1,2,"[1_2,3_0,6_0,9_2,9_50,13_7]","[1,2,11,50]",-1,2,6,1,4,2.164,"[1.388, 1.126]",87.0,120.0,16.2,77.1,36.5,86.0,0,0,"[[5.53,1.13,147.3],[6.62,3.6,123.9],[7.9,6.11,100.4],[7.5,3.95,133.2],[7.46,4.66,116.7],[7.43,5.19,107.3]]","[[[1, 1],'H_O',1.388,'OH'],[[2, 2],'C_O',2.164,'CO']]",[],3OB,5S1,-1,-1,"[1_2,3_0,9_2]","[1,2,11,50]",3,4,2.237,"[0, 0]",86.8,112.9,13.2,78.0,91.1,92.8,"[[5.77,2.05,152.4],[6.54,3.72,119.6],[7.56,3.13,174.6]]",383.6
aMal97_TSdh_nn_290_2,2331,-1459.9033,E1,1C4,1,2,"[11_9,11_7,13_10]","[1,50]",-1,2,3,0,2,1.9369999999999998,"[2.298, 0.945]",97.3,180.0,56.6,59.7,144.5,178.8,0,0,"[[7.92,4.7,123.2],[8.53,6.37,104.6],[8.44,4.64,133.8]]","[[[1, 1],'H_O',2.298,'OH'],[[2, 2],'C_O',1.937,'CO']]",[],E1,1C4,1,2,"[3_6,9_11,13_10]","[1,9,7,50]",3,4,1.9080000000000001,"[2.458, 0.942]",88.7,164.8,61.5,68.4,275.5,174.6,"[[8.25,4.17,142.3],[7.1,3.46,138.6],[9.23,5.74,123.8]]",322.7
aMal314_TSdh_nn_094_1,3855,-1459.8903,E1,1C4,1,2,[9_11],"[1,50]",-1,2,1,0,2,1.9380000000000002,"[2.459, 0.941]",103.5,315.0,51.0,61.3,253.1,164.6,0,0,"[[8.38,4.59,133.5]]","[[[1, 1],'H_O',2.459,'OH'],[[2, 2],'C_O',1.938,'CO']]",[],E1,1C4,1,2,"[3_7,9_11,13_10]","[1,50]",3,2,1.993,"[2.377, 0.941]",91.8,318.0,50.9,54.1,268.4,173.9,"[[8.46,4.6,134.9],[7.9,4.08,137.6],[7.57,3.75,140.7]]",356.8
aMal119_TSdh_nn_116_2,6008,-1459.8665,5S1,1S5,3,6,"[1_9,1_50,2_1,3_6,9_1,9_50,11_13]","[2,3]",-1,6,7,4,2,2.221,"[1.518, 1.069]",79.2,120.0,83.4,88.7,269.6,84.7,0,0,"[[10.58,6.09,137.9],[7.67,3.64,146.4],[8.67,6.29,107.3],[6.4,1.07,164.7],[10.58,6.18,136.3],[7.29,4.82,111.2],[8.62,5.52,118.6]]","[[[3, 3],'H_O',1.518,'OH'],[[6, 6],'C_O',2.221,'CO']]",[],5S1,1S5,3,6,"[1_9,1_50,2_1,3_6,11_13]","[2,3]",5,2,2.2030000000000003,"[1.469, 1.095]",166.1,58.0,84.4,91.0,273.3,84.1,"[[9.16,4.7,146.0],[7.59,3.86,136.5],[8.43,5.96,109.1],[6.26,1.1,167.6],[9.2,6.28,114.3]]",419.3
aMal315_TSdh_nn_184_0,4816,-1459.882,3S1,5S1,1,2,"[1_2,3_0,6_0,9_50]","[1,2,50]",-1,2,4,1,3,2.164,"[1.388, 1.126]",87.0,60.0,16.2,77.1,87.9,87.4,0,0,"[[5.53,1.13,147.3],[6.62,3.6,123.9],[7.9,6.11,100.4],[7.94,5.38,111.2]]","[[[1, 1],'H_O',1.388,'OH'],[[2, 2],'C_O',2.164,'CO']]",[],3S1,5S1,1,2,"[1_2,3_0,6_0,9_2]","[1,11,50]",4,3,2.16,"[1.383, 1.131]",92.2,111.1,25.8,80.6,101.0,86.5,"[[5.72,1.13,155.2],[6.62,3.6,124.0],[7.8,5.99,100.8],[7.91,3.4,173.8]]",378.6
aMal384_TSdh_nn_186_1,4744,-1459.8826,OH5,OS2,1,2,"[9_50,11_9,13_11]","[1,6,0]",-1,2,3,1,3,2.239,"[1.618, 1.0]",90.8,15.0,327.0,64.3,329.1,91.4,0,0,"[[6.74,4.34,111.4],[8.68,5.1,127.3],[8.87,4.73,139.9]]","[[[1, 1],'H_O',1.618,'OH'],[[2, 2],'C_O',2.239,'CO']]",[],OH5,OS2,1,2,"[1_2,9_50,11_9,13_11]","[1,6,0]",4,3,2.247,"[1.584, 1.008]",118.4,66.5,323.3,64.4,326.0,92.8,"[[6.21,1.01,147.8],[6.94,4.97,104.1],[8.78,5.28,125.5],[9.47,5.71,127.9]]",377.0
aMal77_TSdh_nn_047_0,5181,-1459.8778,1C4,1C4,-1,-1,"[1_2,2_50,3_6,9_11,13_7]","[3,6]",-1,6,5,3,2,2.2969999999999997,"[0, 0]",163.1,60.0,56.6,173.5,235.8,174.2,0,0,"[[7.16,4.51,114.5],[7.56,3.85,137.2],[5.8,1.97,155.7],[7.9,4.06,138.3],[7.77,5.26,111.0]]","[[[6, 6],'C_O',2.297,'CO']]",[],1C4,1C4,-1,-1,"[1_2,2_50,3_6,9_11]","[3,6]",4,2,2.303,"[0, 0]",177.5,65.7,35.7,175.3,239.4,172.5,"[[7.32,4.7,113.7],[7.43,3.82,134.7],[5.93,2.09,154.6],[7.85,4.04,137.8]]",389.6
aMal101_TSdh_nn_273_1,1946,-1459.9063,4C1,4C1,1,2,"[9_10,10_11,13_7]","[1,6]",-1,2,3,0,2,2.056,"[2.33, 0.946]",69.4,45.0,28.6,16.3,246.2,2.0,0,0,"[[8.04,5.87,105.4],[8.3,6.02,106.7],[7.75,5.52,106.8]]","[[[1, 1],'H_O',2.33,'OH'],[[2, 2],'C_O',2.056,'CO']]",[],4C1,4C1,1,2,"[3_9,9_10,10_11]","[1,6]",3,2,2.099,"[2.384, 0.937]",115.2,106.9,24.5,18.7,289.4,3.0,"[[8.39,3.78,165.9],[8.07,5.97,104.3],[8.42,6.27,104.6]]",314.8
aMal428_TSdh_nn_123_1,5305,-1459.8762,2SO,3S1,2,3,"[9_11,11_50]","[1,2]",1,3,2,1,2,2.13,"[2.158, 0.95]",86.8,45.0,157.0,79.2,26.5,93.0,0,0,"[[8.84,5.16,128.8],[7.77,3.96,138.2]]","[[[1, 2],'C_C',1.768,'bb'],[[2, 2],'H_O',2.158,'OH'],[[3, 3],'C_O',2.13,'CO']]",[],2SO,3S1,2,3,"[3_9,9_11,10_13,11_50]","[1,2]",4,2,1.989,"[2.679, 0.932]",109.5,106.4,156.6,81.3,21.3,91.1,"[[6.89,2.85,157.3],[8.72,5.06,129.0],[7.55,3.31,159.8],[8.06,4.18,138.4]]",393.8
aMal250_TSdh_nn_171_0,5288,-1459.8763,2SO,4C1,2,3,"[9_10,10_11,11_13]","[1,2]",-1,3,3,1,2,2.4330000000000003,"[2.077, 0.944]",282.9,75.0,142.8,96.1,116.8,3.9,0,0,"[[7.82,5.42,109.1],[7.95,5.87,104.3],[7.54,3.88,136.0]]","[[[2, 2],'H_O',2.077,'OH'],[[3, 3],'C_O',2.433,'CO']]",[],2SO,4C1,2,3,"[9_10,10_11,11_13]","[1,2]",3,2,2.6439999999999997,"[2.009, 0.944]",303.7,79.1,142.2,92.7,125.3,5.4,"[[7.86,5.53,107.9],[8.05,6.2,101.0],[7.56,4.05,131.6]]",393.6
aMal179_TSdh_nn_131_2,626,-1459.9228,25B,5S1,1,2,[10_13],"[1,11,0,50]",-1,2,1,1,4,2.244,"[1.791, 0.962]",89.9,165.0,113.5,98.7,80.2,81.0,0,0,"[[8.01,3.98,143.3]]","[[[1, 1],'H_O',1.791,'OH'],[[2, 2],'C_O',2.244,'CO']]",[],5E,5S1,-1,-1,"[1_2,3_9,6_3,10_13,11_2]","[1,11,0,50]",5,4,2.173,"[0, 0]",97.6,170.8,113.4,107.7,84.4,88.5,"[[5.55,1.81,153.4],[8.65,5.0,128.9],[6.46,3.87,115.5],[7.83,3.84,143.8],[7.2,3.1,154.4]]",271.5
aMal66_TSdh_nn_273_0,4317,-1459.8865,4C1,2SO,1,2,"[9_50,10_11]","[1,6]",-1,2,2,0,2,2.056,"[2.33, 0.946]",69.4,60.0,28.6,16.3,160.9,85.8,0,0,"[[6.61,4.22,111.7],[8.59,6.36,105.5]]","[[[1, 1],'H_O',2.33,'OH'],[[2, 2],'C_O',2.056,'CO']]",[],4C1,2SO,1,2,"[3_9,9_10]","[1,6]",2,2,2.104,"[2.341, 0.937]",125.0,120.7,22.8,18.9,156.8,83.0,"[[7.84,3.4,167.3],[7.26,4.76,111.8]]",366.8
aMal211_TSdh_nn_099_0,1705,-1459.9086,E1,B14,1,2,"[10_13,11_50]","[1,50]",-1,2,2,2,2,1.935,"[2.426, 0.946]",95.8,60.0,54.9,55.5,70.5,81.5,0,0,"[[8.28,4.06,147.5],[7.62,3.72,143.0]]","[[[1, 1],'H_O',2.426,'OH'],[[2, 2],'C_O',1.935,'CO']]",[],E1,3S1,1,2,[10_13],"[1,9,11,50]",1,4,1.9780000000000002,"[2.086, 0.957]",95.3,75.4,48.0,63.4,20.6,87.5,"[[7.7,3.46,156.2]]",308.8
aMal124_TSdh_nn_015_2,2593,-1459.9006,3OB,OS2,3,2,"[2_1,9_50,10_7,13_7]","[3,6,0]",-1,2,4,0,3,1.87,"[3.851, 0.954]",85.4,90.0,348.1,87.3,329.2,89.1,0,0,"[[6.28,3.81,113.8],[6.7,4.27,112.1],[8.76,5.79,116.0],[7.57,5.57,103.6]]","[[[2, 2],'C_O',1.87,'CO'],[[3, 3],'H_O',3.851,'OH']]",[],3OB,B25,3,2,"[2_1,9_50,13_7]","[3,6,0]",3,3,1.857,"[3.848, 0.953]",85.5,60.0,349.2,87.2,312.2,93.1,"[[6.26,3.7,115.5],[7.37,5.17,107.0],[7.7,5.7,103.5]]",329.8
aMal276_TSdh_nn_097_1,4115,-1459.8884,5S1,5S1,1,2,"[3_2,9_50,13_10]","[1,0,50]",-1,0,3,1,3,1.824,"[2.514, 0.943]",77.7,0.0,90.1,79.4,84.9,92.0,0,0,"[[8.5,6.19,106.8],[7.59,4.9,114.3],[8.55,4.54,138.6]]","[[[0, 1],'C_O',1.824,'bb'],[[1, 1],'H_O',2.514,'OH'],[[2, 2],'C_O',1.935,'CO']]",[],E1,5S1,1,2,[13_10],"[1,9,50]",1,3,2.029,"[2.276, 0.948]",77.8,37.4,73.5,67.8,89.6,89.4,"[[9.26,5.22,135.0]]",361.8
aMal439_TSdh_nn_296_1,2470,-1459.9018,5E,3S1,2,1,"[9_50,10_13,11_50]","[2,3]",-1,1,3,2,2,2.642,"[2.162, 0.931]",183.1,120.0,111.0,108.9,34.6,86.1,0,0,"[[7.09,4.77,109.4],[7.98,3.54,164.2],[7.91,3.93,143.0]]","[[[1, 1],'C_O',2.642,'CO'],[[2, 2],'H_O',2.162,'OH']]",[],5S1,5S1,2,1,"[10_13,11_1]","[2,3]",2,2,2.5780000000000003,"[1.692, 0.988]",155.1,75.3,105.0,95.8,86.7,80.5,"[[8.43,4.39,139.9],[8.23,3.79,158.1]]",326.6
aMal398_TSdh_nn_120_0,3662,-1459.8918,OS2,1S3,1,2,"[2_50,6_0,10_11]","[1,0]",-1,2,3,1,2,1.953,"[2.982, 0.932]",93.0,60.0,342.0,91.2,211.9,87.3,0,0,"[[6.99,3.35,138.7],[8.01,6.07,102.3],[7.65,5.41,107.0]]","[[[1, 1],'H_O',2.982,'OH'],[[2, 2],'C_O',1.953,'CO']]",[],5H4,B3O,1,2,"[2_9,2_50,3_6,9_10,10_11]","[1,0]",5,2,2.032,"[2.702, 0.93]",127.0,65.0,76.1,149.2,165.6,80.5,"[[7.86,3.4,165.7],[7.7,4.73,118.2],[7.55,3.42,153.2],[7.22,4.89,109.0],[8.2,6.32,101.4]]",352.9
aMal239_TSdh_nn_080_2,1933,-1459.9064,5S1,4C1,1,2,"[2_3,9_1,9_50,10_11]","[1,0,50]",-1,0,4,1,3,2.0469999999999997,"[3.685, 0.936]",77.5,105.0,91.0,78.8,277.2,1.8,0,0,"[[6.38,3.63,118.5],[7.62,3.55,150.2],[7.4,5.21,106.8],[8.11,5.67,109.2]]","[[[0, 1],'C_O',2.047,'bb'],[[1, 1],'H_O',3.685,'OH'],[[2, 2],'C_O',1.779,'CO']]",[],5S1,4C1,1,2,"[2_3,3_6,9_10,10_11]","[1,9,0,50]",4,4,1.993,"[3.71, 0.937]",72.4,52.0,91.6,79.9,258.2,6.8,"[[6.57,3.66,121.2],[7.91,4.11,136.5],[7.84,5.94,101.9],[8.33,6.07,106.3]]",314.5
aMal77_TSdh_nn_187_1,4605,-1459.8842,3S1,1C4,-1,-1,"[1_2,3_6,3_0,9_11,13_7]","[1,2,50]",-1,2,5,3,3,2.253,"[0, 0]",93.2,315.0,25.9,79.2,235.8,174.2,0,0,"[[5.52,1.83,150.5],[7.37,3.27,150.3],[6.94,4.85,104.7],[7.9,4.06,138.3],[7.77,5.26,111.0]]","[[[2, 2],'C_O',2.253,'CO']]",[],3S1,1C4,-1,-1,"[1_2,3_6,3_0,9_11,13_7]","[1,2,50]",5,3,2.237,"[0, 0]",107.6,314.8,28.7,79.9,287.0,172.3,"[[5.56,1.93,148.5],[6.94,2.82,157.8],[7.22,5.34,101.0],[7.48,3.65,141.5],[7.95,6.02,102.3]]",372.8
aMal250_TSdh_nn_187_0,1663,-1459.9089,3S1,4C1,-1,-1,"[1_2,3_6,3_0,9_10,10_11,11_13]","[1,2,9,50]",-1,2,6,3,4,2.253,"[0, 0]",93.2,60.0,25.9,79.2,116.8,3.9,0,0,"[[5.52,1.83,150.5],[7.37,3.27,150.3],[6.94,4.85,104.7],[7.82,5.42,109.1],[7.95,5.87,104.3],[7.54,3.88,136.0]]","[[[2, 2],'C_O',2.253,'CO']]",[],3S1,4C1,-1,-1,"[1_2,3_6,3_0,9_10,10_11,11_13]","[1,2,9,50]",6,4,2.253,"[0, 0]",78.1,46.0,27.8,78.3,177.0,6.2,"[[5.52,1.79,151.8],[7.3,3.21,150.8],[6.96,4.81,105.5],[7.46,5.25,106.7],[7.99,6.01,102.9],[7.51,4.01,131.5]]",308.0
aMal384_TSdh_nn_093_1,3255,-1459.8947,B3O,OS2,3,2,"[2_1,9_50,11_9,13_11]","[3,50]",3,2,4,1,2,2.039,"[2.819, 0.933]",276.4,120.0,168.2,75.7,329.1,91.4,0,0,"[[6.8,4.34,112.3],[6.74,4.34,111.4],[8.68,5.1,127.3],[8.87,4.73,139.9]]","[[[3, 4],'C_C',1.832,'bb'],[[2, 2],'C_O',2.039,'CO'],[[3, 3],'H_O',2.819,'OH']]",[],B3O,OS2,3,2,"[2_1,9_50,11_9]","[3,13,7]",3,3,2.0580000000000003,"[2.626, 0.936]",290.1,120.1,169.0,75.8,321.4,95.8,"[[7.01,4.48,113.0],[7.41,5.47,103.0],[8.9,5.44,124.2]]",345.3
aMal22_TSdh_nn_064_0,5618,-1459.8719,5S1,1C4,3,6,"[1_50,2_1,3_6,9_11,10_13]","[2,3]",-1,6,5,3,2,2.206,"[1.495, 1.082]",163.5,60.0,83.9,89.5,291.2,176.4,0,0,"[[7.55,3.58,145.7],[8.61,6.22,107.6],[6.32,1.08,164.9],[7.71,3.94,137.4],[8.78,4.87,134.4]]","[[[3, 3],'H_O',1.495,'OH'],[[6, 6],'C_O',2.206,'CO']]",[],5S1,1C4,3,6,"[1_9,1_50,2_1,3_6,9_11,10_13]","[2,3]",6,2,2.205,"[1.459, 1.103]",163.2,40.3,86.6,92.0,341.1,176.8,"[[8.14,3.77,153.8],[7.85,4.54,124.5],[8.27,5.76,109.8],[6.22,1.1,167.4],[7.58,3.77,139.8],[8.64,5.2,124.7]]",405.1
aMal448_TSdh_nn_273_1,4124,-1459.8883,4C1,4C1,1,2,"[9_50,10_11,13_11]","[1,6]",-1,2,3,0,2,2.056,"[2.33, 0.946]",69.4,45.0,28.6,16.3,270.6,2.4,0,0,"[[7.39,5.23,106.3],[8.09,5.67,109.0],[8.06,4.66,126.3]]","[[[1, 1],'H_O',2.33,'OH'],[[2, 2],'C_O',2.056,'CO']]",[],4C1,4C1,1,2,"[3_2,10_11,13_11]","[1,6]",3,2,2.046,"[2.334, 0.946]",83.8,69.1,26.4,17.1,251.7,7.5,"[[8.54,6.41,104.4],[8.12,5.81,107.4],[8.19,5.44,114.0]]",362.1
aMal192_TSdh_nn_119_1,4773,-1459.8825,E1,OS2,1,2,"[2_3,6_0,9_50,11_13]","[1,50]",-1,2,4,0,2,1.844,"[3.695, 0.935]",91.3,0.0,55.4,53.3,319.8,89.0,0,0,"[[7.8,5.6,105.9],[7.91,6.08,100.9],[6.77,4.29,112.7],[7.93,4.24,134.0]]","[[[1, 1],'H_O',3.695,'OH'],[[2, 2],'C_O',1.844,'CO']]",[],E1,OS2,1,2,"[2_3,6_0,9_11,11_13]","[1,50]",4,2,1.837,"[3.709, 0.935]",92.3,309.1,53.8,53.9,322.0,98.4,"[[8.08,5.75,107.4],[7.83,5.93,102.0],[8.32,4.4,137.4],[8.48,5.08,124.4]]",377.3
aMal20_TSdh_nn_073_1,4424,-1459.8859,1S3,3S1,3,2,"[1_2,11_50,13_7]","[3,11,50]",3,2,3,1,3,2.136,"[2.377, 0.941]",166.4,105.0,197.5,75.2,36.6,86.1,0,0,"[[7.75,5.56,106.0],[7.91,3.93,142.7],[7.41,5.15,107.7]]","[[[3, 4],'C_C',1.726,'bb'],[[2, 2],'C_O',2.136,'CO'],[[3, 3],'H_O',2.377,'OH']]",[],B3O,3S1,3,2,[1_2],"[3,9,11,50]",1,4,2.175,"[2.086, 0.953]",181.2,87.2,189.2,77.0,23.2,88.9,"[[7.88,5.01,116.6]]",368.4
aMal352_TSdh_nn_165_1,4538,-1459.8847,E1,5S1,1,2,[13_7],"[1,50]",-1,2,1,0,2,1.9340000000000002,"[2.2, 0.948]",96.2,45.0,50.0,66.0,86.1,83.1,0,0,"[[7.38,4.79,113.0]]","[[[1, 1],'H_O',2.2,'OH'],[[2, 2],'C_O',1.934,'CO']]",[],E1,5S1,1,2,"[2_3,3_7,6_0,13_7]","[1,9,50]",4,3,1.882,"[2.958, 0.936]",58.7,37.9,58.8,53.9,91.4,83.4,"[[8.11,5.69,108.7],[9.99,5.78,135.0],[7.84,5.97,101.5],[7.73,5.89,101.4]]",371.5
aMal101_TSdh_nn_008_1,340,-1459.9309,4H5,4C1,2,1,"[3_50,9_10,10_11,13_7]","[2,3]",-1,1,4,0,2,2.588,"[2.248, 0.934]",159.4,150.0,257.2,44.0,246.2,2.0,0,0,"[[7.95,5.72,106.3],[8.04,5.87,105.4],[8.3,6.02,106.7],[7.75,5.52,106.8]]","[[[1, 1],'C_O',2.588,'CO'],[[2, 2],'H_O',2.248,'OH']]",[],4H3,4C1,2,1,"[3_9,3_50,6_13,9_10,10_11]","[2,3]",5,2,2.186,"[1.76, 0.971]",120.1,101.0,217.5,37.5,207.1,3.2,"[[8.11,3.53,170.8],[8.07,5.97,103.9],[7.6,3.23,168.8],[7.89,5.7,105.9],[8.37,6.2,105.0]]",250.2
aMal346_TSdh_nn_001_1,2202,-1459.9041,3H4,OS2,2,1,"[2_1,9_11,10_7,13_7]","[1,2,50]",-1,1,4,2,3,2.267,"[1.282, 1.257]",167.5,180.0,33.3,120.5,339.1,91.1,0,0,"[[5.43,1.26,151.8],[7.99,3.88,146.3],[7.9,4.78,121.4],[7.64,5.87,100.4]]","[[[1, 1],'C_O',2.267,'CO'],[[2, 2],'H_O',1.282,'OH']]",[],3H4,OS2,2,1,"[2_1,9_11,10_7]","[1,2,7,50]",3,4,2.33,"[1.271, 1.274]",168.4,186.7,24.1,121.7,328.8,97.2,"[[5.46,1.27,153.7],[7.99,4.02,141.6],[8.5,6.37,104.4]]",320.6
aMal14_TSdh_nn_262_0,3988,-1459.8891,4C1,1S3,1,2,"[2_3,11_10]",[1],-1,2,2,0,1,1.989,"[3.87, 0.93]",288.0,60.0,53.7,21.1,210.3,88.1,0,0,"[[6.84,4.08,117.5],[7.92,5.36,111.5]]","[[[1, 1],'H_O',3.87,'OH'],[[2, 2],'C_O',1.989,'CO']]",[],4C1,1S5,1,2,"[2_3,13_1,13_7]","[1,13]",3,2,1.963,"[3.869, 0.93]",274.6,57.9,54.5,22.2,265.4,88.1,"[[6.87,3.98,120.1],[8.24,5.11,119.8],[6.61,3.9,117.3]]",360.0
aMal173_TSdh_nn_047_1,6018,-1459.8663,1C4,5S1,-1,-1,"[1_2,2_50,3_6,11_50,13_10]","[3,6]",-1,6,5,4,2,2.2969999999999997,"[0, 0]",163.1,180.0,56.6,173.5,84.9,84.1,0,0,"[[7.16,4.51,114.5],[7.56,3.85,137.2],[5.8,1.97,155.7],[7.83,3.84,144.0],[8.14,4.04,144.5]]","[[[6, 6],'C_O',2.297,'CO']]",[],1C4,5S1,-1,-1,"[1_2,2_50,3_6,11_50,13_10]","[3,6]",5,2,2.33,"[0, 0]",195.1,174.0,73.3,176.1,87.8,86.0,"[[7.23,4.6,113.9],[7.76,4.0,137.1],[5.83,1.97,156.1],[8.03,4.09,140.5],[8.31,4.67,130.5]]",419.8
aMal320_TSdh_nn_356_0,3054,-1459.8964,E3,4C1,-1,-1,"[2_1,9_50,10_11,13_7]","[1,2,3]",-1,1,4,1,3,2.511,"[0, 0]",57.3,60.0,179.2,49.3,199.9,1.2,0,0,"[[5.42,1.66,150.2],[7.45,5.37,104.9],[8.14,5.65,109.9],[7.52,5.39,105.5]]","[[[1, 1],'C_O',2.511,'CO']]",[],E3,4C1,-1,-1,"[2_1,9_10,10_11,13_7]","[1,2,3]",4,3,2.62,"[0, 0]",90.6,82.7,166.1,57.2,158.6,4.5,"[[5.49,1.72,151.6],[7.83,5.56,107.1],[8.43,6.22,105.4],[7.68,5.9,100.6]]",340.8
aMal477_TSdh_nn_340_0,4755,-1459.8825,B3O,5S1,3,2,"[2_1,10_13,11_50]","[3,11,50]",3,2,3,2,3,2.023,"[2.855, 0.933]",273.9,120.0,167.4,80.7,83.2,92.2,0,0,"[[6.71,4.24,112.5],[8.69,4.28,150.6],[7.59,3.58,147.2]]","[[[3, 4],'C_C',1.846,'bb'],[[2, 2],'C_O',2.023,'CO'],[[3, 3],'H_O',2.855,'OH']]",[],B3O,25B,3,2,"[2_1,10_13]","[3,11,7,50]",2,4,2.025,"[2.647, 0.937]",285.6,113.5,166.8,81.1,107.3,88.7,"[[6.88,4.33,113.6],[8.27,4.37,137.3]]",377.3
aMal376_TSdh_nn_181_0,6445,-1459.8536,1HO,3S1,1,2,"[2_11,2_50,10_7,11_9,11_50,13_10]","[1,2,0]",-1,2,6,3,3,2.274,"[3.547, 0.93]",163.0,105.0,191.8,153.0,21.1,90.1,0,0,"[[9.12,5.48,126.0],[7.54,3.53,146.4],[7.75,4.83,117.8],[9.16,6.06,117.1],[8.45,4.46,138.6],[8.17,3.86,153.4]]","[[[1, 1],'H_O',3.547,'OH'],[[2, 2],'C_O',2.274,'CO']]",[],1HO,3S1,1,2,"[2_11,2_50,10_7,11_9,13_10]","[1,2,0]",5,3,2.3040000000000003,"[3.367, 0.93]",161.8,87.6,200.0,147.6,21.4,91.3,"[[7.21,2.94,165.3],[9.63,6.45,115.8],[7.73,4.89,116.6],[7.95,3.83,146.6],[8.36,4.31,141.1]]",453.2
aMal80_TSdh_nn_080_1,4549,-1459.8846,5S1,5S1,1,2,"[2_3,9_50,11_50]","[1,0,50]",-1,0,3,1,3,2.0469999999999997,"[3.685, 0.936]",77.5,30.0,91.0,78.8,87.4,90.1,0,0,"[[6.38,3.63,118.5],[7.63,5.32,108.0],[7.99,3.9,146.0]]","[[[0, 1],'C_O',2.047,'bb'],[[1, 1],'H_O',3.685,'OH'],[[2, 2],'C_O',1.779,'CO']]",[],5S1,5S1,1,2,"[2_3,11_50]","[1,9,0,50]",2,4,2.031,"[3.778, 0.938]",49.3,44.1,91.6,78.1,87.5,91.0,"[[6.41,3.57,120.5],[8.28,4.16,144.1]]",371.8
aMal462_TSdh_nn_123_0,5872,-1459.8684,2SO,5S1,2,3,[13_7],"[1,2]",1,3,1,0,2,2.13,"[2.158, 0.95]",86.8,60.0,157.0,79.2,85.4,85.5,0,0,"[[7.42,4.86,112.5]]","[[[1, 2],'C_C',1.768,'bb'],[[2, 2],'H_O',2.158,'OH'],[[3, 3],'C_O',2.13,'CO']]",[],2SO,5S1,2,3,[13_7],"[1,2]",1,2,2.237,"[2.09, 0.949]",103.8,48.1,157.8,79.5,94.7,79.4,"[[7.47,5.3,106.2]]",414.3
aMal94_TSdh_nn_093_0,4801,-1459.8822,B3O,3S1,3,2,"[2_1,9_50,13_7]","[3,50]",3,2,3,0,2,2.039,"[2.819, 0.933]",276.4,120.0,168.2,75.7,36.5,86.0,0,0,"[[6.8,4.34,112.3],[7.46,4.66,116.7],[7.43,5.19,107.3]]","[[[3, 4],'C_C',1.832,'bb'],[[2, 2],'C_O',2.039,'CO'],[[3, 3],'H_O',2.819,'OH']]",[],B3O,5S1,3,2,"[2_1,9_50]","[3,11,7,50]",2,4,2.05,"[2.634, 0.937]",289.4,106.5,165.3,76.6,104.9,95.3,"[[7.08,4.59,112.0],[7.39,5.57,101.3]]",378.1
aMal251_TSdh_nn_001_0,52,-1459.9403,3H4,5S1,2,1,"[2_1,10_13]","[1,2,11,50]",-1,1,2,2,4,2.267,"[1.282, 1.257]",167.5,90.0,33.3,120.5,87.2,78.2,0,0,"[[5.43,1.26,151.8],[8.53,4.47,140.0]]","[[[1, 1],'C_O',2.267,'CO'],[[2, 2],'H_O',1.282,'OH']]",[],3H4,3S1,2,1,"[2_1,10_13,11_1]","[2,9,11,50]",3,4,2.298,"[1.337, 1.185]",158.9,81.8,17.1,121.4,25.2,87.9,"[[5.7,1.19,159.2],[7.58,3.33,159.0],[7.45,3.34,152.3]]",225.5
aMal124_TSdh_nn_050_0,3399,-1459.8937,4C1,OS2,3,2,"[2_1,9_50,10_7,13_7]","[3,9,50]",3,2,4,0,3,2.077,"[3.074, 0.932]",277.2,60.0,189.2,13.7,329.2,89.1,0,0,"[[8.05,5.93,104.6],[6.7,4.27,112.1],[8.76,5.79,116.0],[7.57,5.57,103.6]]","[[[3, 4],'C_C',1.808,'bb'],[[2, 2],'C_O',2.077,'CO'],[[3, 3],'H_O',3.074,'OH']]",[],4C1,3OB,3,2,"[2_1,6_0,10_13]","[3,9,11,50]",3,4,2.063,"[2.751, 0.936]",268.0,59.1,188.3,16.0,1.1,98.3,"[[8.39,6.22,104.8],[7.92,6.13,100.4],[7.85,3.51,159.7]]",347.9
aMal351_TSdh_nn_356_1,2298,-1459.9036,E3,4C1,-1,-1,"[2_1,11_13]","[1,2,3]",-1,1,2,2,3,2.511,"[0, 0]",57.3,45.0,179.2,49.3,24.6,2.7,0,0,"[[5.42,1.66,150.2],[7.52,3.83,137.2]]","[[[1, 1],'C_O',2.511,'CO']]",[],E3,4C1,-1,-1,"[2_1,3_7,9_10,10_11,11_13]","[1,2,3]",5,3,2.551,"[0, 0]",48.2,50.0,179.2,50.6,152.9,7.2,"[[5.5,1.85,148.6],[7.85,4.05,137.0],[7.75,5.49,107.1],[8.0,6.16,101.0],[7.43,3.98,130.9]]",321.9
aMal213_TSdh_nn_177_2,4017,-1459.889,5S1,5S1,1,2,[6_3],"[1,11,0,50]",-1,2,1,0,4,2.239,"[1.808, 0.958]",92.6,165.0,104.5,99.7,87.6,79.2,0,0,"[[8.95,5.09,132.3]]","[[[1, 1],'H_O',1.808,'OH'],[[2, 2],'C_O',2.239,'CO']]",[],5S1,5S1,1,2,"[3_9,6_3]","[1,11,0,50]",2,4,2.322,"[1.743, 0.966]",101.3,153.1,104.5,98.4,103.0,77.4,"[[8.83,5.12,129.6],[8.79,4.79,136.7]]",360.2
aMal190_TSdh_nn_093_0,4371,-1459.8862,B3O,1C4,3,2,"[2_1,9_50,11_9,13_7]","[3,50]",3,2,4,1,2,2.039,"[2.819, 0.933]",276.4,120.0,168.2,75.7,262.6,175.3,0,0,"[[6.8,4.34,112.3],[7.25,4.77,111.6],[7.83,4.0,138.6],[7.87,5.27,112.2]]","[[[3, 4],'C_C',1.832,'bb'],[[2, 2],'C_O',2.039,'CO'],[[3, 3],'H_O',2.819,'OH']]",[],B3O,1C4,3,2,"[2_1,11_9]","[3,7]",2,2,2.05,"[2.652, 0.936]",289.9,105.4,166.1,76.6,213.0,174.9,"[[7.11,4.64,111.6],[7.91,4.03,139.8]]",367.6
aMal55_TSdh_nn_094_2,2474,-1459.9017,E1,5S1,1,2,[9_50],"[1,11,50]",-1,2,1,0,3,1.9380000000000002,"[2.459, 0.941]",103.5,105.0,51.0,61.3,87.2,89.1,0,0,"[[7.76,5.13,112.8]]","[[[1, 1],'H_O',2.459,'OH'],[[2, 2],'C_O',1.938,'CO']]",[],E1,25B,1,2,"[3_6,9_50]","[1,11,7,50]",2,4,1.9909999999999999,"[2.102, 0.952]",161.4,121.2,49.6,69.0,113.8,94.8,"[[8.23,3.97,149.1],[7.68,5.81,101.5]]",326.9
aMal230_TSdh_nn_260_0,2900,-1459.8979,4E,5S1,2,1,"[2_1,11_50,13_7]","[1,2]",-1,1,3,2,2,2.378,"[1.216, 1.376]",55.8,45.0,229.3,41.4,86.8,83.6,0,0,"[[5.41,1.38,153.5],[7.87,3.9,142.7],[7.38,4.84,112.3]]","[[[1, 1],'C_O',2.378,'CO'],[[2, 2],'H_O',1.216,'OH']]",[],B25,5S1,2,1,"[2_1,3_9,11_50,13_7]","[1,6]",4,2,2.52,"[1.22, 1.411]",104.8,124.7,288.2,80.0,86.5,86.2,"[[5.66,1.41,162.0],[8.3,3.92,154.1],[7.7,3.74,144.3],[7.6,5.37,107.1]]",336.9
aMal234_TSdh_nn_340_1,3482,-1459.8931,B3O,4C1,3,2,"[2_1,10_9,11_10,13_7]","[3,50]",3,2,4,0,2,2.023,"[2.855, 0.933]",273.9,120.0,167.4,80.7,180.0,1.7,0,0,"[[6.71,4.24,112.5],[7.83,5.83,103.4],[7.94,5.63,107.6],[7.65,5.48,106.0]]","[[[3, 4],'C_C',1.846,'bb'],[[2, 2],'C_O',2.023,'CO'],[[3, 3],'H_O',2.855,'OH']]",[],1S3,4C1,3,2,"[2_1,9_10]","[3,13,7]",2,3,2.013,"[2.879, 0.931]",306.4,131.3,198.6,73.0,173.2,3.8,"[[6.52,3.86,116.8],[7.85,5.89,102.8]]",349.5
aMal264_TSdh_nn_020_1,1150,-1459.9134,5S1,3S1,1,2,"[1_2,6_3,9_50,11_50]","[1,0,50]",-1,2,4,2,3,2.099,"[1.424, 1.091]",78.3,45.0,104.2,102.2,37.1,88.6,0,0,"[[5.69,1.09,149.8],[6.58,4.38,108.2],[7.07,4.66,110.8],[7.79,3.82,143.9]]","[[[1, 1],'H_O',1.424,'OH'],[[2, 2],'C_O',2.099,'CO']]",[],25B,OS2,1,2,"[1_2,6_3,9_11,10_7,11_13]","[1,9,0,50]",5,4,2.105,"[1.412, 1.102]",125.0,55.5,110.4,101.8,332.0,93.6,"[[5.67,1.1,150.4],[6.78,4.38,111.0],[7.63,3.8,139.8],[8.36,5.5,115.3],[8.48,5.15,123.0]]",296.2
aMal118_TSdh_nn_050_0,3362,-1459.894,4C1,1S5,3,2,"[2_1,9_50,13_7]","[3,9,50]",3,2,3,0,3,2.077,"[3.074, 0.932]",277.2,60.0,189.2,13.7,276.6,86.0,0,0,"[[8.05,5.93,104.6],[7.34,4.88,111.1],[8.28,6.33,102.2]]","[[[3, 4],'C_C',1.808,'bb'],[[2, 2],'C_O',2.077,'CO'],[[3, 3],'H_O',3.074,'OH']]",[],4C1,1S3,3,2,[10_11],"[3,9,7,50]",1,4,2.0540000000000003,"[2.673, 0.938]",278.3,76.6,195.2,14.7,220.9,92.0,"[[7.83,5.83,103.3]]",347.1
aMal400_TSdh_nn_273_2,3656,-1459.8919,4C1,3S1,1,2,"[9_11,10_7,13_7]","[1,6]",-1,2,3,0,2,2.056,"[2.33, 0.946]",69.4,135.0,28.6,16.3,15.1,90.7,0,0,"[[8.27,5.03,122.2],[7.93,4.83,120.7],[7.48,5.23,107.5]]","[[[1, 1],'H_O',2.33,'OH'],[[2, 2],'C_O',2.056,'CO']]",[],4C1,3OB,1,2,"[3_9,9_11,10_7,13_7]","[1,6]",4,2,2.1109999999999998,"[2.359, 0.936]",110.3,123.5,22.9,18.3,10.6,90.7,"[[7.96,3.55,160.3],[8.07,4.26,136.0],[7.83,4.76,120.7],[7.49,5.7,100.9]]",352.6
aMal435_TSdh_nn_184_0,4872,-1459.8813,3S1,5S1,1,2,"[1_2,3_0,6_0,11_50,13_10]","[1,2,50]",-1,2,5,3,3,2.164,"[1.388, 1.126]",87.0,60.0,16.2,77.1,86.3,86.3,0,0,"[[5.53,1.13,147.3],[6.62,3.6,123.9],[7.9,6.11,100.4],[7.82,3.85,143.0],[8.05,4.01,143.1]]","[[[1, 1],'H_O',1.388,'OH'],[[2, 2],'C_O',2.164,'CO']]",[],3S1,5S1,1,2,"[1_2,3_0,6_0,11_50,13_10]","[1,9,50]",5,3,2.178,"[1.493, 1.046]",49.2,43.9,24.3,78.1,87.2,91.2,"[[5.91,1.05,149.8],[6.57,3.52,124.8],[7.77,5.85,102.3],[8.46,4.31,143.6],[8.0,4.35,132.5]]",380.4
aMal213_TSdh_nn_161_1,699,-1459.9204,3E,5S1,2,1,"[2_1,3_6]","[1,2,50]",-1,1,2,2,3,2.383,"[1.275, 1.264]",96.8,45.0,352.5,109.1,87.6,79.2,0,0,"[[5.46,1.26,153.5],[7.98,3.87,146.5]]","[[[1, 1],'C_O',2.383,'CO'],[[2, 2],'H_O',1.275,'OH']]",[],3E,5S1,2,1,"[2_1,3_6]","[1,2,9,50]",2,4,2.353,"[1.298, 1.231]",97.8,42.2,356.2,111.3,95.4,79.0,"[[5.5,1.23,153.5],[7.83,3.52,158.0]]",277.8
aMal281_TSdh_nn_067_2,2840,-1459.8986,4C1,OS2,3,2,"[9_50,11_9]","[3,50]",3,2,2,0,2,2.116,"[2.406, 0.94]",278.6,135.0,151.5,10.5,331.1,92.3,0,0,"[[6.7,4.26,112.3],[8.37,4.74,130.0]]","[[[3, 4],'C_C',1.762,'bb'],[[2, 2],'C_O',2.116,'CO'],[[3, 3],'H_O',2.406,'OH']]",[],4C1,OS2,3,2,"[9_50,11_9]","[3,13,7]",2,3,2.103,"[2.407, 0.94]",293.0,123.1,166.3,10.4,324.2,95.4,"[[7.34,5.24,105.3],[8.58,5.11,125.6]]",335.0
aMal351_TSdh_nn_064_1,4937,-1459.8804,5S1,4C1,3,6,"[1_50,2_1,3_6,11_13]","[2,3]",-1,6,4,3,2,2.206,"[1.495, 1.082]",163.5,165.0,83.9,89.5,24.6,2.6,0,0,"[[7.55,3.58,145.7],[8.61,6.22,107.6],[6.32,1.08,164.9],[7.52,3.83,137.2]]","[[[3, 3],'H_O',1.495,'OH'],[[6, 6],'C_O',2.206,'CO']]",[],5S1,4C1,3,6,"[1_50,2_1,3_6,9_10,10_11,11_13]","[2,3]",6,2,2.2159999999999997,"[1.496, 1.076]",189.1,184.6,86.7,90.1,126.3,4.1,"[[7.63,3.64,145.4],[8.4,5.94,109.0],[6.33,1.08,166.1],[7.65,5.25,109.3],[8.05,6.01,103.7],[7.51,3.95,133.1]]",382.8
aMal269_TSdh_nn_116_1,5582,-1459.8723,5S1,OS2,3,6,"[1_50,2_1,3_6,9_11,11_13]","[2,3]",-1,6,5,3,2,2.221,"[1.518, 1.069]",79.2,15.0,83.4,88.7,332.1,91.0,0,0,"[[7.67,3.64,146.4],[8.67,6.29,107.3],[6.4,1.07,164.7],[8.34,4.2,144.0],[8.31,4.76,128.3]]","[[[3, 3],'H_O',1.518,'OH'],[[6, 6],'C_O',2.221,'CO']]",[],5S1,OS2,3,6,"[1_50,2_1,3_6,9_11,11_13]","[2,3]",5,2,2.211,"[1.497, 1.08]",128.8,300.0,84.0,88.8,320.8,99.3,"[[7.42,3.41,148.5],[8.48,6.04,108.6],[6.35,1.08,166.3],[8.18,4.12,142.4],[8.39,5.03,124.0]]",404.1
aMal79_TSdh_nn_161_0,299,-1459.9315,3E,5S1,2,1,"[2_1,3_6,9_50,13_10]","[1,2,9,50]",-1,1,4,3,4,2.383,"[1.275, 1.264]",96.8,60.0,352.5,109.1,85.6,85.9,0,0,"[[5.46,1.26,153.5],[7.98,3.87,146.5],[7.87,5.26,112.3],[8.11,4.02,144.6]]","[[[1, 1],'C_O',2.383,'CO'],[[2, 2],'H_O',1.275,'OH']]",[],3E,3OB,2,1,"[2_1,3_6,9_2,10_13]","[1,2,9,11,50]",4,5,2.377,"[1.346, 1.177]",87.0,94.5,354.3,115.7,14.3,90.2,"[[5.59,1.18,153.2],[7.53,3.63,143.8],[7.48,3.79,136.5],[7.82,3.57,154.8]]",248.6
aMal209_TSdh_nn_254_2,5334,-1459.8758,4H5,2SO,1,2,"[6_50,9_50,10_11]","[1,0]",-1,2,3,0,2,2.016,"[2.168, 0.949]",53.7,120.0,264.1,65.6,156.0,81.8,0,0,"[[7.95,4.62,125.5],[6.74,4.53,108.2],[8.62,6.34,106.2]]","[[[1, 1],'H_O',2.168,'OH'],[[2, 2],'C_O',2.016,'CO']]",[],4E,5S1,1,2,"[3_9,6_7,6_50,11_6,11_50]","[1,0]",5,2,2.115,"[2.04, 0.952]",106.6,103.9,249.0,68.4,94.3,86.7,"[[7.85,3.4,167.3],[8.08,3.78,153.3],[7.96,6.14,100.6],[9.56,4.82,153.7],[8.7,5.43,121.3]]",394.9
aMal194_TSdh_nn_001_2,1140,-1459.9135,3H4,B3O,2,1,"[2_1,9_10]","[1,2,50]",-1,1,2,1,3,2.267,"[1.282, 1.257]",167.5,165.0,33.3,120.5,165.4,87.3,0,0,"[[5.43,1.26,151.8],[7.41,4.94,111.0]]","[[[1, 1],'C_O',2.267,'CO'],[[2, 2],'H_O',1.282,'OH']]",[],3H4,1S3,2,1,"[2_1,10_11]","[1,2,13,7,50]",2,5,2.332,"[1.256, 1.29]",206.8,190.7,38.2,123.3,205.3,86.6,"[[5.54,1.29,159.6],[8.03,5.78,106.7]]",295.9
aMal356_TSdh_nn_093_1,3173,-1459.8955,B3O,3S1,3,2,"[2_1,9_50,13_10]","[3,50]",3,2,3,1,2,2.039,"[2.819, 0.933]",276.4,135.0,168.2,75.7,29.7,84.2,0,0,"[[6.8,4.34,112.3],[7.46,4.7,116.1],[7.72,3.94,138.3]]","[[[3, 4],'C_C',1.832,'bb'],[[2, 2],'C_O',2.039,'CO'],[[3, 3],'H_O',2.819,'OH']]",[],B3O,3S1,3,2,"[2_1,10_13]","[3,9,11,50]",2,4,2.035,"[2.611, 0.936]",190.4,94.4,172.2,74.9,20.2,86.3,"[[6.89,4.35,113.5],[7.78,3.52,155.9]]",343.2
aMal351_TSdh_nn_047_1,4903,-1459.8808,1C4,4C1,-1,-1,"[1_2,2_50,3_6,11_13]","[3,6]",-1,6,4,3,2,2.2969999999999997,"[0, 0]",163.1,165.0,56.6,173.5,24.6,2.7,0,0,"[[7.16,4.51,114.5],[7.56,3.85,137.2],[5.8,1.97,155.7],[7.52,3.83,137.2]]","[[[6, 6],'C_O',2.297,'CO']]",[],1C4,4C1,-1,-1,"[1_2,2_50,3_6,9_10,10_11,11_13]","[3,6]",6,2,2.3280000000000003,"[0, 0]",192.1,182.6,73.9,175.5,135.9,4.0,"[[7.19,4.56,114.2],[7.67,3.89,138.3],[5.79,1.94,155.8],[7.61,5.23,109.1],[7.97,5.84,104.9],[7.5,3.93,133.3]]",381.7
aMal434_TSdh_nn_346_2,2427,-1459.9022,5H4,1C4,1,2,"[3_6,9_11]","[1,0]",-1,2,2,2,2,2.045,"[2.168, 0.949]",65.9,135.0,82.3,141.6,256.4,173.9,0,0,"[[7.95,3.98,141.7],[7.95,4.18,135.7]]","[[[1, 1],'H_O',2.168,'OH'],[[2, 2],'C_O',2.045,'CO']]",[],5H4,1C4,1,2,"[2_1,3_6,10_13]","[1,9,11,0,7]",3,5,2.006,"[3.064, 0.947]",176.9,65.7,79.1,133.3,123.2,175.1,"[[7.96,4.87,120.0],[7.96,4.0,141.4],[8.38,4.96,125.2]]",325.6
aMal241_TSdh_nn_131_1,679,-1459.9212,25B,5S1,1,2,[11_50],"[1,11,0,50]",-1,2,1,1,4,2.244,"[1.791, 0.962]",89.9,105.0,113.5,98.7,85.9,84.4,0,0,"[[7.8,3.83,143.6]]","[[[1, 1],'H_O',1.791,'OH'],[[2, 2],'C_O',2.244,'CO']]",[],5E,3S1,-1,-1,"[1_2,6_3,9_2]","[1,9,11,0,50]",3,5,2.171,"[0, 0]",75.9,93.0,108.8,108.4,21.6,89.3,"[[5.51,1.77,153.3],[6.1,3.64,114.1],[7.4,3.2,156.2]]",275.7
aMal291_TSdh_nn_015_0,1521,-1459.9101,3OB,5S1,3,2,"[2_1,11_50]","[3,6,0]",-1,2,2,1,3,1.87,"[3.851, 0.954]",85.4,60.0,348.1,87.3,87.2,89.1,0,0,"[[6.28,3.81,113.8],[7.74,3.76,144.2]]","[[[2, 2],'C_O',1.87,'CO'],[[3, 3],'H_O',3.851,'OH']]",[],3OB,5S1,3,2,"[2_1,11_50]","[3,6,0]",2,3,1.867,"[4.0, 0.967]",79.2,82.3,351.4,85.2,88.5,91.1,"[[6.31,3.77,115.1],[8.02,3.88,147.7]]",304.8
aMal30_TSdh_nn_187_2,3063,-1459.8963,3S1,1S5,-1,-1,"[1_2,3_6,3_0,9_2,9_50,11_13]","[1,2,50]",-1,2,6,4,3,2.253,"[0, 0]",93.2,180.0,25.9,79.2,272.0,86.8,0,0,"[[5.52,1.83,150.5],[7.37,3.27,150.3],[6.94,4.85,104.7],[9.35,4.67,154.1],[7.32,4.89,110.5],[7.67,3.95,136.8]]","[[[2, 2],'C_O',2.253,'CO']]",[],3S1,1S5,-1,-1,"[1_2,3_6,3_0,9_2,11_13]","[2,9,7,50]",5,4,2.259,"[0, 0]",96.8,158.6,30.3,82.7,260.6,92.0,"[[6.02,2.21,156.1],[6.91,2.87,154.2],[6.94,5.09,100.9],[7.03,3.08,149.2],[7.41,3.82,134.6]]",341.1
aMal41_TSdh_nn_119_1,2288,-1459.9038,E1,3OB,1,2,"[2_3,6_0,9_11,10_7]","[1,11,50]",-1,2,4,0,3,1.844,"[3.695, 0.935]",91.3,135.0,55.4,53.3,13.9,90.8,0,0,"[[7.8,5.6,105.9],[7.91,6.08,100.9],[8.2,4.9,123.6],[7.85,4.74,121.5]]","[[[1, 1],'H_O',3.695,'OH'],[[2, 2],'C_O',1.844,'CO']]",[],E1,3S1,1,2,"[6_0,10_7]","[1,9,11,50]",2,4,1.97,"[2.138, 0.951]",105.9,68.6,44.7,65.8,17.2,88.4,"[[7.92,6.05,101.4],[8.28,5.23,118.8]]",321.4
aMal314_TSdh_nn_340_0,4507,-1459.8851,B3O,1C4,3,2,"[2_1,9_11]","[3,9,50]",3,2,2,0,3,2.023,"[2.855, 0.933]",273.9,45.0,167.4,80.7,253.1,164.6,0,0,"[[6.71,4.24,112.5],[8.38,4.59,133.5]]","[[[3, 4],'C_C',1.846,'bb'],[[2, 2],'C_O',2.023,'CO'],[[3, 3],'H_O',2.855,'OH']]",[],B3O,1C4,3,2,"[2_1,9_11,13_10]","[3,9,50]",3,3,2.019,"[2.576, 0.937]",258.0,59.1,171.3,79.1,256.2,170.4,"[[6.83,4.31,113.2],[7.38,3.51,143.3],[7.62,3.83,139.2]]",370.5
aMal464_TSdh_nn_067_2,3877,-1459.8902,4C1,OS2,3,2,"[9_50,11_13]","[3,50]",3,2,2,0,2,2.116,"[2.406, 0.94]",278.6,135.0,151.5,10.5,319.0,88.7,0,0,"[[6.78,4.36,111.8],[7.87,4.16,134.7]]","[[[3, 4],'C_C',1.762,'bb'],[[2, 2],'C_O',2.116,'CO'],[[3, 3],'H_O',2.406,'OH']]",[],4C1,1S3,3,2,"[10_11,11_13]","[3,9,50]",2,3,2.088,"[2.365, 0.944]",277.4,73.3,167.2,10.1,220.8,92.0,"[[7.61,5.41,106.4],[7.84,4.51,125.9]]",357.1
aMal21_TSdh_nn_187_0,3697,-1459.8914,3S1,5S1,-1,-1,"[1_2,3_6,3_0,11_50]","[1,2,50]",-1,2,4,3,3,2.253,"[0, 0]",93.2,60.0,25.9,79.2,88.1,76.7,0,0,"[[5.52,1.83,150.5],[7.37,3.27,150.3],[6.94,4.85,104.7],[8.27,4.32,138.7]]","[[[2, 2],'C_O',2.253,'CO']]",[],3S1,5S1,-1,-1,"[1_2,3_6,3_0,11_50]","[1,2,9,50]",4,4,2.244,"[0, 0]",55.2,39.6,26.2,80.2,91.3,84.1,"[[5.52,1.77,152.7],[7.29,3.21,150.5],[6.92,4.81,105.1],[8.78,4.76,137.6]]",353.9
aMal248_TSdh_nn_116_1,6101,-1459.8649,5S1,5S1,3,6,"[1_50,2_1,3_6,11_50,13_7]","[2,3]",-1,6,5,3,2,2.221,"[1.518, 1.069]",79.2,30.0,83.4,88.7,87.5,82.2,0,0,"[[7.67,3.64,146.4],[8.67,6.29,107.3],[6.4,1.07,164.7],[7.96,4.0,141.7],[7.39,4.83,112.7]]","[[[3, 3],'H_O',1.518,'OH'],[[6, 6],'C_O',2.221,'CO']]",[],5S1,5S1,3,6,"[1_50,2_1,3_6,13_7]","[2,3]",4,2,2.229,"[1.519, 1.066]",127.8,42.1,82.4,88.9,101.2,81.4,"[[7.42,3.52,144.2],[8.63,6.22,107.8],[6.43,1.07,167.1],[7.81,5.83,103.2]]",423.5
aMal434_TSdh_nn_127_0,992,-1459.9151,E1,1C4,1,2,"[3_6,9_11]","[1,50]",-1,2,2,2,2,1.9769999999999999,"[2.292, 0.943]",91.9,60.0,50.1,69.5,256.4,173.9,0,0,"[[8.11,3.87,149.7],[7.95,4.18,135.7]]","[[[1, 1],'H_O',2.292,'OH'],[[2, 2],'C_O',1.977,'CO']]",[],E1,1C4,1,2,"[3_6,9_11]","[1,9,50]",2,3,1.99,"[2.126, 0.95]",140.7,62.6,47.8,69.3,270.1,172.3,"[[8.29,3.97,151.2],[7.24,3.38,144.5]]",291.7
aMal206_TSdh_nn_260_1,2881,-1459.8981,4E,5S1,2,1,"[2_1,11_50]","[1,2]",-1,1,2,2,2,2.378,"[1.216, 1.376]",55.8,30.0,229.3,41.4,87.4,86.8,0,0,"[[5.41,1.38,153.5],[7.91,3.94,142.3]]","[[[1, 1],'C_O',2.378,'CO'],[[2, 2],'H_O',1.216,'OH']]",[],B25,5S1,2,1,"[2_1,3_7,10_13,11_50]","[1,6]",4,2,2.5340000000000003,"[1.268, 1.324]",48.4,44.2,289.4,81.3,81.7,86.1,"[[5.7,1.32,161.7],[8.05,4.0,143.3],[7.94,3.93,143.4],[7.72,3.84,141.5]]",336.3
aMal244_TSdh_nn_123_1,5261,-1459.8768,2SO,3S1,2,3,"[9_50,11_50]","[1,2]",1,3,2,1,2,2.13,"[2.158, 0.95]",86.8,30.0,157.0,79.2,43.5,88.4,0,0,"[[7.12,4.72,110.7],[7.69,3.72,144.7]]","[[[1, 2],'C_C',1.768,'bb'],[[2, 2],'H_O',2.158,'OH'],[[3, 3],'C_O',2.13,'CO']]",[],2SO,3S1,2,3,"[3_9,9_11]","[1,2]",2,2,1.985,"[2.823, 0.929]",125.2,101.2,159.9,81.3,17.6,92.9,"[[7.22,2.97,165.1],[7.72,3.99,135.8]]",392.2
aMal21_TSdh_nn_161_1,844,-1459.9176,3E,5S1,2,1,"[2_1,3_6,11_50]","[1,2,50]",-1,1,3,3,3,2.383,"[1.275, 1.264]",96.8,90.0,352.5,109.1,88.1,76.7,0,0,"[[5.46,1.26,153.5],[7.98,3.87,146.5],[8.27,4.32,138.7]]","[[[1, 1],'C_O',2.383,'CO'],[[2, 2],'H_O',1.275,'OH']]",[],3E,5S1,2,1,"[2_1,3_6,11_50]","[1,2,9,50]",3,4,2.335,"[1.311, 1.221]",62.0,43.7,351.5,113.7,90.9,84.0,"[[5.5,1.22,151.9],[7.66,3.68,145.1],[8.59,4.45,142.4]]",285.1
aMal100_TSdh_nn_186_1,5178,-1459.8778,OH5,3S1,1,2,"[9_11,11_50,13_7]","[1,6,0]",-1,2,3,0,3,2.239,"[1.618, 1.0]",90.8,135.0,327.0,64.3,24.7,92.6,0,0,"[[8.63,4.92,130.3],[7.83,4.12,135.0],[7.5,5.31,106.5]]","[[[1, 1],'H_O',1.618,'OH'],[[2, 2],'C_O',2.239,'CO']]",[],OH5,3S1,1,2,"[1_2,9_11,11_50]","[1,6,0]",3,3,2.244,"[1.565, 1.014]",98.1,122.3,322.1,64.7,22.6,92.9,"[[6.16,1.01,149.0],[8.43,4.7,131.7],[7.97,4.41,130.5]]",389.6
aMal301_TSdh_nn_015_2,1737,-1459.9083,3OB,1C4,3,2,"[2_1,9_50,10_13,11_9]","[3,6,0]",-1,2,4,2,3,1.87,"[3.851, 0.954]",85.4,120.0,348.1,87.3,282.4,170.2,0,0,"[[6.28,3.81,113.8],[7.28,4.77,112.0],[7.61,3.34,161.1],[7.83,3.95,139.8]]","[[[2, 2],'C_O',1.87,'CO'],[[3, 3],'H_O',3.851,'OH']]",[],3OB,1C4,3,2,"[2_1,9_50,10_13,11_9]","[3,6,0]",4,3,1.8659999999999999,"[3.863, 0.953]",79.9,60.9,349.2,87.0,274.9,168.2,"[[6.26,3.72,115.3],[7.7,5.45,107.2],[7.64,3.37,160.3],[7.95,4.1,138.3]]",309.5
aMal259_TSdh_nn_091_0,4059,-1459.8887,25B,5S1,1,2,"[6_0,9_50]","[1,0,50]",-1,2,2,0,3,2.237,"[1.888, 0.947]",83.0,60.0,106.1,99.2,83.3,89.3,0,0,"[[8.03,5.74,107.1],[7.67,5.02,113.5]]","[[[1, 1],'H_O',1.888,'OH'],[[2, 2],'C_O',2.237,'CO']]",[],5S1,3S1,1,2,[9_1],"[1,9,11,0,50]",1,5,2.2880000000000003,"[1.8, 0.959]",75.5,87.4,100.8,97.3,23.0,89.8,"[[8.02,4.53,128.2]]",361.0
aMal208_TSdh_nn_025_0,300,-1459.9315,3E,1C4,2,1,"[2_1,10_13,11_9]","[1,2,9,50]",-1,1,3,1,4,2.296,"[1.327, 1.192]",151.5,60.0,11.7,115.1,80.2,179.3,0,0,"[[5.5,1.19,151.4],[9.34,5.67,126.6],[7.9,4.36,130.3]]","[[[1, 1],'C_O',2.296,'CO'],[[2, 2],'H_O',1.327,'OH']]",[],3E,1C4,2,1,"[2_1,9_11]","[1,2,9,50]",2,4,2.3209999999999997,"[1.332, 1.186]",153.9,79.4,7.5,118.9,267.1,171.5,"[[5.53,1.19,152.2],[7.29,3.43,144.1]]",248.6
aMal91_TSdh_nn_290_0,926,-1459.9157,E1,4C1,1,2,"[9_50,10_9,11_10]","[1,50]",-1,2,3,0,2,1.9369999999999998,"[2.298, 0.945]",97.3,60.0,56.6,59.7,231.9,4.7,0,0,"[[7.37,4.93,110.6],[8.32,6.09,105.9],[7.88,5.55,108.0]]","[[[1, 1],'H_O',2.298,'OH'],[[2, 2],'C_O',1.937,'CO']]",[],E1,4C1,1,2,"[2_3,3_6,9_10,10_11]","[1,9,50]",4,3,1.909,"[2.867, 0.936]",89.9,53.2,69.9,68.0,274.7,8.3,"[[8.61,6.32,106.1],[8.32,4.41,137.0],[7.65,5.68,102.9],[8.1,6.18,101.9]]",290.1
aMal195_TSdh_nn_018_1,90,-1459.9385,OS2,5S1,2,1,"[11_50,13_10]","[2,11,50]",-1,1,2,2,3,2.835,"[1.756, 0.956]",122.4,105.0,321.6,104.1,89.8,87.5,0,0,"[[7.73,3.73,145.2],[8.7,4.34,148.4]]","[[[1, 1],'C_O',2.835,'CO'],[[2, 2],'H_O',1.756,'OH']]",[],3E,3S1,2,1,"[2_1,3_6,11_1]","[2,9,11,50]",3,4,2.434,"[1.356, 1.165]",156.9,78.3,359.4,113.2,31.2,91.3,"[[5.79,1.16,162.1],[7.56,3.47,151.0],[7.37,3.21,156.1]]",230.3
aMal225_TSdh_nn_073_1,3984,-1459.8891,1S3,5S1,3,2,[1_2],"[3,11,50]",3,2,1,0,3,2.136,"[2.377, 0.941]",166.4,135.0,197.5,75.2,85.7,84.0,0,0,"[[7.75,5.56,106.0]]","[[[3, 4],'C_C',1.726,'bb'],[[2, 2],'C_O',2.136,'CO'],[[3, 3],'H_O',2.377,'OH']]",[],B3O,3S1,3,2,[1_2],"[3,9,11,50]",1,4,2.509,"[1.857, 0.966]",182.0,100.9,166.0,81.8,24.6,87.8,"[[7.69,3.53,151.4]]",360.0
aMal306_TSdh_nn_260_0,2208,-1459.9041,4E,4C1,2,1,"[2_1,9_10,11_10]","[1,2]",-1,1,3,1,2,2.378,"[1.216, 1.376]",55.8,45.0,229.3,41.4,275.7,4.7,0,0,"[[5.41,1.38,153.5],[8.42,6.01,108.2],[8.24,5.65,111.3]]","[[[1, 1],'C_O',2.378,'CO'],[[2, 2],'H_O',1.216,'OH']]",[],E3,4C1,-1,-1,"[2_1,3_13,3_7,9_10,11_10]","[1,2,3]",5,3,2.5810000000000004,"[0, 0]",43.6,46.5,177.4,51.5,284.5,4.6,"[[5.52,1.88,148.2],[10.64,5.51,156.0],[7.15,4.03,123.7],[8.36,5.98,107.9],[8.44,6.18,106.2]]",320.6
aMal124_TSdh_nn_161_1,1837,-1459.9073,3E,OS2,2,1,"[2_1,3_6,9_50,10_7,13_7]","[1,2,50]",-1,1,5,2,3,2.383,"[1.275, 1.264]",96.8,-0.0,352.5,109.1,329.2,89.1,0,0,"[[5.46,1.26,153.5],[7.98,3.87,146.5],[6.7,4.27,112.1],[8.76,5.79,116.0],[7.57,5.57,103.6]]","[[[1, 1],'C_O',2.383,'CO'],[[2, 2],'H_O',1.275,'OH']]",[],3E,OS2,2,1,"[2_1,3_6,9_11]","[1,2,50]",3,3,2.346,"[1.27, 1.277]",117.6,307.6,9.4,120.0,325.6,102.0,"[[5.43,1.28,152.3],[7.62,3.33,161.3],[7.75,3.79,143.1]]",312.2
aMal103_TSdh_nn_001_0,157,-1459.9362,3H4,3S1,2,1,[2_1],"[1,2,11,50]",-1,1,1,1,4,2.267,"[1.282, 1.257]",167.5,75.0,33.3,120.5,27.9,87.7,0,0,"[[5.43,1.26,151.8]]","[[[1, 1],'C_O',2.267,'CO'],[[2, 2],'H_O',1.282,'OH']]",[],3H4,3S1,2,1,"[2_1,11_1]","[2,9,11,50]",2,4,2.298,"[1.364, 1.154]",159.2,79.7,17.0,121.5,28.2,89.7,"[[5.74,1.15,158.5],[7.38,3.3,151.9]]",236.3
aMal319_TSdh_nn_181_0,5041,-1459.8793,1HO,3S1,1,2,"[2_50,9_11,10_13,10_7,11_50]","[1,2,0]",-1,2,5,3,3,2.274,"[3.547, 0.93]",163.0,120.0,191.8,153.0,20.7,91.4,0,0,"[[7.54,3.53,146.4],[8.63,5.05,127.8],[7.69,3.95,136.8],[8.79,5.93,114.1],[8.15,4.27,137.7]]","[[[1, 1],'H_O',3.547,'OH'],[[2, 2],'C_O',2.274,'CO']]",[],5E,3S1,1,2,"[2_9,2_50,10_13]","[1,2,11,0]",3,4,2.197,"[2.997, 0.929]",126.7,89.3,120.6,152.5,19.2,86.7,"[[7.76,3.27,175.5],[7.08,5.08,103.6],[7.84,3.58,154.9]]",385.7
aMal228_TSdh_nn_187_1,3359,-1459.8941,3S1,5S1,-1,-1,"[1_2,3_6,3_0]","[1,2,50]",-1,2,3,2,3,2.253,"[0, 0]",93.2,30.0,25.9,79.2,86.0,84.4,0,0,"[[5.52,1.83,150.5],[7.37,3.27,150.3],[6.94,4.85,104.7]]","[[[2, 2],'C_O',2.253,'CO']]",[],3S1,5S1,-1,-1,"[1_2,3_6,3_0]","[1,2,9,50]",3,4,2.247,"[0, 0]",63.3,32.0,27.5,82.5,89.5,84.2,"[[5.58,1.86,152.2],[7.08,3.02,152.8],[7.09,5.06,103.5]]",346.8
aMal20_TSdh_nn_042_0,4837,-1459.8818,1S3,3S1,1,2,"[11_50,13_7]","[1,6,0]",-1,2,2,1,3,2.031,"[2.331, 0.944]",54.3,60.0,198.4,89.1,36.6,86.1,0,0,"[[7.91,3.93,142.7],[7.41,5.15,107.7]]","[[[1, 1],'H_O',2.331,'OH'],[[2, 2],'C_O',2.031,'CO']]",[],B3O,OS2,1,2,"[3_7,9_11]","[1,6,0]",2,3,2.05,"[2.091, 0.954]",57.8,31.6,191.1,106.9,330.2,91.5,"[[7.74,3.67,147.4],[8.5,4.33,143.6]]",379.1
aMal91_TSdh_nn_356_0,1771,-1459.908,E3,4C1,-1,-1,"[2_1,9_50,10_9,11_10]","[1,2,3]",-1,1,4,1,3,2.511,"[0, 0]",57.3,60.0,179.2,49.3,231.9,4.7,0,0,"[[5.42,1.66,150.2],[7.37,4.93,110.6],[8.32,6.09,105.9],[7.88,5.55,108.0]]","[[[1, 1],'C_O',2.511,'CO']]",[],E3,4C1,-1,-1,"[2_1,3_13,3_7,9_50,10_9,11_10]","[1,2,3]",6,3,2.585,"[0, 0]",47.4,43.1,176.3,51.9,266.1,8.0,"[[5.51,1.86,148.4],[10.88,5.71,154.9],[7.13,3.98,124.3],[7.53,5.39,105.7],[8.49,6.44,103.3],[7.94,5.85,104.4]]",310.3
aMal465_TSdh_nn_093_0,4343,-1459.8864,B3O,5S1,3,2,[2_1],"[3,11,50]",3,2,1,0,3,2.039,"[2.819, 0.933]",276.4,120.0,168.2,75.7,83.1,83.7,0,0,"[[6.8,4.34,112.3]]","[[[3, 4],'C_C',1.832,'bb'],[[2, 2],'C_O',2.039,'CO'],[[3, 3],'H_O',2.819,'OH']]",[],B3O,5S1,3,2,[2_1],"[3,11,7,50]",1,4,2.048,"[2.621, 0.936]",286.7,114.2,167.3,76.5,104.6,89.4,"[[7.02,4.49,112.9]]",367.0
aMal43_TSdh_nn_091_2,4049,-1459.8887,25B,3S1,1,2,"[6_0,9_1,9_50]","[1,11,0,50]",-1,2,3,1,4,2.237,"[1.888, 0.947]",83.0,105.0,106.1,99.2,31.8,88.7,0,0,"[[8.03,5.74,107.1],[11.22,6.09,152.0],[7.22,4.32,119.3]]","[[[1, 1],'H_O',1.888,'OH'],[[2, 2],'C_O',2.237,'CO']]",[],5S1,3S1,1,2,[9_1],"[1,9,11,0,50]",1,5,2.2880000000000003,"[1.798, 0.959]",75.5,87.3,100.9,97.3,23.1,89.8,"[[8.03,4.56,127.8]]",361.0
aMal241_TSdh_nn_126_1,1610,-1459.9094,5H4,5S1,1,2,"[2_50,3_6,11_50]","[1,0]",-1,2,3,3,2,2.004,"[2.774, 0.933]",99.2,120.0,74.5,153.1,85.9,84.4,0,0,"[[7.5,3.78,137.1],[7.48,3.36,153.5],[7.8,3.83,143.6]]","[[[1, 1],'H_O',2.774,'OH'],[[2, 2],'C_O',2.004,'CO']]",[],5H4,5S1,1,2,"[2_9,2_50,3_6,10_13,11_0,11_50]","[1,11,0]",6,3,2.022,"[2.593, 0.934]",129.0,75.0,76.5,140.9,80.1,86.9,"[[8.12,3.52,173.8],[8.05,5.52,110.1],[7.34,3.28,152.8],[7.78,3.83,142.5],[7.5,4.07,129.4],[7.8,3.75,145.8]]",306.7
aMal204_TSdh_nn_273_2,3325,-1459.8942,4C1,1C4,1,2,"[11_9,11_7]","[1,6]",-1,2,2,0,2,2.056,"[2.33, 0.946]",69.4,135.0,28.6,16.3,196.8,176.1,0,0,"[[8.09,4.78,124.3],[8.51,6.36,104.5]]","[[[1, 1],'H_O',2.33,'OH'],[[2, 2],'C_O',2.056,'CO']]",[],4C1,1C4,1,2,"[9_50,11_9]","[1,6]",2,2,2.068,"[2.228, 0.948]",141.1,76.9,23.9,15.4,249.1,172.7,"[[7.88,5.8,104.3],[7.9,4.08,137.9]]",346.6
aMal454_TSdh_nn_302_0,1405,-1459.9112,E1,3S1,1,2,"[2_3,9_11,10_7,11_50]","[1,11,50]",-1,2,4,0,3,1.886,"[2.964, 0.935]",115.1,60.0,56.5,54.7,20.2,92.0,0,0,"[[8.38,6.41,102.1],[8.29,4.66,130.2],[8.01,4.95,119.7],[8.07,4.35,133.9]]","[[[1, 1],'H_O',2.964,'OH'],[[2, 2],'C_O',1.886,'CO']]",[],E1,3OB,1,2,"[3_6,10_7]","[1,9,11,50]",2,4,1.9409999999999998,"[2.29, 0.944]",106.0,65.2,48.6,69.3,14.3,88.6,"[[8.26,3.97,150.1],[8.04,5.02,119.1]]",301.9
aMal55_TSdh_nn_340_1,5405,-1459.8751,B3O,5S1,3,2,"[2_1,9_50]","[3,11,50]",3,2,2,0,3,2.023,"[2.855, 0.933]",273.9,120.0,167.4,80.7,87.2,89.1,0,0,"[[6.71,4.24,112.5],[7.76,5.13,112.8]]","[[[3, 4],'C_C',1.846,'bb'],[[2, 2],'C_O',2.023,'CO'],[[3, 3],'H_O',2.855,'OH']]",[],B3O,25B,3,2,"[2_1,9_50]","[3,11,7,50]",2,4,2.0269999999999997,"[2.649, 0.936]",287.8,106.7,167.0,80.8,115.4,95.0,"[[6.9,4.39,112.8],[7.37,5.44,102.9]]",396.7
aMal40_TSdh_nn_181_2,6081,-1459.8652,1HO,OS2,1,2,"[2_50,9_11,13_7]","[1,2,0]",-1,2,3,2,3,2.274,"[3.547, 0.93]",163.0,180.0,191.8,153.0,333.8,91.9,0,0,"[[7.54,3.53,146.4],[8.22,4.06,145.7],[7.65,5.39,107.3]]","[[[1, 1],'H_O',3.547,'OH'],[[2, 2],'C_O',2.274,'CO']]",[],EO,3OB,1,2,"[2_9,2_50,9_11,10_13,10_7]","[1,2,0]",5,3,2.355,"[3.366, 0.93]",79.7,86.7,184.8,149.5,2.8,94.7,"[[7.47,3.12,165.3],[8.58,5.35,119.5],[7.58,3.69,142.4],[8.11,3.73,156.4],[8.17,6.33,100.6]]",422.7
aMal44_TSdh_nn_161_1,2399,-1459.9024,3E,OS2,2,1,"[2_1,3_6,9_50,11_9,13_7]","[1,2,50]",-1,1,5,2,3,2.383,"[1.275, 1.264]",96.8,-0.0,352.5,109.1,331.9,94.1,0,0,"[[5.46,1.26,153.5],[7.98,3.87,146.5],[6.68,4.25,112.0],[8.12,4.52,130.7],[7.49,5.23,107.5]]","[[[1, 1],'C_O',2.383,'CO'],[[2, 2],'H_O',1.275,'OH']]",[],3E,3E,2,1,"[2_1,3_6,10_13,11_9]","[1,2,50]",4,3,2.332,"[1.283, 1.26]",106.9,310.4,5.5,116.6,344.4,110.1,"[[5.44,1.26,151.7],[7.69,3.38,161.6],[8.01,3.6,160.4],[7.91,4.2,134.8]]",325.0
aMal408_TSdh_nn_161_0,193,-1459.9351,3E,4C1,2,1,"[2_1,3_6,9_50,10_11]","[1,2,9,50]",-1,1,4,2,4,2.383,"[1.275, 1.264]",96.8,75.0,352.5,109.1,261.7,4.6,0,0,"[[5.46,1.26,153.5],[7.98,3.87,146.5],[7.32,5.11,107.2],[7.82,5.72,104.7]]","[[[1, 1],'C_O',2.383,'CO'],[[2, 2],'H_O',1.275,'OH']]",[],3E,4C1,2,1,"[2_1,3_6,9_10,10_11]","[1,2,9,50]",4,4,2.343,"[1.31, 1.213]",93.8,53.6,1.4,114.0,265.6,8.4,"[[5.5,1.21,152.9],[7.73,3.4,162.2],[7.6,5.54,104.3],[8.12,6.26,101.2]]",239.2
aMal376_TSdh_nn_187_0,1469,-1459.9105,3S1,3S1,-1,-1,"[1_2,3_6,3_0,10_7,11_9,11_50,13_10]","[1,2,9,50]",-1,2,7,4,4,2.253,"[0, 0]",93.2,60.0,25.9,79.2,21.1,90.1,0,0,"[[5.52,1.83,150.5],[7.37,3.27,150.3],[6.94,4.85,104.7],[7.75,4.83,117.8],[9.16,6.06,117.1],[8.45,4.46,138.6],[8.17,3.86,153.4]]","[[[2, 2],'C_O',2.253,'CO']]",[],3S1,3S1,-1,-1,"[1_2,3_6,3_0,10_13]","[2,9,11,50]",4,4,2.2769999999999997,"[0, 0]",161.3,78.6,33.3,79.5,24.0,87.3,"[[5.85,1.96,159.3],[6.9,2.89,152.6],[6.94,5.05,101.5],[7.63,3.37,158.8]]",303.8
aMal119_TSdh_nn_273_2,4255,-1459.8872,4C1,1S5,1,2,"[9_50,11_13]","[1,6]",-1,2,2,0,2,2.056,"[2.33, 0.946]",69.4,135.0,28.6,16.3,269.6,84.7,0,0,"[[7.29,4.82,111.2],[8.62,5.52,118.6]]","[[[1, 1],'H_O',2.33,'OH'],[[2, 2],'C_O',2.056,'CO']]",[],4C1,1S5,1,2,[9_50],"[1,6]",1,2,2.0580000000000003,"[2.289, 0.947]",125.4,58.1,26.8,16.8,273.0,84.4,"[[7.27,5.5,100.8]]",364.9
aMal370_TSdh_nn_155_2,3024,-1459.8966,5S1,5S1,1,2,[2_3],"[1,11,0,50]",-1,0,1,0,4,2.017,"[2.857, 0.939]",80.8,120.0,91.7,79.1,82.9,84.2,0,0,"[[6.66,4.03,115.5]]","[[[0, 1],'C_O',2.017,'bb'],[[1, 1],'H_O',2.857,'OH'],[[2, 2],'C_O',1.811,'CO']]",[],5S1,5S1,1,2,"[2_3,3_9]","[1,11,0,50]",2,4,2.051,"[2.826, 0.939]",107.7,140.4,99.4,76.1,94.2,80.9,"[[6.5,3.58,121.9],[8.67,4.65,137.5]]",340.3
aMal319_TSdh_nn_290_1,1898,-1459.9067,E1,3S1,1,2,"[9_11,10_13,10_7,11_50]","[1,11,50]",-1,2,4,2,3,1.9369999999999998,"[2.298, 0.945]",97.3,150.0,56.6,59.7,20.7,91.4,0,0,"[[8.63,5.05,127.8],[7.69,3.95,136.8],[8.79,5.93,114.1],[8.15,4.27,137.7]]","[[[1, 1],'H_O',2.298,'OH'],[[2, 2],'C_O',1.937,'CO']]",[],E1,5S1,1,2,"[2_3,3_9,10_13]","[1,11,50]",3,3,1.886,"[3.047, 0.934]",121.6,139.6,57.6,49.5,89.1,82.7,"[[7.69,5.0,113.8],[8.24,3.84,155.4],[8.26,4.32,138.4]]",313.7
aMal278_TSdh_nn_273_2,2681,-1459.8999,4C1,3S1,1,2,"[9_3,10_13,10_7,11_9]","[1,6]",-1,2,4,0,2,2.056,"[2.33, 0.946]",69.4,120.0,28.6,16.3,22.4,89.9,0,0,"[[10.1,6.43,124.2],[7.7,4.22,129.6],[8.68,5.71,116.0],[8.3,5.93,108.0]]","[[[1, 1],'H_O',2.33,'OH'],[[2, 2],'C_O',2.056,'CO']]",[],4C1,5S1,1,2,"[3_9,10_13,11_50]","[1,6]",3,2,2.09,"[2.349, 0.938]",97.0,113.4,23.8,20.7,85.0,83.0,"[[7.7,3.36,162.0],[8.09,4.1,141.1],[7.73,3.79,143.2]]",331.6
aMal416_TSdh_nn_047_0,5713,-1459.8706,1C4,2SO,-1,-1,"[1_2,2_50,3_6,9_10]","[3,6]",-1,6,4,2,2,2.2969999999999997,"[0, 0]",163.1,60.0,56.6,173.5,163.1,85.6,0,0,"[[7.16,4.51,114.5],[7.56,3.85,137.2],[5.8,1.97,155.7],[7.36,4.89,111.2]]","[[[6, 6],'C_O',2.297,'CO']]",[],1C4,5S1,-1,-1,"[1_2,2_50,3_6]","[3,6]",3,2,2.349,"[0, 0]",132.8,45.8,27.9,174.4,99.5,87.0,"[[7.26,4.57,114.9],[7.59,3.8,138.9],[5.84,1.96,156.0]]",408.5
aMal376_TSdh_nn_153_0,3150,-1459.8957,5S1,3S1,1,2,"[3_6,10_7,11_9,11_50,13_10]","[1,9,0,50]",-1,2,5,3,4,2.238,"[1.856, 0.949]",84.3,60.0,103.8,102.0,21.1,90.1,0,0,"[[8.2,3.94,149.4],[7.75,4.83,117.8],[9.16,6.06,117.1],[8.45,4.46,138.6],[8.17,3.86,153.4]]","[[[1, 1],'H_O',1.856,'OH'],[[2, 2],'C_O',2.238,'CO']]",[],5S1,3S1,1,2,"[3_6,10_7]","[1,9,11,50]",2,4,2.2430000000000003,"[1.758, 0.96]",93.6,79.4,103.2,101.7,19.1,88.5,"[[7.87,3.71,149.6],[8.32,5.28,118.4]]",342.6
aMal227_TSdh_nn_015_2,318,-1459.9311,3OB,1S3,3,2,"[2_1,10_11,13_11]","[3,6,0]",-1,2,3,0,3,1.87,"[3.851, 0.954]",85.4,165.0,348.1,87.3,211.3,88.6,0,0,"[[6.28,3.81,113.8],[7.9,5.44,109.9],[8.72,5.09,128.5]]","[[[2, 2],'C_O',1.87,'CO'],[[3, 3],'H_O',3.851,'OH']]",[],3OB,4C1,3,2,"[2_1,9_10,10_11,11_13]","[3,6,0]",4,3,1.875,"[3.999, 0.973]",79.3,85.6,351.8,84.9,169.3,4.2,"[[6.31,3.79,114.9],[7.83,5.77,103.9],[7.96,5.91,103.8],[7.51,3.95,133.2]]",249.7
aMal420_TSdh_nn_161_0,117,-1459.9377,3E,4C1,2,1,"[2_1,3_6,9_10,10_11,11_13]","[1,2,9,50]",-1,1,5,2,4,2.383,"[1.275, 1.264]",96.8,60.0,352.5,109.1,130.5,2.5,0,0,"[[5.46,1.26,153.5],[7.98,3.87,146.5],[7.84,5.46,108.8],[7.97,5.87,104.5],[7.86,4.18,134.1]]","[[[1, 1],'C_O',2.383,'CO'],[[2, 2],'H_O',1.275,'OH']]",[],3H2,4C1,2,1,"[3_6,9_10,10_11,11_13]","[2,9,50]",4,3,2.5340000000000003,"[1.764, 0.959]",94.7,59.9,332.6,116.2,179.8,5.0,"[[8.41,3.97,155.4],[7.47,5.38,105.0],[7.98,5.94,103.6],[7.54,4.01,132.0]]",232.4
aMal155_TSdh_nn_186_1,3610,-1459.8923,OH5,4C1,1,2,"[10_9,11_10,13_11]","[1,6,0]",-1,2,3,1,3,2.239,"[1.618, 1.0]",90.8,30.0,327.0,64.3,223.3,2.0,0,0,"[[7.88,5.91,102.9],[7.83,5.52,107.8],[7.87,4.11,136.4]]","[[[1, 1],'H_O',1.618,'OH'],[[2, 2],'C_O',2.239,'CO']]",[],OH5,4C1,1,2,"[1_2,9_10,13_11]","[1,6,0]",3,3,2.245,"[1.574, 1.01]",95.0,113.4,320.3,64.5,232.5,3.9,"[[6.19,1.01,148.7],[7.96,5.77,105.9],[8.19,4.55,131.2]]",351.6
aMal347_TSdh_nn_161_2,200,-1459.9346,3E,1C4,2,1,"[2_1,3_6,9_2,9_50,11_9]","[1,2,50]",-1,1,5,4,3,2.383,"[1.275, 1.264]",96.8,180.0,352.5,109.1,246.6,174.6,0,0,"[[5.46,1.26,153.5],[7.98,3.87,146.5],[10.55,5.44,158.3],[7.33,4.82,111.8],[7.93,4.11,137.5]]","[[[1, 1],'C_O',2.383,'CO'],[[2, 2],'H_O',1.275,'OH']]",[],3H4,1C4,2,1,"[2_1,3_6,9_2,10_13]","[1,9,11,7]",4,4,2.39,"[1.229, 1.367]",104.2,136.7,39.4,124.4,69.3,174.4,"[[5.63,1.37,163.5],[8.82,6.12,111.9],[7.04,2.89,160.3],[8.14,4.72,126.5]]",240.5
aMal128_TSdh_nn_067_1,3635,-1459.892,4C1,OS2,3,2,"[9_11,10_7]","[3,9,50]",3,2,2,1,3,2.116,"[2.406, 0.94]",278.6,45.0,151.5,10.5,339.0,90.9,0,0,"[[8.05,3.93,146.3],[7.78,4.61,122.8]]","[[[3, 4],'C_C',1.762,'bb'],[[2, 2],'C_O',2.116,'CO'],[[3, 3],'H_O',2.406,'OH']]",[],4C1,OS2,3,2,"[9_11,10_7,13_1]","[3,9,50]",3,3,2.084,"[3.558, 0.934]",263.1,47.9,156.7,10.3,332.1,94.7,"[[7.61,3.7,142.7],[8.27,5.36,116.3],[8.69,4.54,141.6]]",352.3
aMal112_TSdh_nn_040_1,5369,-1459.8753,5H4,1C4,1,2,"[6_3,9_50,11_9,13_7]","[1,0]",-1,2,4,1,2,2.037,"[2.02, 0.96]",68.0,345.0,93.6,144.0,260.9,174.8,0,0,"[[7.61,4.03,133.2],[7.28,4.78,111.8],[7.88,4.05,138.1],[7.87,5.26,112.4]]","[[[1, 1],'H_O',2.02,'OH'],[[2, 2],'C_O',2.037,'CO']]",[],5H4,1C4,1,2,"[6_3,11_9,13_2,13_7]","[1,0]",4,2,2.146,"[1.811, 0.975]",76.6,317.2,100.6,134.9,244.7,172.6,"[[7.65,3.94,136.3],[8.19,4.55,131.1],[9.67,4.99,150.6],[7.65,5.8,101.4]]",396.2
aMal4_TSdh_nn_047_1,6408,-1459.8565,1C4,3S1,-1,-1,"[1_2,2_50,3_6,13_7]","[3,6]",-1,6,4,2,2,2.2969999999999997,"[0, 0]",163.1,165.0,56.6,173.5,27.0,87.5,0,0,"[[7.16,4.51,114.5],[7.56,3.85,137.2],[5.8,1.97,155.7],[7.42,5.1,108.8]]","[[[6, 6],'C_O',2.297,'CO']]",[],1C4,3S1,-1,-1,"[1_2,2_11,2_50,3_6,13_7]","[3,6]",5,2,2.2769999999999997,"[0, 0]",135.5,146.5,47.1,172.2,31.2,86.5,"[[6.91,4.23,115.7],[7.77,3.78,143.3],[7.85,4.37,128.6],[6.06,2.25,152.9],[7.61,5.84,100.5]]",445.5
aMal194_TSdh_nn_273_0,4318,-1459.8865,4C1,B3O,1,2,[9_10],"[1,6]",-1,2,1,0,2,2.056,"[2.33, 0.946]",69.4,60.0,28.6,16.3,165.4,87.3,0,0,"[[7.41,4.94,111.0]]","[[[1, 1],'H_O',2.33,'OH'],[[2, 2],'C_O',2.056,'CO']]",[],4C1,2SO,1,2,"[3_9,9_10]","[1,6]",2,2,2.104,"[2.34, 0.937]",124.8,121.0,22.9,19.0,157.0,83.2,"[[7.83,3.39,167.0],[7.26,4.76,111.9]]",366.8
aMal315_TSdh_nn_279_0,6275,-1459.861,2SO,5S1,1,2,"[3_2,9_50]","[1,0]",-1,2,2,0,2,2.358,"[1.835, 0.956]",76.9,60.0,157.2,89.3,87.9,87.4,0,0,"[[8.61,5.47,119.2],[7.94,5.38,111.2]]","[[[1, 1],'H_O',1.835,'OH'],[[2, 2],'C_O',2.358,'CO']]",[],2SO,5S1,1,2,"[3_2,9_50,11_6]","[1,0]",3,2,2.342,"[1.808, 0.958]",100.7,46.7,158.9,87.5,91.5,87.4,"[[8.65,5.44,120.5],[7.68,5.49,106.3],[8.16,4.06,144.6]]",433.7
aMal411_TSdh_nn_001_0,441,-1459.9284,3H4,OS2,2,1,"[2_1,9_11,13_7]","[1,2,9,50]",-1,1,3,2,4,2.267,"[1.282, 1.257]",167.5,90.0,33.3,120.5,332.9,91.7,0,0,"[[5.43,1.26,151.8],[8.41,4.23,144.9],[7.73,5.41,108.2]]","[[[1, 1],'C_O',2.267,'CO'],[[2, 2],'H_O',1.282,'OH']]",[],3E,OS2,2,1,"[2_1,9_11,13_6]","[1,2,9,50]",3,4,2.314,"[1.36, 1.156]",148.0,60.2,0.0,114.3,327.6,94.0,"[[5.56,1.16,150.9],[7.99,4.03,141.0],[7.9,3.72,150.5]]",256.8
aMal118_TSdh_nn_289_2,2249,-1459.904,4H3,1S5,2,1,"[6_50,9_50,13_7]","[2,3]",-1,1,3,0,2,2.965,"[1.717, 0.971]",46.9,135.0,210.3,44.0,276.6,86.0,0,0,"[[8.33,5.02,123.4],[7.34,4.88,111.1],[8.28,6.33,102.2]]","[[[1, 1],'C_O',2.965,'CO'],[[2, 2],'H_O',1.717,'OH']]",[],4H3,1S5,2,1,"[3_50,6_9,6_7]","[2,3]",3,2,3.1510000000000002,"[1.673, 0.975]",121.9,49.7,196.6,47.6,266.8,88.4,"[[8.02,5.94,104.2],[9.7,5.41,138.1],[8.46,4.44,139.3]]",320.8
aMal433_TSdh_nn_187_0,4125,-1459.8883,3S1,5S1,-1,-1,"[1_2,3_6,3_0,13_7]","[1,2,50]",-1,2,4,2,3,2.253,"[0, 0]",93.2,60.0,25.9,79.2,85.9,81.3,0,0,"[[5.52,1.83,150.5],[7.37,3.27,150.3],[6.94,4.85,104.7],[7.34,4.75,113.3]]","[[[2, 2],'C_O',2.253,'CO']]",[],3S1,5S1,-1,-1,"[1_2,3_6,3_0,13_7]","[1,2,9,50]",4,4,2.249,"[0, 0]",64.3,31.3,27.7,82.6,91.8,81.6,"[[5.6,1.89,151.8],[7.03,2.98,153.0],[7.09,5.07,103.3],[7.73,5.78,102.9]]",362.1
aMal248_TSdh_nn_165_0,2805,-1459.8989,E1,5S1,1,2,"[11_50,13_7]","[1,50]",-1,2,2,1,2,1.9340000000000002,"[2.2, 0.948]",96.2,60.0,50.0,66.0,87.5,82.2,0,0,"[[7.96,4.0,141.7],[7.39,4.83,112.7]]","[[[1, 1],'H_O',2.2,'OH'],[[2, 2],'C_O',1.934,'CO']]",[],E1,3S1,1,2,"[6_0,10_7]","[1,9,11,50]",2,4,1.865,"[2.765, 0.938]",112.9,67.1,56.2,56.1,18.0,89.0,"[[7.84,6.03,100.8],[8.25,5.21,118.6]]",334.2
aMal29_TSdh_nn_127_0,1693,-1459.9088,E1,OS2,1,2,"[3_6,9_11,13_7]","[1,9,50]",-1,2,3,2,3,1.9769999999999999,"[2.292, 0.943]",91.9,60.0,50.1,69.5,332.9,91.5,0,0,"[[8.11,3.87,149.7],[8.41,4.22,145.1],[7.73,5.43,107.9]]","[[[1, 1],'H_O',2.292,'OH'],[[2, 2],'C_O',1.977,'CO']]",[],E1,OS2,1,2,"[3_6,9_11]","[1,9,50]",2,3,2.016,"[2.103, 0.95]",95.1,55.8,46.5,70.0,336.6,92.6,"[[8.23,3.91,151.9],[7.63,3.6,147.0]]",308.2
aMal400_TSdh_nn_128_0,5427,-1459.8748,3S1,3S1,-1,-1,"[1_9,1_50,3_6,9_11,10_7,13_7]","[3,6]",-1,6,6,3,2,2.231,"[0, 0]",42.0,75.0,36.0,99.6,15.1,90.7,0,0,"[[7.64,3.82,139.7],[7.85,4.05,137.3],[6.03,2.19,153.0],[8.27,5.03,122.2],[7.93,4.83,120.7],[7.48,5.23,107.5]]","[[[6, 6],'C_O',2.231,'CO']]",[],3S1,OS2,-1,-1,"[1_9,1_50,3_6,9_11,10_7]","[3,6]",5,2,2.295,"[0, 0]",153.1,57.0,43.2,98.6,331.6,91.7,"[[8.53,4.24,146.3],[7.66,4.3,126.6],[6.02,2.21,152.7],[8.22,4.32,137.8],[8.2,5.2,118.2]]",397.5
aMal17_TSdh_nn_001_0,207,-1459.9345,3H4,3S1,2,1,"[2_1,10_7,11_50]","[1,2,11,50]",-1,1,3,2,4,2.267,"[1.282, 1.257]",167.5,135.0,33.3,120.5,23.0,89.6,0,0,"[[5.43,1.26,151.8],[8.31,5.21,119.6],[8.29,4.31,139.7]]","[[[1, 1],'C_O',2.267,'CO'],[[2, 2],'H_O',1.282,'OH']]",[],3H4,3S1,2,1,"[2_1,10_7,11_1]","[2,9,11,50]",3,4,2.292,"[1.368, 1.148]",159.4,81.1,19.0,122.1,22.1,89.0,"[[5.73,1.15,157.9],[8.48,5.42,118.4],[7.51,3.43,149.9]]",240.8
aMal124_TSdh_nn_018_0,3,-1459.9418,OS2,OS2,2,1,"[9_50,10_7,13_7]","[2,9,50]",-1,1,3,0,3,2.835,"[1.756, 0.956]",122.4,75.0,321.6,104.1,329.2,89.1,0,0,"[[6.7,4.27,112.1],[8.76,5.79,116.0],[7.57,5.57,103.6]]","[[[1, 1],'C_O',2.835,'CO'],[[2, 2],'H_O',1.756,'OH']]",[],3E,3S1,2,1,"[2_1,3_6,10_13,11_1]","[2,9,11,50]",4,4,2.4219999999999997,"[1.332, 1.191]",157.2,80.8,1.7,114.6,27.0,88.8,"[[5.74,1.19,162.5],[7.46,3.49,147.2],[7.55,3.31,159.6],[7.5,3.32,155.2]]",221.6
aMal376_TSdh_nn_020_0,1038,-1459.9143,5S1,3S1,1,2,"[1_2,6_3,10_7,11_9,11_50,13_10]","[1,9,0,50]",-1,2,6,3,4,2.099,"[1.424, 1.091]",78.3,60.0,104.2,102.2,21.1,90.1,0,0,"[[5.69,1.09,149.8],[6.58,4.38,108.2],[7.75,4.83,117.8],[9.16,6.06,117.1],[8.45,4.46,138.6],[8.17,3.86,153.4]]","[[[1, 1],'H_O',1.424,'OH'],[[2, 2],'C_O',2.099,'CO']]",[],25B,3S1,1,2,"[1_2,6_3,10_7]","[1,9,11,0,50]",3,5,2.114,"[1.403, 1.115]",94.3,75.8,107.9,101.1,18.8,88.7,"[[5.68,1.12,151.1],[6.78,4.38,111.0],[8.29,5.25,118.6]]",293.8
aMal273_TSdh_nn_277_1,5035,-1459.8795,OS2,1S3,1,2,"[2_50,11_10]","[1,6,0]",-1,2,2,1,3,1.98,"[2.929, 0.933]",87.3,330.0,340.6,84.4,217.5,91.4,0,0,"[[7.34,3.66,137.2],[7.64,5.46,106.1]]","[[[1, 1],'H_O',2.929,'OH'],[[2, 2],'C_O',1.98,'CO']]",[],OS2,1S3,1,2,"[2_50,11_10]","[1,6,0]",2,3,1.9909999999999999,"[2.745, 0.935]",93.4,320.8,339.1,82.1,219.8,91.5,"[[7.67,3.8,140.4],[7.66,5.69,103.2]]",385.2
aMal278_TSdh_nn_184_2,4643,-1459.8837,3S1,3S1,1,2,"[1_2,3_0,6_0,9_2,10_13,10_7,11_9]","[1,2,11,50]",-1,2,7,1,4,2.164,"[1.388, 1.126]",87.0,120.0,16.2,77.1,22.4,89.9,0,0,"[[5.53,1.13,147.3],[6.62,3.6,123.9],[7.9,6.11,100.4],[6.46,4.4,106.3],[7.7,4.22,129.6],[8.68,5.71,116.0],[8.3,5.93,108.0]]","[[[1, 1],'H_O',1.388,'OH'],[[2, 2],'C_O',2.164,'CO']]",[],3OB,3S1,-1,-1,"[1_2,3_0,9_2,10_13]","[1,2,11,50]",4,4,2.245,"[0, 0]",89.3,128.5,12.1,76.7,17.7,90.8,"[[5.64,1.92,152.5],[6.57,3.76,119.4],[7.79,3.51,155.8],[7.72,3.46,157.5]]",374.1
aMal217_TSdh_nn_064_0,5114,-1459.8785,5S1,5S1,3,6,"[1_50,2_1,3_6,11_1,11_50]","[2,3]",-1,6,5,4,2,2.206,"[1.495, 1.082]",163.5,134.6,83.9,89.5,89.5,80.8,0,0,"[[7.55,3.58,145.7],[8.61,6.22,107.6],[6.32,1.08,164.9],[11.12,6.33,142.3],[8.3,4.28,140.4]]","[[[3, 3],'H_O',1.495,'OH'],[[6, 6],'C_O',2.206,'CO']]",[],5S1,4C1,3,6,"[1_50,2_1,3_6,9_10,10_11]","[2,3]",5,2,2.215,"[1.498, 1.075]",189.2,185.0,86.7,90.0,195.4,2.3,"[[7.65,3.65,145.6],[8.43,5.97,108.8],[6.33,1.08,166.1],[7.62,5.22,109.5],[8.15,6.14,103.1]]",387.8
aMal52_TSdh_nn_001_1,1438,-1459.9107,3H4,1C4,2,1,"[2_1,9_1,9_0,9_50,11_9]","[1,2,50]",-1,1,5,3,3,2.267,"[1.282, 1.257]",167.5,0.0,33.3,120.5,221.6,175.0,0,0,"[[5.43,1.26,151.8],[9.31,5.58,127.8],[8.76,4.6,141.4],[7.3,4.76,112.4],[7.97,4.14,137.6]]","[[[1, 1],'C_O',2.267,'CO'],[[2, 2],'H_O',1.282,'OH']]",[],3H4,1C4,-1,-1,"[2_1,9_1,11_9]","[1,2,50]",3,3,2.7,"[0, 0]",163.9,13.9,26.9,123.1,232.1,174.9,"[[5.59,1.56,161.1],[7.42,3.04,172.0],[8.03,4.16,138.0]]",303.2
aMal19_TSdh_nn_187_2,3075,-1459.8962,3S1,4C1,-1,-1,"[1_2,3_6,3_0,9_10,10_11,11_13]","[1,2,50]",-1,2,6,2,3,2.253,"[0, 0]",93.2,135.0,25.9,79.2,260.5,7.4,0,0,"[[5.52,1.83,150.5],[7.37,3.27,150.3],[6.94,4.85,104.7],[8.1,5.88,106.0],[8.02,5.81,105.9],[9.33,6.42,114.0]]","[[[2, 2],'C_O',2.253,'CO']]",[],3S1,25B,-1,-1,"[1_2,3_6,3_0]","[1,2,11,50]",3,4,2.253,"[0, 0]",120.1,154.0,28.2,81.2,120.4,83.1,"[[5.63,1.86,154.8],[7.17,3.12,151.1],[6.91,4.86,104.1]]",341.3
aMal244_TSdh_nn_153_2,3913,-1459.8898,5S1,3S1,1,2,"[3_6,9_50,11_50]","[1,11,0,50]",-1,2,3,2,4,2.238,"[1.856, 0.949]",84.3,90.0,103.8,102.0,43.5,88.4,0,0,"[[8.2,3.94,149.4],[7.12,4.72,110.7],[7.69,3.72,144.7]]","[[[1, 1],'H_O',1.856,'OH'],[[2, 2],'C_O',2.238,'CO']]",[],5S1,5S1,1,2,"[2_9,3_6,9_1,10_13]","[1,11,0,50]",4,4,2.32,"[2.086, 0.937]",73.3,105.5,94.7,100.9,82.7,86.6,"[[8.84,5.91,115.2],[7.63,3.51,150.8],[8.07,3.51,170.1],[7.89,3.99,140.3]]",358.1
aMal55_TSdh_nn_344_2,2504,-1459.9014,E1,5S1,1,2,"[3_6,9_50]","[1,11,50]",-1,2,2,1,3,1.9069999999999998,"[2.864, 0.935]",99.5,105.0,63.3,67.1,87.2,89.1,0,0,"[[8.44,4.41,139.4],[7.76,5.13,112.8]]","[[[1, 1],'H_O',2.864,'OH'],[[2, 2],'C_O',1.907,'CO']]",[],B14,5S1,1,2,"[3_6,9_1,9_50]","[1,11,50]",3,3,1.955,"[2.911, 0.953]",60.5,115.1,51.5,72.6,92.1,97.7,"[[7.7,3.52,152.7],[7.08,2.79,171.1],[7.48,5.59,101.1]]",327.7
aMal287_TSdh_nn_050_0,4977,-1459.88,4C1,OS2,3,2,"[2_1,9_50,10_7,11_9]","[3,9,50]",3,2,4,0,3,2.077,"[3.074, 0.932]",277.2,60.0,189.2,13.7,335.9,91.4,0,0,"[[8.05,5.93,104.6],[6.65,4.2,112.5],[8.04,4.95,120.4],[8.07,4.43,131.7]]","[[[3, 4],'C_C',1.808,'bb'],[[2, 2],'C_O',2.077,'CO'],[[3, 3],'H_O',3.074,'OH']]",[],4C1,OS2,3,2,"[2_1,6_0,10_7,11_9]","[3,9,50]",4,3,2.081,"[2.687, 0.936]",261.3,55.2,179.2,14.5,332.5,93.3,"[[8.58,6.44,104.3],[8.03,6.25,100.2],[8.39,5.59,114.3],[8.98,5.56,123.3]]",383.8
aMal291_TSdh_nn_181_0,6490,-1459.848,1HO,5S1,1,2,"[2_50,11_50]","[1,2,0]",-1,2,2,2,3,2.274,"[3.547, 0.93]",163.0,150.0,191.8,153.0,87.2,89.1,0,0,"[[7.54,3.53,146.4],[7.74,3.76,144.2]]","[[[1, 1],'H_O',3.547,'OH'],[[2, 2],'C_O',2.274,'CO']]",[],EO,5S1,1,2,"[2_50,11_7,11_50]","[1,2,0]",3,3,2.3080000000000003,"[3.569, 0.929]",172.8,185.9,184.1,153.0,92.2,89.6,"[[7.42,3.37,149.5],[8.69,6.16,109.6],[7.82,4.02,138.0]]",467.9
aMal314_TSdh_nn_008_1,1591,-1459.9095,4H5,1C4,2,1,"[3_50,9_11]","[2,3]",-1,1,2,0,2,2.588,"[2.248, 0.934]",159.4,150.0,257.2,44.0,253.1,164.6,0,0,"[[7.95,5.72,106.3],[8.38,4.59,133.5]]","[[[1, 1],'C_O',2.588,'CO'],[[2, 2],'H_O',2.248,'OH']]",[],4H5,1C4,2,1,"[3_9,3_50,9_11,13_10]","[2,3]",4,2,2.5810000000000004,"[2.156, 0.937]",128.8,166.4,255.3,41.2,212.5,177.1,"[[7.34,3.09,162.0],[8.35,6.28,103.1],[7.64,3.99,134.4],[7.47,3.66,141.3]]",306.4
aMal251_TSdh_nn_003_0,592,-1459.9239,E4,5S1,2,1,"[2_1,3_6,10_13]","[1,2,11,50]",-1,1,3,3,4,2.352,"[1.246, 1.323]",173.8,135.0,64.2,124.7,87.2,78.2,0,0,"[[5.45,1.32,153.7],[7.33,3.44,145.5],[8.53,4.47,140.0]]","[[[1, 1],'C_O',2.352,'CO'],[[2, 2],'H_O',1.246,'OH']]",[],3E,25B,2,1,"[2_1,3_6,10_13]","[1,2,11,50]",3,4,2.414,"[1.298, 1.231]",130.9,153.5,354.9,114.0,105.9,88.1,"[[5.52,1.23,154.6],[7.67,3.89,138.4],[8.49,4.56,136.4]]",268.6
aMal454_TSdh_nn_020_0,774,-1459.9184,5S1,3S1,1,2,"[1_2,6_3,9_11,10_7,11_50]","[1,9,0,50]",-1,2,5,1,4,2.099,"[1.424, 1.091]",78.3,60.0,104.2,102.2,20.2,92.0,0,0,"[[5.69,1.09,149.8],[6.58,4.38,108.2],[8.29,4.66,130.2],[8.01,4.95,119.7],[8.07,4.35,133.9]]","[[[1, 1],'H_O',1.424,'OH'],[[2, 2],'C_O',2.099,'CO']]",[],5E,3OB,-1,-1,"[1_2,6_3,9_2,10_7]","[1,9,11,0,50]",4,5,2.171,"[0, 0]",77.7,98.6,109.2,108.3,11.6,89.2,"[[5.52,1.78,153.0],[6.1,3.63,114.3],[7.35,3.16,156.5],[8.09,5.02,119.8]]",283.0
aMal228_TSdh_nn_184_0,4792,-1459.8823,3S1,5S1,1,2,"[1_2,3_0,6_0]","[1,2,50]",-1,2,3,1,3,2.164,"[1.388, 1.126]",87.0,60.0,16.2,77.1,86.0,84.4,0,0,"[[5.53,1.13,147.3],[6.62,3.6,123.9],[7.9,6.11,100.4]]","[[[1, 1],'H_O',1.388,'OH'],[[2, 2],'C_O',2.164,'CO']]",[],3S1,5S1,1,2,"[1_2,3_0,6_0]","[1,9,50]",3,3,2.176,"[1.476, 1.056]",60.0,32.0,24.9,79.1,87.3,86.9,"[[5.9,1.06,151.3],[6.67,3.63,124.2],[7.84,5.86,103.1]]",377.8
aMal174_TSdh_nn_015_1,1729,-1459.9084,3OB,1C4,3,2,"[2_1,11_9,13_10]","[3,6,0]",-1,2,3,1,3,1.87,"[3.851, 0.954]",85.4,315.0,348.1,87.3,225.9,173.7,0,0,"[[6.28,3.81,113.8],[8.21,4.71,127.8],[7.66,3.63,147.5]]","[[[2, 2],'C_O',1.87,'CO'],[[3, 3],'H_O',3.851,'OH']]",[],3OB,1C4,3,2,"[2_1,11_9,13_10]","[3,6,0]",3,3,1.8659999999999999,"[3.824, 0.956]",93.3,323.2,350.1,87.2,242.8,175.3,"[[6.28,3.71,115.8],[8.28,4.93,124.4],[7.69,3.73,144.4]]",309.3
aMal218_TSdh_nn_324_1,4540,-1459.8847,1S3,OS2,1,2,"[9_11,10_7]","[1,0]",-1,2,2,1,2,2.137,"[2.088, 0.948]",79.7,15.0,198.1,86.5,341.4,91.3,0,0,"[[7.84,3.78,146.1],[7.76,4.59,122.9]]","[[[1, 1],'H_O',2.088,'OH'],[[2, 2],'C_O',2.137,'CO']]",[],5H4,3OB,1,2,"[2_9,2_50,3_6,9_11,10_7]","[1,0]",5,2,1.994,"[3.054, 0.928]",85.4,77.1,81.7,153.9,6.6,91.8,"[[7.24,2.93,170.0],[8.18,5.55,110.8],[8.07,3.81,151.2],[7.59,3.79,139.1],[7.87,4.75,121.5]]",371.5
aMal270_TSdh_nn_325_1,6376,-1459.8577,1S3,3S1,1,2,"[9_11,10_7,11_50]","[1,6,0]",3,2,3,0,3,2.26,"[1.749, 0.969]",306.1,150.0,198.6,76.2,19.2,92.4,0,0,"[[7.96,4.34,131.9],[8.07,5.01,119.6],[8.35,4.95,125.1]]","[[[3, 4],'C_C',1.904,'bb'],[[1, 1],'H_O',1.749,'OH'],[[2, 2],'C_O',2.26,'CO']]",[],1S3,OS2,1,2,"[9_11,10_7,11_13]","[1,6,0]",3,3,2.501,"[1.81, 0.956]",298.4,162.3,201.0,75.8,337.2,91.6,"[[8.02,3.94,144.6],[7.88,4.89,119.1],[8.61,5.31,122.2]]",442.4
aMal448_TSdh_nn_250_0,2094,-1459.905,OS2,4C1,1,2,"[2_50,6_0,9_50,10_11,13_11]",[1],-1,2,5,1,1,1.9609999999999999,"[2.937, 0.931]",93.0,60.0,340.3,90.0,270.6,2.4,0,0,"[[6.98,3.26,141.3],[7.83,6.04,100.5],[7.39,5.23,106.3],[8.09,5.67,109.0],[8.06,4.66,126.3]]","[[[1, 1],'H_O',2.937,'OH'],[[2, 2],'C_O',1.961,'CO']]",[],5H4,4C1,1,2,"[2_9,2_50,3_6,9_10,10_11,11_13]","[1,0]",6,2,2.008,"[2.702, 0.93]",86.5,66.3,82.6,150.1,146.1,4.5,"[[7.51,3.15,167.7],[8.67,5.89,112.3],[7.55,3.43,152.5],[7.75,5.63,105.0],[7.97,5.87,104.5],[7.52,3.98,132.6]]",318.2
aMal296_TSdh_nn_273_0,4082,-1459.8885,4C1,2SO,1,2,[11_10],"[1,6]",-1,2,1,0,2,2.056,"[2.33, 0.946]",69.4,60.0,28.6,16.3,160.4,81.5,0,0,"[[8.47,6.38,103.8]]","[[[1, 1],'H_O',2.33,'OH'],[[2, 2],'C_O',2.056,'CO']]",[],4C1,1S3,1,2,"[9_50,11_10]","[1,6]",2,2,2.065,"[2.199, 0.95]",136.2,64.5,25.8,16.3,213.6,88.2,"[[7.1,5.11,104.1],[7.49,5.15,108.8]]",361.5
aMal194_TSdh_nn_187_0,2935,-1459.8975,3S1,B3O,-1,-1,"[1_2,3_6,3_0,9_10]","[1,2,9,50]",-1,2,4,2,4,2.253,"[0, 0]",93.2,60.0,25.9,79.2,165.4,87.3,0,0,"[[5.52,1.83,150.5],[7.37,3.27,150.3],[6.94,4.85,104.7],[7.41,4.94,111.0]]","[[[2, 2],'C_O',2.253,'CO']]",[],3S1,1S3,-1,-1,"[1_2,3_6,3_0,9_10,10_11]","[1,2,9,50]",5,4,2.266,"[0, 0]",142.9,56.2,28.3,76.8,203.1,86.8,"[[5.6,1.89,151.3],[7.29,3.14,153.6],[7.02,5.01,103.2],[8.32,6.08,106.0],[8.05,5.77,107.0]]",337.9
aMal404_TSdh_nn_116_1,5479,-1459.8737,5S1,4C1,3,6,"[1_50,2_1,3_6,9_10,10_11]","[2,3]",-1,6,5,2,2,2.221,"[1.518, 1.069]",79.2,30.0,83.4,88.7,203.4,1.4,0,0,"[[7.67,3.64,146.4],[8.67,6.29,107.3],[6.4,1.07,164.7],[8.05,5.86,105.7],[8.31,5.95,107.7]]","[[[3, 3],'H_O',1.518,'OH'],[[6, 6],'C_O',2.221,'CO']]",[],5S1,4C1,3,6,"[1_9,1_50,2_1,3_6,9_10,10_11]","[2,3]",6,2,2.206,"[1.494, 1.084]",83.3,88.5,84.9,90.2,197.7,4.9,"[[8.48,4.16,147.9],[7.95,4.3,131.8],[8.42,5.98,108.6],[6.34,1.08,166.6],[8.0,5.88,104.7],[8.35,6.06,106.6]]",400.4
aMal230_TSdh_nn_064_1,6175,-1459.8635,5S1,5S1,3,6,"[1_50,2_1,3_6,11_50,13_7]","[2,3]",-1,6,5,3,2,2.206,"[1.495, 1.082]",163.5,195.0,83.9,89.5,86.8,83.6,0,0,"[[7.55,3.58,145.7],[8.61,6.22,107.6],[6.32,1.08,164.9],[7.87,3.9,142.7],[7.38,4.84,112.3]]","[[[3, 3],'H_O',1.495,'OH'],[[6, 6],'C_O',2.206,'CO']]",[],5S1,5S1,3,6,"[1_50,2_1,3_6,11_50,13_7]","[2,3]",5,2,2.213,"[1.504, 1.072]",188.7,179.9,87.1,90.2,88.2,85.7,"[[7.76,3.75,144.7],[8.37,5.89,109.3],[6.35,1.07,166.0],[7.96,4.02,141.2],[7.43,5.1,108.9]]",427.2
aMal55_TSdh_nn_047_2,5858,-1459.8685,1C4,5S1,-1,-1,"[1_2,2_11,2_50,3_6,9_50]","[3,6]",-1,6,5,3,2,2.2969999999999997,"[0, 0]",163.1,135.0,56.6,173.5,87.2,89.1,0,0,"[[7.16,4.51,114.5],[10.91,6.25,140.5],[7.56,3.85,137.2],[5.8,1.97,155.7],[7.76,5.13,112.8]]","[[[6, 6],'C_O',2.297,'CO']]",[],1C4,5S1,-1,-1,"[1_2,2_11,2_50,3_6,9_50]","[3,6]",5,2,2.336,"[0, 0]",167.2,65.1,1.7,176.9,87.6,89.3,"[[7.29,4.6,114.9],[8.24,3.94,150.0],[7.79,4.62,121.9],[5.86,1.99,156.1],[7.65,5.74,102.3]]",414.0
aMal454_TSdh_nn_181_1,6434,-1459.8543,1HO,3S1,1,2,"[2_50,9_11,10_7,11_50]","[1,2,0]",-1,2,4,1,3,2.274,"[3.547, 0.93]",163.0,165.0,191.8,153.0,20.2,92.0,0,0,"[[7.54,3.53,146.4],[8.29,4.66,130.2],[8.01,4.95,119.7],[8.07,4.35,133.9]]","[[[1, 1],'H_O',3.547,'OH'],[[2, 2],'C_O',2.274,'CO']]",[],EO,3S1,1,2,"[2_11,2_50,10_7]","[1,2,0]",3,3,2.265,"[3.187, 0.929]",132.5,144.2,175.4,154.8,20.4,89.0,"[[7.69,3.5,151.9],[7.72,4.73,118.4],[8.22,5.18,118.7]]",451.3
aMal352_TSdh_nn_117_0,4853,-1459.8815,E5,5S1,1,2,[13_7],"[1,6,0]",-1,2,1,0,3,2.119,"[1.894, 0.966]",75.6,60.0,295.8,59.2,86.1,83.1,0,0,"[[7.38,4.79,113.0]]","[[[1, 1],'H_O',1.894,'OH'],[[2, 2],'C_O',2.119,'CO']]",[],E5,5S1,1,2,"[3_9,13_7]","[1,6,0]",2,3,2.248,"[1.866, 0.959]",100.0,107.3,295.9,56.0,93.1,78.0,"[[8.36,3.81,161.8],[7.57,5.29,107.8]]",379.9
aMal252_TSdh_nn_273_0,2944,-1459.8974,4C1,5S1,1,2,[10_13],"[1,6]",-1,2,1,1,2,2.056,"[2.33, 0.946]",69.4,60.0,28.6,16.3,78.8,79.8,0,0,"[[8.04,4.0,143.2]]","[[[1, 1],'H_O',2.33,'OH'],[[2, 2],'C_O',2.056,'CO']]",[],4C1,5S1,1,2,"[3_9,10_13]","[1,6]",2,2,2.117,"[2.34, 0.937]",95.2,107.8,22.2,17.7,87.9,79.5,"[[7.99,3.58,160.4],[8.46,4.48,138.2]]",338.2
aMal400_TSdh_nn_018_1,439,-1459.9285,OS2,3S1,2,1,"[9_11,10_7,13_7]","[2,11,50]",-1,1,3,0,3,2.835,"[1.756, 0.956]",122.4,150.0,321.6,104.1,15.1,90.7,0,0,"[[8.27,5.03,122.2],[7.93,4.83,120.7],[7.48,5.23,107.5]]","[[[1, 1],'C_O',2.835,'CO'],[[2, 2],'H_O',1.756,'OH']]",[],OS2,3S1,2,1,[10_7],"[2,9,11,50]",1,4,2.7560000000000002,"[1.684, 0.972]",127.4,79.1,324.7,104.7,19.0,89.2,"[[8.29,5.29,117.8]]",256.5
aMal458_TSdh_nn_162_2,3012,-1459.8967,5HO,OS2,1,2,"[2_50,3_6,9_50,11_9]","[1,0]",-1,2,4,1,2,2.199,"[1.822, 0.96]",81.8,90.0,143.2,154.7,331.0,91.8,0,0,"[[9.03,5.35,128.1],[6.45,2.41,167.1],[6.7,4.18,113.6],[8.47,4.86,129.2]]","[[[1, 1],'H_O',1.822,'OH'],[[2, 2],'C_O',2.199,'CO']]",[],5H4,OS2,1,2,"[2_9,2_50,3_6,11_9]","[1,13,0]",4,3,2.2119999999999997,"[1.629, 0.997]",171.1,76.0,106.0,152.5,329.7,93.9,"[[9.29,5.09,138.6],[7.84,4.46,126.7],[6.25,2.26,169.3],[8.32,4.81,127.4]]",340.0
aMal370_TSdh_nn_339_2,3403,-1459.8937,5S1,5S1,1,2,[3_6],"[1,11,0,50]",-1,2,1,0,4,2.191,"[1.747, 0.966]",80.1,120.0,104.8,94.2,82.9,84.2,0,0,"[[8.01,4.93,120.2]]","[[[1, 1],'H_O',1.747,'OH'],[[2, 2],'C_O',2.191,'CO']]",[],5S1,5S1,1,2,[3_6],"[1,11,0,50]",1,4,2.217,"[1.674, 0.978]",89.0,111.8,101.6,96.0,93.2,82.3,"[[7.68,4.68,119.9]]",347.9
aMal416_TSdh_nn_344_0,3188,-1459.8953,E1,2SO,1,2,"[3_6,9_10]","[1,9,50]",-1,2,2,1,3,1.9069999999999998,"[2.864, 0.935]",99.5,60.0,63.3,67.1,163.1,85.6,0,0,"[[8.44,4.41,139.4],[7.36,4.89,111.2]]","[[[1, 1],'H_O',2.864,'OH'],[[2, 2],'C_O',1.907,'CO']]",[],E1,2SO,1,2,"[3_6,9_10]","[1,9,50]",2,3,1.9140000000000001,"[2.64, 0.938]",89.6,65.3,60.5,66.7,161.2,83.6,"[[8.47,4.35,141.9],[7.03,4.71,109.1]]",343.7
aMal213_TSdh_nn_073_1,3613,-1459.8922,1S3,5S1,3,2,[1_2],"[3,11,50]",3,2,1,0,3,2.136,"[2.377, 0.941]",166.4,135.0,197.5,75.2,87.6,79.2,0,0,"[[7.75,5.56,106.0]]","[[[3, 4],'C_C',1.726,'bb'],[[2, 2],'C_O',2.136,'CO'],[[3, 3],'H_O',2.377,'OH']]",[],B3O,3S1,3,2,"[1_2,10_13]","[3,9,11,50]",2,4,2.191,"[2.039, 0.956]",178.8,91.8,187.9,77.2,21.4,87.4,"[[7.97,4.94,119.3],[7.68,3.44,156.6]]",351.8
aMal350_TSdh_nn_127_0,822,-1459.9176,E1,3S1,1,2,"[3_6,9_50,10_7,11_9,13_10]","[1,9,50]",-1,2,5,2,3,1.9769999999999999,"[2.292, 0.943]",91.9,60.0,50.1,69.5,22.4,90.5,0,0,"[[8.11,3.87,149.7],[7.21,5.31,102.7],[7.72,4.84,117.3],[8.09,6.07,103.3],[8.09,3.89,149.1]]","[[[1, 1],'H_O',2.292,'OH'],[[2, 2],'C_O',1.977,'CO']]",[],E1,3S1,1,2,"[3_6,10_13]","[1,9,11,50]",2,4,2.005,"[2.098, 0.951]",92.5,73.9,46.8,70.6,19.5,87.7,"[[8.11,3.82,151.8],[7.71,3.47,155.7]]",285.1
aMal21_TSdh_nn_161_0,840,-1459.9176,3E,5S1,2,1,"[2_1,3_6,11_50]","[1,2,50]",-1,1,3,3,3,2.383,"[1.275, 1.264]",96.8,60.0,352.5,109.1,88.1,76.7,0,0,"[[5.46,1.26,153.5],[7.98,3.87,146.5],[8.27,4.32,138.7]]","[[[1, 1],'C_O',2.383,'CO'],[[2, 2],'H_O',1.275,'OH']]",[],3E,5S1,2,1,"[2_1,3_6,11_50]","[1,2,9,50]",3,4,2.335,"[1.311, 1.221]",62.2,43.6,351.6,113.7,90.9,84.0,"[[5.5,1.22,151.9],[7.66,3.68,145.3],[8.6,4.45,142.4]]",285.1
aMal411_TSdh_nn_001_1,621,-1459.9229,3H4,OS2,2,1,"[2_1,9_11,13_7]","[1,2,50]",-1,1,3,2,3,2.267,"[1.282, 1.257]",167.5,195.0,33.3,120.5,332.9,91.7,0,0,"[[5.43,1.26,151.8],[8.41,4.23,144.9],[7.73,5.41,108.2]]","[[[1, 1],'C_O',2.267,'CO'],[[2, 2],'H_O',1.282,'OH']]",[],3H4,OS2,2,1,"[2_1,9_11]","[1,2,13,7,50]",2,5,2.303,"[1.321, 1.2]",178.1,184.2,31.1,121.3,329.5,92.7,"[[5.57,1.2,155.0],[8.43,4.3,142.8]]",271.2
aMal76_TSdh_nn_273_0,2456,-1459.9019,4C1,4C1,1,2,"[9_10,10_11,13_7]","[1,6]",-1,2,3,0,2,2.056,"[2.33, 0.946]",69.4,60.0,28.6,16.3,195.3,1.3,0,0,"[[8.04,5.86,105.6],[8.33,5.99,107.4],[7.48,5.4,105.0]]","[[[1, 1],'H_O',2.33,'OH'],[[2, 2],'C_O',2.056,'CO']]",[],4C1,4C1,1,2,"[3_9,9_10,10_11,13_7]","[1,6]",4,2,2.089,"[2.375, 0.937]",108.1,113.9,23.7,20.2,140.3,2.6,"[[7.79,3.37,165.7],[7.87,5.68,105.9],[8.41,6.19,105.6],[7.69,5.93,100.3]]",326.3
aMal376_TSdh_nn_177_0,3564,-1459.8927,5S1,3S1,1,2,"[6_3,10_7,11_9,11_50,13_10]","[1,9,0,50]",-1,2,5,2,4,2.239,"[1.808, 0.958]",92.6,60.0,104.5,99.7,21.1,90.1,0,0,"[[8.95,5.09,132.3],[7.75,4.83,117.8],[9.16,6.06,117.1],[8.45,4.46,138.6],[8.17,3.86,153.4]]","[[[1, 1],'H_O',1.808,'OH'],[[2, 2],'C_O',2.239,'CO']]",[],5S1,3S1,1,2,"[6_3,10_7]","[1,9,11,0,50]",2,5,2.228,"[1.738, 0.969]",95.7,77.8,104.4,99.7,19.2,88.3,"[[8.55,4.64,135.9],[8.37,5.33,118.3]]",350.5
aMal35_TSdh_nn_187_2,2987,-1459.8969,3S1,5S1,-1,-1,"[1_2,3_6,3_0,9_2,9_50,13_10]","[1,2,11,50]",-1,2,6,4,4,2.253,"[0, 0]",93.2,105.0,25.9,79.2,83.7,91.7,0,0,"[[5.52,1.83,150.5],[7.37,3.27,150.3],[6.94,4.85,104.7],[9.11,4.76,143.9],[7.57,4.86,114.6],[8.55,4.53,139.0]]","[[[2, 2],'C_O',2.253,'CO']]",[],3S1,5S1,-1,-1,"[1_2,3_6,3_0,9_2,13_10]","[1,2,11,50]",5,4,2.227,"[0, 0]",90.5,113.2,23.7,84.1,91.5,96.7,"[[5.79,2.13,149.6],[7.16,3.08,152.2],[7.05,5.13,102.0],[7.34,2.98,174.6],[8.75,4.8,135.5]]",339.5
aMal465_TSdh_nn_116_1,5777,-1459.8698,5S1,5S1,3,6,"[1_50,2_1,3_6]","[2,3]",-1,6,3,2,2,2.221,"[1.518, 1.069]",79.2,0.0,83.4,88.7,83.1,83.7,0,0,"[[7.67,3.64,146.4],[8.67,6.29,107.3],[6.4,1.07,164.7]]","[[[3, 3],'H_O',1.518,'OH'],[[6, 6],'C_O',2.221,'CO']]",[],5S1,5S1,3,6,"[1_50,2_1,3_6]","[2,3]",3,2,2.228,"[1.507, 1.073]",128.1,43.8,82.3,88.9,99.0,85.2,"[[7.42,3.5,144.9],[8.6,6.18,108.0],[6.39,1.07,167.5]]",410.6
aMal123_TSdh_nn_131_1,5564,-1459.8725,25B,1C4,1,2,"[9_11,13_7]","[1,0,50]",-1,2,2,1,3,2.244,"[1.791, 0.962]",89.9,315.0,113.5,98.7,251.8,171.3,0,0,"[[8.04,4.26,135.5],[7.73,5.17,111.8]]","[[[1, 1],'H_O',1.791,'OH'],[[2, 2],'C_O',2.244,'CO']]",[],25B,1C4,1,2,[9_11],"[1,0,50]",1,3,2.307,"[1.751, 0.961]",90.1,318.7,116.1,98.7,285.3,171.7,"[[7.58,3.68,142.7]]",403.5
aMal428_TSdh_nn_177_2,3422,-1459.8935,5S1,3S1,1,2,"[6_3,9_11,11_50]","[1,11,0,50]",-1,2,3,1,4,2.239,"[1.808, 0.958]",92.6,75.0,104.5,99.7,26.5,93.0,0,0,"[[8.95,5.09,132.3],[8.84,5.16,128.8],[7.77,3.96,138.2]]","[[[1, 1],'H_O',1.808,'OH'],[[2, 2],'C_O',2.239,'CO']]",[],5S1,3S1,1,2,[6_3],"[1,9,11,0,50]",1,5,2.233,"[1.733, 0.97]",93.7,76.4,104.4,99.9,25.1,88.5,"[[8.54,4.61,136.3]]",348.4
aMal350_TSdh_nn_182_0,2662,-1459.8999,5H4,3S1,2,1,"[1_11,1_50,6_3,9_50,10_7,11_9,13_10]",[2],-1,1,7,3,1,2.521,"[1.718, 0.963]",157.9,105.0,82.5,115.1,22.4,90.5,0,0,"[[6.36,2.7,150.0],[8.93,6.07,114.1],[7.33,3.7,136.3],[7.21,5.31,102.7],[7.72,4.84,117.3],[8.09,6.07,103.3],[8.09,3.89,149.1]]","[[[1, 1],'C_O',2.521,'CO'],[[2, 2],'H_O',1.718,'OH']]",[],5H4,3OB,2,1,"[1_11,6_3,9_11,10_7,13_10]",[2],5,1,2.4290000000000003,"[1.833, 0.949]",146.8,83.0,85.8,116.0,9.8,92.0,"[[8.37,3.77,167.4],[7.29,3.58,139.0],[8.17,4.61,129.6],[7.72,5.2,111.3],[8.98,5.01,134.7]]",331.6
aMal157_TSdh_nn_356_2,2602,-1459.9005,E3,1C4,10,13,"[2_1,9_11]","[1,2,3]",-1,1,2,1,3,2.511,"[1.918, 0.93]",57.3,135.0,179.2,49.3,246.6,169.7,0,0,"[[5.42,1.66,150.2],[8.13,4.37,134.2]]","[[[1, 1],'C_O',2.511,'CO'],[[10, 10],'H_O',1.918,'OH'],[[13, 13],'H_O',3.409,'OH']]",[],E3,1C4,10,13,"[2_1,9_11]","[1,2,3]",2,3,2.568,"[1.934, 0.934]",109.4,56.0,179.5,49.8,260.2,170.1,"[[5.52,1.87,148.4],[7.95,4.28,133.1]]",330.0
aMal229_TSdh_nn_296_1,892,-1459.9165,5E,3S1,2,1,"[10_7,11_9,13_7]","[2,3]",-1,1,3,0,2,2.642,"[2.162, 0.931]",183.1,120.0,111.0,108.9,22.2,90.0,0,0,"[[8.16,5.11,119.2],[8.25,6.14,104.3],[7.5,5.16,108.8]]","[[[1, 1],'C_O',2.642,'CO'],[[2, 2],'H_O',2.162,'OH']]",[],5S1,OS2,2,1,"[3_6,9_1,9_50,10_7,11_9]","[2,3]",5,2,2.562,"[1.698, 0.989]",143.9,56.3,93.6,102.3,334.0,92.3,"[[7.75,3.85,141.3],[8.47,3.84,164.6],[6.47,4.73,100.8],[8.28,5.34,116.8],[8.03,4.44,130.5]]",288.0
aMal112_TSdh_nn_050_1,2385,-1459.9025,4C1,1C4,3,2,"[2_1,9_50,11_9,13_1,13_7]","[3,50]",3,2,5,1,2,2.077,"[3.074, 0.932]",277.2,75.0,189.2,13.7,260.9,174.8,0,0,"[[8.05,5.93,104.6],[7.28,4.78,111.8],[7.88,4.05,138.1],[7.46,4.4,121.8],[7.87,5.26,112.4]]","[[[3, 4],'C_C',1.808,'bb'],[[2, 2],'C_O',2.077,'CO'],[[3, 3],'H_O',3.074,'OH']]",[],4C1,1C4,3,2,[2_1],"[3,9,11,7]",1,4,2.02,"[2.68, 0.939]",281.5,58.9,201.1,20.4,164.7,168.5,"[[7.79,5.42,108.5]]",324.8
aMal458_TSdh_nn_284_0,3383,-1459.8939,E5,OS2,1,2,"[9_50,11_9]","[1,6,0]",-1,2,2,0,3,2.108,"[1.944, 0.96]",63.2,60.0,298.0,59.5,331.0,91.8,0,0,"[[6.7,4.18,113.6],[8.47,4.86,129.2]]","[[[1, 1],'H_O',1.944,'OH'],[[2, 2],'C_O',2.108,'CO']]",[],E5,OS2,1,2,"[3_13,3_7,9_50,11_9]","[1,6,0]",4,3,2.157,"[2.001, 0.953]",49.7,32.3,314.4,68.4,330.4,92.3,"[[9.03,4.75,141.9],[8.18,4.47,132.4],[6.86,4.79,105.7],[8.39,4.83,128.4]]",347.4
aMal339_TSdh_nn_001_0,351,-1459.9306,3H4,OS2,2,1,"[2_1,9_11,11_13]","[1,2,9,50]",-1,1,3,2,4,2.267,"[1.282, 1.257]",167.5,60.0,33.3,120.5,331.6,90.9,0,0,"[[5.43,1.26,151.8],[8.46,4.31,143.2],[8.27,4.72,128.6]]","[[[1, 1],'C_O',2.267,'CO'],[[2, 2],'H_O',1.282,'OH']]",[],3E,OS2,2,1,"[2_1,9_11,11_13]","[1,2,9,50]",3,4,2.314,"[1.353, 1.163]",145.5,54.0,358.2,112.8,328.6,94.2,"[[5.56,1.16,151.6],[7.9,3.92,142.4],[8.29,4.88,125.4]]",251.0
aMal406_TSdh_nn_165_2,3318,-1459.8944,E1,3OB,1,2,"[9_11,10_7]","[1,11,50]",-1,2,2,0,3,1.9340000000000002,"[2.2, 0.948]",96.2,135.0,50.0,66.0,14.7,90.7,0,0,"[[8.25,5.02,122.1],[7.79,4.69,121.3]]","[[[1, 1],'H_O',2.2,'OH'],[[2, 2],'C_O',1.934,'CO']]",[],B14,3S1,1,2,"[9_1,9_50,10_7]","[1,11,50]",3,3,1.9580000000000002,"[2.898, 0.969]",64.5,127.5,49.3,74.3,15.9,92.1,"[[7.35,3.2,154.6],[7.13,4.93,106.4],[8.14,5.09,119.2]]",346.0
aMal4_TSdh_nn_161_2,372,-1459.9299,3E,3S1,2,1,"[2_1,3_6,13_7]","[1,2,11,50]",-1,1,3,2,4,2.383,"[1.275, 1.264]",96.8,120.0,352.5,109.1,27.0,87.5,0,0,"[[5.46,1.26,153.5],[7.98,3.87,146.5],[7.42,5.1,108.8]]","[[[1, 1],'C_O',2.383,'CO'],[[2, 2],'H_O',1.275,'OH']]",[],3H2,3S1,2,1,[3_6],"[2,9,11,50]",1,4,2.617,"[1.655, 0.98]",131.4,69.5,332.8,109.3,26.6,90.9,"[[9.2,4.74,146.9]]",252.8
aMal157_TSdh_nn_094_1,3866,-1459.8902,E1,1C4,1,2,[9_11],"[1,50]",-1,2,1,0,2,1.9380000000000002,"[2.459, 0.941]",103.5,315.0,51.0,61.3,246.6,169.7,0,0,"[[8.13,4.37,134.2]]","[[[1, 1],'H_O',2.459,'OH'],[[2, 2],'C_O',1.938,'CO'],[[10, 10],'H_O',1.918,'OH'],[[13, 13],'H_O',3.409,'OH']]",[],E1,1C4,1,2,"[3_7,9_11]","[1,50]",2,2,1.994,"[2.367, 0.941]",91.6,318.0,50.9,54.0,268.4,173.9,"[[8.45,4.59,135.0],[7.89,4.07,137.6]]",357.1
aMal404_TSdh_nn_181_1,6402,-1459.8569,1HO,4C1,1,2,"[2_50,9_10,10_11]","[1,2,0]",-1,2,3,1,3,2.274,"[3.547, 0.93]",163.0,210.0,191.8,153.0,203.4,1.4,0,0,"[[7.54,3.53,146.4],[8.05,5.86,105.7],[8.31,5.95,107.7]]","[[[1, 1],'H_O',3.547,'OH'],[[2, 2],'C_O',2.274,'CO']]",[],EO,4C1,1,2,"[2_50,9_10,10_11]","[1,2,0]",3,3,2.315,"[3.556, 0.928]",183.9,182.3,182.6,154.2,163.2,6.2,"[[7.27,3.27,149.2],[7.65,5.41,106.9],[8.42,6.15,106.2]]",444.5
aMal259_TSdh_nn_091_2,3909,-1459.8898,25B,5S1,1,2,"[6_0,9_50]","[1,11,0,50]",-1,2,2,0,4,2.237,"[1.888, 0.947]",83.0,105.0,106.1,99.2,83.3,89.3,0,0,"[[8.03,5.74,107.1],[7.67,5.02,113.5]]","[[[1, 1],'H_O',1.888,'OH'],[[2, 2],'C_O',2.237,'CO']]",[],25B,3S1,1,2,[6_0],"[1,9,11,0,50]",1,5,2.24,"[1.735, 0.97]",92.5,78.6,105.6,98.7,25.2,88.5,"[[8.42,6.42,102.7]]",358.1
aMal434_TSdh_nn_067_1,3271,-1459.8946,4C1,1C4,3,2,[9_11],"[3,9,50]",3,2,1,1,3,2.116,"[2.406, 0.94]",278.6,30.0,151.5,10.5,256.4,173.9,0,0,"[[7.95,4.18,135.7]]","[[[3, 4],'C_C',1.762,'bb'],[[2, 2],'C_O',2.116,'CO'],[[3, 3],'H_O',2.406,'OH']]",[],4C1,1C4,3,2,[9_11],"[3,9,7,50]",1,4,2.097,"[2.287, 0.945]",278.8,76.8,175.6,10.6,267.0,167.8,"[[7.27,3.69,135.1]]",345.5
aMal208_TSdh_nn_332_1,3755,-1459.8911,1S3,1C4,1,2,"[10_13,11_9]","[1,0]",-1,2,2,0,2,2.1069999999999998,"[2.198, 0.942]",67.6,15.0,196.4,87.7,80.2,179.3,0,0,"[[9.34,5.67,126.6],[7.9,4.36,130.3]]","[[[1, 1],'H_O',2.198,'OH'],[[2, 2],'C_O',2.107,'CO']]",[],5H4,1C4,1,2,"[3_6,9_11,10_13]","[1,9,0,50]",3,4,2.271,"[1.729, 0.978]",87.3,78.8,90.8,123.0,2.9,175.1,"[[7.82,3.6,152.8],[7.23,3.48,140.8],[8.28,4.79,127.1]]",354.7
aMal13_TSdh_nn_181_1,6082,-1459.8652,1HO,OS2,1,2,"[2_50,9_11,13_7]","[1,2,0]",-1,2,3,2,3,2.274,"[3.547, 0.93]",163.0,195.0,191.8,153.0,334.9,92.5,0,0,"[[7.54,3.53,146.4],[8.0,3.97,143.7],[7.48,5.23,107.3]]","[[[1, 1],'H_O',3.547,'OH'],[[2, 2],'C_O',2.274,'CO']]",[],EO,3OB,1,2,"[2_9,2_50,9_11,10_13,10_7]","[1,2,0]",5,3,2.356,"[3.367, 0.929]",79.7,86.7,184.7,149.5,2.9,94.7,"[[7.47,3.12,165.3],[8.57,5.35,119.5],[7.58,3.69,142.4],[8.1,3.73,156.4],[8.17,6.34,100.5]]",422.7
aMal408_TSdh_nn_064_1,5507,-1459.8734,5S1,4C1,3,6,"[1_50,2_1,3_6,9_50,10_11]","[2,3]",-1,6,5,2,2,2.206,"[1.495, 1.082]",163.5,135.0,83.9,89.5,261.7,4.6,0,0,"[[7.55,3.58,145.7],[8.61,6.22,107.6],[6.32,1.08,164.9],[7.32,5.11,107.2],[7.82,5.72,104.7]]","[[[3, 3],'H_O',1.495,'OH'],[[6, 6],'C_O',2.206,'CO']]",[],5S1,4C1,3,6,"[1_50,2_1,3_6,9_10,10_11]","[2,3]",5,2,2.206,"[1.487, 1.082]",190.4,183.0,86.3,90.6,225.2,1.6,"[[7.68,3.74,143.1],[8.36,5.88,109.2],[6.3,1.08,166.4],[7.67,5.29,109.0],[8.11,6.21,101.6]]",401.2
aMal352_TSdh_nn_339_0,3964,-1459.8894,5S1,5S1,1,2,"[3_6,13_7]","[1,0,50]",-1,2,2,0,3,2.191,"[1.747, 0.966]",80.1,60.0,104.8,94.2,86.1,83.1,0,0,"[[8.01,4.93,120.2],[7.38,4.79,113.0]]","[[[1, 1],'H_O',1.747,'OH'],[[2, 2],'C_O',2.191,'CO']]",[],5S1,5S1,1,2,"[3_6,13_7]","[1,9,0,50]",2,4,2.206,"[1.67, 0.981]",70.6,36.1,104.9,92.4,89.3,84.2,"[[8.2,5.25,117.3],[7.69,5.54,105.6]]",359.2
aMal398_TSdh_nn_324_0,2448,-1459.9021,1S3,1S3,1,2,[10_11],"[1,0]",-1,2,1,0,2,2.137,"[2.088, 0.948]",79.7,60.0,198.1,86.5,211.9,87.3,0,0,"[[7.65,5.41,107.0]]","[[[1, 1],'H_O',2.088,'OH'],[[2, 2],'C_O',2.137,'CO']]",[],5H4,4C1,1,2,"[2_9,2_50,3_6]","[1,11,0]",3,3,2.001,"[2.536, 0.936]",147.5,65.5,74.6,136.8,116.8,10.8,"[[8.11,3.53,169.1],[7.53,5.13,109.0],[8.01,4.18,137.0]]",325.8
aMal356_TSdh_nn_025_1,15,-1459.9412,3E,3S1,2,1,"[2_1,9_50,13_10]","[1,2,11,50]",-1,1,3,2,4,2.296,"[1.327, 1.192]",151.5,150.0,11.7,115.1,29.7,84.2,0,0,"[[5.5,1.19,151.4],[7.46,4.7,116.1],[7.72,3.94,138.3]]","[[[1, 1],'C_O',2.296,'CO'],[[2, 2],'H_O',1.327,'OH']]",[],3E,3S1,2,1,"[2_1,10_13,11_1]","[2,9,11,50]",3,4,2.332,"[1.349, 1.172]",158.8,83.0,14.4,119.9,25.3,87.9,"[[5.73,1.17,159.8],[7.59,3.34,158.7],[7.55,3.41,152.5]]",223.2
aMal8_TSdh_nn_184_0,3186,-1459.8955,3S1,3S1,1,2,"[1_2,3_0,6_0,9_11,9_50]","[1,2,9,50]",-1,2,5,1,4,2.164,"[1.388, 1.126]",87.0,60.0,16.2,77.1,20.8,91.4,0,0,"[[5.53,1.13,147.3],[6.62,3.6,123.9],[7.9,6.11,100.4],[8.73,5.63,118.3],[6.77,4.99,101.4]]","[[[1, 1],'H_O',1.388,'OH'],[[2, 2],'C_O',2.164,'CO']]",[],3S1,OS2,1,2,"[1_2,3_0,6_0,9_11,11_13]","[1,2,9,50]",5,4,2.157,"[1.374, 1.137]",142.7,49.3,19.0,76.1,327.7,94.9,"[[5.53,1.14,149.0],[6.62,3.58,124.3],[8.18,6.33,101.0],[7.77,3.85,141.2],[8.22,4.87,124.4]]",343.2
aMal347_TSdh_nn_020_0,860,-1459.9171,5S1,1C4,1,2,"[1_2,6_3,9_50,11_9]","[1,0,50]",-1,2,4,2,3,2.099,"[1.424, 1.091]",78.3,60.0,104.2,102.2,246.6,174.6,0,0,"[[5.69,1.09,149.8],[6.58,4.38,108.2],[7.33,4.82,111.8],[7.93,4.11,137.5]]","[[[1, 1],'H_O',1.424,'OH'],[[2, 2],'C_O',2.099,'CO']]",[],25B,1C4,1,2,"[1_2,6_3,9_11,10_13]","[1,9,0,50]",4,4,2.109,"[1.404, 1.108]",136.3,59.1,108.8,101.7,317.0,174.6,"[[5.66,1.11,151.0],[6.73,4.31,111.5],[7.13,3.28,145.6],[8.33,4.86,126.6]]",286.4
aMal39_TSdh_nn_104_0,6058,-1459.8656,25B,1S3,1,2,"[9_50,11_10,13_7]","[1,0,50]",-1,2,3,0,3,2.218,"[1.839, 0.952]",83.2,60.0,110.4,101.0,211.6,88.1,0,0,"[[6.82,4.32,113.0],[7.49,5.11,109.3],[7.99,5.54,109.7]]","[[[1, 1],'H_O',1.839,'OH'],[[2, 2],'C_O',2.218,'CO']]",[],25B,1S3,1,2,"[11_10,13_7]","[1,9,0,50]",2,4,2.239,"[1.758, 0.961]",85.0,78.0,109.3,99.6,216.3,89.9,"[[7.6,5.59,103.7],[8.17,5.96,105.9]]",421.7
aMal408_TSdh_nn_073_1,5898,-1459.8681,1S3,4C1,3,2,"[1_2,9_50,10_11]","[3,50]",3,2,3,0,2,2.136,"[2.377, 0.941]",166.4,135.0,197.5,75.2,261.7,4.6,0,0,"[[7.75,5.56,106.0],[7.32,5.11,107.2],[7.82,5.72,104.7]]","[[[3, 4],'C_C',1.726,'bb'],[[2, 2],'C_O',2.136,'CO'],[[3, 3],'H_O',2.377,'OH']]",[],1S3,OH1,3,2,"[1_2,9_3]","[3,11,50]",2,3,2.19,"[2.438, 0.937]",128.4,153.6,195.3,75.7,29.5,28.8,"[[7.73,5.15,112.0],[8.14,3.66,161.0]]",415.1
aMal289_TSdh_nn_162_1,3823,-1459.8906,5HO,4C1,1,2,"[2_50,3_6,10_9,11_10]","[1,0]",-1,2,4,1,2,2.199,"[1.822, 0.96]",81.8,30.0,143.2,154.7,173.5,1.6,0,0,"[[9.03,5.35,128.1],[6.45,2.41,167.1],[7.83,5.8,103.8],[7.9,5.57,108.0]]","[[[1, 1],'H_O',1.822,'OH'],[[2, 2],'C_O',2.199,'CO']]",[],5H4,4C1,1,2,"[2_9,2_50,3_6,9_10,10_11]","[1,0]",5,2,2.208,"[1.878, 0.949]",81.0,57.2,103.6,153.1,276.2,7.2,"[[8.47,3.83,166.6],[8.76,6.14,110.4],[6.31,2.3,170.1],[7.94,5.93,103.3],[8.08,6.2,101.5]]",356.0
aMal270_TSdh_nn_165_0,2114,-1459.9049,E1,3S1,1,2,"[9_11,10_7,11_50]","[1,11,50]",-1,2,3,0,3,1.9340000000000002,"[2.2, 0.948]",96.2,60.0,50.0,66.0,19.2,92.4,0,0,"[[7.96,4.34,131.9],[8.07,5.01,119.6],[8.35,4.95,125.1]]","[[[1, 1],'H_O',2.2,'OH'],[[2, 2],'C_O',1.934,'CO']]",[],E1,OS2,1,2,"[2_3,9_11,10_7,11_13]","[1,9,50]",4,3,1.859,"[2.821, 0.938]",143.2,52.6,57.3,56.1,331.4,93.5,"[[8.52,6.36,104.5],[7.61,3.76,140.3],[8.3,5.49,114.6],[8.29,4.93,124.4]]",318.5
aMal414_TSdh_nn_187_1,2554,-1459.901,3S1,4C1,-1,-1,"[1_2,3_6,3_0,9_10,10_11]","[1,2,50]",-1,2,5,2,3,2.253,"[0, 0]",93.2,30.0,25.9,79.2,109.6,4.8,0,0,"[[5.52,1.83,150.5],[7.37,3.27,150.3],[6.94,4.85,104.7],[7.84,5.51,108.1],[8.4,6.11,106.7]]","[[[2, 2],'C_O',2.253,'CO']]",[],3S1,4C1,-1,-1,"[1_2,3_6,3_0,10_11]","[2,9,50]",4,3,2.283,"[0, 0]",161.6,68.3,32.7,81.1,169.8,7.5,"[[5.97,2.09,158.2],[6.81,2.84,151.4],[6.84,4.96,101.4],[8.24,5.84,108.4]]",328.7
aMal229_TSdh_nn_184_2,5143,-1459.8782,3S1,3S1,1,2,"[1_2,3_0,6_0,9_2,10_7,11_9,13_7]","[1,2,11,50]",-1,2,7,1,4,2.164,"[1.388, 1.126]",87.0,120.0,16.2,77.1,22.2,90.0,0,0,"[[5.53,1.13,147.3],[6.62,3.6,123.9],[7.9,6.11,100.4],[6.51,4.35,107.9],[8.16,5.11,119.2],[8.25,6.14,104.3],[7.5,5.16,108.8]]","[[[1, 1],'H_O',1.388,'OH'],[[2, 2],'C_O',2.164,'CO']]",[],3OB,3S1,-1,-1,"[1_2,3_0,9_2,9_11,10_7]","[1,2,11,50]",5,4,2.246,"[0, 0]",89.6,130.5,12.2,76.4,16.1,92.2,"[[5.63,1.9,153.0],[6.56,3.74,119.6],[7.78,3.52,154.7],[9.39,6.41,114.3],[8.29,5.28,118.1]]",388.6
aMal423_TSdh_nn_181_1,6270,-1459.8614,1HO,1C4,1,2,"[2_50,9_11,13_7]","[1,2,0]",-1,2,3,1,3,2.274,"[3.547, 0.93]",163.0,225.0,191.8,153.0,251.9,171.7,0,0,"[[7.54,3.53,146.4],[8.06,4.34,133.9],[7.73,5.18,111.7]]","[[[1, 1],'H_O',3.547,'OH'],[[2, 2],'C_O',2.274,'CO']]",[],1HO,1C4,1,2,"[2_50,9_11]","[1,2,0]",2,3,2.242,"[3.597, 0.928]",103.5,317.1,200.6,154.4,265.1,172.5,"[[7.38,3.27,152.7],[7.73,3.8,142.1]]",432.7
aMal97_TSdh_nn_001_0,470,-1459.9272,3H4,1C4,2,1,"[2_1,11_9,11_7,13_10]","[1,2,9,50]",-1,1,4,1,4,2.267,"[1.282, 1.257]",167.5,75.0,33.3,120.5,144.5,178.8,0,0,"[[5.43,1.26,151.8],[7.92,4.7,123.2],[8.53,6.37,104.6],[8.44,4.64,133.8]]","[[[1, 1],'C_O',2.267,'CO'],[[2, 2],'H_O',1.282,'OH']]",[],3E,1C4,2,1,"[2_1,9_11,13_10]","[1,2,9,50]",3,4,2.298,"[1.315, 1.211]",145.3,69.7,8.0,121.6,302.2,177.3,"[[5.48,1.21,151.2],[7.15,3.36,143.0],[8.68,5.09,127.7]]",259.9
aMal344_TSdh_nn_040_1,2007,-1459.9058,5H4,5S1,1,2,"[6_3,11_50,13_10]","[1,0]",-1,2,3,2,2,2.037,"[2.02, 0.96]",68.0,30.0,93.6,144.0,84.7,83.8,0,0,"[[7.61,4.03,133.2],[7.71,3.75,143.7],[8.32,4.14,145.5]]","[[[1, 1],'H_O',2.02,'OH'],[[2, 2],'C_O',2.037,'CO']]",[],5S1,5S1,1,2,"[1_2,6_3,11_50,13_10]","[1,9,0,50]",4,4,2.108,"[1.394, 1.12]",55.6,42.6,105.6,102.5,86.3,91.3,"[[5.66,1.12,151.5],[6.45,4.15,110.3],[8.34,4.18,145.3],[7.94,4.27,133.6]]",316.1
aMal314_TSdh_nn_093_0,3599,-1459.8923,B3O,1C4,3,2,"[2_1,9_11]","[3,9,50]",3,2,2,0,3,2.039,"[2.819, 0.933]",276.4,45.0,168.2,75.7,253.1,164.6,0,0,"[[6.8,4.34,112.3],[8.38,4.59,133.5]]","[[[3, 4],'C_C',1.832,'bb'],[[2, 2],'C_O',2.039,'CO'],[[3, 3],'H_O',2.819,'OH']]",[],B3O,1C4,3,2,"[2_1,9_11,10_13]","[3,9,7,50]",3,4,2.04,"[2.63, 0.937]",282.4,79.4,168.1,76.0,264.3,163.5,"[[7.07,4.58,112.1],[7.65,3.9,137.6],[7.57,3.33,159.2]]",351.6
aMal347_TSdh_nn_050_1,2684,-1459.8997,4C1,1C4,3,2,"[2_1,9_50,11_9]","[3,50]",3,2,3,1,2,2.077,"[3.074, 0.932]",277.2,75.0,189.2,13.7,246.6,174.6,0,0,"[[8.05,5.93,104.6],[7.33,4.82,111.8],[7.93,4.11,137.5]]","[[[3, 4],'C_C',1.808,'bb'],[[2, 2],'C_O',2.077,'CO'],[[3, 3],'H_O',3.074,'OH']]",[],4C1,1C4,3,2,"[2_1,10_13]","[3,9,11,7]",2,4,2.041,"[2.664, 0.939]",279.0,62.0,199.1,18.9,107.8,174.1,"[[8.14,5.92,105.8],[8.36,5.01,124.1]]",332.1
aMal429_TSdh_nn_047_0,5893,-1459.8682,1C4,OS2,-1,-1,"[1_2,2_50,3_6,9_50,11_9]","[3,6]",-1,6,5,2,2,2.2969999999999997,"[0, 0]",163.1,60.0,56.6,173.5,333.0,94.5,0,0,"[[7.16,4.51,114.5],[7.56,3.85,137.2],[5.8,1.97,155.7],[6.65,4.17,113.1],[7.99,4.39,131.3]]","[[[6, 6],'C_O',2.297,'CO']]",[],1C4,OS2,-1,-1,"[1_2,2_9,2_50,3_6,11_9,13_11]","[3,6]",6,2,2.312,"[0, 0]",178.9,56.8,49.9,174.9,327.9,91.2,"[[7.32,4.72,113.2],[9.67,4.95,150.9],[7.26,3.71,134.2],[5.83,1.97,155.9],[9.17,5.73,123.1],[9.03,5.27,129.8]]",414.8
aMal194_TSdh_nn_064_0,5803,-1459.8692,5S1,B3O,3,6,"[1_50,2_1,3_6,9_10]","[2,3]",-1,6,4,2,2,2.206,"[1.495, 1.082]",163.5,60.0,83.9,89.5,165.4,87.3,0,0,"[[7.55,3.58,145.7],[8.61,6.22,107.6],[6.32,1.08,164.9],[7.41,4.94,111.0]]","[[[3, 3],'H_O',1.495,'OH'],[[6, 6],'C_O',2.206,'CO']]",[],5S1,1S3,3,6,"[1_9,1_50,2_1,3_6,10_11]","[2,3]",5,2,2.188,"[1.462, 1.101]",167.2,57.0,83.9,90.5,212.2,90.4,"[[9.03,4.57,147.5],[7.66,3.9,136.8],[8.42,5.92,109.4],[6.24,1.1,167.8],[8.01,5.66,108.0]]",412.2
aMal250_TSdh_nn_273_1,1597,-1459.9095,4C1,4C1,1,2,"[9_10,10_11,11_13]","[1,6]",-1,2,3,1,2,2.056,"[2.33, 0.946]",69.4,45.0,28.6,16.3,116.8,3.9,0,0,"[[7.82,5.42,109.1],[7.95,5.87,104.3],[7.54,3.88,136.0]]","[[[1, 1],'H_O',2.33,'OH'],[[2, 2],'C_O',2.056,'CO']]",[],4C1,4C1,1,2,"[3_9,9_10,10_11,11_13]","[1,6]",4,2,2.09,"[2.361, 0.938]",103.4,115.1,23.6,20.3,122.2,4.3,"[[7.68,3.32,164.1],[7.78,5.52,107.0],[8.07,6.15,102.0],[7.53,3.97,133.1]]",306.4
aMal406_TSdh_nn_344_1,1649,-1459.9089999999999,E1,3OB,1,2,"[3_6,9_11,10_7]","[1,9,50]",-1,2,3,1,3,1.9069999999999998,"[2.864, 0.935]",99.5,45.0,63.3,67.1,14.7,90.7,0,0,"[[8.44,4.41,139.4],[8.25,5.02,122.1],[7.79,4.69,121.3]]","[[[1, 1],'H_O',2.864,'OH'],[[2, 2],'C_O',1.907,'CO']]",[],E1,OS2,1,2,"[2_3,3_6,9_11,10_7]","[1,9,50]",4,3,1.899,"[2.841, 0.937]",129.4,55.9,69.4,68.0,333.8,93.0,"[[8.64,6.38,105.7],[8.29,4.35,138.0],[7.66,3.72,143.1],[8.11,5.13,118.0]]",307.7
aMal413_TSdh_nn_329_1,5106,-1459.8785,4C1,5S1,2,3,"[3_9,11_50]","[1,2]",1,3,2,1,2,2.24,"[3.049, 0.931]",92.2,105.0,169.3,8.0,88.6,87.1,0,0,"[[4.92,2.63,116.0],[7.85,3.87,143.3]]","[[[1, 2],'C_C',1.724,'bb'],[[2, 2],'H_O',3.049,'OH'],[[3, 3],'C_O',2.24,'CO']]",[],4C1,5S1,2,3,"[3_9,6_7,11_50]","[1,2]",3,2,2.149,"[3.157, 0.924]",123.1,84.7,153.6,10.3,89.6,87.6,"[[7.85,3.46,161.3],[8.12,4.21,138.6],[8.02,3.95,145.0]]",387.8
aMal79_TSdh_nn_091_2,4878,-1459.8813,25B,5S1,1,2,"[6_0,9_50,13_10]","[1,11,0,50]",-1,2,3,1,4,2.237,"[1.888, 0.947]",83.0,105.0,106.1,99.2,85.6,85.9,0,0,"[[8.03,5.74,107.1],[7.87,5.26,112.3],[8.11,4.02,144.6]]","[[[1, 1],'H_O',1.888,'OH'],[[2, 2],'C_O',2.237,'CO']]",[],25B,25B,1,2,"[9_50,13_10]","[1,11,0,7,50]",2,5,2.24,"[1.768, 0.964]",167.3,106.4,108.2,97.5,105.3,95.0,"[[7.54,5.51,104.0],[8.5,4.87,129.2]]",380.4
aMal107_TSdh_nn_273_1,4165,-1459.888,4C1,3S1,1,2,"[9_50,10_13,11_50]","[1,6]",-1,2,3,2,2,2.056,"[2.33, 0.946]",69.4,45.0,28.6,16.3,29.9,85.8,0,0,"[[7.01,4.61,110.9],[7.75,3.48,157.8],[8.1,4.09,142.2]]","[[[1, 1],'H_O',2.33,'OH'],[[2, 2],'C_O',2.056,'CO']]",[],4C1,3OB,1,2,"[3_2,10_13,11_9]","[1,6]",3,2,2.0540000000000003,"[2.329, 0.946]",91.0,50.9,26.7,16.5,13.3,94.4,"[[8.72,6.33,107.5],[7.65,3.35,161.7],[7.78,3.8,144.0]]",362.8
aMal218_TSdh_nn_025_0,424,-1459.9289,3E,OS2,2,1,"[2_1,9_11,10_7]","[1,2,9,50]",-1,1,3,2,4,2.296,"[1.327, 1.192]",151.5,60.0,11.7,115.1,341.4,91.3,0,0,"[[5.5,1.19,151.4],[7.84,3.78,146.1],[7.76,4.59,122.9]]","[[[1, 1],'C_O',2.296,'CO'],[[2, 2],'H_O',1.327,'OH']]",[],3E,OS2,2,1,"[2_1,9_11,10_7,11_13]","[1,2,9,50]",4,4,2.31,"[1.351, 1.168]",135.3,57.2,6.6,119.1,333.3,93.2,"[[5.55,1.17,151.1],[7.67,3.73,143.0],[8.21,5.33,116.0],[8.56,5.21,123.1]]",255.5
aMal173_TSdh_nn_344_1,983,-1459.9152,E1,5S1,1,2,"[3_6,11_50,13_10]","[1,11,50]",-1,2,3,3,3,1.9069999999999998,"[2.864, 0.935]",99.5,90.0,63.3,67.1,84.9,84.1,0,0,"[[8.44,4.41,139.4],[7.83,3.84,144.0],[8.14,4.04,144.5]]","[[[1, 1],'H_O',2.864,'OH'],[[2, 2],'C_O',1.907,'CO']]",[],B14,1C4,1,2,"[3_6,9_50,13_10]","[1,9,11,7]",3,4,1.953,"[2.198, 0.946]",167.4,68.8,45.5,72.6,162.0,170.4,"[[7.78,3.57,152.9],[6.47,4.4,106.1],[7.53,3.69,141.8]]",291.4
aMal45_TSdh_nn_116_0,6087,-1459.8651,5S1,5S1,3,6,"[1_9,1_50,2_1,3_6,9_1,9_50,11_50,13_10]","[2,3]",-1,6,8,6,2,2.221,"[1.518, 1.069]",79.2,60.0,83.4,88.7,84.2,92.8,0,0,"[[11.07,6.42,139.1],[7.67,3.64,146.4],[8.67,6.29,107.3],[6.4,1.07,164.7],[11.07,5.87,156.0],[7.4,5.05,109.2],[7.82,3.74,147.5],[8.58,4.53,139.4]]","[[[3, 3],'H_O',1.518,'OH'],[[6, 6],'C_O',2.221,'CO']]",[],5S1,5S1,3,6,"[1_9,1_50,2_1,3_6,11_50,13_10]","[2,3]",6,2,2.214,"[1.508, 1.073]",92.6,71.7,85.7,90.2,84.6,92.3,"[[9.37,4.8,148.4],[7.64,3.95,135.0],[8.48,6.03,108.6],[6.38,1.07,166.4],[7.65,3.85,139.6],[9.41,5.37,134.1]]",423.0
aMal359_TSdh_nn_153_0,5005,-1459.8797,5S1,B3O,1,2,"[3_6,9_10,11_10]","[1,9,0,50]",-1,2,3,1,4,2.238,"[1.856, 0.949]",84.3,60.0,103.8,102.0,167.9,87.3,0,0,"[[8.2,3.94,149.4],[7.73,5.04,114.0],[8.73,6.49,105.6]]","[[[1, 1],'H_O',1.856,'OH'],[[2, 2],'C_O',2.238,'CO']]",[],25B,2SO,1,2,"[3_6,9_10]","[1,9,0,50]",2,4,2.255,"[1.751, 0.96]",77.7,53.0,106.1,102.8,150.1,82.0,"[[7.84,3.7,149.0],[7.4,4.94,110.6]]",384.6
aMal477_TSdh_nn_184_0,3816,-1459.8906,3S1,5S1,1,2,"[1_2,3_0,6_0,10_13,11_50]","[1,2,50]",-1,2,5,3,3,2.164,"[1.388, 1.126]",87.0,60.0,16.2,77.1,83.2,92.2,0,0,"[[5.53,1.13,147.3],[6.62,3.6,123.9],[7.9,6.11,100.4],[8.69,4.28,150.6],[7.59,3.58,147.2]]","[[[1, 1],'H_O',1.388,'OH'],[[2, 2],'C_O',2.164,'CO']]",[],3S1,5S1,1,2,"[1_2,3_0,6_0,10_13]","[1,9,50]",4,3,2.176,"[1.477, 1.055]",60.8,32.0,24.9,79.0,86.4,84.6,"[[5.9,1.06,151.4],[6.64,3.57,124.8],[7.85,5.87,103.1],[8.14,4.18,139.8]]",356.0
aMal247_TSdh_nn_018_0,94,-1459.9385,OS2,3S1,2,1,[9_50],"[2,11,50]",-1,1,1,0,3,2.835,"[1.756, 0.956]",122.4,75.0,321.6,104.1,37.3,85.5,0,0,"[[7.48,4.7,116.2]]","[[[1, 1],'C_O',2.835,'CO'],[[2, 2],'H_O',1.756,'OH']]",[],3E,3S1,2,1,"[2_1,3_6,11_1]","[2,9,11,50]",3,4,2.432,"[1.356, 1.165]",156.9,78.3,359.6,113.3,31.0,91.2,"[[5.79,1.16,162.1],[7.55,3.47,150.7],[7.38,3.21,155.9]]",230.3
aMal398_TSdh_nn_153_2,3349,-1459.8941,5S1,1S3,1,2,"[3_6,10_11]","[1,0,50]",-1,2,2,1,3,2.238,"[1.856, 0.949]",84.3,165.0,103.8,102.0,211.9,87.3,0,0,"[[8.2,3.94,149.4],[7.65,5.41,107.0]]","[[[1, 1],'H_O',1.856,'OH'],[[2, 2],'C_O',2.238,'CO']]",[],5S1,1S3,1,2,"[3_6,10_11]","[1,9,0,50]",2,4,2.2430000000000003,"[1.768, 0.957]",132.7,64.3,104.1,103.3,210.3,88.2,"[[7.93,3.73,150.5],[7.69,5.6,104.7]]",346.8
aMal443_TSdh_nn_001_1,483,-1459.9267,3H4,3S1,2,1,"[2_1,9_50,13_7]","[1,2,11,50]",-1,1,3,1,4,2.267,"[1.282, 1.257]",167.5,135.0,33.3,120.5,28.7,89.8,0,0,"[[5.43,1.26,151.8],[7.13,4.49,114.8],[7.46,5.22,107.4]]","[[[1, 1],'C_O',2.267,'CO'],[[2, 2],'H_O',1.282,'OH']]",[],3H4,3S1,2,1,"[2_1,9_2]","[1,9,11,50]",2,4,2.3609999999999998,"[1.324, 1.213]",79.6,84.9,16.0,125.0,21.8,90.2,"[[5.67,1.21,158.0],[7.28,3.14,155.0]]",261.2
aMal17_TSdh_nn_344_2,1334,-1459.9117,E1,3S1,1,2,"[3_6,10_7,11_50]","[1,9,11,50]",-1,2,3,2,4,1.9069999999999998,"[2.864, 0.935]",99.5,75.0,63.3,67.1,23.0,89.6,0,0,"[[8.44,4.41,139.4],[8.31,5.21,119.6],[8.29,4.31,139.7]]","[[[1, 1],'H_O',2.864,'OH'],[[2, 2],'C_O',1.907,'CO']]",[],E1,3S1,1,2,"[3_6,10_7]","[1,9,11,50]",2,4,1.9409999999999998,"[2.321, 0.943]",93.9,74.8,50.9,69.3,19.2,88.1,"[[8.17,3.93,149.3],[8.35,5.32,118.2]]",300.6
aMal218_TSdh_nn_016_0,2829,-1459.8988,E3,OS2,-1,-1,"[2_1,3_50,9_11,10_7]","[1,2,3]",-1,1,4,2,3,2.528,"[0, 0]",150.8,60.0,164.8,62.8,341.4,91.3,0,0,"[[5.51,1.86,148.4],[7.95,5.58,108.4],[7.84,3.78,146.1],[7.76,4.59,122.9]]","[[[1, 1],'C_O',2.528,'CO']]",[],E3,OS2,-1,-1,"[2_1,3_50,9_11,10_7]","[1,2,3]",4,3,2.614,"[0, 0]",160.4,68.6,163.8,64.8,334.3,92.9,"[[5.53,1.85,149.7],[7.77,5.45,107.9],[8.08,4.03,143.5],[8.23,5.32,116.6]]",334.5
aMal40_TSdh_nn_356_1,2578,-1459.9007,E3,OS2,-1,-1,"[2_1,9_11,13_7]","[1,2,3]",-1,1,3,2,3,2.511,"[0, 0]",57.3,15.0,179.2,49.3,333.8,91.9,0,0,"[[5.42,1.66,150.2],[8.22,4.06,145.7],[7.65,5.39,107.3]]","[[[1, 1],'C_O',2.511,'CO']]",[],E3,OS2,-1,-1,"[2_1,3_7,3_50,9_11,13_7]","[1,2,3]",5,3,2.658,"[0, 0]",104.8,308.5,183.3,50.1,323.8,101.1,"[[5.5,1.79,150.2],[7.78,3.56,153.2],[8.66,6.38,105.7],[7.85,3.9,142.2],[7.98,6.17,100.6]]",329.5
aMal209_TSdh_nn_187_2,3396,-1459.8937,3S1,2SO,-1,-1,"[1_2,3_6,3_0,9_2,9_50,10_11]","[1,2,50]",-1,2,6,3,3,2.253,"[0, 0]",93.2,135.0,25.9,79.2,156.0,81.8,0,0,"[[5.52,1.83,150.5],[7.37,3.27,150.3],[6.94,4.85,104.7],[8.2,4.05,146.1],[6.74,4.53,108.2],[8.62,6.34,106.2]]","[[[2, 2],'C_O',2.253,'CO']]",[],3S1,14B,-1,-1,"[1_2,3_6,3_0,9_2,10_11]","[2,9,7,50]",5,4,2.2640000000000002,"[0, 0]",99.8,153.8,29.7,82.4,230.5,95.3,"[[6.0,2.18,156.8],[6.93,2.9,153.3],[6.92,5.0,101.9],[7.05,3.18,145.7],[8.44,6.34,104.0]]",347.9
aMal236_TSdh_nn_020_2,1007,-1459.9147,5S1,3S1,1,2,"[1_2,6_3,11_50]","[1,11,0,50]",-1,2,3,2,4,2.099,"[1.424, 1.091]",78.3,75.0,104.2,102.2,35.3,88.1,0,0,"[[5.69,1.09,149.8],[6.58,4.38,108.2],[7.67,3.74,143.4]]","[[[1, 1],'H_O',1.424,'OH'],[[2, 2],'C_O',2.099,'CO']]",[],25B,3S1,1,2,"[1_2,6_3]","[1,9,11,0,50]",2,5,2.116,"[1.4, 1.118]",93.8,72.7,107.2,101.1,23.8,88.9,"[[5.67,1.12,151.2],[6.73,4.33,111.3]]",292.7
aMal247_TSdh_nn_273_0,4143,-1459.8883,4C1,3S1,1,2,[9_50],"[1,6]",-1,2,1,0,2,2.056,"[2.33, 0.946]",69.4,60.0,28.6,16.3,37.3,85.5,0,0,"[[7.48,4.7,116.2]]","[[[1, 1],'H_O',2.33,'OH'],[[2, 2],'C_O',2.056,'CO']]",[],4C1,3S1,1,2,"[3_2,9_11,9_50]","[1,6]",3,2,2.059,"[2.307, 0.947]",88.0,58.5,26.2,16.4,21.5,92.5,"[[8.69,6.37,106.6],[9.22,5.93,120.2],[6.58,4.63,104.3]]",362.1
aMal112_TSdh_nn_271_1,3844,-1459.8903,E1,1C4,1,2,"[2_3,9_6,9_50,11_9,13_3,13_7]",[1],-1,2,6,2,1,1.976,"[2.84, 0.932]",82.7,345.0,52.5,25.0,260.9,174.8,0,0,"[[7.45,4.74,114.7],[8.36,4.59,133.2],[7.28,4.78,111.8],[7.88,4.05,138.1],[8.43,4.08,151.8],[7.87,5.26,112.4]]","[[[1, 1],'H_O',2.84,'OH'],[[2, 2],'C_O',1.976,'CO']]",[],4C1,1C4,1,2,"[2_3,3_7,9_6,11_9]",[1],4,1,1.9980000000000002,"[3.03, 0.929]",102.7,309.5,48.6,20.1,271.5,172.4,"[[6.99,4.03,120.9],[7.68,3.45,155.5],[7.79,3.47,159.5],[7.76,4.0,137.2]]",356.8
aMal347_TSdh_nn_015_1,1134,-1459.9135,3OB,1C4,3,2,"[2_1,9_50,11_9]","[3,6,0]",-1,2,3,1,3,1.87,"[3.851, 0.954]",85.4,345.0,348.1,87.3,246.6,174.6,0,0,"[[6.28,3.81,113.8],[7.33,4.82,111.8],[7.93,4.11,137.5]]","[[[2, 2],'C_O',1.87,'CO'],[[3, 3],'H_O',3.851,'OH']]",[],3OB,1C4,3,2,"[2_1,9_11,10_13]","[3,6,0]",3,3,1.865,"[3.819, 0.958]",100.4,313.6,349.9,87.5,327.9,175.4,"[[6.27,3.69,116.0],[7.3,3.5,142.2],[8.71,5.37,122.5]]",295.9
aMal406_TSdh_nn_058_1,3309,-1459.8944,E1,3OB,1,2,"[9_11,10_7]","[1,11,50]",-1,2,2,0,3,1.925,"[2.322, 0.95]",91.7,135.0,53.7,56.0,14.7,90.7,0,0,"[[8.25,5.02,122.1],[7.79,4.69,121.3]]","[[[1, 1],'H_O',2.322,'OH'],[[2, 2],'C_O',1.925,'CO']]",[],B14,3S1,1,2,"[9_1,9_50,10_7]","[1,11,50]",3,3,1.9569999999999999,"[2.899, 0.969]",64.4,127.6,49.3,74.3,15.8,92.1,"[[7.34,3.19,154.7],[7.13,4.93,106.4],[8.14,5.09,119.2]]",346.0
aMal272_TSdh_nn_120_2,4169,-1459.888,OS2,1S3,1,2,"[2_50,6_0,11_10,13_11]","[1,0]",-1,2,4,2,2,1.953,"[2.982, 0.932]",93.0,165.0,342.0,91.2,209.6,87.3,0,0,"[[6.99,3.35,138.7],[8.01,6.07,102.3],[8.0,6.23,100.1],[8.55,4.46,141.0]]","[[[1, 1],'H_O',2.982,'OH'],[[2, 2],'C_O',1.953,'CO']]",[],5H4,1S5,1,2,"[2_9,2_50,3_6,13_11]","[1,0,7]",4,3,2.05,"[2.254, 0.942]",180.9,83.9,74.8,139.7,262.8,88.1,"[[8.83,4.06,166.2],[7.59,4.74,116.7],[7.29,3.26,151.8],[8.01,4.59,127.0]]",362.8
aMal200_TSdh_nn_127_2,1110,-1459.9138,E1,3S1,1,2,"[3_6,10_7,11_50,13_7]","[1,9,11,50]",-1,2,4,2,4,1.9769999999999999,"[2.292, 0.943]",91.9,75.0,50.1,69.5,22.0,88.4,0,0,"[[8.11,3.87,149.7],[8.44,5.34,119.2],[8.77,4.61,141.1],[7.48,5.14,108.9]]","[[[1, 1],'H_O',2.292,'OH'],[[2, 2],'C_O',1.977,'CO']]",[],E1,3OB,1,2,"[3_6,10_7]","[1,9,11,50]",2,4,2.004,"[2.086, 0.952]",105.0,65.6,45.5,70.4,13.9,88.5,"[[8.16,3.86,151.9],[8.03,5.0,119.1]]",295.1
aMal422_TSdh_nn_167_2,1899,-1459.9067,E4,1S3,2,1,"[2_9,3_6,10_11]",[2],-1,1,3,1,1,2.583,"[1.714, 0.964]",72.3,135.0,76.0,117.7,218.6,86.5,0,0,"[[8.22,3.07,111.5],[7.56,3.63,144.6],[7.65,5.4,107.2]]","[[[1, 1],'C_O',2.583,'CO'],[[2, 2],'H_O',1.714,'OH']]",[],5H4,B3O,2,1,"[1_9,1_50,3_6,9_10]",[2],4,1,2.5140000000000002,"[1.695, 0.966]",133.6,56.4,81.9,113.2,167.2,80.9,"[[8.33,3.76,164.8],[8.57,5.54,117.1],[7.64,3.73,143.3],[7.2,4.86,109.4]]",313.7
aMal55_TSdh_nn_099_2,2158,-1459.9046,E1,5S1,1,2,[9_50],"[1,11,50]",-1,2,1,0,3,1.935,"[2.426, 0.946]",95.8,105.0,54.9,55.5,87.2,89.1,0,0,"[[7.76,5.13,112.8]]","[[[1, 1],'H_O',2.426,'OH'],[[2, 2],'C_O',1.935,'CO']]",[],E1,5S1,1,2,"[3_6,13_10]","[1,11,7,50]",2,4,2.011,"[2.069, 0.953]",131.8,142.2,46.0,71.3,103.2,92.3,"[[8.02,3.75,152.5],[8.49,4.84,129.7]]",319.3
aMal382_TSdh_nn_067_2,2579,-1459.9007,4C1,OS2,3,2,"[9_50,11_9]","[3,50]",3,2,2,0,2,2.116,"[2.406, 0.94]",278.6,135.0,151.5,10.5,329.7,92.5,0,0,"[[6.7,4.22,113.0],[8.5,4.87,129.4]]","[[[3, 4],'C_C',1.762,'bb'],[[2, 2],'C_O',2.116,'CO'],[[3, 3],'H_O',2.406,'OH']]",[],4C1,OS2,3,2,"[9_50,11_9]","[3,10,13,7]",2,4,2.113,"[2.165, 0.948]",53.7,48.2,126.0,11.3,327.1,99.4,"[[7.72,5.83,101.9],[7.92,4.46,128.3]]",329.5
aMal21_TSdh_nn_064_1,5970,-1459.8671,5S1,5S1,3,6,"[1_50,2_1,3_6,11_50]","[2,3]",-1,6,4,3,2,2.206,"[1.495, 1.082]",163.5,195.0,83.9,89.5,88.1,76.7,0,0,"[[7.55,3.58,145.7],[8.61,6.22,107.6],[6.32,1.08,164.9],[8.27,4.32,138.7]]","[[[3, 3],'H_O',1.495,'OH'],[[6, 6],'C_O',2.206,'CO']]",[],5S1,5S1,3,6,"[1_50,2_1,3_6,11_50,13_10]","[2,3]",5,2,2.218,"[1.501, 1.074]",189.8,178.7,87.1,90.3,87.2,85.7,"[[7.76,3.75,144.8],[8.35,5.86,109.4],[6.35,1.07,166.2],[7.91,3.92,143.2],[8.35,4.63,132.1]]",417.7
aMal251_TSdh_nn_175_0,1563,-1459.9097,4C1,5S1,1,2,[10_13],[1],-1,2,1,1,1,2.056,"[2.328, 0.941]",81.8,60.0,50.8,20.3,87.2,78.2,0,0,"[[8.53,4.47,140.0]]","[[[1, 1],'H_O',2.328,'OH'],[[2, 2],'C_O',2.056,'CO']]",[],E1,5S1,1,2,"[3_6,10_13]","[1,9,50]",2,3,2.041,"[2.09, 0.951]",70.9,32.9,47.1,71.1,85.3,83.4,"[[8.29,3.86,156.4],[8.1,4.14,140.2]]",305.9
aMal195_TSdh_nn_184_0,5357,-1459.8756,3S1,5S1,1,2,"[1_2,3_0,6_0,11_50,13_10]","[1,2,50]",-1,2,5,3,3,2.164,"[1.388, 1.126]",87.0,60.0,16.2,77.1,89.8,87.5,0,0,"[[5.53,1.13,147.3],[6.62,3.6,123.9],[7.9,6.11,100.4],[7.73,3.73,145.2],[8.7,4.34,148.4]]","[[[1, 1],'H_O',1.388,'OH'],[[2, 2],'C_O',2.164,'CO']]",[],3S1,5S1,1,2,"[1_2,3_0,6_0,11_50,13_10]","[1,9,50]",5,3,2.181,"[1.499, 1.043]",50.2,42.8,24.9,78.2,85.1,93.5,"[[5.94,1.04,149.8],[6.6,3.56,124.4],[7.78,5.87,102.1],[8.16,4.1,143.6],[9.52,5.6,131.1]]",395.4
aMal356_TSdh_nn_273_0,4036,-1459.8889,4C1,3S1,1,2,"[9_50,13_10]","[1,6]",-1,2,2,1,2,2.056,"[2.33, 0.946]",69.4,60.0,28.6,16.3,29.7,84.2,0,0,"[[7.46,4.7,116.1],[7.72,3.94,138.3]]","[[[1, 1],'H_O',2.33,'OH'],[[2, 2],'C_O',2.056,'CO']]",[],4C1,3S1,1,2,"[3_2,9_11,9_50,10_13]","[1,6]",4,2,2.05,"[2.325, 0.946]",83.1,60.5,26.4,17.1,18.7,91.3,"[[8.64,6.37,106.0],[9.46,6.22,118.7],[6.51,4.55,104.4],[7.94,3.49,165.8]]",360.5
aMal420_TSdh_nn_128_0,5102,-1459.8786,3S1,4C1,-1,-1,"[1_9,1_50,3_6,9_10,10_11,11_13]","[3,6]",-1,6,6,2,2,2.231,"[0, 0]",42.0,75.0,36.0,99.6,130.5,2.5,0,0,"[[6.86,3.73,125.8],[7.85,4.05,137.3],[6.03,2.19,153.0],[7.84,5.46,108.8],[7.97,5.87,104.5],[7.86,4.18,134.1]]","[[[6, 6],'C_O',2.231,'CO']]",[],3S1,4C1,-1,-1,"[1_9,1_50,3_6,9_10,10_11,11_13]","[3,6]",6,2,2.256,"[0, 0]",64.9,61.0,43.5,101.2,179.4,5.0,"[[7.93,3.61,155.0],[8.0,4.66,124.4],[6.13,2.34,151.2],[7.91,5.78,104.9],[7.96,6.02,102.4],[7.53,4.01,132.0]]",387.5
aMal219_TSdh_nn_001_0,1959,-1459.9063,3H4,3S1,2,1,"[2_1,11_50]","[1,2,11,50]",-1,1,2,2,4,2.267,"[1.282, 1.257]",167.5,150.0,33.3,120.5,31.3,88.5,0,0,"[[5.43,1.26,151.8],[7.75,3.8,143.0]]","[[[1, 1],'C_O',2.267,'CO'],[[2, 2],'H_O',1.282,'OH']]",[],3H4,3S1,2,1,[2_1],"[1,2,11,50]",1,4,2.294,"[1.341, 1.183]",143.0,145.9,26.6,122.3,33.8,99.8,"[[5.53,1.18,151.0]]",314.8
aMal20_TSdh_nn_127_0,1209,-1459.9127,E1,3S1,1,2,"[3_6,11_50,13_7]","[1,9,50]",-1,2,3,2,3,1.9769999999999999,"[2.292, 0.943]",91.9,60.0,50.1,69.5,36.6,86.1,0,0,"[[8.11,3.87,149.7],[7.91,3.93,142.7],[7.41,5.15,107.7]]","[[[1, 1],'H_O',2.292,'OH'],[[2, 2],'C_O',1.977,'CO']]",[],E1,3S1,1,2,[3_6],"[1,9,11,50]",1,4,2.0,"[2.087, 0.952]",106.9,63.5,45.9,70.3,18.7,88.5,"[[8.19,3.88,151.9]]",298.0
aMal234_TSdh_nn_344_0,903,-1459.9163,E1,4C1,1,2,"[3_6,10_9,11_10,13_7]","[1,50]",-1,2,4,1,2,1.9069999999999998,"[2.864, 0.935]",99.5,60.0,63.3,67.1,180.0,1.7,0,0,"[[8.44,4.41,139.4],[7.83,5.83,103.4],[7.94,5.63,107.6],[7.65,5.48,106.0]]","[[[1, 1],'H_O',2.864,'OH'],[[2, 2],'C_O',1.907,'CO']]",[],E1,4C1,1,2,"[3_6,9_10,10_11]","[1,9,50]",3,3,1.906,"[2.885, 0.936]",91.2,53.7,67.7,67.3,273.9,7.7,"[[8.36,4.39,138.3],[7.64,5.7,102.7],[8.1,6.17,102.1]]",288.5
aMal277_TSdh_nn_001_1,409,-1459.9293,3H4,1C4,2,1,"[2_1,9_50,11_9]","[1,2,50]",-1,1,3,2,3,2.267,"[1.282, 1.257]",167.5,165.0,33.3,120.5,274.7,177.5,0,0,"[[5.43,1.26,151.8],[7.2,4.7,112.0],[7.8,3.95,139.2]]","[[[1, 1],'C_O',2.267,'CO'],[[2, 2],'H_O',1.282,'OH']]",[],3E,1C4,2,1,"[2_1,9_11,10_13]","[1,2,9,50]",3,4,2.3040000000000003,"[1.315, 1.212]",144.3,69.3,10.2,122.0,333.1,175.5,"[[5.48,1.21,151.5],[7.14,3.36,142.8],[8.49,5.11,124.0]]",254.4
aMal276_TSdh_nn_081_2,2884,-1459.8981,5S1,5S1,1,2,"[2_3,3_6,9_1,9_50,13_10]","[1,11,0,50]",-1,0,5,3,4,2.0469999999999997,"[2.845, 0.94]",79.1,105.0,87.0,80.0,84.9,92.0,0,0,"[[6.96,4.11,118.6],[7.5,3.67,140.8],[7.8,3.87,142.1],[7.59,4.9,114.3],[8.55,4.54,138.6]]","[[[0, 1],'C_O',2.047,'bb'],[[1, 1],'H_O',2.845,'OH'],[[2, 2],'C_O',1.782,'CO']]",[],5S1,5S1,1,2,"[2_3,3_6,9_1,13_10]","[1,11,0,50]",4,4,1.9909999999999999,"[2.943, 0.943]",88.3,96.6,84.0,79.3,85.5,92.3,"[[7.26,4.45,116.8],[7.6,3.79,139.2],[8.68,3.93,171.2],[8.77,4.86,134.4]]",336.3
aMal4_TSdh_nn_184_0,3995,-1459.8891,3S1,3S1,1,2,"[1_2,3_0,6_0,13_7]","[1,2,9,50]",-1,2,4,1,4,2.164,"[1.388, 1.126]",87.0,60.0,16.2,77.1,27.0,87.5,0,0,"[[5.53,1.13,147.3],[6.62,3.6,123.9],[7.9,6.11,100.4],[7.42,5.1,108.8]]","[[[1, 1],'H_O',1.388,'OH'],[[2, 2],'C_O',2.164,'CO']]",[],3S1,3S1,1,2,"[1_2,3_0,6_0]","[1,2,9,11,50]",3,5,2.173,"[1.414, 1.1]",116.6,58.4,19.5,77.0,23.7,90.2,"[[5.63,1.1,148.6],[6.62,3.56,124.8],[8.01,6.18,100.8]]",360.0
aMal247_TSdh_nn_323_1,5732,-1459.8703,1S3,3S1,1,2,[9_50],"[1,6,0]",-1,2,1,0,3,2.0380000000000003,"[2.293, 0.945]",54.9,120.0,209.3,84.1,37.3,85.5,0,0,"[[7.48,4.7,116.2]]","[[[1, 1],'H_O',2.293,'OH'],[[2, 2],'C_O',2.038,'CO']]",[],1S3,OS2,1,2,"[2_1,9_11,10_7,11_13]","[1,6,0]",4,3,1.9869999999999999,"[3.684, 0.931]",16.0,169.3,222.6,83.8,336.6,91.0,"[[9.25,6.15,116.6],[8.07,4.0,144.0],[7.93,4.92,119.2],[8.57,5.18,123.8]]",409.3
aMal435_TSdh_nn_116_0,5821,-1459.8691,5S1,5S1,3,6,"[1_50,2_1,3_6,11_50,13_10]","[2,3]",-1,6,5,4,2,2.221,"[1.518, 1.069]",79.2,60.0,83.4,88.7,86.3,86.3,0,0,"[[7.67,3.64,146.4],[8.67,6.29,107.3],[6.4,1.07,164.7],[7.82,3.85,143.0],[8.05,4.01,143.1]]","[[[3, 3],'H_O',1.518,'OH'],[[6, 6],'C_O',2.221,'CO']]",[],5S1,5S1,3,6,"[1_9,1_50,2_1,3_6,11_50,13_10]","[2,3]",6,2,2.209,"[1.5, 1.078]",90.8,73.0,85.7,90.3,84.3,89.0,"[[9.23,4.68,148.7],[7.66,4.01,133.9],[8.46,6.01,108.6],[6.36,1.08,166.7],[7.8,4.01,138.0],[7.96,4.14,137.4]]",412.5
aMal66_TSdh_nn_188_0,4783,-1459.8824,25B,2SO,1,2,"[6_0,9_50,10_11]","[1,9,0,50]",-1,2,3,0,4,2.265,"[1.838, 0.955]",89.1,60.0,108.5,97.3,160.9,85.8,0,0,"[[7.99,5.67,107.7],[6.61,4.22,111.7],[8.59,6.36,105.5]]","[[[1, 1],'H_O',1.838,'OH'],[[2, 2],'C_O',2.265,'CO']]",[],5S1,B3O,1,2,"[3_13,6_0,9_10,10_11]","[1,9,0,50]",4,4,2.3280000000000003,"[1.788, 0.957]",72.7,65.9,105.2,96.2,182.6,89.5,"[[9.36,4.63,155.6],[8.37,6.39,102.4],[7.74,5.3,109.8],[8.35,6.26,103.8]]",377.5
aMal270_TSdh_nn_128_0,5995,-1459.8668,3S1,3S1,-1,-1,"[1_9,1_50,3_6,9_11,10_7,11_50]","[3,6]",-1,6,6,3,2,2.231,"[0, 0]",42.0,75.0,36.0,99.6,19.2,92.4,0,0,"[[7.66,3.87,138.4],[7.85,4.05,137.3],[6.03,2.19,153.0],[7.96,4.34,131.9],[8.07,5.01,119.6],[8.35,4.95,125.1]]","[[[6, 6],'C_O',2.231,'CO']]",[],3S1,OS2,-1,-1,"[1_9,1_50,3_6,9_11,10_7,11_13]","[3,6]",6,2,2.273,"[0, 0]",79.1,88.9,41.5,100.7,335.4,91.6,"[[7.98,3.59,157.9],[7.85,4.56,123.8],[6.15,2.36,151.3],[8.05,4.07,141.4],[8.17,5.17,118.3],[8.61,5.28,122.6]]",418.5
aMal236_TSdh_nn_184_0,3749,-1459.8911,3S1,3S1,1,2,"[1_2,3_0,6_0,11_50]","[1,2,9,50]",-1,2,4,2,4,2.164,"[1.388, 1.126]",87.0,60.0,16.2,77.1,35.3,88.1,0,0,"[[5.53,1.13,147.3],[6.62,3.6,123.9],[7.9,6.11,100.4],[7.67,3.74,143.4]]","[[[1, 1],'H_O',1.388,'OH'],[[2, 2],'C_O',2.164,'CO']]",[],3S1,3S1,1,2,"[1_2,3_0,6_0]","[1,2,9,11,50]",3,5,2.173,"[1.391, 1.121]",119.8,59.6,19.6,76.8,26.1,90.7,"[[5.59,1.12,149.2],[6.62,3.56,124.8],[8.13,6.29,100.9]]",354.7
aMal123_TSdh_nn_016_2,2056,-1459.9055,E3,1C4,-1,-1,"[2_1,3_50,9_11,13_7]","[1,2,3]",-1,1,4,2,3,2.528,"[0, 0]",150.8,165.0,164.8,62.8,251.8,171.3,0,0,"[[5.51,1.86,148.4],[7.95,5.58,108.4],[8.04,4.26,135.5],[7.73,5.17,111.8]]","[[[1, 1],'C_O',2.528,'CO']]",[],E3,1C4,-1,-1,"[2_1,3_9,3_50,9_11,13_7]","[1,2,3]",5,3,2.6310000000000002,"[0, 0]",124.3,169.6,163.6,64.1,309.0,176.8,"[[5.58,1.9,149.4],[7.05,2.86,164.7],[8.58,6.44,103.6],[7.41,3.72,137.4],[8.16,5.82,107.7]]",316.9
aMal306_TSdh_nn_340_0,2856,-1459.8984,B3O,4C1,3,2,"[2_1,9_10,11_10]","[3,50]",3,2,3,0,2,2.023,"[2.855, 0.933]",273.9,105.0,167.4,80.7,275.7,4.7,0,0,"[[6.71,4.24,112.5],[8.42,6.01,108.2],[8.24,5.65,111.3]]","[[[3, 4],'C_C',1.846,'bb'],[[2, 2],'C_O',2.023,'CO'],[[3, 3],'H_O',2.855,'OH']]",[],1S3,4C1,3,2,"[2_1,9_10,11_10]","[3,13,7]",3,3,2.0540000000000003,"[2.826, 0.931]",308.1,130.2,196.9,73.4,147.8,1.3,"[[6.6,3.98,115.9],[8.04,5.6,109.2],[8.54,6.25,106.3]]",335.5
aMal20_TSdh_nn_094_0,1203,-1459.9127,E1,3S1,1,2,"[11_50,13_7]","[1,11,50]",-1,2,2,1,3,1.9380000000000002,"[2.459, 0.941]",103.5,60.0,51.0,61.3,36.6,86.1,0,0,"[[7.91,3.93,142.7],[7.41,5.15,107.7]]","[[[1, 1],'H_O',2.459,'OH'],[[2, 2],'C_O',1.938,'CO']]",[],E1,3S1,1,2,[3_6],"[1,9,11,50]",1,4,2.001,"[2.085, 0.952]",106.9,63.5,45.8,70.3,18.7,88.5,"[[8.18,3.87,152.0]]",298.0
aMal217_TSdh_nn_184_1,4684,-1459.8835,3S1,5S1,1,2,"[1_2,3_0,6_0,11_50]","[1,2,50]",-1,2,4,2,3,2.164,"[1.388, 1.126]",87.0,30.0,16.2,77.1,89.5,80.8,0,0,"[[5.53,1.13,147.3],[6.62,3.6,123.9],[7.9,6.11,100.4],[8.3,4.28,140.4]]","[[[1, 1],'H_O',1.388,'OH'],[[2, 2],'C_O',2.164,'CO']]",[],3S1,5S1,1,2,"[1_2,3_0,6_0]","[1,2,9,50]",3,4,2.174,"[1.414, 1.099]",62.3,29.8,21.7,78.9,95.4,81.6,"[[5.7,1.1,151.5],[6.66,3.61,124.3],[7.86,5.87,103.1]]",374.7
aMal208_TSdh_nn_025_1,301,-1459.9315,3E,1C4,2,1,"[2_1,10_13,11_6,11_9]","[1,2,50]",-1,1,4,1,3,2.296,"[1.327, 1.192]",151.5,-0.0,11.7,115.1,80.2,179.3,0,0,"[[5.5,1.19,151.4],[9.34,5.67,126.6],[9.09,6.45,110.4],[7.9,4.36,130.3]]","[[[1, 1],'C_O',2.296,'CO'],[[2, 2],'H_O',1.327,'OH']]",[],3E,1C4,2,1,"[2_1,9_11,10_13]","[1,2,9,50]",3,4,2.326,"[1.348, 1.167]",154.0,78.8,5.0,117.0,293.0,173.7,"[[5.56,1.17,152.1],[7.21,3.33,145.6],[8.08,4.33,134.5]]",248.6
aMal443_TSdh_nn_131_2,4386,-1459.8861,25B,3S1,1,2,"[9_50,13_7]","[1,11,0,50]",-1,2,2,0,4,2.244,"[1.791, 0.962]",89.9,105.0,113.5,98.7,28.7,89.8,0,0,"[[7.13,4.49,114.8],[7.46,5.22,107.4]]","[[[1, 1],'H_O',1.791,'OH'],[[2, 2],'C_O',2.244,'CO']]",[],5S1,3S1,1,2,[9_1],"[1,9,11,0,50]",1,5,2.262,"[1.773, 0.963]",75.6,86.4,101.7,98.4,22.8,90.0,"[[8.04,4.49,129.5]]",367.8
aMal325_TSdh_nn_064_2,6397,-1459.8570000000002,5S1,1S3,3,6,"[1_50,2_1,3_6,10_11,13_7]","[2,3]",-1,6,5,2,2,2.206,"[1.495, 1.082]",163.5,165.0,83.9,89.5,208.9,88.9,0,0,"[[7.55,3.58,145.7],[8.61,6.22,107.6],[6.32,1.08,164.9],[7.9,5.42,110.2],[7.83,5.43,109.1]]","[[[3, 3],'H_O',1.495,'OH'],[[6, 6],'C_O',2.206,'CO']]",[],5S1,2SO,3,6,"[1_50,2_1,3_6,9_10,13_7]","[2,3]",5,2,2.208,"[1.48, 1.085]",200.1,180.1,85.8,89.9,152.0,79.6,"[[7.61,3.67,143.7],[8.48,6.04,108.4],[6.28,1.09,166.7],[7.2,4.57,114.1],[7.82,5.51,107.9]]",444.2
aMal368_TSdh_nn_116_1,5892,-1459.8682,5S1,2SO,3,6,"[1_50,2_1,3_6,9_50,10_11]","[2,3]",-1,6,5,2,2,2.221,"[1.518, 1.069]",79.2,345.0,83.4,88.7,159.4,81.8,0,0,"[[7.67,3.64,146.4],[8.67,6.29,107.3],[6.4,1.07,164.7],[6.71,4.44,109.2],[8.45,6.15,106.7]]","[[[3, 3],'H_O',1.518,'OH'],[[6, 6],'C_O',2.221,'CO']]",[],5S1,1S3,3,6,"[1_50,2_1,3_6,9_10,10_11,11_13]","[2,3]",6,2,2.219,"[1.504, 1.078]",114.9,307.5,82.8,87.4,206.9,85.7,"[[7.51,3.46,149.3],[8.63,6.25,107.4],[6.38,1.08,167.0],[8.55,6.33,105.3],[7.57,5.28,107.8],[8.1,4.77,124.7]]",414.8
aMal464_TSdh_nn_184_2,3124,-1459.8958,3S1,OS2,1,2,"[1_2,3_0,6_0,9_2,9_50,11_13]","[1,2,50]",-1,2,6,1,3,2.164,"[1.388, 1.126]",87.0,165.0,16.2,77.1,319.0,88.7,0,0,"[[5.53,1.13,147.3],[6.62,3.6,123.9],[7.9,6.11,100.4],[6.41,3.24,130.2],[6.78,4.36,111.8],[7.87,4.16,134.7]]","[[[1, 1],'H_O',1.388,'OH'],[[2, 2],'C_O',2.164,'CO']]",[],3S1,OS2,1,2,"[1_2,3_0,6_0,9_11,11_13]","[1,2,9,50]",5,4,2.158,"[1.344, 1.171]",144.6,49.9,18.5,75.6,327.4,95.0,"[[5.48,1.17,149.4],[6.62,3.59,123.8],[8.16,6.34,100.7],[7.77,3.85,141.2],[8.23,4.85,124.9]]",342.4
aMal411_TSdh_nn_098_0,5303,-1459.8762,4C1,OS2,2,3,"[9_11,13_7]","[1,2]",-1,3,2,1,2,2.197,"[3.333, 0.932]",71.8,30.0,232.6,6.5,332.9,91.7,0,0,"[[8.41,4.23,144.9],[7.73,5.41,108.2]]","[[[2, 2],'H_O',3.333,'OH'],[[3, 3],'C_O',2.197,'CO']]",[],4C1,OS2,2,3,"[3_7,9_11]","[1,2]",2,2,2.199,"[2.647, 0.93]",80.0,19.6,141.6,12.0,328.1,92.4,"[[7.09,3.75,129.8],[8.53,4.41,141.9]]",393.8
aMal204_TSdh_nn_100_2,2464,-1459.9018,5H4,1C4,1,2,"[2_50,6_3,11_9,11_7]","[1,0]",-1,2,4,1,2,1.962,"[2.767, 0.936]",167.6,180.0,77.1,153.8,196.8,176.1,0,0,"[[7.23,3.63,135.4],[7.61,3.99,134.4],[8.09,4.78,124.3],[8.51,6.36,104.5]]","[[[1, 1],'H_O',2.767,'OH'],[[2, 2],'C_O',1.962,'CO']]",[],5H4,1C4,1,2,"[2_9,2_50,6_3,11_9]","[1,13,0,7]",4,4,2.012,"[2.252, 0.947]",202.2,94.0,73.5,141.9,285.2,172.6,"[[9.64,4.64,164.6],[7.56,4.5,120.7],[7.46,3.75,138.1],[7.85,4.2,133.3]]",326.6
aMal155_TSdh_nn_188_0,1428,-1459.911,25B,4C1,1,2,"[6_0,10_9,11_10,13_11]","[1,0,50]",-1,2,4,1,3,2.265,"[1.838, 0.955]",89.1,60.0,108.5,97.3,223.3,2.0,0,0,"[[7.99,5.67,107.7],[7.88,5.91,102.9],[7.83,5.52,107.8],[7.87,4.11,136.4]]","[[[1, 1],'H_O',1.838,'OH'],[[2, 2],'C_O',2.265,'CO']]",[],25B,4C1,1,2,"[1_2,9_10,13_11]","[1,9,0,50]",3,4,2.121,"[1.435, 1.087]",67.6,48.0,106.2,98.4,247.0,8.8,"[[5.74,1.09,150.0],[7.71,5.73,103.1],[8.36,4.69,131.2]]",302.5
aMal432_TSdh_nn_251_0,4985,-1459.88,1S3,5S1,1,2,[],"[1,6,0]",-1,2,0,0,3,2.0669999999999997,"[2.201, 0.95]",63.9,45.0,208.9,84.0,84.2,84.0,0,0,[],"[[[1, 1],'H_O',2.201,'OH'],[[2, 2],'C_O',2.067,'CO']]",[],1S3,5S1,1,2,[3_9],"[1,6,0]",1,3,2.066,"[2.232, 0.945]",102.9,97.6,202.0,88.8,94.1,81.2,"[[8.34,3.79,162.8]]",383.8
aMal406_TSdh_nn_181_1,6316,-1459.8599,1HO,3OB,1,2,"[2_50,9_11,10_7]","[1,2,0]",-1,2,3,1,3,2.274,"[3.547, 0.93]",163.0,165.0,191.8,153.0,14.7,90.7,0,0,"[[7.54,3.53,146.4],[8.25,5.02,122.1],[7.79,4.69,121.3]]","[[[1, 1],'H_O',3.547,'OH'],[[2, 2],'C_O',2.274,'CO']]",[],1C4,OS2,1,2,"[2_50,9_11,10_7]","[1,2,0]",3,3,2.311,"[3.645, 0.932]",130.5,184.3,187.2,158.1,335.0,90.4,"[[7.13,3.25,146.0],[8.15,4.09,142.9],[7.8,4.79,119.4]]",436.6
aMal238_TSdh_nn_001_0,59,-1459.9396,3H4,3S1,2,1,"[2_1,9_50,10_13,11_1]","[1,2,11,50]",-1,1,4,2,4,2.267,"[1.282, 1.257]",167.5,75.0,33.3,120.5,35.9,85.1,0,0,"[[5.43,1.26,151.8],[7.5,4.74,115.9],[7.99,3.54,164.5],[4.36,2.64,104.8]]","[[[1, 1],'C_O',2.267,'CO'],[[2, 2],'H_O',1.282,'OH']]",[],3H4,3S1,2,1,"[2_1,10_13,11_1]","[2,9,11,50]",3,4,2.299,"[1.343, 1.178]",158.5,81.8,16.7,121.3,27.2,88.5,"[[5.71,1.18,159.1],[7.74,3.36,165.0],[7.4,3.29,153.1]]",227.4
aMal30_TSdh_nn_018_0,237,-1459.9334,OS2,1S5,2,1,"[9_50,11_13]","[2,50]",-1,1,2,1,2,2.835,"[1.756, 0.956]",122.4,60.0,321.6,104.1,272.0,86.8,0,0,"[[7.32,4.89,110.5],[7.67,3.95,136.8]]","[[[1, 1],'C_O',2.835,'CO'],[[2, 2],'H_O',1.756,'OH']]",[],3H2,OS2,2,1,"[3_6,9_11,11_13]","[2,9,50]",3,3,2.605,"[1.749, 0.961]",149.8,62.4,335.7,115.3,329.0,94.3,"[[8.32,3.9,155.6],[7.86,3.89,142.2],[8.35,4.96,124.6]]",243.6
aMal101_TSdh_nn_127_2,1020,-1459.9145,E1,4C1,1,2,"[3_6,9_10,10_11,13_7]","[1,50]",-1,2,4,1,2,1.9769999999999999,"[2.292, 0.943]",91.9,135.0,50.1,69.5,246.2,2.0,0,0,"[[8.11,3.87,149.7],[8.04,5.87,105.4],[8.3,6.02,106.7],[7.75,5.52,106.8]]","[[[1, 1],'H_O',2.292,'OH'],[[2, 2],'C_O',1.977,'CO']]",[],E1,4C1,1,2,"[3_6,9_10,10_11]","[1,9,50]",3,3,1.9809999999999999,"[2.232, 0.945]",88.0,55.7,50.1,68.8,276.2,7.4,"[[8.24,3.97,149.6],[7.76,5.97,100.5],[8.37,6.1,106.3]]",293.3
aMal209_TSdh_nn_187_1,4239,-1459.8873,3S1,2SO,-1,-1,"[1_2,3_6,3_0,9_50,10_11]","[1,2,50]",-1,2,5,2,3,2.253,"[0, 0]",93.2,345.0,25.9,79.2,156.0,81.8,0,0,"[[5.52,1.83,150.5],[7.37,3.27,150.3],[6.94,4.85,104.7],[6.74,4.53,108.2],[8.62,6.34,106.2]]","[[[2, 2],'C_O',2.253,'CO']]",[],3S1,2SO,-1,-1,"[1_2,3_6,3_0,9_10]","[1,2,9,50]",4,4,2.242,"[0, 0]",56.4,43.1,25.5,81.8,153.6,80.2,"[[5.52,1.79,152.5],[7.23,3.17,150.6],[6.97,4.9,104.4],[7.1,4.59,112.2]]",364.7
aMal163_TSdh_nn_265_1,2793,-1459.899,B25,1S3,2,1,"[6_50,10_11,11_13]",[2],-1,1,3,0,1,2.5860000000000003,"[1.949, 0.939]",70.3,315.0,288.4,84.3,211.4,88.1,0,0,"[[8.14,4.83,124.3],[7.54,5.2,108.6],[7.99,4.5,128.7]]","[[[1, 1],'C_O',2.586,'CO'],[[2, 2],'H_O',1.949,'OH']]",[],B25,1S3,2,1,"[3_7,6_9,6_50,9_10,10_11,11_13]",[2],6,1,2.594,"[1.871, 0.945]",87.2,317.1,293.9,87.7,204.4,85.1,"[[7.77,3.94,139.2],[8.64,4.63,138.1],[8.64,6.28,107.2],[8.39,6.2,105.1],[7.59,5.4,106.2],[8.16,4.82,124.6]]",334.0
aMal21_TSdh_nn_184_0,5025,-1459.8795,3S1,5S1,1,2,"[1_2,3_0,6_0,11_50]","[1,2,50]",-1,2,4,2,3,2.164,"[1.388, 1.126]",87.0,60.0,16.2,77.1,88.1,76.7,0,0,"[[5.53,1.13,147.3],[6.62,3.6,123.9],[7.9,6.11,100.4],[8.27,4.32,138.7]]","[[[1, 1],'H_O',1.388,'OH'],[[2, 2],'C_O',2.164,'CO']]",[],3S1,5S1,1,2,"[1_2,3_0,6_0,11_50]","[1,9,50]",4,3,2.1790000000000003,"[1.492, 1.047]",48.7,44.3,23.9,78.0,93.0,85.9,"[[5.91,1.05,149.6],[6.59,3.54,124.8],[7.76,5.82,102.6],[9.06,4.88,140.0]]",385.2
aMal454_TSdh_nn_181_0,5697,-1459.8707,1HO,3S1,1,2,"[2_50,9_11,10_7,11_50]","[1,2,0]",-1,2,4,1,3,2.274,"[3.547, 0.93]",163.0,120.0,191.8,153.0,20.2,92.0,0,0,"[[7.54,3.53,146.4],[8.29,4.66,130.2],[8.01,4.95,119.7],[8.07,4.35,133.9]]","[[[1, 1],'H_O',3.547,'OH'],[[2, 2],'C_O',2.274,'CO']]",[],EO,3S1,1,2,"[2_11,10_7,11_9,11_50]","[1,2,13,0]",4,4,2.401,"[3.232, 0.929]",180.0,84.6,182.1,142.1,19.6,89.4,"[[6.98,2.72,177.4],[7.79,4.84,118.5],[8.12,3.99,145.5],[7.87,5.67,105.8]]",408.3
aMal406_TSdh_nn_072_0,1736,-1459.9083,5S1,3OB,1,2,"[1_2,9_11,10_7]","[1,9,0,50]",-1,2,3,1,4,2.104,"[1.477, 1.059]",77.0,60.0,101.5,97.8,14.7,90.7,0,0,"[[5.8,1.06,147.4],[8.25,5.02,122.1],[7.79,4.69,121.3]]","[[[1, 1],'H_O',1.477,'OH'],[[2, 2],'C_O',2.104,'CO']]",[],25B,OS2,1,2,"[1_2,9_11,10_7]","[1,9,0,50]",3,4,2.12,"[1.438, 1.082]",126.1,53.8,107.7,97.6,332.6,93.0,"[[5.74,1.08,150.0],[7.71,3.87,139.6],[8.16,5.21,117.3]]",309.5
aMal370_TSdh_nn_184_1,4789,-1459.8823,3S1,5S1,1,2,"[1_2,3_0,6_0]","[1,2,50]",-1,2,3,1,3,2.164,"[1.388, 1.126]",87.0,30.0,16.2,77.1,82.9,84.2,0,0,"[[5.53,1.13,147.3],[6.62,3.6,123.9],[7.9,6.11,100.4]]","[[[1, 1],'H_O',1.388,'OH'],[[2, 2],'C_O',2.164,'CO']]",[],3S1,5S1,1,2,"[1_2,3_0,6_0]","[1,9,50]",3,3,2.176,"[1.473, 1.058]",59.8,32.2,24.8,79.1,87.3,86.8,"[[5.89,1.06,151.4],[6.66,3.62,124.1],[7.84,5.86,103.1]]",377.8
aMal29_TSdh_nn_175_2,4484,-1459.8853,4C1,OS2,1,2,"[9_11,13_7]",[1],-1,2,2,1,1,2.056,"[2.328, 0.941]",81.8,135.0,50.8,20.3,332.9,91.5,0,0,"[[8.41,4.22,145.1],[7.73,5.43,107.9]]","[[[1, 1],'H_O',2.328,'OH'],[[2, 2],'C_O',2.056,'CO']]",[],E1,OS2,1,2,"[2_3,3_9,9_11,13_7]",[1],4,1,1.962,"[3.89, 0.93]",132.5,156.6,51.9,22.8,334.7,91.7,"[[6.71,3.57,126.4],[7.4,3.09,168.5],[8.02,3.93,144.9],[7.75,5.67,104.5]]",369.9
aMal428_TSdh_nn_181_0,6495,-1459.8453,1HO,3S1,1,2,"[2_50,9_11,11_50]","[1,2,0]",-1,2,3,2,3,2.274,"[3.547, 0.93]",163.0,120.0,191.8,153.0,26.5,93.0,0,0,"[[7.54,3.53,146.4],[8.84,5.16,128.8],[7.77,3.96,138.2]]","[[[1, 1],'H_O',3.547,'OH'],[[2, 2],'C_O',2.274,'CO']]",[],1HO,3S1,1,2,"[2_50,9_11,11_50]","[1,2,0]",3,3,2.296,"[3.602, 0.929]",149.7,154.2,192.1,154.8,22.3,95.8,"[[7.5,3.39,151.0],[8.05,4.64,126.5],[8.5,4.43,140.8]]",475.0
aMal103_TSdh_nn_025_0,119,-1459.9376,3E,3S1,2,1,[2_1],"[1,2,11,50]",-1,1,1,1,4,2.296,"[1.327, 1.192]",151.5,75.0,11.7,115.1,27.9,87.7,0,0,"[[5.5,1.19,151.4]]","[[[1, 1],'C_O',2.296,'CO'],[[2, 2],'H_O',1.327,'OH']]",[],3E,3S1,2,1,"[2_1,11_1]","[2,9,11,50]",2,4,2.34,"[1.377, 1.143]",159.2,80.1,13.5,119.9,28.0,89.7,"[[5.79,1.14,159.1],[7.45,3.32,152.8]]",232.6
aMal94_TSdh_nn_104_2,4378,-1459.8862,25B,3S1,1,2,"[9_50,13_7]","[1,11,0,50]",-1,2,2,0,4,2.218,"[1.839, 0.952]",83.2,105.0,110.4,101.0,36.5,86.0,0,0,"[[7.46,4.66,116.7],[7.43,5.19,107.3]]","[[[1, 1],'H_O',1.839,'OH'],[[2, 2],'C_O',2.218,'CO']]",[],5S1,3S1,1,2,[9_1],"[1,9,11,0,50]",1,5,2.262,"[1.773, 0.963]",75.6,86.4,101.7,98.4,22.9,90.0,"[[8.05,4.5,129.4]]",367.6
aMal439_TSdh_nn_184_0,2789,-1459.899,3S1,3S1,1,2,"[1_2,3_0,6_0,9_50,10_13,11_50]","[1,2,50]",-1,2,6,3,3,2.164,"[1.388, 1.126]",87.0,60.0,16.2,77.1,34.6,86.1,0,0,"[[5.53,1.13,147.3],[6.62,3.6,123.9],[7.9,6.11,100.4],[7.09,4.77,109.4],[7.98,3.54,164.2],[7.91,3.93,143.0]]","[[[1, 1],'H_O',1.388,'OH'],[[2, 2],'C_O',2.164,'CO']]",[],3S1,3S1,1,2,"[1_2,3_0,6_0,9_2,10_13]","[1,9,11,50]",5,4,2.181,"[1.431, 1.097]",88.3,72.1,26.9,81.3,15.6,89.3,"[[5.86,1.1,155.1],[6.62,3.57,124.6],[7.82,5.91,102.0],[7.74,3.69,146.4],[7.84,3.57,155.7]]",334.0
aMal247_TSdh_nn_302_1,3284,-1459.8945,E1,3S1,1,2,"[2_3,3_9,9_3,9_50]","[1,11,50]",-1,2,4,0,3,1.886,"[2.964, 0.935]",115.1,135.0,56.5,54.7,37.3,85.5,0,0,"[[8.38,6.41,102.1],[8.76,5.03,130.4],[8.76,5.57,119.8],[7.48,4.7,116.2]]","[[[1, 1],'H_O',2.964,'OH'],[[2, 2],'C_O',1.886,'CO']]",[],E1,3S1,1,2,"[2_3,3_9,9_11]","[1,11,50]",3,3,1.891,"[3.063, 0.934]",111.5,134.0,58.6,46.3,22.7,91.7,"[[7.56,4.87,114.0],[8.35,4.26,141.9],[9.02,5.09,133.3]]",345.8
aMal466_TSdh_nn_119_1,2559,-1459.9008,E1,3S1,1,2,"[2_3,6_0,9_11,11_50]","[1,11,50]",-1,2,4,1,3,1.844,"[3.695, 0.935]",91.3,105.0,55.4,53.3,26.1,93.0,0,0,"[[7.8,5.6,105.9],[7.91,6.08,100.9],[8.68,4.99,129.7],[7.76,4.05,135.6]]","[[[1, 1],'H_O',3.695,'OH'],[[2, 2],'C_O',1.844,'CO']]",[],E1,3S1,1,2,"[2_3,6_0]","[1,9,11,50]",2,4,1.815,"[3.71, 0.935]",99.6,76.9,55.1,56.8,25.3,88.0,"[[8.11,5.82,106.8],[7.96,6.03,102.2]]",329.2
aMal4_TSdh_nn_040_1,767,-1459.9184,5H4,3S1,1,2,"[6_3,13_7]","[1,0]",-1,2,2,0,2,2.037,"[2.02, 0.96]",68.0,45.0,93.6,144.0,27.0,87.5,0,0,"[[7.61,4.03,133.2],[7.42,5.1,108.8]]","[[[1, 1],'H_O',2.02,'OH'],[[2, 2],'C_O',2.037,'CO']]",[],5E,3OB,-1,-1,"[1_2,6_3,9_2,10_7]","[1,9,11,0,50]",4,5,2.171,"[0, 0]",77.9,98.3,109.2,108.3,11.6,89.2,"[[5.51,1.78,153.1],[6.1,3.63,114.3],[7.36,3.17,156.5],[8.09,5.02,119.7]]",283.0
aMal157_TSdh_nn_344_2,1994,-1459.9061,E1,1C4,1,2,"[3_6,9_11]","[1,50]",-1,2,2,1,2,1.9069999999999998,"[2.864, 0.935]",99.5,180.0,63.3,67.1,246.6,169.7,0,0,"[[8.44,4.41,139.4],[8.13,4.37,134.2]]","[[[1, 1],'H_O',2.864,'OH'],[[2, 2],'C_O',1.907,'CO'],[[10, 10],'H_O',1.918,'OH'],[[13, 13],'H_O',3.409,'OH']]",[],E1,1C4,1,2,"[3_6,9_11]","[1,9,7,50]",2,4,1.9140000000000001,"[2.441, 0.942]",90.2,165.3,62.6,68.8,255.4,169.5,"[[8.18,4.14,141.9],[7.4,3.68,138.3]]",315.3
aMal414_TSdh_nn_336_1,1338,-1459.9117,5S1,4C1,2,1,"[2_9,3_6,9_10,10_11]","[2,3]",-1,1,4,1,2,2.193,"[1.801, 0.973]",54.3,120.0,104.3,94.3,109.6,4.8,0,0,"[[10.34,4.17,113.4],[8.45,4.54,136.2],[7.84,5.51,108.1],[8.4,6.11,106.7]]","[[[1, 1],'C_O',2.193,'CO'],[[2, 2],'H_O',1.801,'OH']]",[],5S1,4C1,2,1,"[2_1,3_6,9_1,10_11]","[2,3]",4,2,2.1830000000000003,"[1.5, 1.087]",75.8,108.2,101.1,97.0,164.8,5.8,"[[6.01,1.09,148.7],[8.51,4.7,133.4],[7.97,3.83,147.6],[8.13,5.62,110.3]]",300.6
aMal203_TSdh_nn_047_1,6350,-1459.8591,1C4,3S1,-1,-1,"[1_2,2_50,3_6,9_50,11_50,13_7]","[3,6]",-1,6,6,3,2,2.2969999999999997,"[0, 0]",163.1,150.0,56.6,173.5,34.0,88.0,0,0,"[[7.16,4.51,114.5],[7.56,3.85,137.2],[5.8,1.97,155.7],[7.07,4.68,110.5],[7.84,3.88,143.2],[7.39,5.25,106.0]]","[[[6, 6],'C_O',2.297,'CO']]",[],1C4,3S1,-1,-1,"[1_2,2_11,2_50,3_6,9_11]","[3,6]",5,2,2.282,"[0, 0]",138.4,148.7,37.4,171.0,21.1,93.5,"[[7.19,4.57,114.0],[8.95,5.05,132.6],[7.36,3.71,136.6],[6.0,2.18,153.6],[7.97,4.25,134.3]]",438.7
aMal420_TSdh_nn_073_1,4637,-1459.8839,1S3,4C1,3,2,"[1_2,9_10,10_11,11_13]","[3,50]",3,2,4,0,2,2.136,"[2.377, 0.941]",166.4,150.0,197.5,75.2,130.5,2.5,0,0,"[[7.75,5.56,106.0],[7.84,5.46,108.8],[7.97,5.87,104.5],[7.86,4.18,134.1]]","[[[3, 4],'C_C',1.726,'bb'],[[2, 2],'C_O',2.136,'CO'],[[3, 3],'H_O',2.377,'OH']]",[],B3O,4C1,3,2,"[1_2,9_10,11_13]","[3,11]",3,2,2.199,"[2.055, 0.948]",158.6,185.6,170.5,80.5,83.3,13.9,"[[7.95,5.28,113.1],[7.74,5.58,105.7],[7.29,3.91,129.5]]",373.6
aMal230_TSdh_nn_153_2,3516,-1459.8929999999998,5S1,5S1,1,2,"[3_6,11_50,13_7]","[1,11,0,50]",-1,2,3,2,4,2.238,"[1.856, 0.949]",84.3,105.0,103.8,102.0,86.8,83.6,0,0,"[[8.2,3.94,149.4],[7.87,3.9,142.7],[7.38,4.84,112.3]]","[[[1, 1],'H_O',1.856,'OH'],[[2, 2],'C_O',2.238,'CO']]",[],5S1,3S1,1,2,[3_6],"[1,9,11,50]",1,4,2.251,"[1.756, 0.96]",93.0,76.2,102.8,101.5,24.3,89.0,"[[7.84,3.7,149.4]]",349.7
aMal408_TSdh_nn_293_0,2182,-1459.9044,1C4,4C1,1,2,"[9_50,10_11,13_6,13_0]","[1,6,13,0]",-1,2,4,0,4,1.9040000000000001,"[3.827, 0.952]",177.8,60.0,117.8,166.4,261.7,4.6,0,0,"[[7.32,5.11,107.2],[7.82,5.72,104.7],[6.94,5.18,101.0],[6.54,3.8,119.2]]","[[[1, 1],'H_O',3.827,'OH'],[[2, 2],'C_O',1.904,'CO']]",[],1C4,4C1,1,2,"[9_10,13_7]","[1,13,0]",2,3,1.933,"[3.739, 0.957]",175.7,84.7,90.8,159.0,268.6,5.6,"[[7.92,5.9,103.5],[7.88,6.01,101.5]]",319.8
aMal277_TSdh_nn_340_0,6242,-1459.8621,B3O,1C4,3,2,"[2_1,9_3,9_50,11_9]","[3,9,50]",3,2,4,2,3,2.023,"[2.855, 0.933]",273.9,15.0,167.4,80.7,274.7,177.5,0,0,"[[6.71,4.24,112.5],[8.29,4.08,147.1],[7.2,4.7,112.0],[7.8,3.95,139.2]]","[[[3, 4],'C_C',1.846,'bb'],[[2, 2],'C_O',2.023,'CO'],[[3, 3],'H_O',2.855,'OH']]",[],B3O,1C4,3,2,"[2_1,9_3,9_50,10_13,11_9]","[3,9]",5,2,2.114,"[2.939, 0.929]",284.1,15.0,179.4,78.6,328.4,178.2,"[[6.75,3.99,118.1],[6.3,2.45,154.1],[7.2,4.77,108.9],[9.28,6.16,117.2],[7.96,4.02,141.3]]",430.8
aMal448_TSdh_nn_113_1,3218,-1459.8951,1S3,4C1,1,2,"[9_50,10_11,13_11]","[1,6,0]",-1,2,3,0,3,2.073,"[2.179, 0.95]",66.5,45.0,208.3,83.4,270.6,2.4,0,0,"[[7.39,5.23,106.3],[8.09,5.67,109.0],[8.06,4.66,126.3]]","[[[1, 1],'H_O',2.179,'OH'],[[2, 2],'C_O',2.073,'CO']]",[],1S3,4C1,1,2,"[3_9,9_10,10_11,13_11]","[1,6,0]",4,3,2.053,"[2.324, 0.944]",101.2,104.6,201.7,89.9,198.0,2.2,"[[7.88,3.47,162.9],[7.9,5.7,106.0],[8.33,6.2,104.5],[8.15,5.49,112.6]]",344.2
aMal227_TSdh_nn_024_0,2667,-1459.8999,4E,1S3,2,1,"[3_50,10_11,13_11]","[2,3]",-1,1,3,0,2,2.635,"[2.17, 0.936]",292.5,60.0,246.3,43.2,211.3,88.6,0,0,"[[8.36,5.94,108.4],[7.9,5.44,109.9],[8.72,5.09,128.5]]","[[[1, 1],'C_O',2.635,'CO'],[[2, 2],'H_O',2.17,'OH']]",[],4H3,1S3,2,1,"[3_7,10_11,11_13]","[2,3]",3,2,3.109,"[1.954, 0.946]",309.5,72.9,225.7,44.0,211.8,89.2,"[[7.59,3.97,133.5],[7.56,5.41,105.8],[7.98,4.67,124.9]]",331.6
aMal8_TSdh_nn_073_1,5425,-1459.8748,1S3,3S1,3,2,"[1_2,9_11,9_50]","[3,11,50]",3,2,3,0,3,2.136,"[2.377, 0.941]",166.4,150.0,197.5,75.2,20.8,91.4,0,0,"[[7.75,5.56,106.0],[8.73,5.63,118.3],[6.77,4.99,101.4]]","[[[3, 4],'C_C',1.726,'bb'],[[2, 2],'C_O',2.136,'CO'],[[3, 3],'H_O',2.377,'OH']]",[],1S3,3S1,3,2,"[1_2,9_3,9_50]","[3,11,50]",3,3,2.214,"[2.268, 0.943]",137.6,156.7,195.3,75.7,17.4,95.5,"[[7.97,5.03,117.5],[7.69,3.42,156.3],[7.39,5.61,100.3]]",397.5
aMal91_TSdh_nn_277_2,3005,-1459.8967,OS2,4C1,1,2,"[2_50,9_2,9_50,10_9,11_10]","[1,6,0]",-1,2,5,2,3,1.98,"[2.929, 0.933]",87.3,105.0,340.6,84.4,231.9,4.7,0,0,"[[7.34,3.66,137.2],[8.85,4.1,168.0],[7.37,4.93,110.6],[8.32,6.09,105.9],[7.88,5.55,108.0]]","[[[1, 1],'H_O',2.929,'OH'],[[2, 2],'C_O',1.98,'CO']]",[],OS2,4C1,1,2,"[2_50,6_13,9_50,10_9,11_10]","[1,6,0]",5,3,2.028,"[2.452, 0.941]",151.2,76.9,344.0,83.2,195.7,5.2,"[[7.77,4.12,133.6],[7.7,3.4,159.7],[7.52,5.47,104.4],[8.43,6.38,103.3],[7.93,5.85,104.4]]",340.0
aMal22_TSdh_nn_321_2,4456,-1459.8857,OH5,1C4,1,2,"[3_0,9_11,10_13]","[1,6,0]",-1,2,3,1,3,2.189,"[1.661, 0.984]",82.4,180.0,336.1,66.7,291.2,176.4,0,0,"[[7.3,4.53,116.0],[7.71,3.94,137.4],[8.78,4.87,134.4]]","[[[1, 1],'H_O',1.661,'OH'],[[2, 2],'C_O',2.189,'CO']]",[],OH5,1C4,1,2,"[3_0,9_11,10_13]","[1,6,0]",3,3,2.1919999999999997,"[1.59, 0.999]",93.6,174.2,329.1,67.4,352.9,176.1,"[[7.91,5.39,110.4],[7.34,3.65,137.9],[8.37,4.74,129.8]]",368.9
aMal208_TSdh_nn_015_1,1138,-1459.9135,3OB,1C4,3,2,"[2_1,10_13,11_9]","[3,6,0]",-1,2,3,0,3,1.87,"[3.851, 0.954]",85.4,315.0,348.1,87.3,80.2,179.3,0,0,"[[6.28,3.81,113.8],[9.34,5.67,126.6],[7.9,4.36,130.3]]","[[[2, 2],'C_O',1.87,'CO'],[[3, 3],'H_O',3.851,'OH']]",[],3OB,1C4,3,2,"[2_1,9_11,10_13]","[3,6,0]",3,3,1.8659999999999999,"[3.82, 0.958]",100.9,313.4,349.8,87.5,327.9,175.3,"[[6.27,3.69,115.9],[7.3,3.5,142.2],[8.59,5.18,124.4]]",295.9
aMal430_TSdh_nn_016_1,2052,-1459.9055,E3,5S1,-1,-1,"[2_1,3_50,10_13,11_50]","[1,2,3]",-1,1,4,3,3,2.528,"[0, 0]",150.8,150.0,164.8,62.8,84.4,91.9,0,0,"[[5.51,1.86,148.4],[7.95,5.58,108.4],[8.74,4.23,153.8],[7.62,3.6,147.0]]","[[[1, 1],'C_O',2.528,'CO']]",[],E3,5S1,-1,-1,"[2_1,3_9,3_50,10_13,11_50]","[1,2,3]",5,3,2.59,"[0, 0]",122.4,101.0,165.2,63.1,84.3,92.3,"[[5.57,1.92,148.3],[8.07,3.48,174.8],[8.21,6.01,105.1],[8.5,4.16,149.4],[7.64,3.61,147.9]]",316.9
aMal368_TSdh_nn_153_0,3571,-1459.8927,5S1,2SO,1,2,"[3_6,9_50,10_11]","[1,9,0,50]",-1,2,3,1,4,2.238,"[1.856, 0.949]",84.3,60.0,103.8,102.0,159.4,81.8,0,0,"[[8.2,3.94,149.4],[6.71,4.44,109.2],[8.45,6.15,106.7]]","[[[1, 1],'H_O',1.856,'OH'],[[2, 2],'C_O',2.238,'CO']]",[],5S1,1S3,1,2,"[3_6,10_11,11_13]","[1,9,0,50]",3,4,2.238,"[1.771, 0.956]",134.1,64.1,103.8,103.3,211.1,87.6,"[[7.95,3.74,150.5],[7.54,5.28,107.4],[8.01,4.7,124.7]]",350.5
aMal435_TSdh_nn_162_1,3446,-1459.8934,5HO,5S1,1,2,"[2_50,3_6,11_50,13_10]","[1,0]",-1,2,4,3,2,2.199,"[1.822, 0.96]",81.8,120.0,143.2,154.7,86.3,86.3,0,0,"[[9.03,5.35,128.1],[6.45,2.41,167.1],[7.82,3.85,143.0],[8.05,4.01,143.1]]","[[[1, 1],'H_O',1.822,'OH'],[[2, 2],'C_O',2.199,'CO']]",[],5H4,5S1,1,2,"[2_9,2_50,3_6,11_0,11_50,13_10]","[1,11,0]",6,3,2.186,"[1.872, 0.954]",135.6,67.1,82.1,142.4,83.0,89.7,"[[9.49,4.54,166.9],[8.12,5.48,112.1],[6.2,2.21,171.8],[7.86,4.66,122.4],[7.78,3.72,146.2],[7.82,4.08,136.1]]",348.7
aMal225_TSdh_nn_187_2,3269,-1459.8946,3S1,5S1,-1,-1,"[1_2,3_6,3_0]","[1,2,11,50]",-1,2,3,2,4,2.253,"[0, 0]",93.2,135.0,25.9,79.2,85.7,84.0,0,0,"[[5.52,1.83,150.5],[7.37,3.27,150.3],[6.94,4.85,104.7]]","[[[2, 2],'C_O',2.253,'CO']]",[],3S1,25B,-1,-1,"[1_2,3_6,3_0,9_10]","[1,2,11,50]",4,4,2.251,"[0, 0]",122.6,151.3,28.5,81.3,120.0,87.4,"[[5.62,1.86,154.6],[7.14,3.08,151.7],[6.94,4.93,103.5],[7.9,5.95,102.6]]",345.5
aMal477_TSdh_nn_093_0,3655,-1459.8919,B3O,5S1,3,2,"[2_1,10_13,11_50]","[3,11,50]",3,2,3,2,3,2.039,"[2.819, 0.933]",276.4,120.0,168.2,75.7,83.2,92.2,0,0,"[[6.8,4.34,112.3],[8.69,4.28,150.6],[7.59,3.58,147.2]]","[[[3, 4],'C_C',1.832,'bb'],[[2, 2],'C_O',2.039,'CO'],[[3, 3],'H_O',2.819,'OH']]",[],B3O,25B,3,2,"[2_1,10_13]","[3,11,7,50]",2,4,2.046,"[2.622, 0.937]",286.8,113.1,167.3,76.5,106.8,88.7,"[[7.0,4.44,113.5],[8.27,4.36,137.5]]",352.6
aMal157_TSdh_nn_187_1,4027,-1459.8889,3S1,1C4,10,13,"[1_2,3_6,3_0,9_11]","[1,2,50]",-1,2,4,2,3,2.253,"[1.918, 0.93]",93.2,315.0,25.9,79.2,246.6,169.7,0,0,"[[5.52,1.83,150.5],[7.37,3.27,150.3],[6.94,4.85,104.7],[8.13,4.37,134.2]]","[[[2, 2],'C_O',2.253,'CO'],[[10, 10],'H_O',1.918,'OH'],[[13, 13],'H_O',3.409,'OH']]",[],3S1,1C4,10,13,"[1_2,3_6,3_0,9_11]","[1,2,50]",4,3,2.247,"[1.949, 0.932]",105.5,311.2,30.2,77.4,275.8,170.6,"[[5.63,2.0,148.5],[7.03,2.89,157.9],[7.15,5.28,101.1],[7.65,3.76,141.5]]",360.5
aMal264_TSdh_nn_073_1,4963,-1459.8801,1S3,3S1,3,2,"[1_2,9_50,11_50]","[3,11,50]",3,2,3,1,3,2.136,"[2.377, 0.941]",166.4,105.0,197.5,75.2,37.1,88.6,0,0,"[[7.75,5.56,106.0],[7.07,4.66,110.8],[7.79,3.82,143.9]]","[[[3, 4],'C_C',1.726,'bb'],[[2, 2],'C_O',2.136,'CO'],[[3, 3],'H_O',2.377,'OH']]",[],1S3,3S1,3,2,"[1_2,9_3,9_50,11_50]","[3,9,11]",4,3,2.1519999999999997,"[2.542, 0.934]",132.4,132.4,195.1,76.4,26.8,91.7,"[[7.45,5.25,106.5],[6.67,2.88,147.5],[7.58,5.15,109.0],[7.42,3.65,139.7]]",383.6
aMal47_TSdh_nn_064_1,6360,-1459.8585,5S1,3S1,3,6,"[1_50,2_1,3_6,9_50]","[2,3]",-1,6,4,2,2,2.206,"[1.495, 1.082]",163.5,135.0,83.9,89.5,38.6,85.6,0,0,"[[7.55,3.58,145.7],[8.61,6.22,107.6],[6.32,1.08,164.9],[7.46,4.67,116.6]]","[[[3, 3],'H_O',1.495,'OH'],[[6, 6],'C_O',2.206,'CO']]",[],5S1,3S1,3,6,"[1_50,2_1,3_6,9_11]","[2,3]",4,2,2.214,"[1.475, 1.093]",149.9,152.5,84.5,89.9,19.1,94.1,"[[7.29,3.36,146.7],[8.48,6.03,108.6],[6.27,1.09,167.0],[7.99,4.28,133.8]]",440.3
aMal40_TSdh_nn_047_0,5638,-1459.8715,1C4,OS2,-1,-1,"[1_2,2_50,3_6,9_11,13_7]","[3,6]",-1,6,5,3,2,2.2969999999999997,"[0, 0]",163.1,60.0,56.6,173.5,333.8,91.9,0,0,"[[7.16,4.51,114.5],[7.56,3.85,137.2],[5.8,1.97,155.7],[8.22,4.06,145.7],[7.65,5.39,107.3]]","[[[6, 6],'C_O',2.297,'CO']]",[],1C4,OS2,-1,-1,"[1_2,2_9,2_50,3_6,9_11,13_7]","[3,6]",6,2,2.305,"[0, 0]",180.4,55.1,48.4,172.7,329.6,93.5,"[[7.15,4.44,115.6],[9.05,4.46,152.2],[7.28,3.8,131.8],[5.85,2.01,155.3],[7.98,4.27,133.9],[7.84,5.61,106.6]]",406.2
aMal21_TSdh_nn_025_0,453,-1459.9279,3E,5S1,2,1,"[2_1,11_50]","[1,2,11,50]",-1,1,2,2,4,2.296,"[1.327, 1.192]",151.5,60.0,11.7,115.1,88.1,76.7,0,0,"[[5.5,1.19,151.4],[8.27,4.32,138.7]]","[[[1, 1],'C_O',2.296,'CO'],[[2, 2],'H_O',1.327,'OH']]",[],3H4,5S1,2,1,"[2_1,11_1,13_10]","[2,9,50]",3,3,2.2569999999999997,"[1.349, 1.165]",146.6,52.0,18.4,117.4,94.8,87.6,"[[5.7,1.17,158.8],[7.39,3.17,160.2],[8.59,4.99,128.3]]",258.1
aMal200_TSdh_nn_273_2,3650,-1459.8919,4C1,3S1,1,2,"[10_7,11_50,13_7]","[1,6]",-1,2,3,1,2,2.056,"[2.33, 0.946]",69.4,150.0,28.6,16.3,22.0,88.4,0,0,"[[8.44,5.34,119.2],[8.77,4.61,141.1],[7.48,5.14,108.9]]","[[[1, 1],'H_O',2.33,'OH'],[[2, 2],'C_O',2.056,'CO']]",[],4C1,3OB,1,2,"[3_9,9_11,10_7,13_7]","[1,6]",4,2,2.1109999999999998,"[2.361, 0.936]",110.5,123.2,22.9,18.3,10.6,90.7,"[[7.99,3.57,160.4],[8.07,4.25,136.1],[7.83,4.75,120.7],[7.49,5.7,100.8]]",352.6
aMal320_TSdh_nn_001_0,367,-1459.9302,3H4,4C1,2,1,"[2_1,9_50,10_11,13_7]","[1,2,50]",-1,1,4,1,3,2.267,"[1.282, 1.257]",167.5,60.0,33.3,120.5,199.9,1.2,0,0,"[[5.43,1.26,151.8],[7.45,5.37,104.9],[8.14,5.65,109.9],[7.52,5.39,105.5]]","[[[1, 1],'C_O',2.267,'CO'],[[2, 2],'H_O',1.282,'OH']]",[],3H4,4C1,2,1,"[2_1,10_11,11_1]","[2,9,50]",3,3,2.265,"[1.42, 1.113]",161.0,69.2,21.5,121.2,111.8,6.8,"[[5.91,1.11,158.1],[8.49,6.19,106.5],[9.8,4.96,155.0]]",252.0
aMal245_TSdh_nn_127_1,1780,-1459.9079,E1,3S1,1,2,"[3_6,9_11,13_10]","[1,9,50]",-1,2,3,2,3,1.9769999999999999,"[2.292, 0.943]",91.9,45.0,50.1,69.5,15.3,89.9,0,0,"[[8.11,3.87,149.7],[8.62,5.54,118.2],[7.92,4.05,138.9]]","[[[1, 1],'H_O',2.292,'OH'],[[2, 2],'C_O',1.977,'CO']]",[],E1,OS2,1,2,"[3_6,9_11,13_7]","[1,9,50]",3,3,1.97,"[2.212, 0.947]",135.9,58.3,50.6,68.9,328.9,98.2,"[[8.29,4.0,149.6],[7.48,3.59,143.1],[7.73,5.77,102.9]]",310.6
aMal227_TSdh_nn_064_2,6492,-1459.8466,5S1,1S3,3,6,"[1_50,2_1,3_6,10_11,13_11]","[2,3]",-1,6,5,2,2,2.206,"[1.495, 1.082]",163.5,180.0,83.9,89.5,211.3,88.6,0,0,"[[7.55,3.58,145.7],[8.61,6.22,107.6],[6.32,1.08,164.9],[7.9,5.44,109.9],[8.72,5.09,128.5]]","[[[3, 3],'H_O',1.495,'OH'],[[6, 6],'C_O',2.206,'CO']]",[],5S1,1S3,3,6,"[1_50,2_1,3_6,9_10,10_11,13_11]","[2,3]",6,2,2.197,"[1.475, 1.089]",192.1,182.1,85.4,91.4,205.4,85.6,"[[7.39,3.52,143.2],[8.38,5.94,108.8],[6.26,1.09,167.0],[8.61,6.48,104.1],[7.99,5.7,107.2],[9.17,5.84,121.0]]",471.5
aMal41_TSdh_nn_181_1,6088,-1459.8651,1HO,3OB,1,2,"[2_50,9_11,10_7]","[1,2,0]",-1,2,3,1,3,2.274,"[3.547, 0.93]",163.0,165.0,191.8,153.0,13.9,90.8,0,0,"[[7.54,3.53,146.4],[8.2,4.9,123.6],[7.85,4.74,121.5]]","[[[1, 1],'H_O',3.547,'OH'],[[2, 2],'C_O',2.274,'CO']]",[],EO,OS2,1,2,"[2_9,2_50,9_11,10_7,11_13]","[1,2,0]",5,3,2.369,"[3.398, 0.929]",95.7,94.1,183.6,153.3,338.1,91.0,"[[7.63,3.3,160.2],[7.88,4.72,120.8],[7.87,3.86,143.7],[8.06,5.04,118.9],[8.61,5.31,122.1]]",423.0
aMal213_TSdh_nn_171_1,5298,-1459.8762,2SO,5S1,2,3,[],"[1,2]",-1,3,0,0,2,2.4330000000000003,"[2.077, 0.944]",282.9,45.0,142.8,96.1,87.6,79.2,0,0,[],"[[[2, 2],'H_O',2.077,'OH'],[[3, 3],'C_O',2.433,'CO']]",[],25B,5S1,2,3,"[1_7,13_10]","[1,2]",2,2,2.741,"[1.975, 0.943]",300.3,50.4,133.5,98.8,93.2,85.2,"[[8.01,4.05,140.4],[8.61,4.58,138.4]]",393.8
aMal278_TSdh_nn_119_1,2085,-1459.9052,E1,3S1,1,2,"[2_3,6_0,10_13,10_7,11_9]","[1,11,50]",-1,2,5,0,3,1.844,"[3.695, 0.935]",91.3,105.0,55.4,53.3,22.4,89.9,0,0,"[[7.8,5.6,105.9],[7.91,6.08,100.9],[7.7,4.22,129.6],[8.68,5.71,116.0],[8.3,5.93,108.0]]","[[[1, 1],'H_O',3.695,'OH'],[[2, 2],'C_O',1.844,'CO']]",[],E1,3S1,1,2,"[2_3,6_0,10_13]","[1,9,11,50]",3,4,1.8119999999999998,"[3.704, 0.935]",109.9,72.2,55.1,56.4,19.2,88.3,"[[8.1,5.83,106.3],[8.08,6.16,101.9],[7.71,3.47,156.3]]",317.7
aMal174_TSdh_nn_353_1,732,-1459.9193,25B,1C4,2,1,"[3_6,11_9,13_10]","[2,3]",-1,1,3,1,2,3.1460000000000004,"[1.744, 0.961]",163.0,-0.0,111.4,92.7,225.9,173.7,0,0,"[[8.41,4.57,134.8],[8.21,4.71,127.8],[7.66,3.63,147.5]]","[[[1, 1],'C_O',3.146,'CO'],[[2, 2],'H_O',1.744,'OH']]",[],E3,1C4,2,1,"[3_50,9_50,11_9,13_10]","[2,3]",4,2,3.0639999999999996,"[1.671, 0.976]",169.4,79.3,166.6,65.1,294.0,172.2,"[[7.84,5.54,107.6],[7.43,5.07,109.2],[7.79,4.01,137.4],[7.73,3.76,144.2]]",280.7
aMal356_TSdh_nn_273_1,4193,-1459.8878,4C1,3S1,1,2,"[9_50,13_10]","[1,6]",-1,2,2,1,2,2.056,"[2.33, 0.946]",69.4,45.0,28.6,16.3,29.7,84.2,0,0,"[[7.46,4.7,116.1],[7.72,3.94,138.3]]","[[[1, 1],'H_O',2.33,'OH'],[[2, 2],'C_O',2.056,'CO']]",[],4C1,3S1,1,2,"[3_2,9_11,9_50,13_10]","[1,6]",4,2,2.053,"[2.32, 0.946]",85.0,61.1,26.3,16.7,16.7,91.5,"[[8.67,6.37,106.4],[8.96,5.67,121.0],[6.52,4.67,102.9],[7.75,4.0,136.8]]",363.4
aMal250_TSdh_nn_260_0,226,-1459.9337,4E,4C1,2,1,"[2_1,9_10,10_11,11_13]","[1,2]",-1,1,4,2,2,2.378,"[1.216, 1.376]",55.8,45.0,229.3,41.4,116.8,3.9,0,0,"[[5.41,1.38,153.5],[7.82,5.42,109.1],[7.95,5.87,104.3],[7.54,3.88,136.0]]","[[[1, 1],'C_O',2.378,'CO'],[[2, 2],'H_O',1.216,'OH']]",[],3H2,4C1,2,1,"[9_10,10_11,11_13]","[2,9,50]",3,3,2.6630000000000003,"[1.868, 0.945]",89.3,61.3,326.3,111.6,198.2,5.3,"[[7.5,5.41,104.9],[7.92,5.85,104.2],[7.52,3.99,132.1]]",242.9
aMal193_TSdh_nn_025_1,1822,-1459.9075,3E,4C1,2,1,"[2_1,9_10,10_11]","[1,2,50]",-1,1,3,1,3,2.296,"[1.327, 1.192]",151.5,150.0,11.7,115.1,264.0,4.3,0,0,"[[5.5,1.19,151.4],[8.12,5.99,104.8],[8.33,5.97,107.6]]","[[[1, 1],'C_O',2.296,'CO'],[[2, 2],'H_O',1.327,'OH']]",[],OS2,4C1,2,1,"[2_1,9_10,10_11]","[1,2,7,50]",3,4,2.366,"[1.299, 1.228]",169.6,153.1,342.9,107.4,198.9,10.7,"[[5.47,1.23,152.5],[7.64,5.42,106.6],[8.4,6.19,105.4]]",311.6
aMal204_TSdh_nn_047_0,5242,-1459.8770000000006,1C4,1C4,-1,-1,"[1_2,2_50,3_6,11_9,11_7]","[3,6]",-1,6,5,2,2,2.2969999999999997,"[0, 0]",163.1,60.0,56.6,173.5,196.8,176.1,0,0,"[[7.16,4.51,114.5],[7.56,3.85,137.2],[5.8,1.97,155.7],[8.09,4.78,124.3],[8.51,6.36,104.5]]","[[[6, 6],'C_O',2.297,'CO']]",[],1C4,1C4,-1,-1,"[1_2,2_50,3_6,11_9]","[3,6]",4,2,2.336,"[0, 0]",170.2,71.6,46.8,178.1,248.4,173.2,"[[7.43,4.86,112.4],[7.6,3.83,138.7],[5.87,2.0,155.9],[7.9,4.15,135.5]]",391.7
aMal368_TSdh_nn_018_1,738,-1459.9193,OS2,2SO,2,1,"[9_50,10_11]","[2,50]",-1,1,2,0,2,2.835,"[1.756, 0.956]",122.4,15.0,321.6,104.1,159.4,81.8,0,0,"[[6.71,4.44,109.2],[8.45,6.15,106.7]]","[[[1, 1],'C_O',2.835,'CO'],[[2, 2],'H_O',1.756,'OH']]",[],3H2,1S3,2,1,"[3_6,9_10,10_11,13_11]","[2,9,50]",4,3,2.559,"[1.762, 0.959]",141.2,60.3,332.2,117.0,204.2,85.8,"[[8.37,3.95,155.0],[8.32,6.03,106.6],[8.07,5.84,106.2],[9.29,6.03,119.5]]",280.7
aMal306_TSdh_nn_273_0,2040,-1459.9056,4C1,4C1,1,2,"[9_10,11_10]","[1,6]",-1,2,2,0,2,2.056,"[2.33, 0.946]",69.4,60.0,28.6,16.3,275.7,4.7,0,0,"[[8.42,6.01,108.2],[8.24,5.65,111.3]]","[[[1, 1],'H_O',2.33,'OH'],[[2, 2],'C_O',2.056,'CO']]",[],4C1,4C1,1,2,"[3_9,9_10,11_10]","[1,6]",3,2,2.101,"[2.369, 0.937]",116.3,105.0,24.2,18.5,311.6,3.4,"[[8.62,3.94,166.0],[8.49,6.19,106.5],[8.51,6.3,105.4]]",316.6
aMal376_TSdh_nn_025_0,21,-1459.9412,3E,3S1,2,1,"[2_1,10_7,11_9,11_50,13_10]","[1,2,11,50]",-1,1,5,3,4,2.296,"[1.327, 1.192]",151.5,135.0,11.7,115.1,21.1,90.1,0,0,"[[5.5,1.19,151.4],[7.75,4.83,117.8],[9.16,6.06,117.1],[8.45,4.46,138.6],[8.17,3.86,153.4]]","[[[1, 1],'C_O',2.296,'CO'],[[2, 2],'H_O',1.327,'OH']]",[],3E,3S1,2,1,"[2_1,10_13,11_1]","[2,9,11,50]",3,4,2.329,"[1.347, 1.173]",158.8,83.0,14.4,119.9,25.3,87.9,"[[5.73,1.17,159.9],[7.59,3.35,158.7],[7.55,3.4,152.6]]",223.2
aMal225_TSdh_nn_273_1,4279,-1459.8869,4C1,5S1,1,2,[],"[1,6]",-1,2,0,0,2,2.056,"[2.33, 0.946]",69.4,15.0,28.6,16.3,85.7,84.0,0,0,[],"[[[1, 1],'H_O',2.33,'OH'],[[2, 2],'C_O',2.056,'CO']]",[],OH1,5S1,1,2,[3_7],"[1,6]",1,2,2.086,"[2.246, 0.942]",56.3,38.5,20.1,26.1,90.8,82.2,"[[8.1,3.85,150.7]]",365.7
aMal344_TSdh_nn_165_1,2029,-1459.9056,E1,5S1,1,2,"[11_50,13_10]","[1,11,50]",-1,2,2,2,3,1.9340000000000002,"[2.2, 0.948]",96.2,75.0,50.0,66.0,84.7,83.8,0,0,"[[7.71,3.75,143.7],[8.32,4.14,145.5]]","[[[1, 1],'H_O',2.2,'OH'],[[2, 2],'C_O',1.934,'CO']]",[],E1,1C4,1,2,"[2_3,9_11,13_10]","[1,9,7,50]",3,4,1.854,"[2.808, 0.937]",171.7,78.4,54.7,52.6,261.0,166.0,"[[8.23,6.0,105.8],[7.39,3.69,137.9],[7.77,4.01,137.1]]",316.6
aMal206_TSdh_nn_093_0,5112,-1459.8785,B3O,5S1,3,2,"[2_1,11_50]","[3,11,50]",3,2,2,1,3,2.039,"[2.819, 0.933]",276.4,120.0,168.2,75.7,87.4,86.8,0,0,"[[6.8,4.34,112.3],[7.91,3.94,142.3]]","[[[3, 4],'C_C',1.832,'bb'],[[2, 2],'C_O',2.039,'CO'],[[3, 3],'H_O',2.819,'OH']]",[],2SO,5S1,3,2,"[2_1,11_50]","[3,11]",2,2,2.0469999999999997,"[2.653, 0.933]",286.0,86.9,162.2,77.5,87.7,85.6,"[[7.03,4.43,114.1],[7.28,3.33,148.0]]",387.8
aMal296_TSdh_nn_184_1,4820,-1459.8819,3S1,2SO,1,2,"[1_2,3_0,6_0,11_10]","[1,2,50]",-1,2,4,1,3,2.164,"[1.388, 1.126]",87.0,345.0,16.2,77.1,160.4,81.5,0,0,"[[5.53,1.13,147.3],[6.62,3.6,123.9],[7.9,6.11,100.4],[8.47,6.38,103.8]]","[[[1, 1],'H_O',1.388,'OH'],[[2, 2],'C_O',2.164,'CO']]",[],3S1,B3O,1,2,"[1_2,3_0,6_0,9_10]","[1,9,50]",4,3,2.174,"[1.492, 1.047]",53.4,47.6,26.6,79.4,168.5,86.5,"[[5.96,1.05,151.7],[6.51,3.46,125.3],[7.79,5.85,102.5],[7.21,4.65,112.9]]",378.9
aMal315_TSdh_nn_161_1,392,-1459.9295,3E,5S1,2,1,"[2_1,3_6,9_50]","[1,2,9,50]",-1,1,3,2,4,2.383,"[1.275, 1.264]",96.8,45.0,352.5,109.1,87.9,87.4,0,0,"[[5.46,1.26,153.5],[7.98,3.87,146.5],[7.94,5.38,111.2]]","[[[1, 1],'C_O',2.383,'CO'],[[2, 2],'H_O',1.275,'OH']]",[],3E,3S1,2,1,"[2_1,3_6,9_2]","[1,2,9,11,50]",3,5,2.369,"[1.354, 1.17]",84.9,89.0,353.8,116.0,22.9,89.9,"[[5.61,1.17,152.9],[7.54,3.61,144.5],[7.44,3.62,140.2]]",253.9
aMal264_TSdh_nn_072_2,676,-1459.9213,5S1,3S1,1,2,"[1_2,9_1,9_50,11_50]","[1,11,0,50]",-1,2,4,3,4,2.104,"[1.477, 1.059]",77.0,90.0,101.5,97.8,37.1,88.6,0,0,"[[5.8,1.06,147.4],[10.72,5.83,148.7],[7.07,4.66,110.8],[7.79,3.82,143.9]]","[[[1, 1],'H_O',1.477,'OH'],[[2, 2],'C_O',2.104,'CO']]",[],5E,3S1,-1,-1,"[1_2,6_3,9_2]","[1,9,11,0,50]",3,5,2.1719999999999997,"[0, 0]",75.9,93.1,108.8,108.4,21.6,89.3,"[[5.51,1.77,153.3],[6.1,3.64,114.1],[7.4,3.2,156.2]]",275.4
aMal64_TSdh_nn_187_1,2013,-1459.9058,3S1,4C1,-1,-1,"[1_2,3_6,3_0,9_50,10_9,11_10]","[1,2,9,50]",-1,2,6,2,4,2.253,"[0, 0]",93.2,30.0,25.9,79.2,211.9,5.4,0,0,"[[5.52,1.83,150.5],[7.37,3.27,150.3],[6.94,4.85,104.7],[7.36,4.93,110.5],[8.31,6.06,106.2],[7.96,5.7,106.8]]","[[[2, 2],'C_O',2.253,'CO']]",[],3S1,4C1,-1,-1,"[1_2,3_6,3_0,9_10,10_11]","[1,2,9,50]",5,4,2.245,"[0, 0]",54.1,42.9,25.5,80.1,214.2,8.8,"[[5.51,1.76,152.5],[7.4,3.33,148.9],[6.88,4.71,106.1],[7.53,5.23,108.0],[8.09,6.11,102.8]]",316.1
aMal464_TSdh_nn_339_1,3938,-1459.8896,5S1,OS2,1,2,"[3_6,9_50,11_13]","[1,0,50]",-1,2,3,0,3,2.191,"[1.747, 0.966]",80.1,0.0,104.8,94.2,319.0,88.7,0,0,"[[8.01,4.93,120.2],[6.78,4.36,111.8],[7.87,4.16,134.7]]","[[[1, 1],'H_O',1.747,'OH'],[[2, 2],'C_O',2.191,'CO']]",[],25B,OS2,1,2,"[3_6,9_11,11_13]","[1,0,50]",3,3,2.218,"[1.699, 0.974]",89.2,311.6,108.3,92.3,322.7,97.2,"[[8.43,5.58,115.1],[8.39,4.42,138.2],[8.36,4.95,125.0]]",358.6
aMal40_TSdh_nn_273_0,4320,-1459.8865,4C1,OS2,1,2,"[9_11,13_7]","[1,6]",-1,2,2,1,2,2.056,"[2.33, 0.946]",69.4,60.0,28.6,16.3,333.8,91.9,0,0,"[[8.22,4.06,145.7],[7.65,5.39,107.3]]","[[[1, 1],'H_O',2.33,'OH'],[[2, 2],'C_O',2.056,'CO']]",[],4C1,OS2,1,2,"[9_11,13_7]","[1,6]",2,2,2.068,"[2.299, 0.946]",98.5,61.7,26.1,16.6,327.4,94.0,"[[8.35,4.25,142.8],[7.83,5.72,104.8]]",366.8
aMal465_TSdh_nn_096_2,2963,-1459.8973,5S1,5S1,1,2,[3_6],"[1,11,0,50]",-1,2,1,0,4,2.202,"[1.62, 0.993]",77.1,120.0,105.1,97.5,83.1,83.7,0,0,"[[7.73,4.74,119.6]]","[[[1, 1],'H_O',1.62,'OH'],[[2, 2],'C_O',2.202,'CO']]",[],5S1,5S1,1,2,[3_6],"[1,11,0,50]",1,4,2.2430000000000003,"[1.627, 0.991]",88.7,111.8,105.2,96.4,89.6,87.1,"[[7.79,4.78,119.8]]",338.4
aMal346_TSdh_nn_125_2,5843,-1459.8687,1S3,OS2,1,2,"[9_11,10_7,13_7]","[1,6,0]",-1,2,3,1,3,2.024,"[2.332, 0.945]",53.7,135.0,210.4,83.9,339.1,91.1,0,0,"[[7.99,3.88,146.3],[7.9,4.78,121.4],[7.64,5.87,100.4]]","[[[1, 1],'H_O',2.332,'OH'],[[2, 2],'C_O',2.024,'CO']]",[],1S3,OS2,1,2,"[9_11,10_7]","[1,6,0]",2,3,1.999,"[2.407, 0.946]",16.4,168.0,220.7,83.6,339.0,91.8,"[[7.96,3.88,145.7],[7.86,4.93,117.8]]",413.5
aMal301_TSdh_nn_179_0,4342,-1459.8864,4C1,1C4,1,2,"[9_50,10_13,11_9]","[1,6,0]",-1,2,3,2,3,2.391,"[1.936, 0.947]",64.2,60.0,278.7,18.4,282.4,170.2,0,0,"[[7.28,4.77,112.0],[7.61,3.34,161.1],[7.83,3.95,139.8]]","[[[1, 1],'H_O',1.936,'OH'],[[2, 2],'C_O',2.391,'CO']]",[],E5,1C4,1,2,"[9_50,10_13,11_9]","[1,6,0]",3,3,2.408,"[1.901, 0.943]",126.6,58.8,294.1,28.8,278.0,171.2,"[[7.41,5.59,101.4],[7.62,3.35,160.4],[7.88,4.01,139.5]]",367.0
aMal244_TSdh_nn_339_2,2923,-1459.8975,5S1,3S1,1,2,"[3_6,9_50,11_50]","[1,11,0,50]",-1,2,3,1,4,2.191,"[1.747, 0.966]",80.1,90.0,104.8,94.2,43.5,88.4,0,0,"[[8.01,4.93,120.2],[7.12,4.72,110.7],[7.69,3.72,144.7]]","[[[1, 1],'H_O',1.747,'OH'],[[2, 2],'C_O',2.191,'CO']]",[],5S1,5S1,1,2,"[2_9,3_6,9_1,10_13]","[1,11,0,50]",4,4,2.226,"[1.87, 0.95]",71.6,107.8,96.5,94.0,85.5,95.1,"[[8.59,5.66,115.7],[7.61,4.6,120.3],[7.61,3.21,167.7],[8.4,4.04,151.6]]",337.9
aMal448_TSdh_nn_084_1,1170,-1459.9132,5S1,4C1,1,2,"[2_3,3_6,9_50,10_11,13_11]","[1,0,50]",-1,0,5,1,3,2.085,"[3.692, 0.937]",74.9,45.0,86.4,79.5,270.6,2.4,0,0,"[[6.62,3.71,120.8],[7.48,3.64,141.5],[7.39,5.23,106.3],[8.09,5.67,109.0],[8.06,4.66,126.3]]","[[[0, 1],'C_O',2.085,'bb'],[[1, 1],'H_O',3.692,'OH'],[[2, 2],'C_O',1.743,'CO']]",[],5S1,4C1,1,2,"[2_3,3_6,9_10,10_11,11_13]","[1,9,0,50]",5,4,2.002,"[3.692, 0.938]",73.0,54.5,92.1,80.0,193.0,5.7,"[[6.6,3.7,120.7],[7.92,4.08,137.6],[7.69,5.73,102.9],[7.9,5.79,104.8],[7.49,3.95,132.6]]",296.7
aMal123_TSdh_nn_161_1,484,-1459.9267,3E,1C4,2,1,"[2_1,3_6,9_11,13_7]","[1,2,50]",-1,1,4,3,3,2.383,"[1.275, 1.264]",96.8,315.0,352.5,109.1,251.8,171.3,0,0,"[[5.46,1.26,153.5],[7.98,3.87,146.5],[8.04,4.26,135.5],[7.73,5.17,111.8]]","[[[1, 1],'C_O',2.383,'CO'],[[2, 2],'H_O',1.275,'OH']]",[],E4,1C4,2,1,"[2_1,3_6,9_11]","[1,2,13,7]",3,4,2.37,"[1.253, 1.309]",83.4,279.5,72.2,122.5,272.4,169.8,"[[5.51,1.31,156.4],[7.48,3.58,144.6],[7.63,3.85,138.3]]",261.2
aMal432_TSdh_nn_273_1,4357,-1459.8863,4C1,5S1,1,2,[],"[1,6]",-1,2,0,0,2,2.056,"[2.33, 0.946]",69.4,15.0,28.6,16.3,84.2,84.0,0,0,[],"[[[1, 1],'H_O',2.33,'OH'],[[2, 2],'C_O',2.056,'CO']]",[],4C1,5S1,1,2,[10_9],"[1,6]",1,2,2.056,"[2.292, 0.947]",114.6,66.8,25.3,16.9,103.1,79.0,"[[8.27,6.38,101.4]]",367.3
aMal8_TSdh_nn_093_0,5253,-1459.8769,B3O,3S1,3,2,"[2_1,9_11,9_50]","[3,50]",3,2,3,0,2,2.039,"[2.819, 0.933]",276.4,120.0,168.2,75.7,20.8,91.4,0,0,"[[6.8,4.34,112.3],[8.73,5.63,118.3],[6.77,4.99,101.4]]","[[[3, 4],'C_C',1.832,'bb'],[[2, 2],'C_O',2.039,'CO'],[[3, 3],'H_O',2.819,'OH']]",[],2SO,3S1,3,2,"[2_1,9_50]","[3,11,50]",2,3,2.0469999999999997,"[2.668, 0.936]",279.7,90.9,162.5,77.4,25.8,92.0,"[[7.11,4.57,112.7],[6.7,4.4,109.9]]",392.0
aMal204_TSdh_nn_179_2,4387,-1459.8861,4C1,1C4,1,2,"[11_9,11_7]","[1,6,0]",-1,2,2,0,3,2.391,"[1.936, 0.947]",64.2,135.0,278.7,18.4,196.8,176.1,0,0,"[[8.09,4.78,124.3],[8.51,6.36,104.5]]","[[[1, 1],'H_O',1.936,'OH'],[[2, 2],'C_O',2.391,'CO']]",[],E5,1C4,1,2,"[9_50,11_9]","[1,6,0]",2,3,2.4130000000000003,"[1.904, 0.942]",141.3,78.5,291.7,30.9,247.2,173.1,"[[7.78,5.62,105.7],[7.93,4.11,137.2]]",367.8
aMal281_TSdh_nn_116_2,5104,-1459.8786,5S1,OS2,3,6,"[1_9,1_50,2_1,3_6,9_1,9_50,11_9]","[2,3]",-1,6,7,4,2,2.221,"[1.518, 1.069]",79.2,90.0,83.4,88.7,331.1,92.3,0,0,"[[11.33,6.43,143.4],[7.67,3.64,146.4],[8.67,6.29,107.3],[6.4,1.07,164.7],[11.33,6.49,142.6],[6.7,4.26,112.3],[8.37,4.74,130.0]]","[[[3, 3],'H_O',1.518,'OH'],[[6, 6],'C_O',2.221,'CO']]",[],5S1,OS2,3,6,"[1_9,1_50,2_1,3_6,11_9]","[2,3]",5,2,2.2159999999999997,"[1.472, 1.088]",161.1,54.5,84.9,90.7,328.6,92.1,"[[9.34,5.01,141.0],[7.49,3.62,142.0],[8.47,6.01,108.9],[6.25,1.09,167.4],[8.82,5.28,126.1]]",387.5
aMal80_TSdh_nn_344_1,2564,-1459.9008,E1,5S1,1,2,"[3_6,9_50,11_50]","[1,11,50]",-1,2,3,2,3,1.9069999999999998,"[2.864, 0.935]",99.5,90.0,63.3,67.1,87.4,90.1,0,0,"[[8.44,4.41,139.4],[7.63,5.32,108.0],[7.99,3.9,146.0]]","[[[1, 1],'H_O',2.864,'OH'],[[2, 2],'C_O',1.907,'CO']]",[],B14,5S1,1,2,"[3_6,9_1,9_50]","[1,11,50]",3,3,1.9569999999999999,"[2.914, 0.955]",60.5,115.1,50.9,72.6,93.5,98.2,"[[7.71,3.52,152.8],[7.1,2.82,170.6],[7.44,5.57,100.9]]",329.2
aMal97_TSdh_nn_047_0,5744,-1459.8702,1C4,1C4,-1,-1,"[1_2,2_50,3_6,11_9,11_7,13_10]","[3,6]",-1,6,6,2,2,2.2969999999999997,"[0, 0]",163.1,60.0,56.6,173.5,144.5,178.8,0,0,"[[7.16,4.51,114.5],[7.56,3.85,137.2],[5.8,1.97,155.7],[7.92,4.7,123.2],[8.53,6.37,104.6],[8.44,4.64,133.8]]","[[[6, 6],'C_O',2.297,'CO']]",[],1C4,1C4,-1,-1,"[1_2,2_9,2_50,3_6,9_11,13_10]","[3,6]",6,2,2.307,"[0, 0]",171.6,46.2,39.8,176.1,43.2,177.3,"[[7.29,4.66,113.8],[10.25,5.26,155.3],[7.3,3.88,130.2],[5.93,2.09,154.9],[7.53,3.8,137.8],[8.38,4.75,130.0]]",409.6
aMal247_TSdh_nn_165_1,2613,-1459.9002,E1,3S1,1,2,[9_50],"[1,50]",-1,2,1,0,2,1.9340000000000002,"[2.2, 0.948]",96.2,45.0,50.0,66.0,37.3,85.5,0,0,"[[7.48,4.7,116.2]]","[[[1, 1],'H_O',2.2,'OH'],[[2, 2],'C_O',1.934,'CO']]",[],E1,3S1,1,2,[6_0],"[1,9,11,50]",1,4,1.9469999999999998,"[2.109, 0.954]",108.0,61.6,47.7,67.4,22.6,88.3,"[[7.88,6.1,100.3]]",330.8
aMal276_TSdh_nn_047_2,5913,-1459.868,1C4,5S1,-1,-1,"[1_2,2_11,2_50,3_6,9_50,13_10]","[3,6]",-1,6,6,4,2,2.2969999999999997,"[0, 0]",163.1,135.0,56.6,173.5,84.9,92.0,0,0,"[[7.16,4.51,114.5],[11.17,6.45,140.5],[7.56,3.85,137.2],[5.8,1.97,155.7],[7.59,4.9,114.3],[8.55,4.54,138.6]]","[[[6, 6],'C_O',2.297,'CO']]",[],1C4,5S1,-1,-1,"[1_2,2_11,2_50,3_6,13_10]","[3,6]",5,2,2.335,"[0, 0]",166.4,64.5,7.9,176.4,86.9,90.8,"[[7.25,4.55,115.2],[8.36,4.18,144.3],[7.76,4.38,126.6],[5.91,2.05,155.5],[8.77,4.67,139.2]]",415.4
aMal264_TSdh_nn_111_1,5225,-1459.8771,1S3,3S1,1,2,"[9_50,11_50]","[1,6,0]",-1,2,2,1,3,2.085,"[2.165, 0.949]",67.3,45.0,198.3,87.7,37.1,88.6,0,0,"[[7.07,4.66,110.8],[7.79,3.82,143.9]]","[[[1, 1],'H_O',2.165,'OH'],[[2, 2],'C_O',2.085,'CO']]",[],1S3,5S1,1,2,"[9_50,11_50]","[1,6,0]",2,3,2.03,"[2.233, 0.95]",108.2,63.0,203.2,87.3,86.4,91.7,"[[7.56,5.64,102.5],[8.0,3.99,143.3]]",391.5
aMal55_TSdh_nn_177_2,4633,-1459.884,5S1,5S1,1,2,"[6_3,9_50]","[1,11,0,50]",-1,2,2,0,4,2.239,"[1.808, 0.958]",92.6,105.0,104.5,99.7,87.2,89.1,0,0,"[[8.95,5.09,132.3],[7.76,5.13,112.8]]","[[[1, 1],'H_O',1.808,'OH'],[[2, 2],'C_O',2.239,'CO']]",[],25B,25B,1,2,"[6_3,9_50]","[1,11,0,7,50]",2,5,2.2430000000000003,"[1.761, 0.965]",167.7,103.1,105.6,98.9,117.6,94.7,"[[8.72,4.82,134.5],[7.51,5.38,105.7]]",373.3
aMal231_TSdh_nn_067_1,2870,-1459.8983,4C1,1C4,3,2,[9_11],"[3,9,50]",3,2,1,1,3,2.116,"[2.406, 0.94]",278.6,30.0,151.5,10.5,249.2,168.1,0,0,"[[8.06,4.19,137.9]]","[[[3, 4],'C_C',1.762,'bb'],[[2, 2],'C_O',2.116,'CO'],[[3, 3],'H_O',2.406,'OH']]",[],4C1,1C4,3,2,"[9_11,13_10]","[3,9,50]",2,3,2.088,"[2.304, 0.944]",274.3,74.0,170.4,10.7,258.0,167.4,"[[7.35,3.61,139.4],[7.68,3.87,139.3]]",335.8
aMal462_TSdh_nn_254_0,5967,-1459.8673,4H5,5S1,1,2,"[6_50,13_7]","[1,0]",-1,2,2,0,2,2.016,"[2.168, 0.949]",53.7,60.0,264.1,65.6,85.4,85.5,0,0,"[[7.95,4.62,125.5],[7.42,4.86,112.5]]","[[[1, 1],'H_O',2.168,'OH'],[[2, 2],'C_O',2.016,'CO']]",[],E5,5S1,1,2,"[3_7,6_50]","[1,0]",2,2,2.088,"[2.053, 0.954]",53.5,34.5,289.7,67.1,91.5,85.6,"[[7.74,3.62,149.9],[7.5,3.95,133.0]]",417.2
aMal66_TSdh_nn_116_0,6277,-1459.861,5S1,2SO,3,6,"[1_9,1_50,2_1,3_6,9_50,10_11]","[2,3]",-1,6,6,3,2,2.221,"[1.518, 1.069]",79.2,60.0,83.4,88.7,160.9,85.8,0,0,"[[11.14,6.29,143.4],[7.67,3.64,146.4],[8.67,6.29,107.3],[6.4,1.07,164.7],[6.61,4.22,111.7],[8.59,6.36,105.5]]","[[[3, 3],'H_O',1.518,'OH'],[[6, 6],'C_O',2.221,'CO']]",[],5S1,2SO,3,6,"[1_9,1_50,2_1,3_6,9_10]","[2,3]",5,2,2.206,"[1.486, 1.089]",94.7,77.6,84.0,89.5,158.4,84.3,"[[8.82,4.43,146.9],[7.65,3.88,137.1],[8.5,6.06,108.4],[6.32,1.09,167.2],[7.41,5.0,110.0]]",433.7
aMal200_TSdh_nn_301_0,2452,-1459.9021,5S1,3S1,1,2,"[1_2,10_7,11_50,13_7]","[1,9,0,50]",-1,2,4,2,4,2.077,"[1.512, 1.039]",82.6,60.0,101.1,98.0,22.0,88.4,0,0,"[[5.8,1.04,143.4],[8.44,5.34,119.2],[8.77,4.61,141.1],[7.48,5.14,108.9]]","[[[1, 1],'H_O',1.512,'OH'],[[2, 2],'C_O',2.077,'CO']]",[],5S1,3OB,1,2,"[1_2,10_7]","[1,9,11,0,50]",2,5,2.103,"[1.457, 1.073]",98.3,72.5,102.4,98.1,14.2,89.2,"[[5.75,1.07,147.7],[8.06,5.02,119.4]]",325.8
aMal220_TSdh_nn_184_1,5001,-1459.8797,3S1,1S3,1,2,"[1_2,3_0,6_0]","[1,2,50]",-1,2,3,1,3,2.164,"[1.388, 1.126]",87.0,315.0,16.2,77.1,207.2,87.7,0,0,"[[5.53,1.13,147.3],[6.62,3.6,123.9],[7.9,6.11,100.4]]","[[[1, 1],'H_O',1.388,'OH'],[[2, 2],'C_O',2.164,'CO']]",[],3S1,5S1,1,2,"[1_2,3_0,6_0]","[1,9,50]",3,3,2.185,"[1.456, 1.069]",62.5,29.3,23.2,78.9,102.4,89.8,"[[5.83,1.07,151.2],[6.69,3.64,124.2],[7.89,5.93,102.8]]",384.6
aMal281_TSdh_nn_093_0,4739,-1459.8828,B3O,OS2,3,2,"[2_1,2_13,9_50,11_9]","[3,9,50]",3,2,4,0,3,2.039,"[2.819, 0.933]",276.4,45.0,168.2,75.7,331.1,92.3,0,0,"[[6.8,4.34,112.3],[8.84,6.09,112.3],[6.7,4.26,112.3],[8.37,4.74,130.0]]","[[[3, 4],'C_C',1.832,'bb'],[[2, 2],'C_O',2.039,'CO'],[[3, 3],'H_O',2.819,'OH']]",[],2SO,3OB,3,2,"[1_13,2_1]","[3,9,11,50]",2,4,2.042,"[2.733, 0.934]",260.7,55.7,161.1,74.5,0.9,97.4,"[[8.68,3.99,163.7],[7.34,4.47,118.0]]",376.5
aMal428_TSdh_nn_340_0,5701,-1459.8707,B3O,3S1,3,2,"[2_1,9_11,11_50]","[3,11,50]",3,2,3,1,3,2.023,"[2.855, 0.933]",273.9,105.0,167.4,80.7,26.5,93.0,0,0,"[[6.71,4.24,112.5],[8.84,5.16,128.8],[7.77,3.96,138.2]]","[[[3, 4],'C_C',1.846,'bb'],[[2, 2],'C_O',2.023,'CO'],[[3, 3],'H_O',2.855,'OH']]",[],2SO,5S1,3,2,"[2_1,9_50,11_3,11_50,13_10]","[3,11]",5,2,2.0340000000000003,"[2.758, 0.932]",282.0,83.2,163.7,81.9,85.5,93.1,"[[6.84,4.24,114.6],[7.36,5.28,105.0],[8.78,5.92,113.8],[7.36,3.3,151.7],[8.65,4.77,134.4]]",408.3
aMal236_TSdh_nn_020_0,1025,-1459.9144,5S1,3S1,1,2,"[1_2,6_3,11_50]","[1,9,0,50]",-1,2,3,2,4,2.099,"[1.424, 1.091]",78.3,60.0,104.2,102.2,35.3,88.1,0,0,"[[5.69,1.09,149.8],[6.58,4.38,108.2],[7.67,3.74,143.4]]","[[[1, 1],'H_O',1.424,'OH'],[[2, 2],'C_O',2.099,'CO']]",[],25B,3S1,1,2,"[1_2,6_3]","[1,9,11,0,50]",2,5,2.114,"[1.398, 1.12]",94.8,71.6,107.0,101.2,23.4,89.4,"[[5.67,1.12,151.3],[6.72,4.33,111.1]]",293.5
aMal30_TSdh_nn_126_2,5206,-1459.8775,5H4,1S5,1,2,"[2_9,2_50,3_6,9_50,11_13]","[1,0]",-1,2,5,4,2,2.004,"[2.774, 0.933]",99.2,105.0,74.5,153.1,272.0,86.8,0,0,"[[10.98,6.36,138.4],[7.5,3.78,137.1],[7.48,3.36,153.5],[7.32,4.89,110.5],[7.67,3.95,136.8]]","[[[1, 1],'H_O',2.774,'OH'],[[2, 2],'C_O',2.004,'CO']]",[],5H4,1S5,1,2,"[2_50,3_6,9_50,11_13]","[1,0]",4,2,2.016,"[2.762, 0.934]",128.3,59.6,74.6,153.3,273.1,90.3,"[[7.4,3.6,140.8],[7.6,3.44,153.6],[7.85,5.76,104.6],[7.56,4.0,132.9]]",390.4
aMal270_TSdh_nn_273_0,5042,-1459.8793,4C1,3S1,1,2,"[9_11,10_7,11_50]","[1,6]",-1,2,3,0,2,2.056,"[2.33, 0.946]",69.4,60.0,28.6,16.3,19.2,92.4,0,0,"[[7.96,4.34,131.9],[8.07,5.01,119.6],[8.35,4.95,125.1]]","[[[1, 1],'H_O',2.33,'OH'],[[2, 2],'C_O',2.056,'CO']]",[],4C1,3S1,1,2,"[9_11,10_7,11_50]","[1,6]",3,2,2.048,"[2.319, 0.946]",85.0,69.3,25.6,17.4,22.7,92.2,"[[9.06,5.69,122.1],[8.34,5.43,116.3],[7.9,3.81,147.1]]",385.7
aMal128_TSdh_nn_097_1,2510,-1459.9014,5S1,OS2,1,2,"[3_2,9_11,10_7]","[1,0,50]",-1,0,3,1,3,1.824,"[2.514, 0.943]",77.7,15.0,90.1,79.4,339.0,90.9,0,0,"[[8.5,6.19,106.8],[8.05,3.93,146.3],[7.78,4.61,122.8]]","[[[0, 1],'C_O',1.824,'bb'],[[1, 1],'H_O',2.514,'OH'],[[2, 2],'C_O',1.935,'CO']]",[],E1,OS2,1,2,"[9_11,10_7]","[1,9,50]",2,3,1.962,"[2.112, 0.957]",135.7,59.5,51.5,61.6,331.4,93.9,"[[7.69,3.87,139.0],[8.24,5.29,117.1]]",327.7
aMal204_TSdh_nn_067_1,3130,-1459.8958,4C1,1C4,3,2,"[11_9,11_7]","[3,9,50]",3,2,2,0,3,2.116,"[2.406, 0.94]",278.6,30.0,151.5,10.5,196.8,176.1,0,0,"[[8.09,4.78,124.3],[8.51,6.36,104.5]]","[[[3, 4],'C_C',1.762,'bb'],[[2, 2],'C_O',2.116,'CO'],[[3, 3],'H_O',2.406,'OH']]",[],4C1,1C4,3,2,[9_11],"[3,9,50]",1,3,2.1,"[2.278, 0.944]",267.3,60.0,165.5,9.9,245.8,172.7,"[[7.32,3.45,144.2]]",342.4
aMal40_TSdh_nn_187_1,4760,-1459.8825,3S1,OS2,-1,-1,"[1_2,3_6,3_0,9_11,13_7]","[1,2,50]",-1,2,5,3,3,2.253,"[0, 0]",93.2,0.0,25.9,79.2,333.8,91.9,0,0,"[[5.52,1.83,150.5],[7.37,3.27,150.3],[6.94,4.85,104.7],[8.22,4.06,145.7],[7.65,5.39,107.3]]","[[[2, 2],'C_O',2.253,'CO']]",[],3S1,OS2,-1,-1,"[1_2,3_6,3_0,9_11]","[1,2,50]",4,3,2.248,"[0, 0]",102.4,311.6,29.0,79.1,324.6,102.7,"[[5.54,1.89,149.3],[7.05,2.89,158.2],[7.22,5.34,101.0],[7.82,3.87,142.4]]",377.3
aMal86_TSdh_nn_130_1,3746,-1459.8911,E3,4C1,-1,-1,"[2_1,3_50,9_3,9_50,10_9,11_10,13_7]","[1,2,3]",-1,1,7,2,3,2.506,"[0, 0]",153.9,135.0,179.2,50.3,208.6,4.6,0,0,"[[5.41,1.69,149.6],[7.72,5.32,109.3],[10.01,4.87,170.7],[7.39,4.99,109.9],[8.31,6.09,105.8],[8.0,5.8,105.8],[7.56,5.44,105.5]]","[[[1, 1],'C_O',2.506,'CO']]",[],E3,4C1,-1,-1,"[2_1,9_3]","[1,2,3]",2,3,2.614,"[0, 0]",141.2,144.4,190.5,48.5,254.2,2.0,"[[5.46,1.78,149.1],[9.65,4.75,160.7]]",354.7
aMal422_TSdh_nn_353_1,2890,-1459.898,25B,1S3,2,1,"[3_6,10_11]","[2,3]",-1,1,2,0,2,3.1460000000000004,"[1.744, 0.961]",163.0,345.0,111.4,92.7,218.6,86.5,0,0,"[[8.41,4.57,134.8],[7.65,5.4,107.2]]","[[[1, 1],'C_O',3.146,'CO'],[[2, 2],'H_O',1.744,'OH']]",[],25B,1S3,2,1,"[3_6,10_11]","[2,3]",2,2,3.201,"[1.677, 0.97]",162.1,352.4,109.8,91.7,216.6,89.0,"[[8.89,4.95,134.1],[7.78,5.67,104.9]]",336.6
aMal356_TSdh_nn_184_0,2785,-1459.899,3S1,3S1,1,2,"[1_2,3_0,6_0,9_50,13_10]","[1,2,50]",-1,2,5,2,3,2.164,"[1.388, 1.126]",87.0,60.0,16.2,77.1,29.7,84.2,0,0,"[[5.53,1.13,147.3],[6.62,3.6,123.9],[7.9,6.11,100.4],[7.46,4.7,116.1],[7.72,3.94,138.3]]","[[[1, 1],'H_O',1.388,'OH'],[[2, 2],'C_O',2.164,'CO']]",[],3S1,3S1,1,2,"[1_2,3_0,6_0,9_2,10_13]","[1,9,11,50]",5,4,2.18,"[1.43, 1.097]",88.1,72.2,26.9,81.3,15.6,89.3,"[[5.86,1.1,155.1],[6.63,3.57,124.6],[7.81,5.9,102.1],[7.74,3.68,146.5],[7.83,3.56,155.7]]",334.0
aMal228_TSdh_nn_161_2,718,-1459.9196,3E,5S1,2,1,"[2_1,3_6]","[1,2,11,50]",-1,1,2,2,4,2.383,"[1.275, 1.264]",96.8,135.0,352.5,109.1,86.0,84.4,0,0,"[[5.46,1.26,153.5],[7.98,3.87,146.5]]","[[[1, 1],'C_O',2.383,'CO'],[[2, 2],'H_O',1.275,'OH']]",[],3H2,5S1,2,1,[3_6],"[2,11,50]",1,3,2.5469999999999997,"[1.716, 0.967]",165.1,144.2,333.2,116.7,101.6,88.6,"[[8.35,4.0,152.2]]",279.9
aMal22_TSdh_nn_131_1,5429,-1459.8748,25B,1C4,1,2,"[9_11,10_13]","[1,0,50]",-1,2,2,1,3,2.244,"[1.791, 0.962]",89.9,315.0,113.5,98.7,291.2,176.4,0,0,"[[7.71,3.94,137.4],[8.78,4.87,134.4]]","[[[1, 1],'H_O',1.791,'OH'],[[2, 2],'C_O',2.244,'CO']]",[],25B,1C4,1,2,"[9_11,10_13]","[1,0,50]",2,3,2.292,"[1.747, 0.962]",96.1,315.1,114.2,99.4,339.5,174.3,"[[7.39,3.55,142.8],[8.41,4.99,125.3]]",397.5
aMal155_TSdh_nn_080_2,2634,-1459.9001,5S1,4C1,1,2,"[2_3,10_9,11_10,13_11]","[1,0,50]",-1,0,4,1,3,2.0469999999999997,"[3.685, 0.936]",77.5,105.0,91.0,78.8,223.3,2.0,0,0,"[[6.38,3.63,118.5],[7.88,5.91,102.9],[7.83,5.52,107.8],[7.87,4.11,136.4]]","[[[0, 1],'C_O',2.047,'bb'],[[1, 1],'H_O',3.685,'OH'],[[2, 2],'C_O',1.779,'CO']]",[],5S1,4C1,1,2,"[2_3,9_10,13_11]","[1,9,0,50]",3,4,2.021,"[3.722, 0.938]",69.5,54.5,96.3,77.9,239.4,8.1,"[[6.3,3.45,121.1],[7.79,5.84,102.6],[8.37,4.68,131.3]]",331.1
aMal2_TSdh_nn_336_0,1531,-1459.9101,5S1,4C1,2,1,"[3_6,10_9,11_10,13_7]","[2,3]",-1,1,4,1,2,2.193,"[1.801, 0.973]",54.3,45.0,104.3,94.3,223.5,2.2,0,0,"[[8.45,4.54,136.2],[8.16,6.32,100.9],[8.0,5.85,105.2],[7.53,5.43,105.1]]","[[[1, 1],'C_O',2.193,'CO'],[[2, 2],'H_O',1.801,'OH']]",[],5S1,4C1,2,1,"[3_6,13_7]","[2,3]",2,2,2.6310000000000002,"[1.71, 0.976]",25.1,48.6,103.9,95.5,158.7,4.0,"[[8.19,4.26,138.5],[7.68,5.73,102.9]]",304.8
aMal66_TSdh_nn_098_0,5506,-1459.8734,4C1,2SO,2,3,"[9_50,10_11]","[1,2]",-1,3,2,0,2,2.197,"[3.333, 0.932]",71.8,30.0,232.6,6.5,160.9,85.8,0,0,"[[6.61,4.22,111.7],[8.59,6.36,105.5]]","[[[2, 2],'H_O',3.333,'OH'],[[3, 3],'C_O',2.197,'CO']]",[],4C1,2SO,2,3,"[3_2,9_10]","[1,2]",2,2,2.32,"[3.839, 0.947]",69.9,54.3,133.0,10.9,163.3,83.9,"[[9.13,6.12,115.9],[7.38,4.94,110.6]]",401.2
aMal213_TSdh_nn_004_0,1908,-1459.9067,4E,5S1,2,1,"[3_11,3_50]","[2,3]",-1,1,2,1,2,2.5810000000000004,"[2.219, 0.935]",288.8,60.0,253.2,42.8,87.6,79.2,0,0,"[[7.9,3.67,153.0],[8.36,5.97,108.0]]","[[[1, 1],'C_O',2.581,'CO'],[[2, 2],'H_O',2.219,'OH']]",[],4H5,5S1,2,1,"[3_11,3_50,9_6,9_50]","[2,3]",4,2,2.516,"[2.137, 0.939]",288.8,67.5,257.3,42.9,98.8,79.1,"[[7.64,3.24,167.0],[8.39,6.31,103.0],[8.76,4.85,134.4],[7.87,5.54,107.9]]",313.7
aMal225_TSdh_nn_253_0,1345,-1459.9117,E4,5S1,1,2,"[2_50,3_6]","[1,0]",-1,2,2,1,2,1.9709999999999999,"[2.885, 0.933]",146.7,60.0,69.9,150.1,85.7,84.0,0,0,"[[7.08,3.51,136.1],[8.63,5.82,113.8]]","[[[1, 1],'H_O',2.885,'OH'],[[2, 2],'C_O',1.971,'CO']]",[],5H4,4C1,1,2,"[2_9,2_50,3_6,11_13]","[1,11,0]",4,3,1.9969999999999999,"[2.508, 0.937]",147.9,64.8,74.9,137.2,114.7,11.8,"[[8.18,3.58,169.4],[7.51,5.12,108.8],[8.02,4.17,137.5],[7.31,3.96,128.6]]",300.6
aMal94_TSdh_nn_184_1,3375,-1459.8939,3S1,3S1,1,2,"[1_2,3_0,6_0,9_50,13_7]","[1,2,50]",-1,2,5,1,3,2.164,"[1.388, 1.126]",87.0,45.0,16.2,77.1,36.5,86.0,0,0,"[[5.53,1.13,147.3],[6.62,3.6,123.9],[7.9,6.11,100.4],[7.46,4.66,116.7],[7.43,5.19,107.3]]","[[[1, 1],'H_O',1.388,'OH'],[[2, 2],'C_O',2.164,'CO']]",[],3S1,3S1,1,2,"[1_2,3_0,6_0,9_2]","[1,9,11,50]",4,4,2.18,"[1.41, 1.113]",85.3,67.5,26.2,81.8,23.0,89.2,"[[5.82,1.11,155.9],[6.62,3.57,124.4],[7.85,5.98,101.5],[7.8,3.66,149.1]]",347.4
aMal423_TSdh_nn_284_2,5330,-1459.8758,E5,1C4,1,2,"[9_11,13_7]","[1,6,0]",-1,2,2,0,3,2.108,"[1.944, 0.96]",63.2,150.0,298.0,59.5,251.9,171.7,0,0,"[[8.06,4.34,133.9],[7.73,5.18,111.7]]","[[[1, 1],'H_O',1.944,'OH'],[[2, 2],'C_O',2.108,'CO']]",[],E5,1C4,1,2,"[9_11,13_7]","[1,6,0]",2,3,2.125,"[2.066, 0.949]",81.5,163.7,316.2,70.4,271.0,174.4,"[[7.95,4.31,132.3],[7.77,5.26,111.0]]",394.9
aMal218_TSdh_nn_116_2,5826,-1459.869,5S1,OS2,3,6,"[1_9,1_50,2_1,3_6,9_11,10_7]","[2,3]",-1,6,6,3,2,2.221,"[1.518, 1.069]",79.2,150.0,83.4,88.7,341.4,91.3,0,0,"[[7.41,4.71,114.7],[7.67,3.64,146.4],[8.67,6.29,107.3],[6.4,1.07,164.7],[7.84,3.78,146.1],[7.76,4.59,122.9]]","[[[3, 3],'H_O',1.518,'OH'],[[6, 6],'C_O',2.221,'CO']]",[],5S1,OS2,3,6,"[1_9,1_50,2_1,3_6,9_11,10_7,11_13]","[2,3]",7,2,2.218,"[1.508, 1.077]",81.9,117.3,85.0,89.8,336.9,91.2,"[[7.75,3.57,150.8],[8.33,4.67,129.9],[8.39,5.92,109.0],[6.38,1.08,165.7],[7.95,3.95,142.7],[8.0,5.0,118.9],[8.64,5.33,122.2]]",412.7
aMal346_TSdh_nn_279_0,4199,-1459.8876,2SO,OS2,1,2,"[3_2,9_11,10_7,13_7]","[1,0]",-1,2,4,1,2,2.358,"[1.835, 0.956]",76.9,60.0,157.2,89.3,339.1,91.1,0,0,"[[8.61,5.47,119.2],[7.99,3.88,146.3],[7.9,4.78,121.4],[7.64,5.87,100.4]]","[[[1, 1],'H_O',1.835,'OH'],[[2, 2],'C_O',2.358,'CO']]",[],25B,OS2,1,2,"[9_11,10_7]","[1,9,0,50]",2,4,2.245,"[1.761, 0.964]",126.4,53.5,106.1,98.5,332.5,95.7,"[[7.53,3.64,142.5],[8.23,5.64,111.3]]",363.9
aMal17_TSdh_nn_177_1,3528,-1459.8928,5S1,3S1,1,2,"[6_3,10_7,11_50]","[1,9,0,50]",-1,2,3,1,4,2.239,"[1.808, 0.958]",92.6,45.0,104.5,99.7,23.0,89.6,0,0,"[[8.95,5.09,132.3],[8.31,5.21,119.6],[8.29,4.31,139.7]]","[[[1, 1],'H_O',1.808,'OH'],[[2, 2],'C_O',2.239,'CO']]",[],5S1,3S1,1,2,"[6_3,10_7]","[1,9,11,0,50]",2,5,2.228,"[1.738, 0.969]",95.3,78.3,104.5,99.8,19.1,88.3,"[[8.54,4.63,135.9],[8.35,5.32,118.3]]",350.2
aMal66_TSdh_nn_301_0,2815,-1459.8989,5S1,2SO,1,2,"[1_2,9_50,10_11]","[1,9,0,50]",-1,2,3,1,4,2.077,"[1.512, 1.039]",82.6,60.0,101.1,98.0,160.9,85.8,0,0,"[[5.8,1.04,143.4],[6.61,4.22,111.7],[8.59,6.36,105.5]]","[[[1, 1],'H_O',1.512,'OH'],[[2, 2],'C_O',2.077,'CO']]",[],5S1,B3O,1,2,"[1_2,6_3,9_10]","[1,9,0,50]",3,4,2.086,"[1.427, 1.089]",77.1,54.0,105.4,99.9,166.4,87.8,"[[5.65,1.09,147.9],[6.89,4.7,107.5],[7.2,4.74,111.3]]",334.2
aMal287_TSdh_nn_098_0,5050,-1459.8791,4C1,OS2,2,3,"[9_50,10_7,11_9]","[1,2]",-1,3,3,0,2,2.197,"[3.333, 0.932]",71.8,30.0,232.6,6.5,335.9,91.4,0,0,"[[6.65,4.2,112.5],[8.04,4.95,120.4],[8.07,4.43,131.7]]","[[[2, 2],'H_O',3.333,'OH'],[[3, 3],'C_O',2.197,'CO']]",[],4C1,OS2,2,3,"[10_7,11_9]","[1,2]",2,2,2.4019999999999997,"[2.25, 0.938]",76.9,41.4,132.8,11.5,333.4,89.8,"[[8.09,5.22,116.1],[8.39,4.8,129.1]]",386.2
aMal454_TSdh_nn_072_0,1101,-1459.9139,5S1,3S1,1,2,"[1_2,9_11,10_7,11_50]","[1,9,0,50]",-1,2,4,1,4,2.104,"[1.477, 1.059]",77.0,60.0,101.5,97.8,20.2,92.0,0,0,"[[5.8,1.06,147.4],[8.29,4.66,130.2],[8.01,4.95,119.7],[8.07,4.35,133.9]]","[[[1, 1],'H_O',1.477,'OH'],[[2, 2],'C_O',2.104,'CO']]",[],25B,OS2,1,2,"[1_2,6_3,9_11,10_7]","[1,9,0,50]",4,4,2.103,"[1.394, 1.116]",127.6,53.3,110.7,101.8,332.5,93.0,"[[5.64,1.12,151.1],[6.77,4.3,112.3],[7.73,3.89,139.5],[8.17,5.23,117.1]]",294.8
aMal301_TSdh_nn_356_2,2965,-1459.8972,E3,1C4,-1,-1,"[2_1,9_50,10_13,11_9]","[1,2,3]",-1,1,4,3,3,2.511,"[0, 0]",57.3,135.0,179.2,49.3,282.4,170.2,0,0,"[[5.42,1.66,150.2],[7.28,4.77,112.0],[7.61,3.34,161.1],[7.83,3.95,139.8]]","[[[1, 1],'C_O',2.511,'CO']]",[],2H3,1C4,-1,-1,"[2_1,9_50,10_13,11_9]","[1,2,3]",4,3,2.588,"[0, 0]",150.1,57.7,152.0,70.1,294.0,169.5,"[[5.51,1.75,151.1],[7.3,5.28,104.4],[7.66,3.36,161.4],[7.81,3.97,138.9]]",338.7
aMal314_TSdh_nn_073_1,3760,-1459.8909,1S3,1C4,3,2,"[1_2,9_11]","[3,50]",3,2,2,0,2,2.136,"[2.377, 0.941]",166.4,150.0,197.5,75.2,253.1,164.6,0,0,"[[7.75,5.56,106.0],[8.38,4.59,133.5]]","[[[3, 4],'C_C',1.726,'bb'],[[2, 2],'C_O',2.136,'CO'],[[3, 3],'H_O',2.377,'OH']]",[],B3O,1C4,3,2,"[1_2,9_11,13_10]","[3,9,50]",3,3,2.205,"[2.07, 0.952]",181.2,101.0,185.1,77.8,263.2,176.5,"[[7.94,4.99,117.9],[7.43,3.64,140.1],[7.5,3.68,141.3]]",355.2
aMal474_TSdh_nn_001_1,296,-1459.9316,3H4,OS2,2,1,"[2_1,9_50,10_7,11_9]","[1,2,50]",-1,1,4,1,3,2.267,"[1.282, 1.257]",167.5,165.0,33.3,120.5,340.9,95.6,0,0,"[[5.43,1.26,151.8],[6.53,4.04,113.6],[7.91,5.25,112.9],[7.65,3.99,134.9]]","[[[1, 1],'C_O',2.267,'CO'],[[2, 2],'H_O',1.282,'OH']]",[],3E,1C4,2,1,"[2_1,9_11,10_13]","[1,2,9,50]",3,4,2.303,"[1.314, 1.212]",144.9,70.7,8.3,121.9,282.4,168.5,"[[5.48,1.21,151.4],[7.62,3.67,143.7],[7.54,3.3,160.0]]",248.4
aMal245_TSdh_nn_093_1,4891,-1459.8811,B3O,3S1,3,2,"[2_1,9_11,13_10]","[3,50]",3,2,3,1,2,2.039,"[2.819, 0.933]",276.4,135.0,168.2,75.7,15.3,89.9,0,0,"[[6.8,4.34,112.3],[8.62,5.54,118.2],[7.92,4.05,138.9]]","[[[3, 4],'C_C',1.832,'bb'],[[2, 2],'C_O',2.039,'CO'],[[3, 3],'H_O',2.819,'OH']]",[],1S3,OS2,3,2,"[2_1,9_11]","[3,13,7]",2,3,2.025,"[2.863, 0.931]",308.2,126.4,196.7,73.5,331.4,91.4,"[[6.51,3.86,116.6],[8.78,4.59,142.0]]",381.0
aMal319_TSdh_nn_277_0,3977,-1459.8892,OS2,3S1,1,2,"[2_50,9_11,10_13,10_7,11_50]","[1,6,0]",-1,2,5,3,3,1.98,"[2.929, 0.933]",87.3,45.0,340.6,84.4,20.7,91.4,0,0,"[[7.34,3.66,137.2],[8.63,5.05,127.8],[7.69,3.95,136.8],[8.79,5.93,114.1],[8.15,4.27,137.7]]","[[[1, 1],'H_O',2.929,'OH'],[[2, 2],'C_O',1.98,'CO']]",[],OS2,5S1,1,2,"[2_9,2_50,10_13,11_50]","[1,6,0]",4,3,1.99,"[2.99, 0.926]",73.1,80.7,338.2,82.9,82.1,86.8,"[[7.93,3.5,160.9],[8.09,5.49,110.9],[7.93,3.96,142.2],[7.81,3.79,145.4]]",359.7
aMal79_TSdh_nn_302_2,2597,-1459.9005,E1,5S1,1,2,"[2_3,9_50,13_10]","[1,11,50]",-1,2,3,1,3,1.886,"[2.964, 0.935]",115.1,120.0,56.5,54.7,85.6,85.9,0,0,"[[8.38,6.41,102.1],[7.87,5.26,112.3],[8.11,4.02,144.6]]","[[[1, 1],'H_O',2.964,'OH'],[[2, 2],'C_O',1.886,'CO']]",[],E1,5S1,1,2,"[2_3,3_9,13_10]","[1,11,50]",3,3,1.889,"[3.021, 0.935]",122.5,150.5,57.6,49.5,93.4,83.3,"[[7.74,5.05,113.5],[8.03,3.68,156.2],[8.71,5.25,124.9]]",330.0
aMal97_TSdh_nn_050_0,2954,-1459.8973,4C1,1C4,3,2,"[2_1,11_9,11_7,13_10]","[3,9,50]",3,2,4,0,3,2.077,"[3.074, 0.932]",277.2,60.0,189.2,13.7,144.5,178.8,0,0,"[[8.05,5.93,104.6],[7.92,4.7,123.2],[8.53,6.37,104.6],[8.44,4.64,133.8]]","[[[3, 4],'C_C',1.808,'bb'],[[2, 2],'C_O',2.077,'CO'],[[3, 3],'H_O',3.074,'OH']]",[],4C1,1C4,3,2,"[2_1,9_11,13_10]","[3,9,7,50]",3,4,2.045,"[2.674, 0.938]",277.8,80.5,195.4,15.5,269.2,172.8,"[[8.38,6.26,104.2],[7.05,3.67,131.4],[8.46,4.79,130.4]]",338.4
aMal466_TSdh_nn_260_0,3739,-1459.8912,4E,3S1,2,1,"[2_1,9_11,11_50]","[1,2]",-1,1,3,2,2,2.378,"[1.216, 1.376]",55.8,45.0,229.3,41.4,26.1,93.0,0,0,"[[5.41,1.38,153.5],[8.68,4.99,129.7],[7.76,4.05,135.6]]","[[[1, 1],'C_O',2.378,'CO'],[[2, 2],'H_O',1.216,'OH']]",[],E3,3S1,-1,-1,"[2_1,9_11,9_50]","[1,2,3]",3,3,2.532,"[0, 0]",81.9,50.2,183.1,48.0,22.1,94.8,"[[5.51,1.86,148.1],[8.94,5.62,121.4],[6.53,4.75,101.6]]",354.4
aMal477_TSdh_nn_181_1,6150,-1459.8638,1HO,5S1,1,2,"[2_50,10_13,11_50]","[1,2,0]",-1,2,3,3,3,2.274,"[3.547, 0.93]",163.0,150.0,191.8,153.0,83.2,92.2,0,0,"[[7.54,3.53,146.4],[8.69,4.28,150.6],[7.59,3.58,147.2]]","[[[1, 1],'H_O',3.547,'OH'],[[2, 2],'C_O',2.274,'CO']]",[],1HO,5S1,1,2,"[2_11,2_50,10_13]","[1,2,0]",3,3,2.271,"[3.396, 0.927]",163.6,107.3,194.9,150.8,87.9,80.0,"[[7.49,3.53,144.2],[8.21,4.87,123.4],[8.46,4.5,137.6]]",426.4
aMal301_TSdh_nn_093_0,3691,-1459.8916,B3O,1C4,3,2,"[2_1,9_3,9_50,10_13,11_9]","[3,9,50]",3,2,5,3,3,2.039,"[2.819, 0.933]",276.4,15.0,168.2,75.7,282.4,170.2,0,0,"[[6.8,4.34,112.3],[7.75,3.68,148.1],[7.28,4.77,112.0],[7.61,3.34,161.1],[7.83,3.95,139.8]]","[[[3, 4],'C_C',1.832,'bb'],[[2, 2],'C_O',2.039,'CO'],[[3, 3],'H_O',2.819,'OH']]",[],B3O,1C4,3,2,"[2_1,9_11,10_13]","[3,9,50]",3,3,2.049,"[2.526, 0.938]",261.1,56.3,170.6,75.4,272.8,168.8,"[[7.04,4.56,112.0],[7.4,3.52,143.4],[7.59,3.33,160.2]]",353.4
aMal435_TSdh_nn_273_1,4221,-1459.8874,4C1,5S1,1,2,"[11_50,13_10]","[1,6]",-1,2,2,2,2,2.056,"[2.33, 0.946]",69.4,30.0,28.6,16.3,86.3,86.3,0,0,"[[7.82,3.85,143.0],[8.05,4.01,143.1]]","[[[1, 1],'H_O',2.33,'OH'],[[2, 2],'C_O',2.056,'CO']]",[],4C1,5S1,1,2,"[3_2,9_3,11_50,13_10]","[1,6]",4,2,2.062,"[2.317, 0.947]",95.4,100.0,25.9,16.6,86.8,88.6,"[[8.81,6.07,112.5],[9.44,6.41,115.5],[7.86,3.8,146.4],[8.05,4.13,139.7]]",364.4
aMal458_TSdh_nn_273_2,3090,-1459.8961,4C1,OS2,1,2,"[9_50,11_9]","[1,6]",-1,2,2,0,2,2.056,"[2.33, 0.946]",69.4,135.0,28.6,16.3,331.0,91.8,0,0,"[[6.7,4.18,113.6],[8.47,4.86,129.2]]","[[[1, 1],'H_O',2.33,'OH'],[[2, 2],'C_O',2.056,'CO']]",[],4C1,OS2,1,2,"[9_50,11_9]","[1,6]",2,2,2.063,"[2.304, 0.947]",111.2,64.7,27.2,16.7,326.9,93.0,"[[6.94,4.94,104.5],[8.58,5.04,127.0]]",341.6
aMal359_TSdh_nn_272_1,4447,-1459.8857,4C1,B3O,1,2,"[9_10,11_10]",[1],-1,2,2,0,1,1.98,"[3.943, 0.946]",288.7,15.0,54.5,20.9,167.9,87.3,0,0,"[[7.73,5.04,114.0],[8.73,6.49,105.6]]","[[[1, 1],'H_O',3.943,'OH'],[[2, 2],'C_O',1.98,'CO']]",[],E1,2SO,1,2,"[3_9,9_10]","[1,11]",2,2,1.915,"[3.828, 0.953]",296.5,331.7,53.4,23.2,160.8,97.7,"[[7.75,3.6,150.7],[8.13,6.05,104.0]]",368.9
aMal259_TSdh_nn_290_2,1299,-1459.9119,E1,5S1,1,2,[9_50],"[1,11,50]",-1,2,1,0,3,1.9369999999999998,"[2.298, 0.945]",97.3,105.0,56.6,59.7,83.3,89.3,0,0,"[[7.67,5.02,113.5]]","[[[1, 1],'H_O',2.298,'OH'],[[2, 2],'C_O',1.937,'CO']]",[],E1,3S1,1,2,[3_6],"[1,9,11,50]",1,4,1.943,"[2.312, 0.943]",95.6,70.8,50.7,69.3,24.7,87.9,"[[8.21,3.95,149.4]]",300.1
aMal269_TSdh_nn_165_1,1976,-1459.9062,E1,OS2,1,2,"[9_11,11_13]","[1,50]",-1,2,2,1,2,1.9340000000000002,"[2.2, 0.948]",96.2,0.0,50.0,66.0,332.1,91.0,0,0,"[[8.34,4.2,144.0],[8.31,4.76,128.3]]","[[[1, 1],'H_O',2.2,'OH'],[[2, 2],'C_O',1.934,'CO']]",[],E1,OS2,1,2,"[2_3,9_11,11_13]","[1,9,50]",3,3,1.868,"[2.908, 0.936]",147.0,50.0,59.5,54.8,327.2,94.6,"[[8.03,5.76,106.6],[7.84,3.91,140.8],[8.2,4.79,125.8]]",315.1
aMal223_TSdh_nn_072_1,2274,-1459.9038,5S1,3S1,1,2,"[1_2,10_13,11_50]","[1,9,0,50]",-1,2,3,3,4,2.104,"[1.477, 1.059]",77.0,45.0,101.5,97.8,31.6,86.2,0,0,"[[5.8,1.06,147.4],[7.98,3.54,164.2],[8.17,4.12,143.0]]","[[[1, 1],'H_O',1.477,'OH'],[[2, 2],'C_O',2.104,'CO']]",[],5S1,5S1,1,2,"[1_2,10_13,11_50]","[1,9,0,50]",3,4,2.119,"[1.434, 1.091]",59.1,42.4,102.2,99.2,82.1,88.2,"[[5.75,1.09,150.2],[7.85,3.9,142.3],[8.27,4.23,142.0]]",321.4
aMal223_TSdh_nn_064_1,5695,-1459.8708,5S1,3S1,3,6,"[1_50,2_1,3_6,10_13,11_50]","[2,3]",-1,6,5,4,2,2.206,"[1.495, 1.082]",163.5,165.0,83.9,89.5,31.6,86.2,0,0,"[[7.55,3.58,145.7],[8.61,6.22,107.6],[6.32,1.08,164.9],[7.98,3.54,164.2],[8.17,4.12,143.0]]","[[[3, 3],'H_O',1.495,'OH'],[[6, 6],'C_O',2.206,'CO']]",[],5S1,5S1,3,6,"[1_50,2_1,3_6,10_13,11_50]","[2,3]",5,2,2.2230000000000003,"[1.507, 1.071]",188.8,180.0,86.9,90.4,85.1,82.6,"[[7.71,3.7,145.0],[8.34,5.85,109.5],[6.37,1.07,166.1],[8.14,4.15,140.8],[8.0,4.02,142.3]]",408.0
aMal192_TSdh_nn_025_0,125,-1459.9373,3E,OS2,2,1,"[2_1,9_50,11_13]","[1,2,9,50]",-1,1,3,1,4,2.296,"[1.327, 1.192]",151.5,90.0,11.7,115.1,319.8,89.0,0,0,"[[5.5,1.19,151.4],[6.77,4.29,112.7],[7.93,4.24,134.0]]","[[[1, 1],'C_O',2.296,'CO'],[[2, 2],'H_O',1.327,'OH']]",[],3E,3S1,2,1,"[2_1,11_1]","[2,9,11,50]",2,4,2.3369999999999997,"[1.375, 1.143]",159.3,80.0,13.2,119.8,28.1,89.8,"[[5.78,1.14,159.1],[7.45,3.33,152.8]]",233.4
aMal206_TSdh_nn_073_1,4041,-1459.8887,1S3,5S1,3,2,"[1_2,11_50]","[3,11,50]",3,2,2,1,3,2.136,"[2.377, 0.941]",166.4,120.0,197.5,75.2,87.4,86.8,0,0,"[[7.75,5.56,106.0],[7.91,3.94,142.3]]","[[[3, 4],'C_C',1.726,'bb'],[[2, 2],'C_O',2.136,'CO'],[[3, 3],'H_O',2.377,'OH']]",[],B3O,3S1,3,2,[1_2],"[3,9,11,50]",1,4,2.177,"[2.065, 0.955]",178.5,90.4,189.2,77.0,24.3,88.2,"[[7.95,5.01,117.6]]",361.0
aMal97_TSdh_nn_344_1,4176,-1459.8879,E1,1C4,1,2,"[3_6,11_9,11_7,13_10]","[1,50]",-1,2,4,1,2,1.9069999999999998,"[2.864, 0.935]",99.5,315.0,63.3,67.1,144.5,178.8,0,0,"[[8.44,4.41,139.4],[7.92,4.7,123.2],[8.53,6.37,104.6],[8.44,4.64,133.8]]","[[[1, 1],'H_O',2.864,'OH'],[[2, 2],'C_O',1.907,'CO']]",[],E1,1C4,1,2,"[2_3,3_6,9_11,13_10]","[1,50]",4,2,1.923,"[2.898, 0.936]",111.1,314.9,69.8,68.2,13.2,176.6,"[[8.54,6.2,106.8],[8.32,4.38,137.7],[7.33,3.54,141.4],[8.65,5.05,128.1]]",363.1
aMal241_TSdh_nn_187_0,2434,-1459.9022,3S1,5S1,-1,-1,"[1_2,3_6,3_0,11_50]","[1,2,50]",-1,2,4,3,3,2.253,"[0, 0]",93.2,60.0,25.9,79.2,85.9,84.4,0,0,"[[5.52,1.83,150.5],[7.37,3.27,150.3],[6.94,4.85,104.7],[7.8,3.83,143.6]]","[[[2, 2],'C_O',2.253,'CO']]",[],3S1,5S1,-1,-1,"[1_2,3_6,3_0,10_13]","[1,2,9,50]",4,4,2.249,"[0, 0]",63.6,31.6,27.3,82.1,87.7,82.6,"[[5.56,1.84,152.5],[7.12,3.05,152.6],[7.07,5.02,103.7],[8.26,4.3,139.0]]",325.6
aMal339_TSdh_nn_161_1,1359,-1459.9116,3E,OS2,2,1,"[2_1,3_6,9_11,11_13]","[1,2,50]",-1,1,4,3,3,2.383,"[1.275, 1.264]",96.8,-0.0,352.5,109.1,331.6,90.9,0,0,"[[5.46,1.26,153.5],[7.98,3.87,146.5],[8.46,4.31,143.2],[8.27,4.72,128.6]]","[[[1, 1],'C_O',2.383,'CO'],[[2, 2],'H_O',1.275,'OH']]",[],3E,OS2,2,1,"[2_1,3_6,9_11,11_13]","[1,2,50]",4,3,2.35,"[1.27, 1.276]",118.6,308.8,8.2,119.6,320.9,98.7,"[[5.43,1.28,152.5],[7.61,3.32,161.8],[8.36,4.35,139.4],[8.35,4.98,124.3]]",300.9
aMal447_TSdh_nn_181_1,3386,-1459.8939,1HO,4C1,1,2,"[2_50,9_50,10_11]","[1,2,0]",-1,2,3,1,3,2.274,"[3.547, 0.93]",163.0,135.0,191.8,153.0,284.5,2.6,0,0,"[[7.54,3.53,146.4],[7.38,5.17,107.0],[8.1,5.68,109.0]]","[[[1, 1],'H_O',3.547,'OH'],[[2, 2],'C_O',2.274,'CO']]",[],1C4,4C1,1,2,"[2_50,9_10,10_11,13_7]","[1,13,0]",4,3,1.931,"[3.865, 0.931]",176.2,86.4,81.5,158.8,286.6,3.9,"[[6.67,3.0,142.8],[8.0,6.07,102.2],[8.5,6.36,104.4],[7.9,5.92,102.9]]",347.4
aMal368_TSdh_nn_181_2,6475,-1459.8496,1HO,2SO,1,2,"[2_50,9_50,10_11]","[1,2,0]",-1,2,3,1,3,2.274,"[3.547, 0.93]",163.0,150.0,191.8,153.0,159.4,81.8,0,0,"[[7.54,3.53,146.4],[6.71,4.44,109.2],[8.45,6.15,106.7]]","[[[1, 1],'H_O',3.547,'OH'],[[2, 2],'C_O',2.274,'CO']]",[],1HO,2SO,1,2,"[2_50,9_10]","[1,2,0]",2,3,2.285,"[3.573, 0.928]",132.1,157.4,193.5,155.7,162.3,84.6,"[[7.32,3.31,149.0],[7.28,4.83,110.8]]",463.7
aMal208_TSdh_nn_001_2,585,-1459.924,3H4,1C4,2,1,"[2_1,10_13,11_9]","[1,2,50]",-1,1,3,1,3,2.267,"[1.282, 1.257]",167.5,195.0,33.3,120.5,80.2,179.3,0,0,"[[5.43,1.26,151.8],[9.34,5.67,126.6],[7.9,4.36,130.3]]","[[[1, 1],'C_O',2.267,'CO'],[[2, 2],'H_O',1.282,'OH']]",[],3E,1C4,2,1,"[2_1,10_13,11_9]","[1,2,9,50]",3,4,2.303,"[1.311, 1.216]",155.3,84.5,9.2,121.5,254.6,172.5,"[[5.48,1.22,151.5],[7.57,3.33,159.5],[8.34,5.03,123.5]]",268.3
aMal80_TSdh_nn_073_1,4413,-1459.8859,1S3,5S1,3,2,"[1_2,9_50,11_50]","[3,11,50]",3,2,3,1,3,2.136,"[2.377, 0.941]",166.4,120.0,197.5,75.2,87.4,90.1,0,0,"[[7.75,5.56,106.0],[7.63,5.32,108.0],[7.99,3.9,146.0]]","[[[3, 4],'C_C',1.726,'bb'],[[2, 2],'C_O',2.136,'CO'],[[3, 3],'H_O',2.377,'OH']]",[],B3O,3S1,3,2,[1_2],"[3,9,11,50]",1,4,2.161,"[2.084, 0.954]",180.7,86.3,190.1,76.8,23.3,89.1,"[[7.9,5.12,115.0]]",368.4
aMal269_TSdh_nn_001_0,333,-1459.9309,3H4,OS2,2,1,"[2_1,9_11,11_13]","[1,2,9,50]",-1,1,3,2,4,2.267,"[1.282, 1.257]",167.5,60.0,33.3,120.5,332.1,91.0,0,0,"[[5.43,1.26,151.8],[8.34,4.2,144.0],[8.31,4.76,128.3]]","[[[1, 1],'C_O',2.267,'CO'],[[2, 2],'H_O',1.282,'OH']]",[],3E,OS2,2,1,"[2_1,9_11,11_13]","[1,2,9,50]",3,4,2.316,"[1.382, 1.131]",145.9,53.3,354.6,111.6,328.4,94.5,"[[5.62,1.13,151.4],[7.89,3.91,142.2],[8.3,4.89,125.3]]",250.2
aMal79_TSdh_nn_344_2,2103,-1459.905,E1,5S1,1,2,"[3_6,9_50,13_10]","[1,11,50]",-1,2,3,2,3,1.9069999999999998,"[2.864, 0.935]",99.5,105.0,63.3,67.1,85.6,85.9,0,0,"[[8.44,4.41,139.4],[7.87,5.26,112.3],[8.11,4.02,144.6]]","[[[1, 1],'H_O',2.864,'OH'],[[2, 2],'C_O',1.907,'CO']]",[],B14,5S1,1,2,"[3_6,9_1,9_50,13_10]","[1,11,50]",4,3,1.959,"[2.912, 0.954]",60.4,114.5,51.3,72.7,91.2,95.4,"[[7.7,3.52,152.6],[7.09,2.8,171.2],[7.49,5.58,101.3],[7.93,4.27,133.3]]",318.2
aMal319_TSdh_nn_094_1,1868,-1459.9071,E1,3S1,1,2,"[3_9,9_11,10_13,10_7,11_50]","[1,11,50]",-1,2,5,2,3,1.9380000000000002,"[2.459, 0.941]",103.5,150.0,51.0,61.3,20.7,91.4,0,0,"[[7.91,5.42,110.4],[8.63,5.05,127.8],[7.69,3.95,136.8],[8.79,5.93,114.1],[8.15,4.27,137.7]]","[[[1, 1],'H_O',2.459,'OH'],[[2, 2],'C_O',1.938,'CO']]",[],E1,5S1,1,2,"[2_3,3_9,10_13]","[1,11,50]",3,3,1.8619999999999999,"[3.85, 0.934]",120.5,142.4,56.7,50.3,90.0,82.3,"[[7.41,4.71,114.6],[8.15,3.79,155.0],[8.31,4.37,138.2]]",312.7
aMal270_TSdh_nn_047_1,6159,-1459.8637,1C4,3S1,-1,-1,"[1_2,2_50,3_6,9_11,10_7,11_50]","[3,6]",-1,6,6,2,2,2.2969999999999997,"[0, 0]",163.1,165.0,56.6,173.5,19.2,92.4,0,0,"[[7.16,4.51,114.5],[7.56,3.85,137.2],[5.8,1.97,155.7],[7.96,4.34,131.9],[8.07,5.01,119.6],[8.35,4.95,125.1]]","[[[6, 6],'C_O',2.297,'CO']]",[],1C4,OS2,-1,-1,"[1_2,2_50,3_6,9_11,10_7,11_13]","[3,6]",6,2,2.306,"[0, 0]",135.0,183.8,13.9,173.4,337.5,91.5,"[[7.14,4.49,114.6],[7.46,3.68,140.0],[6.01,2.2,153.0],[7.82,3.79,144.8],[7.97,5.02,118.0],[8.62,5.28,122.7]]",426.6
aMal223_TSdh_nn_165_0,2025,-1459.9057,E1,3S1,1,2,"[10_13,11_50]","[1,11,50]",-1,2,2,2,3,1.9340000000000002,"[2.2, 0.948]",96.2,60.0,50.0,66.0,31.6,86.2,0,0,"[[7.98,3.54,164.2],[8.17,4.12,143.0]]","[[[1, 1],'H_O',2.2,'OH'],[[2, 2],'C_O',1.934,'CO']]",[],E1,3S1,1,2,"[2_3,6_0,10_13]","[1,9,11,50]",3,4,1.8659999999999999,"[2.812, 0.938]",113.6,69.3,56.8,55.6,19.5,88.5,"[[8.42,6.31,104.0],[8.07,6.25,100.7],[7.69,3.44,156.8]]",316.4
aMal43_TSdh_nn_301_1,2170,-1459.9044,5S1,3S1,1,2,"[1_2,9_50]","[1,0,50]",-1,2,2,1,3,2.077,"[1.512, 1.039]",82.6,45.0,101.1,98.0,31.8,88.7,0,0,"[[5.8,1.04,143.4],[7.22,4.32,119.3]]","[[[1, 1],'H_O',1.512,'OH'],[[2, 2],'C_O',2.077,'CO']]",[],5S1,3S1,1,2,[1_2],"[1,9,11,0,50]",1,5,2.0909999999999997,"[1.451, 1.079]",90.2,69.4,98.6,97.3,22.8,89.2,"[[5.72,1.08,147.1]]",319.8
aMal85_TSdh_nn_290_2,1998,-1459.906,E1,OS2,1,2,"[9_11,10_7,13_7]","[1,50]",-1,2,3,1,2,1.9369999999999998,"[2.298, 0.945]",97.3,180.0,56.6,59.7,339.1,91.0,0,0,"[[8.03,3.92,146.1],[7.81,4.66,122.3],[7.83,5.51,107.9]]","[[[1, 1],'H_O',2.298,'OH'],[[2, 2],'C_O',1.937,'CO']]",[],E1,OS2,1,2,"[2_3,3_9,9_11,10_7]","[1,13,50]",4,3,1.876,"[2.999, 0.935]",123.4,176.4,58.6,54.5,335.1,90.5,"[[7.94,5.35,111.6],[8.08,4.02,143.5],[8.2,4.1,143.8],[7.93,4.94,118.8]]",315.6
aMal218_TSdh_nn_025_1,1590,-1459.9096,3E,OS2,2,1,"[2_1,9_11,10_7]","[1,2,50]",-1,1,3,2,3,2.296,"[1.327, 1.192]",151.5,180.0,11.7,115.1,341.4,91.3,0,0,"[[5.5,1.19,151.4],[7.84,3.78,146.1],[7.76,4.59,122.9]]","[[[1, 1],'C_O',2.296,'CO'],[[2, 2],'H_O',1.327,'OH']]",[],3E,OS2,2,1,"[2_1,9_11,10_7,11_13]","[1,2,7,50]",4,4,2.384,"[1.286, 1.25]",133.7,191.4,8.7,118.8,329.5,94.3,"[[5.49,1.25,153.9],[8.05,4.15,138.9],[8.53,5.76,113.5],[8.4,5.09,123.0]]",306.1
aMal77_TSdh_nn_273_0,3434,-1459.8934,4C1,1C4,1,2,"[9_11,13_3,13_7]","[1,6]",-1,2,3,1,2,2.056,"[2.33, 0.946]",69.4,60.0,28.6,16.3,235.8,174.2,0,0,"[[7.9,4.06,138.3],[7.77,5.08,114.0],[7.77,5.26,111.0]]","[[[1, 1],'H_O',2.33,'OH'],[[2, 2],'C_O',2.056,'CO']]",[],4C1,1C4,1,2,"[3_2,9_11,13_3]","[1,6]",3,2,2.069,"[2.252, 0.949]",81.6,45.1,26.1,16.7,242.8,172.6,"[[8.78,6.36,107.8],[7.8,3.99,138.1],[8.85,4.16,163.3]]",348.7
aMal128_TSdh_nn_344_0,1651,-1459.9089999999999,E1,OS2,1,2,"[3_6,9_11,10_7]","[1,9,50]",-1,2,3,2,3,1.9069999999999998,"[2.864, 0.935]",99.5,60.0,63.3,67.1,339.0,90.9,0,0,"[[8.44,4.41,139.4],[8.05,3.93,146.3],[7.78,4.61,122.8]]","[[[1, 1],'H_O',2.864,'OH'],[[2, 2],'C_O',1.907,'CO']]",[],E1,OS2,1,2,"[2_3,3_6,9_11,10_7]","[1,9,50]",4,3,1.899,"[2.838, 0.937]",129.4,56.0,69.3,68.0,333.8,93.0,"[[8.66,6.41,105.6],[8.3,4.35,138.1],[7.66,3.72,143.1],[8.11,5.13,118.0]]",307.7
aMal88_TSdh_nn_161_2,243,-1459.9334,3E,5S1,2,1,"[2_1,3_6,13_10]","[1,2,11,50]",-1,1,3,3,4,2.383,"[1.275, 1.264]",96.8,135.0,352.5,109.1,86.2,88.4,0,0,"[[5.46,1.26,153.5],[7.98,3.87,146.5],[8.96,4.75,141.2]]","[[[1, 1],'C_O',2.383,'CO'],[[2, 2],'H_O',1.275,'OH']]",[],3E,3S1,2,1,"[2_1,3_6,11_1,13_10]","[2,9,11,50]",4,4,2.4,"[1.356, 1.173]",158.5,69.0,352.1,109.2,42.5,96.6,"[[5.79,1.17,161.2],[7.92,3.65,154.0],[7.27,3.19,153.3],[9.02,5.67,122.0]]",243.6
aMal118_TSdh_nn_187_1,5099,-1459.8786,3S1,1S5,-1,-1,"[1_2,3_6,3_0,9_50,13_7]","[1,2,50]",-1,2,5,2,3,2.253,"[0, 0]",93.2,330.0,25.9,79.2,276.6,86.0,0,0,"[[5.52,1.83,150.5],[7.37,3.27,150.3],[6.94,4.85,104.7],[7.34,4.88,111.1],[8.28,6.33,102.2]]","[[[2, 2],'C_O',2.253,'CO']]",[],3S1,1S5,-1,-1,"[1_2,3_6,3_0]","[1,2,50]",3,3,2.235,"[0, 0]",104.9,316.2,29.4,80.6,269.2,84.0,"[[5.54,1.92,148.6],[6.85,2.76,158.3],[7.26,5.36,101.1]]",387.5
aMal406_TSdh_nn_015_2,795,-1459.9182,3OB,3OB,3,2,"[2_1,9_11,10_7]","[3,6,0]",-1,2,3,0,3,1.87,"[3.851, 0.954]",85.4,90.0,348.1,87.3,14.7,90.7,0,0,"[[6.28,3.81,113.8],[8.25,5.02,122.1],[7.79,4.69,121.3]]","[[[2, 2],'C_O',1.87,'CO'],[[3, 3],'H_O',3.851,'OH']]",[],3OB,OS2,3,2,"[2_1,9_11,10_7]","[3,6,0]",3,3,1.895,"[3.991, 0.964]",152.3,61.6,353.4,88.4,333.4,92.6,"[[6.35,3.74,116.6],[8.06,4.1,140.5],[8.22,5.17,119.0]]",283.6
aMal227_TSdh_nn_280_0,1619,-1459.9094,4C1,1S3,1,2,"[2_3,10_11,13_11]","[1,13]",-1,2,3,0,2,2.009,"[2.985, 0.93]",291.1,60.0,53.7,20.2,211.3,88.6,0,0,"[[7.15,4.52,114.2],[7.9,5.44,109.9],[8.72,5.09,128.5]]","[[[1, 1],'H_O',2.985,'OH'],[[2, 2],'C_O',2.009,'CO']]",[],E1,OS2,1,2,"[2_3,9_50,11_9]","[1,13,7]",3,3,1.9080000000000001,"[2.958, 0.933]",268.7,66.3,54.9,30.1,326.5,93.6,"[[7.19,4.54,114.3],[7.17,5.39,101.0],[8.52,5.02,126.4]]",306.7
aMal400_TSdh_nn_123_2,5327,-1459.8758,2SO,3S1,2,3,"[3_9,9_11,10_7,13_7]","[1,2]",1,3,4,0,2,2.13,"[2.158, 0.95]",86.8,135.0,157.0,79.2,15.1,90.7,0,0,"[[5.97,4.2,102.3],[8.27,5.03,122.2],[7.93,4.83,120.7],[7.48,5.23,107.5]]","[[[1, 2],'C_C',1.768,'bb'],[[2, 2],'H_O',2.158,'OH'],[[3, 3],'C_O',2.13,'CO']]",[],2SO,3OB,2,3,"[3_9,9_11,10_7]","[1,2]",3,2,1.9869999999999999,"[2.77, 0.929]",123.3,105.7,158.1,81.4,13.9,91.8,"[[7.14,2.94,162.4],[7.61,3.89,136.7],[8.06,4.96,120.3]]",394.9
aMal464_TSdh_nn_181_1,5941,-1459.8676,1HO,OS2,1,2,"[2_50,9_50,11_13]","[1,2,0]",-1,2,3,1,3,2.274,"[3.547, 0.93]",163.0,180.0,191.8,153.0,319.0,88.7,0,0,"[[7.54,3.53,146.4],[6.78,4.36,111.8],[7.87,4.16,134.7]]","[[[1, 1],'H_O',3.547,'OH'],[[2, 2],'C_O',2.274,'CO']]",[],EO,OS2,1,2,"[2_9,2_50,9_11,11_13]","[1,2,0]",4,3,2.369,"[3.512, 0.928]",143.1,62.3,184.3,156.9,329.2,93.6,"[[8.34,3.9,153.2],[7.22,3.9,127.3],[8.18,4.2,139.9],[8.37,4.99,124.6]]",416.4
aMal4_TSdh_nn_081_2,1501,-1459.9102,5S1,3S1,1,2,"[2_3,3_6,13_7]","[1,11,0,50]",-1,0,3,1,4,2.0469999999999997,"[2.845, 0.94]",79.1,120.0,87.0,80.0,27.0,87.5,0,0,"[[6.96,4.11,118.6],[7.5,3.67,140.8],[7.42,5.1,108.8]]","[[[0, 1],'C_O',2.047,'bb'],[[1, 1],'H_O',2.845,'OH'],[[2, 2],'C_O',1.782,'CO']]",[],E1,3S1,1,2,[3_6],"[1,9,11,50]",1,4,1.9409999999999998,"[2.278, 0.944]",108.2,62.7,48.9,69.2,18.9,89.2,"[[8.28,3.98,150.0]]",304.6
aMal458_TSdh_nn_094_0,1461,-1459.9105,E1,OS2,1,2,"[9_50,11_9]","[1,9,50]",-1,2,2,0,3,1.9380000000000002,"[2.459, 0.941]",103.5,60.0,51.0,61.3,331.0,91.8,0,0,"[[6.7,4.18,113.6],[8.47,4.86,129.2]]","[[[1, 1],'H_O',2.459,'OH'],[[2, 2],'C_O',1.938,'CO']]",[],E1,OS2,1,2,"[3_6,9_11]","[1,9,50]",2,3,1.996,"[2.085, 0.952]",134.9,56.7,50.1,69.3,328.5,94.9,"[[8.18,3.9,150.9],[7.79,3.87,141.1]]",303.8
aMal203_TSdh_nn_001_0,1495,-1459.9102,3H4,3S1,2,1,"[2_1,9_50,11_50,13_7]","[1,2,11,50]",-1,1,4,2,4,2.267,"[1.282, 1.257]",167.5,150.0,33.3,120.5,34.0,88.0,0,0,"[[5.43,1.26,151.8],[7.07,4.68,110.5],[7.84,3.88,143.2],[7.39,5.25,106.0]]","[[[1, 1],'C_O',2.267,'CO'],[[2, 2],'H_O',1.282,'OH']]",[],3E,5S1,2,1,[2_1],"[1,2,11,7,50]",1,5,2.309,"[1.356, 1.165]",168.0,124.7,359.9,119.3,101.7,95.2,"[[5.54,1.17,150.1]]",304.6
aMal347_TSdh_nn_116_1,5716,-1459.8706,5S1,1C4,3,6,"[1_50,2_1,3_6,9_50,11_9]","[2,3]",-1,6,5,3,2,2.221,"[1.518, 1.069]",79.2,345.0,83.4,88.7,246.6,174.6,0,0,"[[7.67,3.64,146.4],[8.67,6.29,107.3],[6.4,1.07,164.7],[7.33,4.82,111.8],[7.93,4.11,137.5]]","[[[3, 3],'H_O',1.518,'OH'],[[6, 6],'C_O',2.221,'CO']]",[],5S1,1C4,3,6,"[1_9,1_50,2_1,3_6,10_13,11_9]","[2,3]",6,2,2.21,"[1.476, 1.091]",159.3,53.8,85.0,91.1,281.5,175.1,"[[9.19,4.73,145.9],[7.58,3.88,135.8],[8.44,5.97,109.0],[6.28,1.09,167.3],[7.58,3.32,160.4],[8.22,4.52,132.4]]",408.5
aMal175_TSdh_nn_116_1,5091,-1459.8786,5S1,OS2,3,6,"[1_50,2_1,3_6,9_50,11_9,13_11]","[2,3]",-1,6,6,3,2,2.221,"[1.518, 1.069]",79.2,15.0,83.4,88.7,328.8,91.2,0,0,"[[7.67,3.64,146.4],[8.67,6.29,107.3],[6.4,1.07,164.7],[6.73,4.3,112.0],[8.81,5.25,126.5],[8.86,4.78,138.5]]","[[[3, 3],'H_O',1.518,'OH'],[[6, 6],'C_O',2.221,'CO']]",[],5S1,OS2,3,6,"[1_9,1_50,2_1,3_6,11_9]","[2,3]",5,2,2.2159999999999997,"[1.471, 1.088]",161.1,54.4,84.9,90.7,328.6,92.1,"[[9.34,5.01,141.0],[7.49,3.62,142.0],[8.47,6.01,108.8],[6.25,1.09,167.3],[8.82,5.28,126.1]]",387.5
aMal347_TSdh_nn_072_1,4146,-1459.8883,5S1,1C4,1,2,"[1_2,9_50,11_9]","[1,0,50]",-1,2,3,2,3,2.104,"[1.477, 1.059]",77.0,345.0,101.5,97.8,246.6,174.6,0,0,"[[5.8,1.06,147.4],[7.33,4.82,111.8],[7.93,4.11,137.5]]","[[[1, 1],'H_O',1.477,'OH'],[[2, 2],'C_O',2.104,'CO']]",[],5S1,1C4,1,2,"[1_2,10_13,11_9]","[1,0,50]",3,3,2.123,"[1.481, 1.056]",98.8,318.5,104.3,97.5,18.4,176.5,"[[5.84,1.06,148.4],[8.11,4.5,130.6],[8.04,4.67,125.8]]",362.1
aMal174_TSdh_nn_047_2,5454,-1459.8743,1C4,1C4,-1,-1,"[1_2,2_50,3_6,11_9,13_10]","[3,6]",-1,6,5,3,2,2.2969999999999997,"[0, 0]",163.1,180.0,56.6,173.5,225.9,173.7,0,0,"[[7.16,4.51,114.5],[7.56,3.85,137.2],[5.8,1.97,155.7],[8.21,4.71,127.8],[7.66,3.63,147.5]]","[[[6, 6],'C_O',2.297,'CO']]",[],1C4,1C4,-1,-1,"[1_2,2_50,3_6,11_9,13_10]","[3,6]",5,2,2.346,"[0, 0]",183.3,86.0,344.2,175.6,294.8,169.4,"[[7.43,4.87,112.4],[7.78,4.02,136.9],[5.89,2.02,155.8],[7.73,4.01,136.2],[7.96,3.94,143.5]]",398.8
aMal408_TSdh_nn_187_2,4676,-1459.8835,3S1,4C1,-1,-1,"[1_2,3_6,3_0,9_2,9_50,10_11]","[1,2,50]",-1,2,6,3,3,2.253,"[0, 0]",93.2,120.0,25.9,79.2,261.7,4.6,0,0,"[[5.52,1.83,150.5],[7.37,3.27,150.3],[6.94,4.85,104.7],[8.97,4.49,150.3],[7.32,5.11,107.2],[7.82,5.72,104.7]]","[[[2, 2],'C_O',2.253,'CO']]",[],3S1,4C1,-1,-1,"[1_2,3_6,3_0,9_2,10_11]","[1,2,50]",5,3,2.226,"[0, 0]",90.4,118.2,22.4,85.2,286.0,8.0,"[[5.74,2.08,149.7],[7.16,3.08,152.5],[7.11,5.15,102.4],[7.72,3.28,169.1],[8.05,6.08,102.7]]",374.7
aMal416_TSdh_nn_093_2,5847,-1459.8686,B3O,2SO,3,2,"[2_1,9_10]","[3,50]",3,2,2,0,2,2.039,"[2.819, 0.933]",276.4,135.0,168.2,75.7,163.1,85.6,0,0,"[[6.8,4.34,112.3],[7.36,4.89,111.2]]","[[[3, 4],'C_C',1.832,'bb'],[[2, 2],'C_O',2.039,'CO'],[[3, 3],'H_O',2.819,'OH']]",[],B3O,2SO,3,2,"[2_1,9_10]","[3,7,50]",2,3,2.063,"[2.647, 0.936]",282.8,129.6,170.3,76.0,161.3,84.3,"[[6.98,4.43,113.4],[7.3,4.85,110.9]]",413.8
aMal8_TSdh_nn_340_0,5634,-1459.8715,B3O,3S1,3,2,"[2_1,9_11,9_50]","[3,50]",3,2,3,0,2,2.023,"[2.855, 0.933]",273.9,105.0,167.4,80.7,20.8,91.4,0,0,"[[6.71,4.24,112.5],[8.73,5.63,118.3],[6.77,4.99,101.4]]","[[[3, 4],'C_C',1.846,'bb'],[[2, 2],'C_O',2.023,'CO'],[[3, 3],'H_O',2.855,'OH']]",[],2SO,3S1,3,2,"[2_1,11_50]","[3,11,13]",2,3,2.021,"[2.651, 0.934]",275.1,91.6,163.5,82.1,34.4,79.7,"[[6.85,4.26,114.4],[7.44,3.79,136.0]]",406.2
aMal194_TSdh_nn_187_1,5163,-1459.878,3S1,B3O,-1,-1,"[1_2,3_6,3_0,9_10]","[1,2,50]",-1,2,4,2,3,2.253,"[0, 0]",93.2,285.0,25.9,79.2,165.4,87.3,0,0,"[[5.52,1.83,150.5],[7.37,3.27,150.3],[6.94,4.85,104.7],[7.41,4.94,111.0]]","[[[2, 2],'C_O',2.253,'CO']]",[],3S1,B3O,-1,-1,"[1_2,3_6,3_0,9_10]","[1,2,50]",4,3,2.256,"[0, 0]",104.8,303.8,29.0,78.5,171.5,89.9,"[[5.56,1.91,149.3],[7.03,2.91,156.6],[7.15,5.21,102.0],[7.54,5.34,106.4]]",389.1
aMal462_TSdh_nn_187_2,2442,-1459.9021,3S1,5S1,-1,-1,"[1_2,3_6,3_0,13_7]","[1,2,11,50]",-1,2,4,2,4,2.253,"[0, 0]",93.2,120.0,25.9,79.2,85.4,85.5,0,0,"[[5.52,1.83,150.5],[7.37,3.27,150.3],[6.94,4.85,104.7],[7.42,4.86,112.5]]","[[[2, 2],'C_O',2.253,'CO']]",[],3S1,25B,-1,-1,"[1_2,3_6,11_2]","[1,11,7,50]",3,4,2.208,"[0, 0]",114.1,156.8,34.0,84.1,106.1,92.0,"[[5.74,1.86,157.8],[6.73,2.72,156.5],[6.61,2.6,159.4]]",325.8
aMal408_TSdh_nn_329_0,4275,-1459.8870000000006,4C1,4C1,2,3,"[9_50,10_11,13_6]","[1,2]",1,3,3,1,2,2.24,"[3.049, 0.931]",92.2,45.0,169.3,8.0,261.7,4.6,0,0,"[[7.32,5.11,107.2],[7.82,5.72,104.7],[7.1,3.55,136.6]]","[[[1, 2],'C_C',1.724,'bb'],[[2, 2],'H_O',3.049,'OH'],[[3, 3],'C_O',2.24,'CO']]",[],4C1,4C1,2,3,"[9_10,10_11,13_6]","[1,2]",3,2,2.521,"[2.035, 0.941]",78.9,59.8,135.5,9.1,269.0,6.4,"[[7.89,5.63,106.9],[8.1,6.28,100.6],[8.81,4.4,149.4]]",365.5
aMal430_TSdh_nn_321_0,4570,-1459.8845,OH5,5S1,1,2,"[3_0,10_13,11_50]","[1,6,0]",-1,2,3,2,3,2.189,"[1.661, 0.984]",82.4,75.0,336.1,66.7,84.4,91.9,0,0,"[[7.3,4.53,116.0],[8.74,4.23,153.8],[7.62,3.6,147.0]]","[[[1, 1],'H_O',1.661,'OH'],[[2, 2],'C_O',2.189,'CO']]",[],OH5,5S1,1,2,"[3_0,11_50]","[1,6,0]",2,3,2.206,"[1.616, 0.997]",122.2,75.2,333.9,68.0,89.3,87.7,"[[7.74,5.19,111.2],[7.84,4.04,137.7]]",372.0
aMal85_TSdh_nn_184_1,4246,-1459.8873,3S1,OS2,1,2,"[1_2,3_0,6_0,9_11,10_7,13_7]","[1,2,50]",-1,2,6,2,3,2.164,"[1.388, 1.126]",87.0,15.0,16.2,77.1,339.1,91.0,0,0,"[[5.53,1.13,147.3],[6.62,3.6,123.9],[7.9,6.11,100.4],[8.03,3.92,146.1],[7.81,4.66,122.3],[7.83,5.51,107.9]]","[[[1, 1],'H_O',1.388,'OH'],[[2, 2],'C_O',2.164,'CO']]",[],3S1,OS2,1,2,"[1_2,3_0,6_0,9_11,10_7]","[1,2,9,50]",5,4,2.168,"[1.408, 1.104]",97.5,56.1,19.2,77.9,337.3,92.2,"[[5.63,1.1,149.0],[6.59,3.55,124.5],[7.85,5.93,102.2],[7.66,3.63,146.3],[7.97,4.99,118.5]]",364.7
aMal163_TSdh_nn_123_0,6103,-1459.8648,2SO,1S3,2,3,"[10_11,11_13]","[1,2]",1,3,2,0,2,2.13,"[2.158, 0.95]",86.8,60.0,157.0,79.2,211.4,88.1,0,0,"[[7.54,5.2,108.6],[7.99,4.5,128.7]]","[[[1, 2],'C_C',1.768,'bb'],[[2, 2],'H_O',2.158,'OH'],[[3, 3],'C_O',2.13,'CO']]",[],2SO,1S3,2,3,"[10_11,11_13]","[1,2]",2,2,2.577,"[1.843, 0.96]",84.5,54.8,154.0,81.2,213.8,88.5,"[[7.58,5.36,106.8],[7.92,4.53,126.9]]",423.8
aMal236_TSdh_nn_001_0,663,-1459.9216,3H4,3S1,2,1,"[2_1,11_50]","[1,2,11,50]",-1,1,2,2,4,2.267,"[1.282, 1.257]",167.5,150.0,33.3,120.5,35.3,88.1,0,0,"[[5.43,1.26,151.8],[7.67,3.74,143.4]]","[[[1, 1],'C_O',2.267,'CO'],[[2, 2],'H_O',1.282,'OH']]",[],3H4,1C4,2,1,"[2_1,9_11,10_13]","[1,2,9,7,50]",3,5,2.316,"[1.301, 1.225]",118.9,165.7,38.5,122.6,298.2,172.9,"[[5.5,1.22,154.0],[7.08,3.64,132.8],[8.21,4.59,130.5]]",274.6
aMal330_TSdh_nn_003_0,64,-1459.9395,E4,5S1,2,1,"[2_1,3_6,11_1,13_7]","[1,2,11,50]",-1,1,4,2,4,2.352,"[1.246, 1.323]",173.8,105.0,64.2,124.7,86.7,84.2,0,0,"[[5.45,1.32,153.7],[7.33,3.44,145.5],[5.82,3.58,111.1],[7.36,4.8,112.8]]","[[[1, 1],'C_O',2.352,'CO'],[[2, 2],'H_O',1.246,'OH']]",[],3E,3S1,2,1,"[2_1,3_6,11_1]","[2,9,11,50]",3,4,2.405,"[1.319, 1.205]",159.4,76.1,2.4,114.5,26.0,90.2,"[[5.7,1.21,162.0],[7.41,3.37,151.1],[7.38,3.18,157.5]]",227.6
aMal193_TSdh_nn_181_0,5656,-1459.8712,1HO,4C1,1,2,"[2_50,9_10,10_11]","[1,2,0]",-1,2,3,1,3,2.274,"[3.547, 0.93]",163.0,60.0,191.8,153.0,264.0,4.3,0,0,"[[7.54,3.53,146.4],[8.12,5.99,104.8],[8.33,5.97,107.6]]","[[[1, 1],'H_O',3.547,'OH'],[[2, 2],'C_O',2.274,'CO']]",[],5HO,4C1,1,2,"[2_9,2_50,9_10,10_11]","[1,2,0]",4,3,2.372,"[3.183, 0.93]",82.4,73.7,159.0,148.6,172.8,4.5,"[[7.61,3.26,163.2],[8.23,5.3,115.9],[7.8,5.68,104.8],[8.32,5.98,107.4]]",407.0
aMal241_TSdh_nn_301_2,3107,-1459.8959,5S1,5S1,1,2,"[1_2,11_50]","[1,11,0,50]",-1,2,2,2,4,2.077,"[1.512, 1.039]",82.6,105.0,101.1,98.0,85.9,84.4,0,0,"[[5.8,1.04,143.4],[7.8,3.83,143.6]]","[[[1, 1],'H_O',1.512,'OH'],[[2, 2],'C_O',2.077,'CO']]",[],5S1,5S1,1,2,"[1_2,2_9,10_13,11_7]","[1,11,0,50]",4,4,2.1630000000000003,"[1.531, 1.026]",83.5,95.6,101.5,102.3,85.7,94.1,"[[5.96,1.03,146.6],[8.52,3.97,159.5],[8.22,3.94,150.2],[8.25,6.08,105.1]]",342.1
aMal404_TSdh_nn_289_0,1479,-1459.9104,4H3,4C1,2,1,"[6_50,9_10,10_11]","[2,3]",-1,1,3,0,2,2.965,"[1.717, 0.971]",46.9,60.0,210.3,44.0,203.4,1.4,0,0,"[[8.33,5.02,123.4],[8.05,5.86,105.7],[8.31,5.95,107.7]]","[[[1, 1],'C_O',2.965,'CO'],[[2, 2],'H_O',1.717,'OH']]",[],E3,4C1,2,1,"[3_7,6_9,9_10,10_11]","[2,3]",4,2,3.145,"[1.647, 0.984]",319.5,98.7,191.7,49.3,181.4,3.9,"[[8.04,3.72,153.9],[8.57,3.86,170.4],[7.92,5.9,103.3],[8.44,6.26,104.9]]",304.0
aMal236_TSdh_nn_161_0,465,-1459.9274,3E,3S1,2,1,"[2_1,3_6,11_50]","[1,2,9,50]",-1,1,3,3,4,2.383,"[1.275, 1.264]",96.8,60.0,352.5,109.1,35.3,88.1,0,0,"[[5.46,1.26,153.5],[7.98,3.87,146.5],[7.67,3.74,143.4]]","[[[1, 1],'C_O',2.383,'CO'],[[2, 2],'H_O',1.275,'OH']]",[],3E,3S1,2,1,"[2_1,3_6]","[1,2,9,11,50]",2,5,2.363,"[1.348, 1.167]",113.7,69.6,350.7,112.4,26.7,89.8,"[[5.59,1.17,153.5],[7.84,3.67,151.1]]",259.4
aMal277_TSdh_nn_116_2,5852,-1459.8685,5S1,1C4,3,6,"[1_9,1_50,2_1,3_6,9_1,9_50,11_9]","[2,3]",-1,6,7,4,2,2.221,"[1.518, 1.069]",79.2,120.0,83.4,88.7,274.7,177.5,0,0,"[[10.47,5.99,138.2],[7.67,3.64,146.4],[8.67,6.29,107.3],[6.4,1.07,164.7],[10.47,6.19,134.4],[7.2,4.7,112.0],[7.8,3.95,139.2]]","[[[3, 3],'H_O',1.518,'OH'],[[6, 6],'C_O',2.221,'CO']]",[],5S1,1C4,3,6,"[1_9,1_50,2_1,3_6,10_13,11_9]","[2,3]",6,2,2.21,"[1.475, 1.093]",158.4,46.5,85.8,90.9,50.9,175.8,"[[9.03,4.62,145.8],[7.65,3.94,135.5],[8.45,5.99,108.8],[6.27,1.09,167.0],[8.35,4.82,127.8],[7.93,4.37,130.7]]",414.0
aMal264_TSdh_nn_127_2,1072,-1459.914,E1,3S1,1,2,"[3_6,9_50,11_50]","[1,11,50]",-1,2,3,2,3,1.9769999999999999,"[2.292, 0.943]",91.9,75.0,50.1,69.5,37.1,88.6,0,0,"[[8.11,3.87,149.7],[7.07,4.66,110.8],[7.79,3.82,143.9]]","[[[1, 1],'H_O',2.292,'OH'],[[2, 2],'C_O',1.977,'CO']]",[],E1,3S1,1,2,[3_6],"[1,9,11,50]",1,4,2.016,"[2.047, 0.954]",94.1,69.6,46.2,71.0,24.2,87.9,"[[8.06,3.78,152.5]]",294.6
aMal218_TSdh_nn_280_1,5979,-1459.8670000000006,4C1,OS2,1,2,"[2_3,9_11,10_7]",[1],-1,2,3,1,1,2.009,"[2.985, 0.93]",291.1,135.0,53.7,20.2,341.4,91.3,0,0,"[[7.15,4.52,114.2],[7.84,3.78,146.1],[7.76,4.59,122.9]]","[[[1, 1],'H_O',2.985,'OH'],[[2, 2],'C_O',2.009,'CO']]",[],E1,OS2,1,2,"[2_3,9_11,10_7]",[1],3,1,1.9780000000000002,"[3.048, 0.931]",290.4,126.7,57.7,24.4,342.4,91.7,"[[7.14,4.38,116.7],[7.97,4.03,140.5],[7.72,4.68,120.5]]",418.0
aMal181_TSdh_nn_047_0,5698,-1459.8707,1C4,5S1,-1,-1,"[1_2,2_50,3_6,11_0,13_10]","[3,6]",-1,6,5,3,2,2.2969999999999997,"[0, 0]",163.1,60.0,56.6,173.5,84.9,83.9,0,0,"[[7.16,4.51,114.5],[7.56,3.85,137.2],[5.8,1.97,155.7],[7.61,5.31,108.0],[8.22,4.05,146.5]]","[[[6, 6],'C_O',2.297,'CO']]",[],1C4,5S1,-1,-1,"[1_2,2_11,2_50,3_6,13_10]","[3,6]",5,2,2.326,"[0, 0]",166.9,67.8,40.0,176.0,89.3,86.8,"[[7.16,4.43,116.1],[8.31,4.24,141.2],[7.76,4.37,127.1],[5.89,2.04,155.2],[8.17,4.27,138.1]]",408.3
aMal398_TSdh_nn_280_0,3285,-1459.8945,4C1,1S3,1,2,"[2_3,10_11,13_1]","[1,13]",-1,2,3,0,2,2.009,"[2.985, 0.93]",291.1,60.0,53.7,20.2,211.9,87.3,0,0,"[[7.15,4.52,114.2],[7.65,5.41,107.0],[6.97,4.73,108.3]]","[[[1, 1],'H_O',2.985,'OH'],[[2, 2],'C_O',2.009,'CO']]",[],E1,14B,1,2,"[2_3,9_50,11_10,13_1,13_7]","[1,13]",5,2,1.992,"[3.07, 0.929]",285.0,74.6,56.3,22.6,227.9,88.1,"[[7.21,4.49,115.6],[7.07,4.97,106.0],[7.71,5.47,106.8],[7.56,4.22,127.0],[7.54,5.75,100.5]]",345.8
aMal429_TSdh_nn_344_0,1365,-1459.9116,E1,OS2,1,2,"[3_6,9_50,11_9]","[1,9,50]",-1,2,3,1,3,1.9069999999999998,"[2.864, 0.935]",99.5,60.0,63.3,67.1,333.0,94.5,0,0,"[[8.44,4.41,139.4],[6.65,4.17,113.1],[7.99,4.39,131.3]]","[[[1, 1],'H_O',2.864,'OH'],[[2, 2],'C_O',1.907,'CO']]",[],E1,OS2,1,2,"[2_3,3_6,9_11,11_13]","[1,9,50]",4,3,1.8940000000000001,"[2.855, 0.937]",138.8,54.0,68.7,67.6,328.8,94.0,"[[8.62,6.36,105.7],[8.41,4.46,137.4],[7.81,3.87,141.8],[8.37,4.94,125.4]]",300.9
aMal132_TSdh_nn_184_1,3147,-1459.8957,3S1,4C1,1,2,"[1_2,3_0,6_0,10_9,11_10]","[1,2,50]",-1,2,5,1,3,2.164,"[1.388, 1.126]",87.0,30.0,16.2,77.1,226.8,1.4,0,0,"[[5.53,1.13,147.3],[6.62,3.6,123.9],[7.9,6.11,100.4],[7.84,5.82,103.6],[7.87,5.5,108.6]]","[[[1, 1],'H_O',1.388,'OH'],[[2, 2],'C_O',2.164,'CO']]",[],3S1,4C1,1,2,"[1_2,3_0,6_0,9_10,10_11]","[1,9,50]",5,3,2.162,"[1.487, 1.05]",52.3,44.5,25.2,78.6,265.3,10.1,"[[5.92,1.05,150.8],[6.53,3.49,124.8],[7.78,5.83,102.7],[7.68,5.54,105.5],[8.1,6.23,101.2]]",342.6
aMal52_TSdh_nn_184_1,5842,-1459.8688,3S1,1C4,1,2,"[1_2,3_0,6_0,9_50,11_9]","[1,2,50]",-1,2,5,2,3,2.164,"[1.388, 1.126]",87.0,345.0,16.2,77.1,221.6,175.0,0,0,"[[5.53,1.13,147.3],[6.62,3.6,123.9],[7.9,6.11,100.4],[7.3,4.76,112.4],[7.97,4.14,137.6]]","[[[1, 1],'H_O',1.388,'OH'],[[2, 2],'C_O',2.164,'CO']]",[],3OB,1C4,1,2,"[1_2,3_0,6_0,9_50,11_9]","[1,2,50]",5,3,2.164,"[1.326, 1.192]",56.1,40.5,14.9,77.8,244.5,171.1,"[[5.47,1.19,150.5],[6.65,3.67,122.8],[7.81,5.96,101.3],[7.84,5.39,109.8],[8.18,4.36,135.7]]",413.3
aMal433_TSdh_nn_340_1,4766,-1459.8825,B3O,5S1,3,2,"[2_1,13_7]","[3,11,50]",3,2,2,0,3,2.023,"[2.855, 0.933]",273.9,120.0,167.4,80.7,85.9,81.3,0,0,"[[6.71,4.24,112.5],[7.34,4.75,113.3]]","[[[3, 4],'C_C',1.846,'bb'],[[2, 2],'C_O',2.023,'CO'],[[3, 3],'H_O',2.855,'OH']]",[],B3O,25B,3,2,"[2_1,10_13]","[3,11,7,50]",2,4,2.025,"[2.647, 0.937]",285.6,113.5,166.9,81.1,107.3,88.7,"[[6.88,4.33,113.6],[8.26,4.36,137.3]]",377.3
aMal190_TSdh_nn_016_0,1360,-1459.9116,E3,1C4,-1,-1,"[2_1,3_50,9_50,11_9,13_6,13_7]","[1,2,3]",-1,1,6,3,3,2.528,"[0, 0]",150.8,60.0,164.8,62.8,262.6,175.3,0,0,"[[5.51,1.86,148.4],[7.95,5.58,108.4],[7.25,4.77,111.6],[7.83,4.0,138.6],[11.31,6.3,147.7],[7.87,5.27,112.2]]","[[[1, 1],'C_O',2.528,'CO']]",[],2H3,1C4,-1,-1,"[2_1,3_50,9_50,11_9]","[1,2,3]",4,3,2.557,"[0, 0]",160.6,61.3,160.0,67.0,264.0,175.4,"[[5.58,1.96,147.6],[8.02,5.72,107.2],[7.4,5.22,106.6],[7.88,4.08,137.2]]",300.9
aMal8_TSdh_nn_177_2,3589,-1459.8924,5S1,3S1,1,2,"[6_3,9_11,9_50]","[1,11,0,50]",-1,2,3,0,4,2.239,"[1.808, 0.958]",92.6,135.0,104.5,99.7,20.8,91.4,0,0,"[[8.95,5.09,132.3],[8.73,5.63,118.3],[6.77,4.99,101.4]]","[[[1, 1],'H_O',1.808,'OH'],[[2, 2],'C_O',2.239,'CO']]",[],5S1,3S1,1,2,"[6_3,9_1]","[1,9,11,0,50]",2,5,2.306,"[1.799, 0.959]",77.0,85.4,100.0,97.4,22.5,89.4,"[[8.44,4.58,135.2],[8.0,4.48,128.9]]",351.3
aMal220_TSdh_nn_254_1,5381,-1459.8753,4H5,1S3,1,2,[6_50],"[1,0]",-1,2,1,0,2,2.016,"[2.168, 0.949]",53.7,135.0,264.1,65.6,207.2,87.7,0,0,"[[7.95,4.62,125.5]]","[[[1, 1],'H_O',2.168,'OH'],[[2, 2],'C_O',2.016,'CO']]",[],4H5,2SO,1,2,"[3_9,6_7,6_50,9_10,13_7]","[1,0]",5,2,2.104,"[2.039, 0.953]",116.5,108.7,260.4,64.9,149.8,74.1,"[[7.86,3.39,168.9],[8.09,3.62,163.6],[8.48,5.51,116.5],[7.19,4.69,111.9],[8.03,5.82,106.0]]",396.2
aMal474_TSdh_nn_050_1,3393,-1459.8937,4C1,OS2,3,2,"[2_1,9_50,10_7,11_9]","[3,9,50]",3,2,4,0,3,2.077,"[3.074, 0.932]",277.2,45.0,189.2,13.7,340.9,95.6,0,0,"[[8.05,5.93,104.6],[6.53,4.04,113.6],[7.91,5.25,112.9],[7.65,3.99,134.9]]","[[[3, 4],'C_C',1.808,'bb'],[[2, 2],'C_O',2.077,'CO'],[[3, 3],'H_O',3.074,'OH']]",[],4C1,3OB,3,2,"[2_1,6_0,10_13]","[3,9,11,50]",3,4,2.063,"[2.752, 0.936]",268.0,59.1,188.3,16.0,1.1,98.3,"[[8.39,6.22,104.8],[7.92,6.13,100.4],[7.85,3.51,159.7]]",347.9
aMal76_TSdh_nn_047_1,5503,-1459.8734,1C4,4C1,-1,-1,"[1_2,2_50,3_6,9_10,10_11,13_7]","[3,6]",-1,6,6,2,2,2.2969999999999997,"[0, 0]",163.1,165.0,56.6,173.5,195.3,1.3,0,0,"[[7.16,4.51,114.5],[7.56,3.85,137.2],[5.8,1.97,155.7],[8.04,5.86,105.6],[8.33,5.99,107.4],[7.48,5.4,105.0]]","[[[6, 6],'C_O',2.297,'CO']]",[],1C4,4C1,-1,-1,"[1_2,2_50,3_6,9_10,10_11]","[3,6]",5,2,2.331,"[0, 0]",195.6,178.7,72.0,175.3,148.2,4.1,"[[7.21,4.58,114.1],[7.68,3.91,138.0],[5.8,1.94,156.4],[7.69,5.35,108.2],[8.33,5.99,107.3]]",401.2
aMal464_TSdh_nn_025_0,132,-1459.9371,3E,OS2,2,1,"[2_1,9_50,11_13]","[1,2,9,50]",-1,1,3,1,4,2.296,"[1.327, 1.192]",151.5,90.0,11.7,115.1,319.0,88.7,0,0,"[[5.5,1.19,151.4],[6.78,4.36,111.8],[7.87,4.16,134.7]]","[[[1, 1],'C_O',2.296,'CO'],[[2, 2],'H_O',1.327,'OH']]",[],3E,3S1,2,1,"[2_1,11_1]","[2,9,11,50]",2,4,2.331,"[1.362, 1.158]",159.5,80.2,14.6,120.6,27.9,89.7,"[[5.76,1.16,159.3],[7.4,3.29,152.9]]",233.9
aMal225_TSdh_nn_184_2,4085,-1459.8885,3S1,5S1,1,2,"[1_2,3_0,6_0]","[1,2,11,50]",-1,2,3,1,4,2.164,"[1.388, 1.126]",87.0,135.0,16.2,77.1,85.7,84.0,0,0,"[[5.53,1.13,147.3],[6.62,3.6,123.9],[7.9,6.11,100.4]]","[[[1, 1],'H_O',1.388,'OH'],[[2, 2],'C_O',2.164,'CO']]",[],3S1,5S1,1,2,"[1_2,3_0,6_0,11_2]","[1,11,7,50]",4,4,2.1519999999999997,"[1.35, 1.177]",117.6,148.5,28.1,80.5,99.0,90.6,"[[5.69,1.18,156.8],[6.63,3.63,123.4],[7.82,5.93,101.8],[7.42,3.43,147.8]]",361.5
aMal270_TSdh_nn_301_0,1835,-1459.9074,5S1,3S1,1,2,"[1_2,9_11,10_7,11_50]","[1,9,0,50]",-1,2,4,1,4,2.077,"[1.512, 1.039]",82.6,60.0,101.1,98.0,19.2,92.4,0,0,"[[5.8,1.04,143.4],[7.96,4.34,131.9],[8.07,5.01,119.6],[8.35,4.95,125.1]]","[[[1, 1],'H_O',1.512,'OH'],[[2, 2],'C_O',2.077,'CO']]",[],25B,OS2,1,2,"[1_2,6_3,9_11,10_7,11_13]","[1,9,0,50]",5,4,2.088,"[1.425, 1.092]",95.9,65.4,106.2,101.7,333.8,92.7,"[[5.66,1.09,148.5],[6.83,4.65,107.4],[7.65,3.73,142.4],[8.22,5.33,116.1],[8.47,5.16,122.8]]",311.9
aMal244_TSdh_nn_302_0,1645,-1459.9089999999999,E1,3S1,1,2,"[2_3,9_50,11_50]","[1,11,50]",-1,2,3,1,3,1.886,"[2.964, 0.935]",115.1,60.0,56.5,54.7,43.5,88.4,0,0,"[[8.38,6.41,102.1],[7.12,4.72,110.7],[7.69,3.72,144.7]]","[[[1, 1],'H_O',2.964,'OH'],[[2, 2],'C_O',1.886,'CO']]",[],E1,4C1,1,2,"[2_3,9_50,10_9]","[1,11,13]",3,3,1.875,"[2.976, 0.934]",190.1,67.0,57.3,40.5,67.9,9.8,"[[7.27,4.68,113.1],[7.73,5.53,106.2],[8.41,6.19,105.6]]",307.7
aMal384_TSdh_nn_184_1,6207,-1459.8627,3S1,OS2,1,2,"[1_2,3_0,6_0,9_50,11_9,13_11]","[1,2,50]",-1,2,6,2,3,2.164,"[1.388, 1.126]",87.0,15.0,16.2,77.1,329.1,91.4,0,0,"[[5.53,1.13,147.3],[6.62,3.6,123.9],[7.9,6.11,100.4],[6.74,4.34,111.4],[8.68,5.1,127.3],[8.87,4.73,139.9]]","[[[1, 1],'H_O',1.388,'OH'],[[2, 2],'C_O',2.164,'CO']]",[],3OB,B25,1,2,"[1_2,3_0,6_0,13_11]","[1,2,50]",4,3,2.153,"[1.339, 1.177]",91.2,318.0,15.3,75.8,313.2,94.0,"[[5.46,1.18,148.9],[6.69,3.76,121.5],[7.81,5.89,102.3],[8.76,5.5,121.1]]",429.3
aMal119_TSdh_nn_340_0,3101,-1459.8959,B3O,1S5,3,2,"[2_1,9_50,11_13]","[3,9,50]",3,2,3,0,3,2.023,"[2.855, 0.933]",273.9,45.0,167.4,80.7,269.6,84.7,0,0,"[[6.71,4.24,112.5],[7.29,4.82,111.2],[8.62,5.52,118.6]]","[[[3, 4],'C_C',1.846,'bb'],[[2, 2],'C_O',2.023,'CO'],[[3, 3],'H_O',2.855,'OH']]",[],4C1,1S3,3,2,"[9_10,10_11,13_6]","[3,9,50]",3,3,2.0669999999999997,"[2.596, 0.938]",263.6,57.2,193.6,14.1,205.7,88.0,"[[8.52,6.36,104.5],[7.66,5.55,105.0],[8.04,3.98,144.2]]",342.1
aMal281_TSdh_nn_165_1,4425,-1459.8859,E1,OS2,1,2,"[9_50,11_9]","[1,50]",-1,2,2,0,2,1.9340000000000002,"[2.2, 0.948]",96.2,-0.0,50.0,66.0,331.1,92.3,0,0,"[[6.7,4.26,112.3],[8.37,4.74,130.0]]","[[[1, 1],'H_O',2.2,'OH'],[[2, 2],'C_O',1.934,'CO']]",[],E1,OS2,1,2,"[2_3,3_13,6_0,11_9]","[1,50]",4,2,1.8840000000000001,"[2.981, 0.935]",94.7,314.0,57.7,53.4,319.5,99.7,"[[7.74,5.07,113.2],[7.56,3.33,157.4],[7.72,5.86,101.6],[9.44,6.0,122.2]]",368.4
aMal155_TSdh_nn_187_0,2140,-1459.9047,3S1,4C1,-1,-1,"[1_2,3_6,3_0,10_9,11_10,13_11]","[1,2,9,50]",-1,2,6,3,4,2.253,"[0, 0]",93.2,60.0,25.9,79.2,223.3,2.0,0,0,"[[5.52,1.83,150.5],[7.37,3.27,150.3],[6.94,4.85,104.7],[7.88,5.91,102.9],[7.83,5.52,107.8],[7.87,4.11,136.4]]","[[[2, 2],'C_O',2.253,'CO']]",[],3S1,4C1,-1,-1,"[1_2,3_6,3_0,9_10,13_11]","[1,2,9,50]",5,4,2.263,"[0, 0]",99.3,47.1,30.5,77.1,264.2,7.0,"[[5.68,1.98,151.5],[7.15,3.05,153.2],[7.03,4.99,103.6],[7.63,5.62,103.6],[8.95,5.44,125.2]]",319.0
aMal211_TSdh_nn_161_0,599,-1459.9238,3E,B14,2,1,"[2_1,3_6,10_13,11_50]","[1,2,9,50]",-1,1,4,4,4,2.383,"[1.275, 1.264]",96.8,60.0,352.5,109.1,70.5,81.5,0,0,"[[5.46,1.26,153.5],[7.98,3.87,146.5],[8.28,4.06,147.5],[7.62,3.72,143.0]]","[[[1, 1],'C_O',2.383,'CO'],[[2, 2],'H_O',1.275,'OH']]",[],3E,5S1,2,1,"[2_1,3_6,10_13,11_50]","[1,2,9,50]",4,4,2.334,"[1.317, 1.214]",63.5,43.6,351.3,113.8,83.5,86.3,"[[5.5,1.21,151.6],[7.67,3.64,146.9],[7.92,3.96,141.8],[8.11,4.17,140.0]]",268.9
aMal163_TSdh_nn_116_0,4736,-1459.8828,5S1,1S3,3,6,"[1_50,2_1,3_6,10_11,11_13]","[2,3]",-1,6,5,2,2,2.221,"[1.518, 1.069]",79.2,60.0,83.4,88.7,211.4,88.1,0,0,"[[7.67,3.64,146.4],[8.67,6.29,107.3],[6.4,1.07,164.7],[7.54,5.2,108.6],[7.99,4.5,128.7]]","[[[3, 3],'H_O',1.518,'OH'],[[6, 6],'C_O',2.221,'CO']]",[],5S1,4C1,3,6,"[1_9,1_50,2_1,3_6,9_10,10_11,11_13]","[2,3]",7,2,2.2119999999999997,"[1.499, 1.081]",83.7,83.9,85.4,90.0,188.1,3.9,"[[8.54,4.22,147.4],[7.99,4.29,132.8],[8.43,5.99,108.5],[6.36,1.08,166.4],[7.92,5.73,105.8],[7.97,6.0,102.8],[7.53,3.95,133.6]]",376.5
aMal330_TSdh_nn_184_2,5447,-1459.8745,3S1,5S1,1,2,"[1_2,3_0,6_0,13_7]","[1,2,11,50]",-1,2,4,1,4,2.164,"[1.388, 1.126]",87.0,135.0,16.2,77.1,86.7,84.2,0,0,"[[5.53,1.13,147.3],[6.62,3.6,123.9],[7.9,6.11,100.4],[7.36,4.8,112.8]]","[[[1, 1],'H_O',1.388,'OH'],[[2, 2],'C_O',2.164,'CO']]",[],3OB,5S1,1,2,"[1_2,3_0,6_0,13_7]","[1,2,11,50]",4,4,2.149,"[1.357, 1.152]",107.1,122.2,15.5,75.7,99.9,86.3,"[[5.52,1.15,150.3],[6.68,3.68,123.2],[7.86,5.97,101.8],[7.78,5.78,103.4]]",398.3
aMal192_TSdh_nn_346_0,5876,-1459.8684,5H4,OS2,1,2,"[3_6,9_50,11_13]","[1,0]",-1,2,3,1,2,2.045,"[2.168, 0.949]",65.9,60.0,82.3,141.6,319.8,89.0,0,0,"[[7.95,3.98,141.7],[6.77,4.29,112.7],[7.93,4.24,134.0]]","[[[1, 1],'H_O',2.168,'OH'],[[2, 2],'C_O',2.045,'CO']]",[],5H4,OS2,1,2,"[3_6,9_50,11_13]","[1,0]",3,2,2.082,"[2.13, 0.948]",85.8,64.9,83.8,144.3,317.1,90.6,"[[8.11,3.97,146.0],[6.86,4.52,110.2],[7.81,4.25,131.4]]",414.3
aMal419_TSdh_nn_356_0,3241,-1459.895,E3,OS2,-1,-1,"[2_1,9_50,10_7,11_13]","[1,2,3]",-1,1,4,1,3,2.511,"[0, 0]",57.3,60.0,179.2,49.3,328.1,88.9,0,0,"[[5.42,1.66,150.2],[6.71,4.32,111.4],[8.85,5.84,116.6],[8.17,4.52,131.7]]","[[[1, 1],'C_O',2.511,'CO']]",[],E3,OS2,-1,-1,"[2_1,3_7,11_13]","[1,2,3]",3,3,2.565,"[0, 0]",65.3,30.4,179.3,50.6,319.7,91.5,"[[5.51,1.85,148.9],[7.64,3.9,136.8],[7.89,4.35,130.3]]",344.5
aMal218_TSdh_nn_001_0,452,-1459.9281,3H4,OS2,2,1,"[2_1,9_11,10_7]","[1,2,9,50]",-1,1,3,2,4,2.267,"[1.282, 1.257]",167.5,60.0,33.3,120.5,341.4,91.3,0,0,"[[5.43,1.26,151.8],[7.84,3.78,146.1],[7.76,4.59,122.9]]","[[[1, 1],'C_O',2.267,'CO'],[[2, 2],'H_O',1.282,'OH']]",[],3E,OS2,2,1,"[2_1,9_11,10_7,11_13]","[1,2,9,50]",4,4,2.309,"[1.359, 1.156]",142.7,56.0,0.5,113.9,332.7,93.2,"[[5.57,1.16,151.4],[7.67,3.74,142.3],[8.24,5.39,115.5],[8.41,5.05,123.9]]",257.6
aMal103_TSdh_nn_260_1,2688,-1459.8997,4E,3S1,2,1,[2_1],"[1,2]",-1,1,1,1,2,2.378,"[1.216, 1.376]",55.8,135.0,229.3,41.4,27.9,87.7,0,0,"[[5.41,1.38,153.5]]","[[[1, 1],'C_O',2.378,'CO'],[[2, 2],'H_O',1.216,'OH']]",[],E3,3S1,-1,-1,"[2_1,3_9,3_50,9_11]","[1,2,3]",4,3,2.641,"[0, 0]",110.4,115.6,184.7,49.4,16.7,92.8,"[[5.47,1.76,150.2],[7.3,2.95,176.3],[8.3,6.2,103.1],[7.69,3.95,136.5]]",332.1
aMal101_TSdh_nn_128_0,5419,-1459.875,3S1,4C1,-1,-1,"[1_9,1_50,3_6,9_10,10_11,13_7]","[3,6]",-1,6,6,2,2,2.231,"[0, 0]",42.0,75.0,36.0,99.6,246.2,2.0,0,0,"[[6.63,3.53,126.6],[7.85,4.05,137.3],[6.03,2.19,153.0],[8.04,5.87,105.4],[8.3,6.02,106.7],[7.75,5.52,106.8]]","[[[6, 6],'C_O',2.231,'CO']]",[],3S1,4C1,-1,-1,"[1_9,1_50,3_6,9_10,10_11]","[3,6]",5,2,2.255,"[0, 0]",63.5,57.2,42.9,99.8,262.9,5.9,"[[8.5,4.0,155.4],[7.91,4.54,125.6],[6.14,2.36,150.4],[8.13,6.14,102.7],[8.39,6.23,104.8]]",397.0
aMal359_TSdh_nn_073_1,3699,-1459.8914,1S3,B3O,3,2,"[1_2,9_10,11_10]","[3,50]",3,2,3,0,2,2.136,"[2.377, 0.941]",166.4,150.0,197.5,75.2,167.9,87.3,0,0,"[[7.75,5.56,106.0],[7.73,5.04,114.0],[8.73,6.49,105.6]]","[[[3, 4],'C_C',1.726,'bb'],[[2, 2],'C_O',2.136,'CO'],[[3, 3],'H_O',2.377,'OH']]",[],B3O,4C1,3,2,"[1_2,9_10,11_10]","[3,9,50]",3,3,2.384,"[1.938, 0.957]",155.1,69.1,172.4,80.6,261.3,4.9,"[[7.79,3.98,138.1],[7.94,5.66,107.0],[8.62,6.44,104.9]]",353.9
aMal441_TSdh_nn_321_2,4308,-1459.8867,OH5,1C4,1,2,"[3_0,9_11,13_10]","[1,6,0]",-1,2,3,2,3,2.189,"[1.661, 0.984]",82.4,180.0,336.1,66.7,232.5,172.2,0,0,"[[7.3,4.53,116.0],[7.93,4.09,137.8],[7.64,3.58,149.2]]","[[[1, 1],'H_O',1.661,'OH'],[[2, 2],'C_O',2.189,'CO']]",[],OH5,1C4,1,2,"[3_0,9_11,13_10]","[1,6,0]",3,3,2.195,"[1.593, 0.999]",95.7,174.2,329.4,67.2,232.9,175.5,"[[7.89,5.33,111.1],[7.81,4.12,134.4],[7.53,3.69,141.8]]",366.3
aMal119_TSdh_nn_187_1,5026,-1459.8795,3S1,1S5,-1,-1,"[1_2,3_6,3_0,9_50,11_13]","[1,2,50]",-1,2,5,2,3,2.253,"[0, 0]",93.2,330.0,25.9,79.2,269.6,84.7,0,0,"[[5.52,1.83,150.5],[7.37,3.27,150.3],[6.94,4.85,104.7],[7.29,4.82,111.2],[8.62,5.52,118.6]]","[[[2, 2],'C_O',2.253,'CO']]",[],3S1,1S5,-1,-1,"[1_2,3_6,3_0,11_13]","[1,2,50]",4,3,2.237,"[0, 0]",104.0,316.1,29.0,79.8,266.0,84.4,"[[5.54,1.91,148.7],[6.93,2.83,157.6],[7.23,5.31,101.5],[8.85,5.93,115.0]]",385.2
aMal64_TSdh_nn_231_0,2701,-1459.8996,5H4,4C1,2,1,"[1_50,9_50,10_9,11_10]",[2],-1,1,4,0,1,2.544,"[1.763, 0.956]",161.2,90.0,83.2,111.0,211.9,5.4,0,0,"[[8.82,5.92,115.0],[7.36,4.93,110.5],[8.31,6.06,106.2],[7.96,5.7,106.8]]","[[[1, 1],'C_O',2.544,'CO'],[[2, 2],'H_O',1.763,'OH']]",[],5S1,4C1,2,1,"[9_50,10_9]",[2],2,1,2.324,"[1.895, 0.95]",171.3,87.1,94.2,105.6,105.7,6.0,"[[7.8,5.61,106.0],[8.47,6.26,105.4]]",332.4
aMal19_TSdh_nn_015_2,436,-1459.9287,3OB,4C1,3,2,"[2_1,9_10,10_11,11_13]","[3,6,0]",-1,2,4,0,3,1.87,"[3.851, 0.954]",85.4,120.0,348.1,87.3,260.5,7.4,0,0,"[[6.28,3.81,113.8],[8.1,5.88,106.0],[8.02,5.81,105.9],[9.33,6.42,114.0]]","[[[2, 2],'C_O',1.87,'CO'],[[3, 3],'H_O',3.851,'OH']]",[],3OB,4C1,3,2,"[2_1,9_10,10_11]","[3,6,0]",3,3,1.8730000000000002,"[3.981, 0.971]",79.2,89.6,351.6,84.6,223.8,4.7,"[[6.3,3.81,114.4],[7.84,5.83,103.4],[8.12,6.13,102.7]]",256.0
aMal346_TSdh_nn_016_2,1549,-1459.9099,E3,OS2,-1,-1,"[2_1,3_9,3_50,9_11,10_7,13_7]","[1,2,3]",-1,1,6,2,3,2.528,"[0, 0]",150.8,180.0,164.8,62.8,339.1,91.1,0,0,"[[5.51,1.86,148.4],[7.52,5.22,108.0],[7.95,5.58,108.4],[7.99,3.88,146.3],[7.9,4.78,121.4],[7.64,5.87,100.4]]","[[[1, 1],'C_O',2.528,'CO']]",[],E3,3OB,-1,-1,"[2_1,3_9,3_50,9_11,10_13,10_7]","[1,2,3]",6,3,2.548,"[0, 0]",110.5,123.1,166.7,62.0,9.1,92.7,"[[5.54,1.9,148.4],[7.07,2.8,175.1],[8.53,6.45,102.6],[7.79,3.98,137.8],[7.92,3.62,155.9],[8.41,6.45,101.9]]",305.3
aMal406_TSdh_nn_073_0,4536,-1459.8848,1S3,3OB,3,2,"[1_2,9_11,10_7]","[3,9,50]",3,2,3,0,3,2.136,"[2.377, 0.941]",166.4,75.0,197.5,75.2,14.7,90.7,0,0,"[[7.75,5.56,106.0],[8.25,5.02,122.1],[7.79,4.69,121.3]]","[[[3, 4],'C_C',1.726,'bb'],[[2, 2],'C_O',2.136,'CO'],[[3, 3],'H_O',2.377,'OH']]",[],B3O,OS2,3,2,"[1_2,9_11,10_7]","[3,9,50]",3,3,2.222,"[2.06, 0.952]",172.2,77.9,185.3,78.1,339.7,91.2,"[[7.88,4.86,119.3],[7.7,3.66,146.5],[7.9,4.89,119.2]]",371.2
aMal320_TSdh_nn_104_2,6174,-1459.8636,25B,4C1,1,2,"[9_50,10_11,13_7]","[1,0,50]",-1,2,3,0,3,2.218,"[1.839, 0.952]",83.2,105.0,110.4,101.0,199.9,1.2,0,0,"[[7.45,5.37,104.9],[8.14,5.65,109.9],[7.52,5.39,105.5]]","[[[1, 1],'H_O',1.839,'OH'],[[2, 2],'C_O',2.218,'CO']]",[],5S1,4C1,1,2,"[9_1,10_11]","[1,0,50]",2,3,2.3409999999999997,"[2.026, 0.939]",70.1,108.5,101.0,96.3,198.2,8.8,"[[8.07,3.71,155.9],[7.97,5.39,111.5]]",426.9
aMal103_TSdh_nn_344_1,1285,-1459.9121,E1,3S1,1,2,[3_6],"[1,9,50]",-1,2,1,1,3,1.9069999999999998,"[2.864, 0.935]",99.5,45.0,63.3,67.1,27.9,87.7,0,0,"[[8.44,4.41,139.4]]","[[[1, 1],'H_O',2.864,'OH'],[[2, 2],'C_O',1.907,'CO']]",[],E1,3S1,1,2,[3_6],"[1,9,11,50]",1,4,1.944,"[2.311, 0.943]",95.8,70.6,50.6,69.3,24.7,87.9,"[[8.22,3.96,149.5]]",299.6
aMal10_TSdh_nn_047_0,5937,-1459.8676,1C4,3S1,-1,-1,"[1_2,2_50,3_6,9_11,10_7,11_2,11_50]","[3,6]",-1,6,7,4,2,2.2969999999999997,"[0, 0]",163.1,135.0,56.6,173.5,23.8,90.5,0,0,"[[7.16,4.51,114.5],[7.56,3.85,137.2],[5.8,1.97,155.7],[9.72,6.2,122.8],[8.4,5.39,117.7],[11.37,6.35,147.4],[7.8,4.01,138.0]]","[[[6, 6],'C_O',2.297,'CO']]",[],1C4,OS2,-1,-1,"[1_2,2_50,3_6,9_11,10_7,11_13]","[3,6]",6,2,2.294,"[0, 0]",208.3,195.2,48.5,174.8,337.4,91.4,"[[7.17,4.51,114.6],[7.69,3.86,139.9],[5.88,2.05,155.0],[7.95,3.88,145.0],[7.95,4.98,118.4],[8.55,5.22,122.7]]",416.4
aMal112_TSdh_nn_184_0,3099,-1459.8959,3S1,1C4,1,2,"[1_2,3_0,6_0,9_50,11_9,13_7]","[1,2,50]",-1,2,6,2,3,2.164,"[1.388, 1.126]",87.0,60.0,16.2,77.1,260.9,174.8,0,0,"[[5.53,1.13,147.3],[6.62,3.6,123.9],[7.9,6.11,100.4],[7.28,4.78,111.8],[7.88,4.05,138.1],[7.87,5.26,112.4]]","[[[1, 1],'H_O',1.388,'OH'],[[2, 2],'C_O',2.164,'CO']]",[],3S1,1C4,1,2,"[1_2,3_0,6_0,9_11]","[1,2,9,50]",4,4,2.161,"[1.333, 1.179]",148.4,57.4,16.8,76.1,244.1,172.6,"[[5.46,1.18,150.1],[6.58,3.59,123.3],[7.84,5.89,102.6],[7.38,3.5,143.8]]",342.1
aMal465_TSdh_nn_161_0,656,-1459.9216,3E,5S1,2,1,"[2_1,3_6]","[1,2,50]",-1,1,2,2,3,2.383,"[1.275, 1.264]",96.8,60.0,352.5,109.1,83.1,83.7,0,0,"[[5.46,1.26,153.5],[7.98,3.87,146.5]]","[[[1, 1],'C_O',2.383,'CO'],[[2, 2],'H_O',1.275,'OH']]",[],3E,5S1,2,1,"[2_1,3_6]","[1,2,9,50]",2,4,2.351,"[1.304, 1.225]",87.9,40.1,358.0,113.8,88.2,83.8,"[[5.5,1.23,153.0],[7.72,3.4,161.2]]",274.6
aMal291_TSdh_nn_351_1,6299,-1459.8605,2SO,5S1,2,3,"[3_11,3_50,11_50]","[1,2]",1,3,3,2,2,1.96,"[3.148, 0.931]",179.6,165.0,154.3,83.9,87.2,89.1,0,0,"[[9.7,5.09,147.4],[7.65,5.83,100.9],[7.74,3.76,144.2]]","[[[1, 2],'C_C',1.819,'bb'],[[2, 2],'H_O',3.148,'OH'],[[3, 3],'C_O',1.96,'CO']]",[],2SO,5S1,2,3,"[3_11,11_7,11_50]","[1,2]",3,2,1.974,"[2.672, 0.927]",178.2,181.5,154.4,84.2,92.1,87.9,"[[7.69,3.68,144.8],[8.79,6.17,110.5],[7.66,4.44,124.1]]",435.0
aMal447_TSdh_nn_184_1,3566,-1459.8927,3S1,4C1,1,2,"[1_2,3_0,6_0,9_50,10_11]","[1,2,50]",-1,2,5,1,3,2.164,"[1.388, 1.126]",87.0,30.0,16.2,77.1,284.5,2.6,0,0,"[[5.53,1.13,147.3],[6.62,3.6,123.9],[7.9,6.11,100.4],[7.38,5.17,107.0],[8.1,5.68,109.0]]","[[[1, 1],'H_O',1.388,'OH'],[[2, 2],'C_O',2.164,'CO']]",[],3S1,4C1,1,2,"[1_2,3_0,6_0,9_10,10_11]","[1,2,9,50]",5,4,2.154,"[1.387, 1.126]",79.9,46.2,20.3,77.3,278.7,10.7,"[[5.56,1.13,148.5],[6.62,3.56,124.5],[8.02,6.15,101.4],[7.8,5.82,103.0],[8.42,6.22,105.4]]",350.5
aMal171_TSdh_nn_058_1,5659,-1459.8712,E1,1S5,1,2,"[9_50,13_3,13_7]","[1,50]",-1,2,3,1,2,1.925,"[2.322, 0.95]",91.7,345.0,53.7,56.0,272.0,85.1,0,0,"[[7.26,4.83,110.7],[7.58,3.25,168.3],[7.52,5.19,108.7]]","[[[1, 1],'H_O',2.322,'OH'],[[2, 2],'C_O',1.925,'CO']]",[],E1,1S5,1,2,"[13_3,13_7]","[1,50]",2,2,1.9409999999999998,"[2.229, 0.953]",96.2,324.8,53.6,58.6,275.7,85.1,"[[8.92,4.2,163.9],[7.87,5.55,107.9]]",407.0
aMal278_TSdh_nn_025_1,38,-1459.9406,3E,3S1,2,1,"[2_1,10_13,10_7,11_9]","[1,2,11,50]",-1,1,4,1,4,2.296,"[1.327, 1.192]",151.5,150.0,11.7,115.1,22.4,89.9,0,0,"[[5.5,1.19,151.4],[7.7,4.22,129.6],[8.68,5.71,116.0],[8.3,5.93,108.0]]","[[[1, 1],'C_O',2.296,'CO'],[[2, 2],'H_O',1.327,'OH']]",[],3E,3S1,2,1,"[2_1,10_13,11_1]","[2,9,11,50]",3,4,2.336,"[1.353, 1.168]",158.5,82.1,12.9,119.4,27.3,88.6,"[[5.74,1.17,159.8],[7.77,3.38,164.8],[7.47,3.33,153.6]]",224.7
aMal2_TSdh_nn_131_0,1010,-1459.9147,25B,4C1,1,2,"[10_9,11_10,13_7]","[1,0,50]",-1,2,3,0,3,2.244,"[1.791, 0.962]",89.9,60.0,113.5,98.7,223.5,2.2,0,0,"[[8.16,6.32,100.9],[8.0,5.85,105.2],[7.53,5.43,105.1]]","[[[1, 1],'H_O',1.791,'OH'],[[2, 2],'C_O',2.244,'CO']]",[],25B,4C1,1,2,"[1_2,9_10,10_11]","[1,9,0,50]",3,4,2.122,"[1.437, 1.086]",66.8,48.7,105.6,98.4,227.9,7.4,"[[5.74,1.09,149.9],[7.62,5.58,104.1],[8.08,6.05,103.4]]",292.7
aMal210_TSdh_nn_067_0,3991,-1459.8891,4C1,OS2,3,2,"[9_11,10_7,13_7]","[3,50]",3,2,3,1,2,2.116,"[2.406, 0.94]",278.6,60.0,151.5,10.5,339.1,90.9,0,0,"[[7.84,3.84,143.9],[7.91,4.78,121.5],[7.7,5.92,100.5]]","[[[3, 4],'C_C',1.762,'bb'],[[2, 2],'C_O',2.116,'CO'],[[3, 3],'H_O',2.406,'OH']]",[],4C1,OS2,3,2,"[9_11,10_13,10_7]","[3,9,50]",3,3,2.104,"[2.324, 0.944]",267.3,47.6,148.1,10.7,335.7,103.6,"[[7.09,3.28,144.7],[9.48,4.75,154.3],[8.14,6.14,102.7]]",360.0
aMal213_TSdh_nn_125_2,5257,-1459.8769,1S3,5S1,1,2,[9_3],"[1,6,0]",-1,2,1,0,3,2.024,"[2.332, 0.945]",53.7,120.0,210.4,83.9,87.6,79.2,0,0,"[[6.04,3.11,126.5]]","[[[1, 1],'H_O',2.332,'OH'],[[2, 2],'C_O',2.024,'CO']]",[],1S3,4C1,1,2,"[9_3,10_9,11_10,13_7]","[1,6,0]",4,3,1.983,"[2.521, 0.945]",86.5,97.2,221.9,84.5,150.0,2.1,"[[9.73,5.93,127.7],[8.02,6.17,101.1],[8.12,6.28,100.9],[7.8,5.94,101.5]]",392.0
aMal228_TSdh_nn_187_0,3353,-1459.8941,3S1,5S1,-1,-1,"[1_2,3_6,3_0]","[1,2,50]",-1,2,3,2,3,2.253,"[0, 0]",93.2,60.0,25.9,79.2,86.0,84.4,0,0,"[[5.52,1.83,150.5],[7.37,3.27,150.3],[6.94,4.85,104.7]]","[[[2, 2],'C_O',2.253,'CO']]",[],3S1,5S1,-1,-1,"[1_2,3_6,3_0]","[1,2,9,50]",3,4,2.247,"[0, 0]",63.3,32.0,27.5,82.5,89.4,84.2,"[[5.58,1.86,152.2],[7.08,3.02,152.8],[7.1,5.06,103.5]]",346.8
aMal30_TSdh_nn_047_2,6154,-1459.8638,1C4,1S5,-1,-1,"[1_2,2_50,3_6,9_50,11_13]","[3,6]",-1,6,5,3,2,2.2969999999999997,"[0, 0]",163.1,180.0,56.6,173.5,272.0,86.8,0,0,"[[7.16,4.51,114.5],[7.56,3.85,137.2],[5.8,1.97,155.7],[7.32,4.89,110.5],[7.67,3.95,136.8]]","[[[6, 6],'C_O',2.297,'CO']]",[],1C4,OS2,-1,-1,"[1_2,2_50,3_6,9_11,11_13]","[3,6]",5,2,2.298,"[0, 0]",175.6,182.4,46.8,175.3,330.9,92.4,"[[7.18,4.53,114.4],[7.48,3.73,139.0],[5.95,2.13,154.1],[8.24,4.13,143.7],[8.28,4.87,125.5]]",426.4
aMal200_TSdh_nn_127_0,1113,-1459.9138,E1,3S1,1,2,"[3_6,10_7,11_50,13_7]","[1,9,50]",-1,2,4,2,3,1.9769999999999999,"[2.292, 0.943]",91.9,60.0,50.1,69.5,22.0,88.4,0,0,"[[8.11,3.87,149.7],[8.44,5.34,119.2],[8.77,4.61,141.1],[7.48,5.14,108.9]]","[[[1, 1],'H_O',2.292,'OH'],[[2, 2],'C_O',1.977,'CO']]",[],E1,3OB,1,2,"[3_6,10_7]","[1,9,11,50]",2,4,2.004,"[2.086, 0.952]",104.9,65.5,45.5,70.4,14.1,88.5,"[[8.16,3.86,151.9],[8.03,5.0,119.1]]",295.1
aMal118_TSdh_nn_273_0,4223,-1459.8874,4C1,1S5,1,2,"[9_50,13_7]","[1,6]",-1,2,2,0,2,2.056,"[2.33, 0.946]",69.4,60.0,28.6,16.3,276.6,86.0,0,0,"[[7.34,4.88,111.1],[8.28,6.33,102.2]]","[[[1, 1],'H_O',2.33,'OH'],[[2, 2],'C_O',2.056,'CO']]",[],4C1,1S5,1,2,[9_50],"[1,6]",1,2,2.0580000000000003,"[2.288, 0.947]",125.6,58.0,26.7,16.8,273.1,84.4,"[[7.27,5.51,100.7]]",364.4
aMal181_TSdh_nn_001_2,881,-1459.9167,3H4,5S1,2,1,"[2_1,13_10]","[1,2,11,50]",-1,1,2,2,4,2.267,"[1.282, 1.257]",167.5,165.0,33.3,120.5,84.9,83.9,0,0,"[[5.43,1.26,151.8],[8.22,4.05,146.5]]","[[[1, 1],'C_O',2.267,'CO'],[[2, 2],'H_O',1.282,'OH']]",[],3E,5S1,2,1,"[2_1,13_10]","[1,2,11,7,50]",2,5,2.3369999999999997,"[1.307, 1.222]",149.9,146.7,10.9,123.3,101.6,93.3,"[[5.5,1.22,152.7],[8.48,4.89,128.6]]",287.5
aMal132_TSdh_nn_340_0,3496,-1459.8931,B3O,4C1,3,2,"[2_1,10_9,11_10]","[3,50]",3,2,3,0,2,2.023,"[2.855, 0.933]",273.9,105.0,167.4,80.7,226.8,1.4,0,0,"[[6.71,4.24,112.5],[7.84,5.82,103.6],[7.87,5.5,108.6]]","[[[3, 4],'C_C',1.846,'bb'],[[2, 2],'C_O',2.023,'CO'],[[3, 3],'H_O',2.855,'OH']]",[],1S3,4C1,3,2,"[2_1,9_10]","[3,13,7]",2,3,2.013,"[2.878, 0.931]",306.4,131.3,198.5,73.0,173.2,3.8,"[[6.52,3.86,116.8],[7.85,5.89,102.7]]",349.5
aMal259_TSdh_nn_290_1,1298,-1459.9119,E1,5S1,1,2,[9_50],"[1,50]",-1,2,1,0,2,1.9369999999999998,"[2.298, 0.945]",97.3,45.0,56.6,59.7,83.3,89.3,0,0,"[[7.67,5.02,113.5]]","[[[1, 1],'H_O',2.298,'OH'],[[2, 2],'C_O',1.937,'CO']]",[],E1,3S1,1,2,[3_6],"[1,9,11,50]",1,4,1.943,"[2.312, 0.943]",95.6,70.8,50.7,69.3,24.7,87.9,"[[8.21,3.95,149.4]]",300.1
aMal86_TSdh_nn_277_0,2774,-1459.8991,OS2,4C1,1,2,"[2_50,9_50,10_9,11_10,13_7]","[1,6,0]",-1,2,5,1,3,1.98,"[2.929, 0.933]",87.3,60.0,340.6,84.4,208.6,4.6,0,0,"[[7.34,3.66,137.2],[7.39,4.99,109.9],[8.31,6.09,105.8],[8.0,5.8,105.8],[7.56,5.44,105.5]]","[[[1, 1],'H_O',2.929,'OH'],[[2, 2],'C_O',1.98,'CO']]",[],OS2,4C1,1,2,"[2_9,2_50,9_10,10_11]","[1,6,0]",4,3,1.982,"[2.946, 0.927]",71.6,79.5,338.2,83.0,230.9,5.2,"[[7.98,3.52,161.5],[7.93,5.29,111.7],[7.85,5.8,103.8],[8.12,6.14,102.7]]",333.7
aMal413_TSdh_nn_153_0,4910,-1459.8808,5S1,5S1,1,2,"[3_6,11_50]","[1,0,50]",-1,2,2,2,3,2.238,"[1.856, 0.949]",84.3,60.0,103.8,102.0,88.6,87.1,0,0,"[[8.2,3.94,149.4],[7.85,3.87,143.3]]","[[[1, 1],'H_O',1.856,'OH'],[[2, 2],'C_O',2.238,'CO']]",[],5S1,5S1,1,2,"[3_6,11_50]","[1,9,0,50]",2,4,2.244,"[1.748, 0.96]",63.3,46.1,104.0,104.6,89.6,92.2,"[[7.77,3.61,150.9],[8.71,4.39,147.4]]",381.7
aMal20_TSdh_nn_080_2,2323,-1459.9033,5S1,3S1,1,2,"[2_3,11_50,13_7]","[1,11,0,50]",-1,0,3,1,4,2.0469999999999997,"[3.685, 0.936]",77.5,105.0,91.0,78.8,36.6,86.1,0,0,"[[6.38,3.63,118.5],[7.91,3.93,142.7],[7.41,5.15,107.7]]","[[[0, 1],'C_O',2.047,'bb'],[[1, 1],'H_O',3.685,'OH'],[[2, 2],'C_O',1.779,'CO']]",[],5S1,3S1,1,2,"[2_3,3_6,9_1]","[1,9,11,0,50]",3,5,1.955,"[3.75, 0.939]",87.8,75.6,86.1,79.6,23.7,89.4,"[[6.86,4.0,119.2],[7.71,3.89,138.7],[8.41,5.21,120.7]]",322.7
aMal107_TSdh_nn_016_0,1397,-1459.9113,E3,3S1,-1,-1,"[2_1,3_50,9_50,10_13,11_50]","[1,2,3]",-1,1,5,3,3,2.528,"[0, 0]",150.8,90.0,164.8,62.8,29.9,85.8,0,0,"[[5.51,1.86,148.4],[7.95,5.58,108.4],[7.01,4.61,110.9],[7.75,3.48,157.8],[8.1,4.09,142.2]]","[[[1, 1],'C_O',2.528,'CO']]",[],2H3,5S1,-1,-1,"[2_1,3_9,3_50,10_13,11_50]","[1,2,3]",5,3,2.603,"[0, 0]",116.3,104.5,162.9,64.6,83.3,84.6,"[[5.56,1.9,148.8],[7.81,3.3,176.7],[8.42,6.32,103.4],[8.01,4.03,141.8],[7.83,3.87,143.3]]",301.7
aMal194_TSdh_nn_015_1,2457,-1459.9019,3OB,B3O,3,2,"[2_1,9_10]","[3,6,0]",-1,2,2,0,3,1.87,"[3.851, 0.954]",85.4,285.0,348.1,87.3,165.4,87.3,0,0,"[[6.28,3.81,113.8],[7.41,4.94,111.0]]","[[[2, 2],'C_O',1.87,'CO'],[[3, 3],'H_O',3.851,'OH']]",[],3OB,B3O,3,2,"[2_1,9_10,10_11]","[3,6,0]",3,3,1.8630000000000002,"[3.844, 0.955]",91.3,301.8,349.8,87.3,171.1,88.8,"[[6.24,3.67,115.9],[7.39,4.98,110.0],[8.62,6.47,104.5]]",326.3
aMal192_TSdh_nn_351_2,6298,-1459.8605,2SO,OS2,2,3,"[3_50,9_3,9_50,11_13]","[1,2]",1,3,4,1,2,1.96,"[3.148, 0.931]",179.6,180.0,154.3,83.9,319.8,89.0,0,0,"[[7.65,5.83,100.9],[11.06,5.67,166.6],[6.77,4.29,112.7],[7.93,4.24,134.0]]","[[[1, 2],'C_C',1.819,'bb'],[[2, 2],'H_O',3.148,'OH'],[[3, 3],'C_O',1.96,'CO']]",[],2SO,OS2,2,3,"[9_3,11_13]","[1,2]",2,2,2.338,"[1.717, 0.991]",106.1,173.7,156.4,87.6,319.7,91.6,"[[7.39,3.75,136.3],[7.87,4.32,130.7]]",435.0
aMal244_TSdh_nn_073_0,4671,-1459.8836,1S3,3S1,3,2,"[1_2,9_50,11_50]","[3,9,50]",3,2,3,1,3,2.136,"[2.377, 0.941]",166.4,90.0,197.5,75.2,43.5,88.4,0,0,"[[7.75,5.56,106.0],[7.12,4.72,110.7],[7.69,3.72,144.7]]","[[[3, 4],'C_C',1.726,'bb'],[[2, 2],'C_O',2.136,'CO'],[[3, 3],'H_O',2.377,'OH']]",[],B3O,3S1,3,2,"[1_2,9_3]","[3,9,11]",2,3,2.399,"[1.952, 0.956]",139.2,122.2,171.0,81.1,19.6,88.9,"[[7.88,4.06,137.8],[7.7,4.22,129.2]]",374.4
aMal112_TSdh_nn_273_0,3530,-1459.8928,4C1,1C4,1,2,"[9_50,11_9,13_3,13_7]","[1,6]",-1,2,4,1,2,2.056,"[2.33, 0.946]",69.4,60.0,28.6,16.3,260.9,174.8,0,0,"[[7.28,4.78,111.8],[7.88,4.05,138.1],[8.93,5.98,115.5],[7.87,5.26,112.4]]","[[[1, 1],'H_O',2.33,'OH'],[[2, 2],'C_O',2.056,'CO']]",[],4C1,1C4,1,2,"[3_2,9_50,11_9,13_3]","[1,6]",4,2,2.055,"[2.281, 0.949]",77.7,51.8,26.4,17.3,237.8,174.1,"[[8.64,6.24,107.7],[7.6,5.46,105.6],[7.97,4.17,136.7],[8.94,4.25,161.4]]",350.2
aMal466_TSdh_nn_273_0,4547,-1459.8846,4C1,3S1,1,2,"[9_11,11_50]","[1,6]",-1,2,2,1,2,2.056,"[2.33, 0.946]",69.4,60.0,28.6,16.3,26.1,93.0,0,0,"[[8.68,4.99,129.7],[7.76,4.05,135.6]]","[[[1, 1],'H_O',2.33,'OH'],[[2, 2],'C_O',2.056,'CO']]",[],4C1,5S1,1,2,"[3_2,9_50,11_50]","[1,6]",3,2,2.044,"[2.333, 0.947]",130.7,75.5,27.1,16.0,84.9,92.3,"[[8.72,6.41,106.5],[7.48,5.25,107.1],[7.79,3.8,144.5]]",371.8
aMal416_TSdh_nn_165_1,4544,-1459.8847,E1,2SO,1,2,[9_10],"[1,50]",-1,2,1,0,2,1.9340000000000002,"[2.2, 0.948]",96.2,330.0,50.0,66.0,163.1,85.6,0,0,"[[7.36,4.89,111.2]]","[[[1, 1],'H_O',2.2,'OH'],[[2, 2],'C_O',1.934,'CO']]",[],E1,2SO,1,2,"[2_3,6_0,9_10]","[1,9,50]",3,3,1.879,"[2.946, 0.936]",69.1,55.6,57.3,52.1,151.1,78.8,"[[7.92,5.5,108.9],[7.88,6.04,101.0],[7.1,4.68,110.7]]",371.5
aMal272_TSdh_nn_182_0,2501,-1459.9014,5H4,1S3,2,1,"[1_9,1_50,6_3,11_10,13_11]",[2],-1,1,5,3,1,2.521,"[1.718, 0.963]",157.9,60.0,82.5,115.1,209.6,87.3,0,0,"[[9.15,4.27,176.1],[8.93,6.07,114.1],[7.33,3.7,136.3],[8.0,6.23,100.1],[8.55,4.46,141.0]]","[[[1, 1],'C_O',2.521,'CO'],[[2, 2],'H_O',1.718,'OH']]",[],5H4,1S3,2,1,"[1_9,1_50,6_3,13_11]",[2],4,1,2.374,"[1.883, 0.945]",140.4,58.7,83.4,113.4,208.2,85.6,"[[8.21,3.67,165.7],[8.33,5.43,115.7],[7.33,3.61,139.3],[8.59,4.6,137.5]]",327.7
aMal203_TSdh_nn_018_0,75,-1459.9388,OS2,3S1,2,1,"[9_50,11_50,13_7]","[2,11,50]",-1,1,3,1,3,2.835,"[1.756, 0.956]",122.4,75.0,321.6,104.1,34.0,88.0,0,0,"[[7.07,4.68,110.5],[7.84,3.88,143.2],[7.39,5.25,106.0]]","[[[1, 1],'C_O',2.835,'CO'],[[2, 2],'H_O',1.756,'OH']]",[],3E,3S1,2,1,"[2_1,3_6,11_1]","[2,9,11,50]",3,4,2.414,"[1.331, 1.191]",158.3,77.5,1.8,114.4,27.2,90.1,"[[5.73,1.19,161.9],[7.44,3.39,151.1],[7.36,3.17,157.6]]",229.5
aMal339_TSdh_nn_273_0,3878,-1459.8902,4C1,OS2,1,2,"[9_11,11_13]","[1,6]",-1,2,2,1,2,2.056,"[2.33, 0.946]",69.4,60.0,28.6,16.3,331.6,90.9,0,0,"[[8.46,4.31,143.2],[8.27,4.72,128.6]]","[[[1, 1],'H_O',2.33,'OH'],[[2, 2],'C_O',2.056,'CO']]",[],4C1,OS2,1,2,"[3_2,9_11,11_13]","[1,6]",3,2,2.069,"[2.274, 0.947]",83.2,51.0,25.2,16.3,325.6,93.8,"[[8.72,6.41,106.4],[8.49,4.51,138.1],[8.26,4.79,126.9]]",357.1
aMal245_TSdh_nn_020_0,1317,-1459.9118,5S1,3S1,1,2,"[1_2,6_3,9_11,13_10]","[1,9,0,50]",-1,2,4,2,4,2.099,"[1.424, 1.091]",78.3,60.0,104.2,102.2,15.3,89.9,0,0,"[[5.69,1.09,149.8],[6.58,4.38,108.2],[8.62,5.54,118.2],[7.92,4.05,138.9]]","[[[1, 1],'H_O',1.424,'OH'],[[2, 2],'C_O',2.099,'CO']]",[],25B,OS2,1,2,"[1_2,6_3,9_11,13_7]","[1,9,0,50]",4,4,2.105,"[1.406, 1.106]",130.1,55.1,109.6,102.0,328.9,97.7,"[[5.66,1.11,150.6],[6.74,4.34,111.3],[7.55,3.69,141.5],[7.89,6.12,100.2]]",300.4
aMal128_TSdh_nn_015_0,793,-1459.9182,3OB,OS2,3,2,"[2_1,9_11,10_7]","[3,6,0]",-1,2,3,1,3,1.87,"[3.851, 0.954]",85.4,60.0,348.1,87.3,339.0,90.9,0,0,"[[6.28,3.81,113.8],[8.05,3.93,146.3],[7.78,4.61,122.8]]","[[[2, 2],'C_O',1.87,'CO'],[[3, 3],'H_O',3.851,'OH']]",[],3OB,OS2,3,2,"[2_1,9_11,10_7]","[3,6,0]",3,3,1.8940000000000001,"[3.991, 0.964]",152.2,61.7,353.4,88.4,333.4,92.6,"[[6.35,3.74,116.6],[8.06,4.1,140.6],[8.22,5.17,119.0]]",283.6
aMal179_TSdh_nn_187_2,1806,-1459.9077,3S1,5S1,-1,-1,"[1_2,3_6,3_0,10_13]","[1,2,11,50]",-1,2,4,3,4,2.253,"[0, 0]",93.2,135.0,25.9,79.2,80.2,81.0,0,0,"[[5.52,1.83,150.5],[7.37,3.27,150.3],[6.94,4.85,104.7],[8.01,3.98,143.3]]","[[[2, 2],'C_O',2.253,'CO']]",[],3S1,5S1,-1,-1,"[1_2,3_6,10_13,11_2]","[1,11,7,50]",4,4,2.2,"[0, 0]",111.8,156.9,33.9,83.3,100.1,89.0,"[[5.66,1.77,157.5],[6.77,2.74,156.6],[8.25,4.25,140.3],[6.65,2.67,156.6]]",311.1
aMal435_TSdh_nn_128_0,6111,-1459.8647,3S1,5S1,-1,-1,"[1_9,1_50,3_6,9_2,11_50,13_10]","[3,6]",-1,6,6,4,2,2.231,"[0, 0]",42.0,75.0,36.0,99.6,86.3,86.3,0,0,"[[6.84,3.81,123.5],[7.85,4.05,137.3],[6.03,2.19,153.0],[6.04,4.25,102.7],[7.82,3.85,143.0],[8.05,4.01,143.1]]","[[[6, 6],'C_O',2.231,'CO']]",[],3S1,5S1,-1,-1,"[1_9,1_50,3_6,11_50,13_10]","[3,6]",5,2,2.233,"[0, 0]",64.9,56.3,43.5,100.1,84.7,91.3,"[[8.47,3.97,156.3],[7.83,4.53,124.5],[6.11,2.32,151.0],[7.97,3.97,143.3],[7.81,3.97,139.1]]",424.0
aMal175_TSdh_nn_050_0,3633,-1459.892,4C1,OS2,3,2,"[2_1,9_50,11_9,13_11]","[3,9,50]",3,2,4,1,3,2.077,"[3.074, 0.932]",277.2,60.0,189.2,13.7,328.8,91.2,0,0,"[[8.05,5.93,104.6],[6.73,4.3,112.0],[8.81,5.25,126.5],[8.86,4.78,138.5]]","[[[3, 4],'C_C',1.808,'bb'],[[2, 2],'C_O',2.077,'CO'],[[3, 3],'H_O',3.074,'OH']]",[],4C1,1S3,3,2,"[10_11,11_13]","[3,9,50]",2,3,2.061,"[2.692, 0.937]",275.7,73.8,190.4,14.3,219.8,91.8,"[[7.6,5.38,106.7],[7.84,4.5,126.0]]",352.3
aMal79_TSdh_nn_184_2,4768,-1459.8825,3S1,5S1,1,2,"[1_2,3_0,6_0,9_2,9_50,13_10]","[1,2,11,50]",-1,2,6,3,4,2.164,"[1.388, 1.126]",87.0,105.0,16.2,77.1,85.6,85.9,0,0,"[[5.53,1.13,147.3],[6.62,3.6,123.9],[7.9,6.11,100.4],[8.39,4.21,145.0],[7.87,5.26,112.3],[8.11,4.02,144.6]]","[[[1, 1],'H_O',1.388,'OH'],[[2, 2],'C_O',2.164,'CO']]",[],3S1,5S1,1,2,"[1_2,3_0,6_0,9_2,13_10]","[1,11,50]",5,3,2.161,"[1.384, 1.127]",94.9,101.9,24.1,80.4,97.0,89.8,"[[5.7,1.13,154.6],[6.63,3.61,123.9],[7.81,5.96,101.3],[8.01,3.47,171.9],[8.51,4.81,130.9]]",377.3
aMal247_TSdh_nn_025_1,1226,-1459.9125,3E,3S1,2,1,"[2_1,9_50]","[1,2,11,50]",-1,1,2,1,4,2.296,"[1.327, 1.192]",151.5,150.0,11.7,115.1,37.3,85.5,0,0,"[[5.5,1.19,151.4],[7.48,4.7,116.2]]","[[[1, 1],'C_O',2.296,'CO'],[[2, 2],'H_O',1.327,'OH']]",[],3E,3S1,2,1,"[2_1,9_50]","[1,2,11,50]",2,4,2.296,"[1.366, 1.151]",164.8,105.9,7.5,113.9,22.8,94.6,"[[5.58,1.15,151.0],[7.05,4.59,111.9]]",298.5
aMal248_TSdh_nn_104_2,979,-1459.9154,25B,5S1,1,2,"[11_50,13_7]","[1,11,0,50]",-1,2,2,1,4,2.218,"[1.839, 0.952]",83.2,105.0,110.4,101.0,87.5,82.2,0,0,"[[7.96,4.0,141.7],[7.39,4.83,112.7]]","[[[1, 1],'H_O',1.839,'OH'],[[2, 2],'C_O',2.218,'CO']]",[],25B,5S1,-1,-1,"[1_2,3_9,6_3,11_2,13_7]","[1,11,0,50]",5,4,2.17,"[0, 0]",98.2,170.5,112.5,107.5,86.4,91.1,"[[5.62,1.89,152.9],[8.87,5.27,127.0],[6.48,3.95,114.3],[7.11,3.0,156.1],[7.8,5.83,103.0]]",290.9
aMal300_TSdh_nn_273_1,2049,-1459.9055,4C1,4C1,1,2,"[9_10,11_10]","[1,6]",-1,2,2,0,2,2.056,"[2.33, 0.946]",69.4,45.0,28.6,16.3,75.9,1.1,0,0,"[[8.24,5.64,111.4],[8.29,5.74,110.5]]","[[[1, 1],'H_O',2.33,'OH'],[[2, 2],'C_O',2.056,'CO']]",[],4C1,4C1,1,2,"[3_9,9_10,11_10]","[1,6]",3,2,2.106,"[2.363, 0.937]",120.3,103.8,24.0,18.0,296.6,3.6,"[[8.75,4.01,167.0],[8.5,6.22,106.3],[8.47,6.2,106.3]]",316.9
aMal316_TSdh_nn_073_1,3495,-1459.8931,1S3,5S1,3,2,"[1_2,10_13,11_50]","[3,11,50]",3,2,3,2,3,2.136,"[2.377, 0.941]",166.4,120.0,197.5,75.2,81.7,81.3,0,0,"[[7.75,5.56,106.0],[8.15,4.09,143.3],[7.8,3.85,142.7]]","[[[3, 4],'C_C',1.726,'bb'],[[2, 2],'C_O',2.136,'CO'],[[3, 3],'H_O',2.377,'OH']]",[],2SO,3S1,3,2,"[1_2,10_13]","[3,9,11,50]",2,4,2.392,"[1.794, 0.979]",179.8,107.6,162.1,84.8,22.4,86.9,"[[7.74,3.72,145.2],[7.64,3.4,157.2]]",349.5
aMal128_TSdh_nn_001_1,597,-1459.9238,3H4,OS2,2,1,"[2_1,9_11,10_7]","[1,2,50]",-1,1,3,2,3,2.267,"[1.282, 1.257]",167.5,180.0,33.3,120.5,339.0,90.9,0,0,"[[5.43,1.26,151.8],[8.05,3.93,146.3],[7.78,4.61,122.8]]","[[[1, 1],'C_O',2.267,'CO'],[[2, 2],'H_O',1.282,'OH']]",[],3H4,OS2,2,1,"[2_1,9_11,10_7]","[1,2,13,7,50]",3,5,2.3480000000000003,"[1.311, 1.215]",139.7,185.5,16.6,122.6,333.0,92.5,"[[5.52,1.22,153.6],[8.16,4.12,142.2],[8.13,5.16,117.8]]",268.9
aMal86_TSdh_nn_177_2,4867,-1459.8814,5S1,4C1,1,2,"[6_3,9_50,10_9,11_10,13_7]","[1,0,50]",-1,2,5,0,3,2.239,"[1.808, 0.958]",92.6,105.0,104.5,99.7,208.6,4.6,0,0,"[[8.95,5.09,132.3],[7.39,4.99,109.9],[8.31,6.09,105.8],[8.0,5.8,105.8],[7.56,5.44,105.5]]","[[[1, 1],'H_O',1.808,'OH'],[[2, 2],'C_O',2.239,'CO']]",[],5S1,OH1,1,2,"[6_3,9_1]","[1,11,0,50]",2,4,2.375,"[1.999, 0.939]",76.7,117.3,96.6,96.0,46.2,36.4,"[[8.33,4.57,133.4],[8.85,4.1,164.7]]",380.2
aMal217_TSdh_nn_016_1,2362,-1459.9029999999998,E3,5S1,-1,-1,"[2_1,3_50,11_50]","[1,2,3]",-1,1,3,2,3,2.528,"[0, 0]",150.8,165.0,164.8,62.8,89.5,80.8,0,0,"[[5.51,1.86,148.4],[7.95,5.58,108.4],[8.3,4.28,140.4]]","[[[1, 1],'C_O',2.528,'CO']]",[],E3,5S1,-1,-1,"[2_1,3_9,3_50,11_50]","[1,2,3]",4,3,2.573,"[0, 0]",124.0,99.9,164.8,63.2,87.6,89.8,"[[5.57,1.94,147.7],[8.36,3.68,174.2],[8.17,5.94,105.5],[7.86,3.81,146.1]]",323.5
aMal13_TSdh_nn_181_0,6198,-1459.8629,1HO,OS2,1,2,"[2_50,9_11,13_7]","[1,2,0]",-1,2,3,2,3,2.274,"[3.547, 0.93]",163.0,60.0,191.8,153.0,334.9,92.5,0,0,"[[7.54,3.53,146.4],[8.0,3.97,143.7],[7.48,5.23,107.3]]","[[[1, 1],'H_O',3.547,'OH'],[[2, 2],'C_O',2.274,'CO']]",[],EO,OS2,1,2,"[2_9,2_50,9_11,13_7]","[1,2,0]",4,3,2.374,"[3.512, 0.928]",142.4,62.1,184.5,156.6,331.4,95.2,"[[8.37,3.93,153.3],[7.22,3.9,127.4],[7.91,3.91,143.0],[7.92,6.1,100.8]]",428.7
aMal241_TSdh_nn_181_0,6153,-1459.8638,1HO,5S1,1,2,"[2_50,11_50]","[1,2,0]",-1,2,2,2,3,2.274,"[3.547, 0.93]",163.0,150.0,191.8,153.0,85.9,84.4,0,0,"[[7.54,3.53,146.4],[7.8,3.83,143.6]]","[[[1, 1],'H_O',3.547,'OH'],[[2, 2],'C_O',2.274,'CO']]",[],1HO,5S1,1,2,"[2_11,2_50,10_13]","[1,2,0]",3,3,2.271,"[3.397, 0.927]",163.7,107.3,194.9,150.8,88.0,80.0,"[[7.49,3.53,144.1],[8.21,4.87,123.4],[8.46,4.5,137.6]]",426.4
aMal190_TSdh_nn_097_2,752,-1459.9187,5S1,1C4,1,2,"[3_2,9_50,11_9,13_7]","[1,0,50]",-1,0,4,1,3,1.824,"[2.514, 0.943]",77.7,120.0,90.1,79.4,262.6,175.3,0,0,"[[8.5,6.19,106.8],[7.25,4.77,111.6],[7.83,4.0,138.6],[7.87,5.27,112.2]]","[[[0, 1],'C_O',1.824,'bb'],[[1, 1],'H_O',2.514,'OH'],[[2, 2],'C_O',1.935,'CO']]",[],3S1,1C4,1,2,"[3_6,9_50]","[1,9,11,7]",2,4,2.01,"[1.999, 0.957]",169.5,69.2,41.4,73.1,162.0,169.0,"[[7.87,3.61,154.3],[6.61,4.81,101.8]]",282.2
aMal181_TSdh_nn_165_2,3073,-1459.8962,E1,5S1,1,2,[13_10],"[1,11,50]",-1,2,1,1,3,1.9340000000000002,"[2.2, 0.948]",96.2,165.0,50.0,66.0,84.9,83.9,0,0,"[[8.22,4.05,146.5]]","[[[1, 1],'H_O',2.2,'OH'],[[2, 2],'C_O',1.934,'CO']]",[],E1,5S1,1,2,"[2_3,3_9,6_0,13_10]","[1,11,50]",4,3,1.879,"[2.994, 0.935]",125.3,139.8,58.6,50.5,91.2,88.0,"[[7.82,5.17,112.6],[8.29,3.92,153.2],[7.84,5.99,101.3],[8.22,4.67,129.0]]",341.3
aMal190_TSdh_nn_162_0,5230,-1459.8771,5HO,1C4,1,2,"[2_50,3_6,9_50,11_9,13_7]","[1,0]",-1,2,5,2,2,2.199,"[1.822, 0.96]",81.8,60.0,143.2,154.7,262.6,175.3,0,0,"[[9.03,5.35,128.1],[6.45,2.41,167.1],[7.25,4.77,111.6],[7.83,4.0,138.6],[7.87,5.27,112.2]]","[[[1, 1],'H_O',1.822,'OH'],[[2, 2],'C_O',2.199,'CO']]",[],5HO,1C4,1,2,"[1_2,3_6,9_50,11_9]","[1,0]",4,2,2.185,"[1.591, 1.007]",56.6,39.2,131.9,156.9,229.3,173.1,"[[6.27,1.01,148.8],[6.47,2.43,168.1],[7.7,5.42,107.6],[8.08,4.25,136.6]]",391.5
aMal231_TSdh_nn_000_1,1021,-1459.9145,E3,1C4,2,1,"[3_50,9_11]","[2,3]",-1,1,2,1,2,3.085,"[1.673, 0.977]",148.7,-0.0,171.3,60.7,249.2,168.1,0,0,"[[7.94,5.68,106.7],[8.06,4.19,137.9]]","[[[1, 1],'C_O',3.085,'CO'],[[2, 2],'H_O',1.673,'OH']]",[],E3,1C4,2,1,"[3_50,9_11,10_13]","[2,3]",3,2,3.0260000000000002,"[1.66, 0.979]",159.9,340.6,164.5,66.3,282.8,163.8,"[[7.84,5.54,107.6],[7.72,3.71,145.6],[7.52,3.28,160.3]]",293.3
aMal175_TSdh_nn_260_2,3337,-1459.8942,4E,OS2,2,1,"[2_1,9_50,11_9,13_11]","[1,2]",-1,1,4,2,2,2.378,"[1.216, 1.376]",55.8,135.0,229.3,41.4,328.8,91.2,0,0,"[[5.41,1.38,153.5],[6.73,4.3,112.0],[8.81,5.25,126.5],[8.86,4.78,138.5]]","[[[1, 1],'C_O',2.378,'CO'],[[2, 2],'H_O',1.216,'OH']]",[],E3,OS2,-1,-1,"[2_1,9_50,11_9,13_11]","[1,2,3]",4,3,2.56,"[0, 0]",94.0,53.7,178.6,50.0,325.4,91.9,"[[5.51,1.87,148.1],[6.98,5.13,102.1],[8.98,5.51,124.2],[9.04,5.2,131.2]]",346.6
aMal339_TSdh_nn_351_2,5538,-1459.8729,2SO,OS2,2,3,"[3_50,9_11,11_13]","[1,2]",1,3,3,1,2,1.96,"[3.148, 0.931]",179.6,180.0,154.3,83.9,331.6,90.9,0,0,"[[7.65,5.83,100.9],[8.46,4.31,143.2],[8.27,4.72,128.6]]","[[[1, 2],'C_C',1.819,'bb'],[[2, 2],'H_O',3.148,'OH'],[[3, 3],'C_O',1.96,'CO']]",[],2SO,OS2,2,3,"[3_9,9_11,11_13]","[1,2]",3,2,1.976,"[3.017, 0.926]",156.8,159.2,152.2,83.4,330.1,92.8,"[[6.94,2.72,173.7],[7.95,3.88,144.5],[8.23,4.8,126.0]]",402.5
aMal352_TSdh_nn_016_2,2566,-1459.9008,E3,5S1,-1,-1,"[2_1,3_50,13_7]","[1,2,3]",-1,1,3,1,3,2.528,"[0, 0]",150.8,165.0,164.8,62.8,86.1,83.1,0,0,"[[5.51,1.86,148.4],[7.95,5.58,108.4],[7.38,4.79,113.0]]","[[[1, 1],'C_O',2.528,'CO']]",[],E3,4C1,-1,-1,"[2_1,3_50,9_10]","[1,2,3]",3,3,2.611,"[0, 0]",179.9,167.4,164.2,64.8,78.0,4.4,"[[5.55,1.89,148.8],[7.77,5.4,108.6],[8.16,5.75,108.7]]",329.2
aMal128_TSdh_nn_025_0,489,-1459.9266,3E,OS2,2,1,"[2_1,9_11,10_7]","[1,2,9,50]",-1,1,3,2,4,2.296,"[1.327, 1.192]",151.5,60.0,11.7,115.1,339.0,90.9,0,0,"[[5.5,1.19,151.4],[8.05,3.93,146.3],[7.78,4.61,122.8]]","[[[1, 1],'C_O',2.296,'CO'],[[2, 2],'H_O',1.327,'OH']]",[],3E,OS2,2,1,"[2_1,9_11,10_7]","[1,2,9,50]",3,4,2.302,"[1.316, 1.207]",141.8,64.7,14.6,119.9,333.7,93.0,"[[5.5,1.21,152.0],[7.67,3.7,144.2],[8.08,5.1,118.1]]",261.5
aMal270_TSdh_nn_084_2,1069,-1459.914,5S1,3S1,1,2,"[2_3,3_6,9_11,10_7,11_50]","[1,11,0,50]",-1,0,5,1,4,2.085,"[3.692, 0.937]",74.9,105.0,86.4,79.5,19.2,92.4,0,0,"[[6.62,3.71,120.8],[7.48,3.64,141.5],[7.96,4.34,131.9],[8.07,5.01,119.6],[8.35,4.95,125.1]]","[[[0, 1],'C_O',2.085,'bb'],[[1, 1],'H_O',3.692,'OH'],[[2, 2],'C_O',1.743,'CO']]",[],E1,3S1,1,2,"[3_6,10_7]","[1,9,11,50]",2,4,2.005,"[2.09, 0.952]",93.7,72.0,46.3,70.5,19.4,88.1,"[[8.13,3.84,151.8],[8.31,5.29,118.1]]",294.6
aMal119_TSdh_nn_045_0,5919,-1459.868,4C1,1S5,1,2,"[3_2,9_50,11_13]",[1],-1,2,3,0,1,2.055,"[2.277, 0.943]",80.1,60.0,51.6,19.4,269.6,84.7,0,0,"[[8.75,6.49,105.7],[7.29,4.82,111.2],[8.62,5.52,118.6]]","[[[1, 1],'H_O',2.277,'OH'],[[2, 2],'C_O',2.055,'CO']]",[],4C1,1S5,1,2,"[3_2,9_50,11_13]",[1],3,1,2.049,"[2.287, 0.944]",90.3,67.6,53.6,19.1,268.7,85.1,"[[8.58,6.36,105.4],[7.47,5.27,106.8],[8.75,5.76,116.5]]",415.4
aMal39_TSdh_nn_273_0,4491,-1459.8852,4C1,1S3,1,2,"[9_50,11_10,13_7]","[1,6]",-1,2,3,0,2,2.056,"[2.33, 0.946]",69.4,60.0,28.6,16.3,211.6,88.1,0,0,"[[6.82,4.32,113.0],[7.49,5.11,109.3],[7.99,5.54,109.7]]","[[[1, 1],'H_O',2.33,'OH'],[[2, 2],'C_O',2.056,'CO']]",[],4C1,1S3,1,2,"[3_2,11_10,13_3]","[1,6]",3,2,2.056,"[2.277, 0.949]",82.2,43.1,27.1,17.7,202.3,88.2,"[[8.81,6.46,106.8],[7.49,5.18,108.4],[8.89,4.3,156.7]]",370.2
aMal209_TSdh_nn_073_0,3321,-1459.8942,1S3,2SO,3,2,"[1_2,9_50,10_11]","[3,9,50]",3,2,3,0,3,2.136,"[2.377, 0.941]",166.4,105.0,197.5,75.2,156.0,81.8,0,0,"[[7.75,5.56,106.0],[6.74,4.53,108.2],[8.62,6.34,106.2]]","[[[3, 4],'C_C',1.726,'bb'],[[2, 2],'C_O',2.136,'CO'],[[3, 3],'H_O',2.377,'OH']]",[],B3O,4C1,3,2,"[1_2,9_3,9_50,10_11,11_13]","[3,9,10]",5,3,2.154,"[2.425, 0.935]",118.8,137.6,192.7,76.8,148.6,8.3,"[[7.46,5.26,106.7],[6.19,2.34,157.6],[8.35,6.13,104.0],[7.48,4.94,111.8],[7.46,3.94,132.3]]",346.6
aMal22_TSdh_nn_084_0,1797,-1459.9078,5S1,1C4,1,2,"[2_3,3_6,9_11,10_13]","[1,0,50]",-1,0,4,2,3,2.085,"[3.692, 0.937]",74.9,60.0,86.4,79.5,291.2,176.4,0,0,"[[6.62,3.71,120.8],[7.48,3.64,141.5],[7.71,3.94,137.4],[8.78,4.87,134.4]]","[[[0, 1],'C_O',2.085,'bb'],[[1, 1],'H_O',3.692,'OH'],[[2, 2],'C_O',1.743,'CO']]",[],5S1,1C4,1,2,"[2_3,3_6,9_11]","[1,9,0,50]",3,4,2.0069999999999997,"[3.706, 0.937]",142.4,58.2,90.0,79.4,273.0,172.6,"[[6.68,3.81,120.0],[7.92,4.07,138.0],[7.28,3.42,144.5]]",310.9
aMal79_TSdh_nn_340_1,5282,-1459.8764,B3O,5S1,3,2,"[2_1,9_50,13_10]","[3,11,50]",3,2,3,1,3,2.023,"[2.855, 0.933]",273.9,120.0,167.4,80.7,85.6,85.9,0,0,"[[6.71,4.24,112.5],[7.87,5.26,112.3],[8.11,4.02,144.6]]","[[[3, 4],'C_C',1.846,'bb'],[[2, 2],'C_O',2.023,'CO'],[[3, 3],'H_O',2.855,'OH']]",[],B3O,25B,3,2,"[2_1,9_50,13_10]","[3,11,7,50]",3,4,2.033,"[2.663, 0.936]",287.8,107.2,166.3,80.9,105.9,97.0,"[[6.9,4.38,113.0],[7.24,5.31,103.1],[8.39,4.78,129.2]]",393.3
aMal43_TSdh_nn_001_0,158,-1459.9362,3H4,3S1,2,1,"[2_1,9_50]","[1,2,11,50]",-1,1,2,1,4,2.267,"[1.282, 1.257]",167.5,75.0,33.3,120.5,31.8,88.7,0,0,"[[5.43,1.26,151.8],[7.22,4.32,119.3]]","[[[1, 1],'C_O',2.267,'CO'],[[2, 2],'H_O',1.282,'OH']]",[],3H4,3S1,2,1,"[2_1,11_1]","[2,9,11,50]",2,4,2.299,"[1.364, 1.155]",159.1,79.8,17.2,121.5,28.1,89.7,"[[5.74,1.16,158.5],[7.37,3.29,152.1]]",236.3
aMal203_TSdh_nn_104_2,4374,-1459.8862,25B,3S1,1,2,"[9_50,11_50,13_7]","[1,11,0,50]",-1,2,3,1,4,2.218,"[1.839, 0.952]",83.2,90.0,110.4,101.0,34.0,88.0,0,0,"[[7.07,4.68,110.5],[7.84,3.88,143.2],[7.39,5.25,106.0]]","[[[1, 1],'H_O',1.839,'OH'],[[2, 2],'C_O',2.218,'CO']]",[],5S1,3S1,1,2,[9_1],"[1,9,11,0,50]",1,5,2.262,"[1.773, 0.963]",75.6,86.4,101.7,98.4,22.9,90.0,"[[8.06,4.51,129.3]]",367.6
aMal351_TSdh_nn_187_2,2971,-1459.8970000000006,3S1,4C1,-1,-1,"[1_2,3_6,3_0,11_13]","[1,2,50]",-1,2,4,3,3,2.253,"[0, 0]",93.2,135.0,25.9,79.2,24.6,2.7,0,0,"[[5.52,1.83,150.5],[7.37,3.27,150.3],[6.94,4.85,104.7],[7.52,3.83,137.2]]","[[[2, 2],'C_O',2.253,'CO']]",[],3S1,2H1,-1,-1,"[1_2,3_6,3_0,9_10,11_13]","[1,2,11,50]",5,4,2.239,"[0, 0]",102.8,131.5,24.7,79.7,72.9,27.3,"[[5.52,1.81,151.8],[7.35,3.22,152.2],[7.03,4.97,104.0],[8.22,6.34,101.2],[7.82,4.47,126.0]]",339.2
aMal234_TSdh_nn_094_1,914,-1459.9161,E1,4C1,1,2,"[10_9,11_10,13_7]","[1,50]",-1,2,3,0,2,1.9380000000000002,"[2.459, 0.941]",103.5,45.0,51.0,61.3,180.0,1.7,0,0,"[[7.83,5.83,103.4],[7.94,5.63,107.6],[7.65,5.48,106.0]]","[[[1, 1],'H_O',2.459,'OH'],[[2, 2],'C_O',1.938,'CO']]",[],E1,4C1,1,2,"[3_6,9_10,10_11]","[1,9,50]",3,3,2.0180000000000002,"[2.149, 0.948]",81.0,51.7,49.0,69.9,278.9,9.7,"[[8.4,3.99,153.2],[7.68,5.73,102.7],[8.09,6.13,102.4]]",289.1
aMal193_TSdh_nn_181_1,6399,-1459.8569,1HO,4C1,1,2,"[2_50,9_10,10_11]","[1,2,0]",-1,2,3,1,3,2.274,"[3.547, 0.93]",163.0,165.0,191.8,153.0,264.0,4.3,0,0,"[[7.54,3.53,146.4],[8.12,5.99,104.8],[8.33,5.97,107.6]]","[[[1, 1],'H_O',3.547,'OH'],[[2, 2],'C_O',2.274,'CO']]",[],EO,4C1,1,2,"[2_50,9_10,10_11]","[1,2,0]",3,3,2.315,"[3.553, 0.929]",183.8,182.3,182.5,154.1,164.5,6.2,"[[7.27,3.27,148.9],[7.66,5.42,107.0],[8.41,6.14,106.3]]",444.5
aMal192_TSdh_nn_184_0,3114,-1459.8958,3S1,OS2,1,2,"[1_2,3_0,6_0,9_50,11_13]","[1,2,50]",-1,2,5,1,3,2.164,"[1.388, 1.126]",87.0,60.0,16.2,77.1,319.8,89.0,0,0,"[[5.53,1.13,147.3],[6.62,3.6,123.9],[7.9,6.11,100.4],[6.77,4.29,112.7],[7.93,4.24,134.0]]","[[[1, 1],'H_O',1.388,'OH'],[[2, 2],'C_O',2.164,'CO']]",[],3S1,OS2,1,2,"[1_2,3_0,6_0,9_11,11_13]","[1,2,9,50]",5,4,2.158,"[1.344, 1.17]",144.6,49.9,18.5,75.6,327.4,95.0,"[[5.48,1.17,149.4],[6.61,3.59,123.8],[8.16,6.34,100.6],[7.76,3.85,141.3],[8.23,4.85,125.0]]",342.4
aMal276_TSdh_nn_064_1,5945,-1459.8675,5S1,5S1,3,6,"[1_50,2_1,3_6,9_50,11_0,13_10]","[2,3]",-1,6,6,3,2,2.206,"[1.495, 1.082]",163.5,45.0,83.9,89.5,84.9,92.0,0,0,"[[7.55,3.58,145.7],[8.61,6.22,107.6],[6.32,1.08,164.9],[7.59,4.9,114.3],[4.82,3.27,100.4],[8.55,4.54,138.6]]","[[[3, 3],'H_O',1.495,'OH'],[[6, 6],'C_O',2.206,'CO']]",[],5S1,5S1,3,6,"[1_11,1_50,2_1,3_6,9_50,13_10]","[2,3]",6,2,2.234,"[1.521, 1.07]",144.1,53.8,80.2,87.4,90.4,94.4,"[[8.89,5.57,121.2],[7.66,3.71,143.4],[8.64,6.24,107.6],[6.44,1.07,166.5],[7.38,5.12,107.9],[8.6,4.57,138.7]]",416.7
aMal107_TSdh_nn_096_0,1030,-1459.9144,5S1,3S1,1,2,"[3_6,9_50,10_13,11_50]","[1,9,0,50]",-1,2,4,2,4,2.202,"[1.62, 0.993]",77.1,60.0,105.1,97.5,29.9,85.8,0,0,"[[7.73,4.74,119.6],[7.01,4.61,110.9],[7.75,3.48,157.8],[8.1,4.09,142.2]]","[[[1, 1],'H_O',1.62,'OH'],[[2, 2],'C_O',2.202,'CO']]",[],25B,3S1,1,2,"[1_2,3_6,9_2,10_13]","[1,9,11,0,50]",4,5,2.229,"[1.368, 1.14]",74.7,100.4,108.2,104.4,15.4,88.9,"[[5.64,1.14,154.1],[7.32,4.43,119.1],[8.34,4.15,145.3],[7.85,3.59,154.9]]",293.5
aMal11_TSdh_nn_337_1,6031,-1459.8662,1S3,1S3,1,2,"[10_11,13_7]","[1,0]",-1,2,2,0,2,2.097,"[2.214, 0.941]",66.9,135.0,196.6,87.4,209.0,88.7,0,0,"[[7.53,5.33,106.6],[7.72,5.26,110.3]]","[[[1, 1],'H_O',2.214,'OH'],[[2, 2],'C_O',2.097,'CO']]",[],1S3,2SO,1,2,"[3_9,3_50,9_10,13_6,13_7]","[1,0]",5,2,2.1390000000000002,"[2.034, 0.945]",139.5,118.8,195.0,88.4,163.7,83.9,"[[8.11,3.57,167.4],[8.03,5.91,104.3],[7.28,4.79,111.6],[9.12,4.77,144.1],[7.42,4.75,114.4]]",420.1
aMal47_TSdh_nn_081_1,1331,-1459.9117,5S1,3S1,1,2,"[2_3,3_6,9_50]","[1,0,50]",-1,0,3,1,3,2.0469999999999997,"[2.845, 0.94]",79.1,45.0,87.0,80.0,38.6,85.6,0,0,"[[6.96,4.11,118.6],[7.5,3.67,140.8],[7.46,4.67,116.6]]","[[[0, 1],'C_O',2.047,'bb'],[[1, 1],'H_O',2.845,'OH'],[[2, 2],'C_O',1.782,'CO']]",[],E1,OS2,1,2,"[2_3,3_6,9_11,11_13]","[1,9,50]",4,3,1.895,"[2.855, 0.937]",138.9,53.9,68.7,67.6,328.8,94.0,"[[8.62,6.36,105.7],[8.41,4.46,137.4],[7.81,3.86,141.9],[8.37,4.94,125.4]]",300.6
aMal429_TSdh_nn_050_0,3969,-1459.8894,4C1,OS2,3,2,"[2_1,9_50,11_9]","[3,9,50]",3,2,3,0,3,2.077,"[3.074, 0.932]",277.2,60.0,189.2,13.7,333.0,94.5,0,0,"[[8.05,5.93,104.6],[6.65,4.17,113.1],[7.99,4.39,131.3]]","[[[3, 4],'C_C',1.808,'bb'],[[2, 2],'C_O',2.077,'CO'],[[3, 3],'H_O',3.074,'OH']]",[],4C1,3OB,3,2,"[2_1,6_0]","[3,9,11,50]",2,4,2.073,"[2.729, 0.936]",267.4,57.3,187.9,15.4,0.6,96.2,"[[8.48,6.35,104.1],[7.91,6.08,101.0]]",359.2
aMal218_TSdh_nn_167_2,1798,-1459.9077,E4,OS2,2,1,"[2_9,3_6,9_11,10_7]",[2],-1,1,4,2,1,2.583,"[1.714, 0.964]",72.3,120.0,76.0,117.7,341.4,91.3,0,0,"[[9.02,3.05,120.5],[7.56,3.63,144.6],[7.84,3.78,146.1],[7.76,4.59,122.9]]","[[[1, 1],'C_O',2.583,'CO'],[[2, 2],'H_O',1.714,'OH']]",[],5H4,OS2,2,1,"[1_9,1_50,3_6,9_11,10_7,11_13]",[2],6,1,2.459,"[1.787, 0.952]",89.7,77.2,79.0,114.6,335.0,91.8,"[[7.96,3.48,167.1],[8.79,6.11,111.1],[7.59,3.69,143.3],[7.93,3.92,143.2],[8.16,5.18,117.9],[8.51,5.16,123.6]]",311.1
aMal52_TSdh_nn_073_1,4436,-1459.8858,1S3,1C4,3,2,"[1_2,9_50,11_9]","[3,50]",3,2,3,1,2,2.136,"[2.377, 0.941]",166.4,150.0,197.5,75.2,221.6,175.0,0,0,"[[7.75,5.56,106.0],[7.3,4.76,112.4],[7.97,4.14,137.6]]","[[[3, 4],'C_C',1.726,'bb'],[[2, 2],'C_O',2.136,'CO'],[[3, 3],'H_O',2.377,'OH']]",[],B3O,1C4,3,2,"[1_2,9_3]","[3,9,11,7]",2,4,2.148,"[2.446, 0.938]",122.1,197.2,193.0,77.1,155.0,177.2,"[[7.62,5.26,108.8],[6.21,2.37,155.2]]",368.6
aMal76_TSdh_nn_116_0,5365,-1459.8754,5S1,4C1,3,6,"[1_50,2_1,3_6,9_10,10_11,13_7]","[2,3]",-1,6,6,2,2,2.221,"[1.518, 1.069]",79.2,60.0,83.4,88.7,195.3,1.3,0,0,"[[7.67,3.64,146.4],[8.67,6.29,107.3],[6.4,1.07,164.7],[8.04,5.86,105.6],[8.33,5.99,107.4],[7.48,5.4,105.0]]","[[[3, 3],'H_O',1.518,'OH'],[[6, 6],'C_O',2.221,'CO']]",[],5S1,4C1,3,6,"[1_9,1_50,2_1,3_6,9_10,10_11]","[2,3]",6,2,2.208,"[1.504, 1.078]",82.6,89.4,85.2,89.9,197.6,4.2,"[[8.51,4.18,148.0],[8.01,4.34,131.9],[8.45,6.01,108.5],[6.37,1.08,166.1],[7.99,5.86,104.8],[8.34,6.09,106.2]]",395.9
aMal40_TSdh_nn_116_1,5878,-1459.8684,5S1,OS2,3,6,"[1_50,2_1,3_6,9_11,13_7]","[2,3]",-1,6,5,3,2,2.221,"[1.518, 1.069]",79.2,15.0,83.4,88.7,333.8,91.9,0,0,"[[7.67,3.64,146.4],[8.67,6.29,107.3],[6.4,1.07,164.7],[8.22,4.06,145.7],[7.65,5.39,107.3]]","[[[3, 3],'H_O',1.518,'OH'],[[6, 6],'C_O',2.221,'CO']]",[],5S1,OS2,3,6,"[1_50,2_1,3_6,9_11,13_7]","[2,3]",5,2,2.209,"[1.5, 1.079]",126.5,301.0,83.9,88.8,325.2,102.2,"[[7.41,3.4,148.6],[8.49,6.04,108.5],[6.35,1.08,166.2],[7.61,3.62,145.7],[7.85,6.07,100.5]]",414.3
aMal287_TSdh_nn_025_0,146,-1459.9368,3E,OS2,2,1,"[2_1,9_50,10_7,11_9]","[1,2,9,50]",-1,1,4,1,4,2.296,"[1.327, 1.192]",151.5,90.0,11.7,115.1,335.9,91.4,0,0,"[[5.5,1.19,151.4],[6.65,4.2,112.5],[8.04,4.95,120.4],[8.07,4.43,131.7]]","[[[1, 1],'C_O',2.296,'CO'],[[2, 2],'H_O',1.327,'OH']]",[],3H4,3S1,2,1,"[2_1,10_7,11_1]","[2,9,11,50]",3,4,2.306,"[1.325, 1.197]",160.5,79.4,16.0,120.0,20.6,88.8,"[[5.66,1.2,159.2],[8.22,5.18,118.7],[7.49,3.35,153.3]]",234.7
aMal41_TSdh_nn_020_0,1148,-1459.9134,5S1,3OB,1,2,"[1_2,6_3,9_11,10_7]","[1,9,0,50]",-1,2,4,1,4,2.099,"[1.424, 1.091]",78.3,60.0,104.2,102.2,13.9,90.8,0,0,"[[5.69,1.09,149.8],[6.58,4.38,108.2],[8.2,4.9,123.6],[7.85,4.74,121.5]]","[[[1, 1],'H_O',1.424,'OH'],[[2, 2],'C_O',2.099,'CO']]",[],25B,OS2,1,2,"[1_2,6_3,9_11,10_7,11_13]","[1,9,0,50]",5,4,2.109,"[1.399, 1.114]",89.8,70.0,107.9,101.9,334.0,92.7,"[[5.65,1.11,150.9],[6.71,4.34,110.6],[7.67,3.73,142.9],[8.2,5.28,116.7],[8.48,5.18,122.6]]",296.2
aMal423_TSdh_nn_081_2,1753,-1459.9082,5S1,1C4,1,2,"[2_3,3_6,9_11,13_7]","[1,0,50]",-1,0,4,1,3,2.0469999999999997,"[2.845, 0.94]",79.1,135.0,87.0,80.0,251.9,171.7,0,0,"[[6.96,4.11,118.6],[7.5,3.67,140.8],[8.06,4.34,133.9],[7.73,5.18,111.7]]","[[[0, 1],'C_O',2.047,'bb'],[[1, 1],'H_O',2.845,'OH'],[[2, 2],'C_O',1.782,'CO']]",[],5S1,1C4,1,2,"[2_3,3_6,9_11]","[1,9,0,50]",3,4,2.01,"[2.731, 0.942]",144.0,57.8,91.5,79.6,276.2,173.4,"[[7.02,4.2,117.7],[7.97,4.14,137.0],[7.29,3.43,144.0]]",309.8
aMal227_TSdh_nn_067_1,3889,-1459.8901,4C1,1S3,3,2,"[10_11,13_11]","[3,9,50]",3,2,2,0,3,2.116,"[2.406, 0.94]",278.6,30.0,151.5,10.5,211.3,88.6,0,0,"[[7.9,5.44,109.9],[8.72,5.09,128.5]]","[[[3, 4],'C_C',1.762,'bb'],[[2, 2],'C_O',2.116,'CO'],[[3, 3],'H_O',2.406,'OH']]",[],4C1,1S3,3,2,"[10_11,11_13]","[3,9,50]",2,3,2.088,"[2.363, 0.944]",277.5,73.3,167.3,10.1,220.7,91.9,"[[7.61,5.41,106.5],[7.84,4.51,125.8]]",357.3
aMal136_TSdh_nn_187_1,2746,-1459.8994,3S1,OS2,-1,-1,"[1_2,3_6,3_0,9_50,10_7,13_7]","[1,2,50]",-1,2,6,2,3,2.253,"[0, 0]",93.2,15.0,25.9,79.2,329.5,89.3,0,0,"[[5.52,1.83,150.5],[7.37,3.27,150.3],[6.94,4.85,104.7],[6.68,4.3,111.4],[8.63,5.59,117.7],[7.82,5.62,106.3]]","[[[2, 2],'C_O',2.253,'CO']]",[],3S1,OS2,-1,-1,"[1_2,3_6,3_0,9_11,10_7]","[1,2,9,50]",5,4,2.254,"[0, 0]",97.7,55.7,27.4,80.1,340.9,91.6,"[[5.52,1.8,152.0],[7.21,3.12,152.0],[7.03,5.02,103.2],[7.64,3.61,146.6],[7.86,4.84,119.5]]",332.9
aMal347_TSdh_nn_339_1,4262,-1459.8872,5S1,1C4,1,2,"[3_6,9_50,11_9]","[1,0,50]",-1,2,3,1,3,2.191,"[1.747, 0.966]",80.1,345.0,104.8,94.2,246.6,174.6,0,0,"[[8.01,4.93,120.2],[7.33,4.82,111.8],[7.93,4.11,137.5]]","[[[1, 1],'H_O',1.747,'OH'],[[2, 2],'C_O',2.191,'CO']]",[],25B,1C4,1,2,"[3_6,10_13,11_9]","[1,0,50]",3,3,2.217,"[1.694, 0.973]",101.2,319.2,107.6,93.2,280.9,172.3,"[[8.23,5.42,114.7],[7.48,3.25,160.5],[8.37,4.77,129.4]]",364.9
aMal278_TSdh_nn_072_0,576,-1459.9243,5S1,3S1,1,2,"[1_2,10_13,10_7,11_9]","[1,9,0,50]",-1,2,4,1,4,2.104,"[1.477, 1.059]",77.0,60.0,101.5,97.8,22.4,89.9,0,0,"[[5.8,1.06,147.4],[7.7,4.22,129.6],[8.68,5.71,116.0],[8.3,5.93,108.0]]","[[[1, 1],'H_O',1.477,'OH'],[[2, 2],'C_O',2.104,'CO']]",[],5E,3OB,-1,-1,"[1_2,6_3,9_2,10_13]","[1,9,11,0,50]",4,5,2.1719999999999997,"[0, 0]",76.4,98.6,109.3,107.6,14.1,89.4,"[[5.51,1.75,153.4],[6.12,3.64,114.5],[7.41,3.26,154.0],[7.89,3.61,155.1]]",267.5
aMal319_TSdh_nn_064_0,6085,-1459.8651,5S1,3S1,3,6,"[1_50,2_1,3_6,9_11,10_13,10_7,11_50]","[2,3]",-1,6,7,4,2,2.206,"[1.495, 1.082]",163.5,120.0,83.9,89.5,20.7,91.4,0,0,"[[7.55,3.58,145.7],[8.61,6.22,107.6],[6.32,1.08,164.9],[8.63,5.05,127.8],[7.69,3.95,136.8],[8.79,5.93,114.1],[8.15,4.27,137.7]]","[[[3, 3],'H_O',1.495,'OH'],[[6, 6],'C_O',2.206,'CO']]",[],5S1,3OB,3,6,"[1_50,2_1,3_6,9_11,10_13,10_7]","[2,3]",6,2,2.213,"[1.478, 1.088]",207.9,189.3,86.4,89.0,359.1,94.6,"[[7.91,3.84,145.2],[8.42,5.97,108.6],[6.27,1.09,166.3],[7.52,3.61,143.6],[8.5,4.09,152.4],[7.97,5.9,103.9]]",423.0
aMal429_TSdh_nn_165_0,1966,-1459.9062,E1,OS2,1,2,"[9_50,11_9]","[1,9,50]",-1,2,2,0,3,1.9340000000000002,"[2.2, 0.948]",96.2,60.0,50.0,66.0,333.0,94.5,0,0,"[[6.65,4.17,113.1],[7.99,4.39,131.3]]","[[[1, 1],'H_O',2.2,'OH'],[[2, 2],'C_O',1.934,'CO']]",[],E1,OS2,1,2,"[2_3,9_11,11_13]","[1,9,50]",3,3,1.868,"[2.909, 0.936]",147.0,50.1,59.5,54.8,327.2,94.6,"[[8.02,5.76,106.6],[7.84,3.91,140.8],[8.2,4.79,125.8]]",315.1
aMal190_TSdh_nn_187_2,2567,-1459.9008,3S1,1C4,-1,-1,"[1_2,3_6,3_0,9_2,9_50,11_9,13_7]","[1,2,50]",-1,2,7,4,3,2.253,"[0, 0]",93.2,180.0,25.9,79.2,262.6,175.3,0,0,"[[5.52,1.83,150.5],[7.37,3.27,150.3],[6.94,4.85,104.7],[9.03,4.49,151.8],[7.25,4.77,111.6],[7.83,4.0,138.6],[7.87,5.27,112.2]]","[[[2, 2],'C_O',2.253,'CO']]",[],3S1,1C4,-1,-1,"[1_2,3_6,3_0,9_2]","[2,9,11,7]",4,4,2.272,"[0, 0]",102.9,160.4,27.7,82.7,135.3,175.7,"[[6.18,2.3,158.3],[7.13,3.12,149.6],[6.75,4.71,104.2],[6.76,2.8,153.1]]",329.2
aMal245_TSdh_nn_344_1,1886,-1459.9068,E1,3S1,1,2,"[3_6,9_11,13_10]","[1,9,50]",-1,2,3,2,3,1.9069999999999998,"[2.864, 0.935]",99.5,45.0,63.3,67.1,15.3,89.9,0,0,"[[8.44,4.41,139.4],[8.62,5.54,118.2],[7.92,4.05,138.9]]","[[[1, 1],'H_O',2.864,'OH'],[[2, 2],'C_O',1.907,'CO']]",[],E1,OS2,1,2,"[2_3,3_6,9_11,13_7]","[1,9,50]",4,3,1.8980000000000001,"[2.863, 0.936]",136.7,55.7,68.7,67.7,330.2,97.1,"[[8.63,6.38,105.5],[8.39,4.43,137.7],[7.5,3.59,143.7],[7.81,5.91,102.0]]",313.5
aMal347_TSdh_nn_093_1,3540,-1459.8928,B3O,1C4,3,2,"[2_1,9_50,11_9]","[3,50]",3,2,3,1,2,2.039,"[2.819, 0.933]",276.4,120.0,168.2,75.7,246.6,174.6,0,0,"[[6.8,4.34,112.3],[7.33,4.82,111.8],[7.93,4.11,137.5]]","[[[3, 4],'C_C',1.832,'bb'],[[2, 2],'C_O',2.039,'CO'],[[3, 3],'H_O',2.819,'OH']]",[],B3O,1C4,3,2,"[2_1,10_13]","[3,9,11,7]",2,4,2.051,"[2.566, 0.937]",282.7,62.7,173.1,74.5,100.5,174.2,"[[7.02,4.51,112.4],[8.32,4.96,124.3]]",350.2
aMal368_TSdh_nn_162_0,5827,-1459.869,5HO,2SO,1,2,"[2_9,2_50,3_6,9_50,10_11]","[1,0]",-1,2,5,2,2,2.199,"[1.822, 0.96]",81.8,60.0,143.2,154.7,159.4,81.8,0,0,"[[10.76,6.26,137.7],[9.03,5.35,128.1],[6.45,2.41,167.1],[6.71,4.44,109.2],[8.45,6.15,106.7]]","[[[1, 1],'H_O',1.822,'OH'],[[2, 2],'C_O',2.199,'CO']]",[],5E,2SO,1,2,"[2_9,2_50,3_6,9_10]","[1,0]",4,2,2.215,"[1.886, 0.948]",83.0,65.4,115.0,153.0,156.5,81.6,"[[8.2,3.65,166.7],[8.99,6.14,113.5],[6.31,2.3,169.5],[7.26,4.87,110.0]]",412.7
aMal94_TSdh_nn_161_0,534,-1459.9254,3E,3S1,2,1,"[2_1,3_6,9_50,13_7]","[1,2,9,50]",-1,1,4,2,4,2.383,"[1.275, 1.264]",96.8,45.0,352.5,109.1,36.5,86.0,0,0,"[[5.46,1.26,153.5],[7.98,3.87,146.5],[7.46,4.66,116.7],[7.43,5.19,107.3]]","[[[1, 1],'C_O',2.383,'CO'],[[2, 2],'H_O',1.275,'OH']]",[],3E,OS2,2,1,"[2_1,3_6,9_11]","[1,2,9,50]",3,4,2.362,"[1.317, 1.205]",107.9,58.6,352.3,113.6,336.9,93.4,"[[5.51,1.21,152.7],[7.84,3.66,151.1],[7.71,3.67,146.6]]",264.7
aMal269_TSdh_nn_097_0,1249,-1459.9124,5S1,OS2,1,2,"[3_2,9_11,11_13]","[1,0,50]",-1,0,3,1,3,1.824,"[2.514, 0.943]",77.7,60.0,90.1,79.4,332.1,91.0,0,0,"[[8.5,6.19,106.8],[8.34,4.2,144.0],[8.31,4.76,128.3]]","[[[0, 1],'C_O',1.824,'bb'],[[1, 1],'H_O',2.514,'OH'],[[2, 2],'C_O',1.935,'CO']]",[],E1,OS2,1,2,"[3_6,9_11,11_13]","[1,9,50]",3,3,1.9669999999999999,"[2.212, 0.947]",137.2,57.5,50.8,68.8,327.4,95.2,"[[8.3,4.02,149.4],[7.78,3.86,141.3],[8.37,4.98,124.7]]",298.8
aMal400_TSdh_nn_161_2,1016,-1459.9146,3E,3S1,2,1,"[2_1,3_6,9_2,9_11,10_7,13_7]","[1,2,11,50]",-1,1,6,2,4,2.383,"[1.275, 1.264]",96.8,135.0,352.5,109.1,15.1,90.7,0,0,"[[5.46,1.26,153.5],[7.98,3.87,146.5],[8.76,4.94,132.2],[8.27,5.03,122.2],[7.93,4.83,120.7],[7.48,5.23,107.5]]","[[[1, 1],'C_O',2.383,'CO'],[[2, 2],'H_O',1.275,'OH']]",[],3E,3S1,2,1,"[2_1,3_6,9_2,9_50,10_7]","[1,2,11,50]",5,4,2.28,"[1.383, 1.138]",90.8,129.2,347.0,115.7,15.4,92.6,"[[5.54,1.14,147.5],[7.68,3.99,135.5],[7.7,3.36,161.2],[7.52,5.43,104.5],[8.18,5.21,117.7]]",293.0
aMal287_TSdh_nn_273_2,3223,-1459.8951,4C1,OS2,1,2,"[9_50,10_7,11_9]","[1,6]",-1,2,3,0,2,2.056,"[2.33, 0.946]",69.4,135.0,28.6,16.3,335.9,91.4,0,0,"[[6.65,4.2,112.5],[8.04,4.95,120.4],[8.07,4.43,131.7]]","[[[1, 1],'H_O',2.33,'OH'],[[2, 2],'C_O',2.056,'CO']]",[],4C1,OS2,1,2,"[3_2,6_13,9_50,10_7,11_9]","[1,6]",5,2,2.033,"[2.271, 0.949]",150.4,85.0,29.6,17.7,334.3,91.8,"[[8.72,6.36,107.1],[7.75,3.43,159.6],[6.72,4.85,103.0],[8.19,5.24,117.3],[8.08,4.52,129.8]]",344.2
aMal273_TSdh_nn_184_2,5058,-1459.8791,3S1,1S3,1,2,"[1_2,3_0,6_0,11_10]","[1,2,50]",-1,2,4,1,3,2.164,"[1.388, 1.126]",87.0,180.0,16.2,77.1,217.5,91.4,0,0,"[[5.53,1.13,147.3],[6.62,3.6,123.9],[7.9,6.11,100.4],[7.64,5.46,106.1]]","[[[1, 1],'H_O',1.388,'OH'],[[2, 2],'C_O',2.164,'CO']]",[],3S1,1S5,-1,-1,"[1_2,3_0,6_0,9_2]","[2,9,7,50]",4,4,2.282,"[0, 0]",95.1,157.8,19.7,77.1,261.0,89.0,"[[6.03,2.16,158.8],[6.37,3.52,120.8],[7.82,5.93,101.9],[7.19,3.22,147.9]]",386.2
aMal414_TSdh_nn_273_1,2764,-1459.8991,4C1,4C1,1,2,"[9_10,10_11]","[1,6]",-1,2,2,0,2,2.056,"[2.33, 0.946]",69.4,45.0,28.6,16.3,109.6,4.8,0,0,"[[7.84,5.51,108.1],[8.4,6.11,106.7]]","[[[1, 1],'H_O',2.33,'OH'],[[2, 2],'C_O',2.056,'CO']]",[],4C1,4C1,1,2,"[3_9,9_10,10_11]","[1,6]",3,2,2.092,"[2.37, 0.937]",110.2,113.7,23.4,20.1,198.6,2.7,"[[7.77,3.36,166.7],[7.86,5.68,105.7],[8.44,6.24,105.4]]",333.7
aMal306_TSdh_nn_153_0,3131,-1459.8958,5S1,4C1,1,2,"[3_6,9_10,11_10]","[1,0,50]",-1,2,3,1,3,2.238,"[1.856, 0.949]",84.3,60.0,103.8,102.0,275.7,4.7,0,0,"[[8.2,3.94,149.4],[8.42,6.01,108.2],[8.24,5.65,111.3]]","[[[1, 1],'H_O',1.856,'OH'],[[2, 2],'C_O',2.238,'CO']]",[],5S1,4C1,1,2,"[3_6,9_10,11_10]","[1,9,0,50]",3,4,2.248,"[1.746, 0.96]",67.1,46.0,103.8,103.8,284.7,7.2,"[[7.69,3.56,150.5],[8.16,5.99,105.2],[8.58,6.46,104.2]]",342.4
aMal100_TSdh_nn_153_0,3458,-1459.8933,5S1,3S1,1,2,"[3_6,9_11,11_50,13_7]","[1,9,0,50]",-1,2,4,1,4,2.238,"[1.856, 0.949]",84.3,60.0,103.8,102.0,24.7,92.6,0,0,"[[8.2,3.94,149.4],[8.63,4.92,130.3],[7.83,4.12,135.0],[7.5,5.31,106.5]]","[[[1, 1],'H_O',1.856,'OH'],[[2, 2],'C_O',2.238,'CO']]",[],5S1,OS2,1,2,"[3_6,9_11]","[1,9,0,50]",2,4,2.254,"[1.777, 0.957]",126.8,52.5,105.2,102.1,329.9,94.4,"[[8.05,3.84,149.5],[7.79,3.85,142.1]]",348.9
aMal100_TSdh_nn_099_0,1675,-1459.9088,E1,3S1,1,2,"[9_11,11_50,13_7]","[1,50]",-1,2,3,0,2,1.935,"[2.426, 0.946]",95.8,60.0,54.9,55.5,24.7,92.6,0,0,"[[8.63,4.92,130.3],[7.83,4.12,135.0],[7.5,5.31,106.5]]","[[[1, 1],'H_O',2.426,'OH'],[[2, 2],'C_O',1.935,'CO']]",[],E1,OS2,1,2,"[3_6,9_11]","[1,9,50]",2,3,2.016,"[2.103, 0.95]",95.3,55.8,46.5,70.0,336.6,92.6,"[[8.23,3.91,151.8],[7.63,3.59,147.0]]",308.2
aMal193_TSdh_nn_279_0,3366,-1459.894,2SO,4C1,1,2,"[3_2,9_10,10_11]","[1,0]",-1,2,3,0,2,2.358,"[1.835, 0.956]",76.9,60.0,157.2,89.3,264.0,4.3,0,0,"[[8.61,5.47,119.2],[8.12,5.99,104.8],[8.33,5.97,107.6]]","[[[1, 1],'H_O',1.835,'OH'],[[2, 2],'C_O',2.358,'CO']]",[],5S1,4C1,1,2,"[3_6,9_10,10_11]","[1,9,0,50]",3,4,2.2359999999999998,"[1.743, 0.96]",66.8,48.8,104.4,104.9,196.2,7.5,"[[7.86,3.67,151.0],[7.66,5.66,103.4],[8.33,6.01,107.1]]",347.1
aMal356_TSdh_nn_084_2,1751,-1459.9083,5S1,3S1,1,2,"[2_3,3_6,9_1,9_50,13_10]","[1,11,0,50]",-1,0,5,2,4,2.085,"[3.692, 0.937]",74.9,120.0,86.4,79.5,29.7,84.2,0,0,"[[6.62,3.71,120.8],[7.48,3.64,141.5],[6.16,2.99,132.2],[7.46,4.7,116.1],[7.72,3.94,138.3]]","[[[0, 1],'C_O',2.085,'bb'],[[1, 1],'H_O',3.692,'OH'],[[2, 2],'C_O',1.743,'CO']]",[],5S1,3S1,1,2,"[2_3,3_6,9_1,10_13]","[1,9,11,0,50]",4,5,1.954,"[3.738, 0.938]",88.0,80.7,86.5,79.6,16.9,88.8,"[[6.87,4.01,118.9],[7.71,3.88,138.9],[8.23,5.27,117.2],[7.78,3.53,155.4]]",309.5
aMal39_TSdh_nn_346_2,2436,-1459.9022,5H4,1S3,1,2,"[3_6,9_50,11_10,13_7]","[1,0]",-1,2,4,1,2,2.045,"[2.168, 0.949]",65.9,120.0,82.3,141.6,211.6,88.1,0,0,"[[7.95,3.98,141.7],[6.82,4.32,113.0],[7.49,5.11,109.3],[7.99,5.54,109.7]]","[[[1, 1],'H_O',2.168,'OH'],[[2, 2],'C_O',2.045,'CO']]",[],5H4,OS2,1,2,"[1_2,3_6,9_2]","[1,9,11,0]",3,4,2.24,"[1.587, 1.025]",158.1,44.0,96.4,129.8,340.5,94.1,"[[6.31,1.02,149.4],[7.33,3.47,144.1],[8.19,3.8,155.3]]",325.6
aMal236_TSdh_nn_260_0,4241,-1459.8873,4E,3S1,2,1,"[2_1,11_50]","[1,2]",-1,1,2,2,2,2.378,"[1.216, 1.376]",55.8,45.0,229.3,41.4,35.3,88.1,0,0,"[[5.41,1.38,153.5],[7.67,3.74,143.4]]","[[[1, 1],'C_O',2.378,'CO'],[[2, 2],'H_O',1.216,'OH']]",[],E3,3S1,-1,-1,"[2_1,11_9,11_50]","[1,2,3]",3,3,2.52,"[0, 0]",80.2,54.9,175.0,52.5,33.5,92.7,"[[5.5,1.84,148.6],[10.3,6.03,134.7],[7.92,4.6,125.3]]",364.7
aMal203_TSdh_nn_273_0,4238,-1459.8873,4C1,3S1,1,2,"[9_50,11_50,13_7]","[1,6]",-1,2,3,1,2,2.056,"[2.33, 0.946]",69.4,60.0,28.6,16.3,34.0,88.0,0,0,"[[7.07,4.68,110.5],[7.84,3.88,143.2],[7.39,5.25,106.0]]","[[[1, 1],'H_O',2.33,'OH'],[[2, 2],'C_O',2.056,'CO']]",[],4C1,3S1,1,2,"[3_2,9_11,9_50,10_7]","[1,6]",4,2,2.056,"[2.309, 0.946]",85.3,59.6,25.7,16.5,15.6,91.7,"[[8.69,6.36,106.8],[8.75,5.49,121.0],[6.59,4.72,103.0],[8.08,5.12,117.9]]",364.7
aMal250_TSdh_nn_093_0,4612,-1459.8842,B3O,4C1,3,2,"[2_1,9_10,10_11,11_13]","[3,50]",3,2,4,1,2,2.039,"[2.819, 0.933]",276.4,120.0,168.2,75.7,116.8,3.9,0,0,"[[6.8,4.34,112.3],[7.82,5.42,109.1],[7.95,5.87,104.3],[7.54,3.88,136.0]]","[[[3, 4],'C_C',1.832,'bb'],[[2, 2],'C_O',2.039,'CO'],[[3, 3],'H_O',2.819,'OH']]",[],2SO,2H1,3,2,"[2_1,9_10,11_13]","[3,11]",3,2,2.057,"[2.631, 0.935]",273.9,86.5,164.0,77.0,83.6,26.6,"[[7.1,4.53,113.3],[7.98,6.01,102.8],[7.78,4.52,124.3]]",372.8
aMal248_TSdh_nn_161_1,413,-1459.9291,3E,5S1,2,1,"[2_1,3_6,11_50,13_7]","[1,2,11,50]",-1,1,4,3,4,2.383,"[1.275, 1.264]",96.8,105.0,352.5,109.1,87.5,82.2,0,0,"[[5.46,1.26,153.5],[7.98,3.87,146.5],[7.96,4.0,141.7],[7.39,4.83,112.7]]","[[[1, 1],'C_O',2.383,'CO'],[[2, 2],'H_O',1.275,'OH']]",[],3H2,3S1,2,1,"[3_6,10_7]","[2,9,11,50]",2,4,2.655,"[1.675, 0.974]",123.7,75.5,331.1,109.5,20.4,89.2,"[[9.35,4.91,145.0],[8.34,5.36,117.3]]",254.9
aMal411_TSdh_nn_171_0,4321,-1459.8865,2SO,OS2,2,3,"[9_11,13_1,13_2,13_7]","[1,2,13]",-1,3,4,1,3,2.4330000000000003,"[2.077, 0.944]",282.9,60.0,142.8,96.1,332.9,91.7,0,0,"[[8.41,4.23,144.9],[9.45,5.69,128.0],[6.28,3.63,117.9],[7.73,5.41,108.2]]","[[[2, 2],'H_O',2.077,'OH'],[[3, 3],'C_O',2.433,'CO']]",[],25B,OS2,2,3,"[1_7,9_11,13_2]","[1,2,13]",3,3,2.6660000000000004,"[2.005, 0.944]",298.4,47.9,133.2,91.3,323.2,102.4,"[[7.98,4.07,139.1],[7.79,4.3,129.8],[6.74,3.03,143.2]]",366.8
aMal179_TSdh_nn_093_0,3647,-1459.8919,B3O,5S1,3,2,"[2_1,10_13]","[3,11,50]",3,2,2,1,3,2.039,"[2.819, 0.933]",276.4,120.0,168.2,75.7,80.2,81.0,0,0,"[[6.8,4.34,112.3],[8.01,3.98,143.3]]","[[[3, 4],'C_C',1.832,'bb'],[[2, 2],'C_O',2.039,'CO'],[[3, 3],'H_O',2.819,'OH']]",[],B3O,25B,3,2,"[2_1,10_13]","[3,11,7,50]",2,4,2.046,"[2.622, 0.937]",286.8,113.1,167.3,76.5,106.9,88.7,"[[7.0,4.44,113.5],[8.27,4.36,137.6]]",352.6
aMal220_TSdh_nn_325_2,6415,-1459.856,1S3,1S3,1,2,[],"[1,6,0]",3,2,0,0,3,2.26,"[1.749, 0.969]",306.1,135.0,198.6,76.2,207.2,87.7,0,0,[],"[[[3, 4],'C_C',1.904,'bb'],[[1, 1],'H_O',1.749,'OH'],[[2, 2],'C_O',2.26,'CO']]",[],1S3,B3O,1,2,"[3_13,3_7,9_10]","[1,6,0]",3,3,2.551,"[1.8, 0.951]",302.8,131.9,201.4,75.1,169.3,86.2,"[[8.41,3.74,167.8],[8.47,5.5,115.9],[7.47,4.89,112.6]]",446.9
aMal356_TSdh_nn_181_0,6382,-1459.8575,1HO,3S1,1,2,"[2_11,2_50,9_50,13_10]","[1,2,0]",-1,2,4,2,3,2.274,"[3.547, 0.93]",163.0,75.0,191.8,153.0,29.7,84.2,0,0,"[[6.06,3.54,115.1],[7.54,3.53,146.4],[7.46,4.7,116.1],[7.72,3.94,138.3]]","[[[1, 1],'H_O',3.547,'OH'],[[2, 2],'C_O',2.274,'CO']]",[],1HO,3S1,1,2,"[2_11,2_50,9_11,9_50,13_10]","[1,2,0]",5,3,2.3209999999999997,"[3.453, 0.929]",151.0,87.4,195.3,150.7,18.8,90.0,"[[8.03,3.77,150.4],[8.36,5.05,122.4],[9.2,5.95,119.6],[6.69,4.68,105.1],[7.66,4.02,134.3]]",442.9
aMal264_TSdh_nn_184_0,3023,-1459.8966,3S1,3S1,1,2,"[1_2,3_0,6_0,9_50,11_50]","[1,2,9,50]",-1,2,5,2,4,2.164,"[1.388, 1.126]",87.0,60.0,16.2,77.1,37.1,88.6,0,0,"[[5.53,1.13,147.3],[6.62,3.6,123.9],[7.9,6.11,100.4],[7.07,4.66,110.8],[7.79,3.82,143.9]]","[[[1, 1],'H_O',1.388,'OH'],[[2, 2],'C_O',2.164,'CO']]",[],3S1,3S1,1,2,"[1_2,3_0,6_0,9_2]","[1,9,11,50]",4,4,2.18,"[1.414, 1.112]",85.2,68.2,26.4,81.5,23.6,89.0,"[[5.83,1.11,155.8],[6.63,3.58,124.4],[7.86,5.98,101.7],[7.76,3.64,148.7]]",340.3
aMal316_TSdh_nn_084_0,2673,-1459.8999,5S1,5S1,1,2,"[2_3,3_6,10_13,11_50]","[1,0,50]",-1,0,4,3,3,2.085,"[3.692, 0.937]",74.9,60.0,86.4,79.5,81.7,81.3,0,0,"[[6.62,3.71,120.8],[7.48,3.64,141.5],[8.15,4.09,143.3],[7.8,3.85,142.7]]","[[[0, 1],'C_O',2.085,'bb'],[[1, 1],'H_O',3.692,'OH'],[[2, 2],'C_O',1.743,'CO']]",[],5S1,5S1,1,2,"[2_3,3_6,10_13,11_50]","[1,9,0,50]",4,4,2.017,"[3.702, 0.938]",69.7,54.5,92.4,79.9,83.2,88.0,"[[6.56,3.67,120.9],[7.94,4.11,137.1],[7.88,3.92,142.3],[8.34,4.15,146.5]]",331.6
aMal17_TSdh_nn_064_0,6096,-1459.8649,5S1,3S1,3,6,"[1_11,1_50,2_1,3_6,10_7,11_50]","[2,3]",-1,6,6,3,2,2.206,"[1.495, 1.082]",163.5,105.0,83.9,89.5,23.0,89.6,0,0,"[[9.0,5.32,127.7],[7.55,3.58,145.7],[8.61,6.22,107.6],[6.32,1.08,164.9],[8.31,5.21,119.6],[8.29,4.31,139.7]]","[[[3, 3],'H_O',1.495,'OH'],[[6, 6],'C_O',2.206,'CO']]",[],5S1,3S1,3,6,"[1_11,1_50,2_1,3_6,9_11,10_7]","[2,3]",6,2,2.233,"[1.503, 1.077]",153.6,78.5,85.6,90.0,18.5,93.8,"[[8.14,4.74,125.4],[7.92,3.94,141.8],[8.3,5.83,109.2],[6.37,1.08,166.2],[7.86,4.26,132.2],[8.3,5.3,117.9]]",423.5
aMal419_TSdh_nn_128_0,5993,-1459.8668,3S1,OS2,-1,-1,"[1_50,3_6,9_50,10_7,11_13]","[3,6]",-1,6,5,2,2,2.231,"[0, 0]",42.0,75.0,36.0,99.6,328.1,88.9,0,0,"[[7.85,4.05,137.3],[6.03,2.19,153.0],[6.71,4.32,111.4],[8.85,5.84,116.6],[8.17,4.52,131.7]]","[[[6, 6],'C_O',2.231,'CO']]",[],3S1,OS2,-1,-1,"[1_9,1_50,3_6,9_11,10_7,11_13]","[3,6]",6,2,2.273,"[0, 0]",79.1,88.9,41.6,100.8,335.4,91.6,"[[7.99,3.59,157.9],[7.85,4.56,123.9],[6.15,2.36,151.3],[8.05,4.06,141.5],[8.17,5.17,118.3],[8.61,5.28,122.6]]",418.5
aMal368_TSdh_nn_273_0,1598,-1459.9095,4C1,2SO,1,2,"[9_50,10_11]","[1,6]",-1,2,2,0,2,2.056,"[2.33, 0.946]",69.4,60.0,28.6,16.3,159.4,81.8,0,0,"[[6.71,4.44,109.2],[8.45,6.15,106.7]]","[[[1, 1],'H_O',2.33,'OH'],[[2, 2],'C_O',2.056,'CO']]",[],4C1,4C1,1,2,"[3_9,9_10,10_11,11_13]","[1,6]",4,2,2.09,"[2.361, 0.938]",103.4,115.2,23.6,20.3,122.2,4.3,"[[7.68,3.32,164.1],[7.78,5.52,107.0],[8.07,6.15,102.0],[7.53,3.97,133.1]]",306.4
aMal204_TSdh_nn_016_1,1355,-1459.9116,E3,1C4,-1,-1,"[2_1,3_50,11_9,11_7]","[1,2,3]",-1,1,4,1,3,2.528,"[0, 0]",150.8,-0.0,164.8,62.8,196.8,176.1,0,0,"[[5.51,1.86,148.4],[7.95,5.58,108.4],[8.09,4.78,124.3],[8.51,6.36,104.5]]","[[[1, 1],'C_O',2.528,'CO']]",[],2H3,1C4,-1,-1,"[2_1,3_50,9_50,11_9]","[1,2,3]",4,3,2.56,"[0, 0]",160.2,61.0,160.0,67.1,260.8,175.3,"[[5.58,1.96,147.6],[8.02,5.72,107.2],[7.42,5.23,106.7],[7.89,4.09,137.2]]",300.9
aMal94_TSdh_nn_187_2,3361,-1459.894,3S1,3S1,-1,-1,"[1_2,3_6,3_0,9_2,9_50,13_7]","[1,2,11,50]",-1,2,6,3,4,2.253,"[0, 0]",93.2,120.0,25.9,79.2,36.5,86.0,0,0,"[[5.52,1.83,150.5],[7.37,3.27,150.3],[6.94,4.85,104.7],[8.73,4.74,136.9],[7.46,4.66,116.7],[7.43,5.19,107.3]]","[[[2, 2],'C_O',2.253,'CO']]",[],3S1,3S1,-1,-1,"[1_2,3_6,3_0,9_2]","[1,2,11,50]",4,4,2.24,"[0, 0]",94.8,129.2,24.2,83.4,20.6,95.3,"[[5.67,1.99,150.8],[7.17,3.09,152.4],[7.07,5.12,102.3],[7.54,3.27,158.9]]",347.1
aMal462_TSdh_nn_047_1,6222,-1459.8625,1C4,5S1,-1,-1,"[1_2,2_50,3_6,13_7]","[3,6]",-1,6,4,2,2,2.2969999999999997,"[0, 0]",163.1,195.0,56.6,173.5,85.4,85.5,0,0,"[[7.16,4.51,114.5],[7.56,3.85,137.2],[5.8,1.97,155.7],[7.42,4.86,112.5]]","[[[6, 6],'C_O',2.297,'CO']]",[],1C4,5S1,-1,-1,"[1_2,2_50,3_6,11_50,13_7]","[3,6]",5,2,2.33,"[0, 0]",193.0,177.0,81.4,176.0,88.4,85.9,"[[7.22,4.59,114.0],[7.79,4.02,137.0],[5.81,1.93,156.5],[8.03,4.16,138.2],[7.5,5.12,109.5]]",429.8
aMal339_TSdh_nn_296_1,1421,-1459.9111,5E,OS2,2,1,"[9_11,11_13]","[2,3]",-1,1,2,1,2,2.642,"[2.162, 0.931]",183.1,195.0,111.0,108.9,331.6,90.9,0,0,"[[8.46,4.31,143.2],[8.27,4.72,128.6]]","[[[1, 1],'C_O',2.642,'CO'],[[2, 2],'H_O',2.162,'OH']]",[],4H5,OS2,2,1,"[3_9,3_50,9_11,11_13]","[2,3]",4,2,2.611,"[2.09, 0.939]",128.3,151.1,258.3,42.0,331.2,92.3,"[[7.2,2.95,167.5],[8.5,6.39,103.4],[8.07,4.0,143.6],[8.28,4.89,125.0]]",302.2
aMal347_TSdh_nn_260_0,3290,-1459.8945,4E,1C4,2,1,"[2_1,9_50,11_9]","[1,2]",-1,1,3,2,2,2.378,"[1.216, 1.376]",55.8,60.0,229.3,41.4,246.6,174.6,0,0,"[[5.41,1.38,153.5],[7.33,4.82,111.8],[7.93,4.11,137.5]]","[[[1, 1],'C_O',2.378,'CO'],[[2, 2],'H_O',1.216,'OH']]",[],2H3,1C4,-1,-1,"[2_1,9_50,11_9]","[1,2,3]",3,3,2.559,"[0, 0]",152.9,57.4,152.9,69.5,337.1,176.0,"[[5.53,1.81,150.2],[7.22,5.15,105.1],[7.7,3.89,139.1]]",345.8
aMal420_TSdh_nn_187_0,1710,-1459.9085,3S1,4C1,-1,-1,"[1_2,3_6,3_0,9_10,10_11,11_13]","[1,2,9,50]",-1,2,6,2,4,2.253,"[0, 0]",93.2,60.0,25.9,79.2,130.5,2.5,0,0,"[[5.52,1.83,150.5],[7.37,3.27,150.3],[6.94,4.85,104.7],[7.84,5.46,108.8],[7.97,5.87,104.5],[7.86,4.18,134.1]]","[[[2, 2],'C_O',2.253,'CO']]",[],3S1,4C1,-1,-1,"[1_2,3_6,3_0,9_10,10_11,11_13]","[2,9,50]",6,3,2.281,"[0, 0]",107.6,54.3,29.8,75.8,173.7,6.5,"[[5.77,2.02,153.2],[7.3,3.19,151.5],[6.92,4.78,105.4],[7.48,5.49,103.4],[7.97,5.92,103.7],[7.55,4.04,131.7]]",309.0
